method1,method2,accuracy,precision,recall,f1_score,jaccard,dice_coefficient,intersection_over_union,pixel_agreement,area1,area2,area_difference,area_ratio,true_negative,false_positive,false_negative,true_positive,time1,time2,time_diff
Global_Threshold_CV2,Global_Threshold_CV2,1.0,1.0,1.0,1.0,1.0,0.999999999999969,0.9999999999999382,1.0,161828,161828,0,1.0,187868,0,0,161828,0.000263214111328125,0.000263214111328125,0.0
Global_Threshold_CV2,Adaptive_Threshold_CV2,0.670965638726208,0.5928700224797643,0.9224238079936723,0.7218104011024878,0.5647130924278191,0.7218104011024704,0.5647130924277978,0.670965638726208,161828,251782,89954,0.6427306161679548,85360,102508,12554,149274,0.000263214111328125,0.0008480548858642578,0.0005848407745361328
Global_Threshold_CV2,Otsu_Thresholding_CV2,0.8513365894948756,0.7568599022519468,1.0,0.8616053007776,0.7568599022519468,0.861605300777577,0.7568599022519114,0.8513365894948756,161828,213815,51987,0.7568599022519468,135881,51987,0,161828,0.000263214111328125,0.0003311634063720703,6.794929504394531e-05
Global_Threshold_CV2,Niblack_Thresholding_CV2,0.5856686950951684,0.5406881774156354,0.6954358949007589,0.6083757689771118,0.4371695716522097,0.6083757689770953,0.4371695716521927,0.5856686950951684,161828,208144,46316,0.7774809747098163,92265,95603,49287,112541,0.000263214111328125,0.0015079975128173828,0.0012447834014892578
Global_Threshold_CV2,Sauvola_Thresholding_CV2,0.5659687271229868,0.516037600344723,0.9990360135452455,0.6805479844166669,0.5157807759426514,0.6805479844166525,0.5157807759426348,0.5659687271229868,161828,313295,151467,0.5165355336025153,36245,151623,156,161672,0.000263214111328125,0.0016160011291503906,0.0013527870178222656
Global_Threshold_CV2,Sobel_CV2,0.4591502333455344,0.2851319661939911,0.11195219615888474,0.1607777536196515,0.08741616405307599,0.16077775361964436,0.08741616405307177,0.4591502333455344,161828,63539,98289,0.3926329189015498,142446,45422,143711,18117,0.000263214111328125,0.0026476383209228516,0.0023844242095947266
Global_Threshold_CV2,Canny_CV2,0.4042396824670571,0.18569130746252518,0.0848926020218998,0.11651704118976638,0.06186254069607742,0.11651704118976143,0.06186254069607463,0.4042396824670571,161828,73983,87845,0.45717057616728873,127623,60245,148090,13738,0.000263214111328125,0.0007004737854003906,0.0004372596740722656
Global_Threshold_CV2,Global_Threshold_Sklearn,0.9668512079062958,0.9631881412786109,0.9652594112267345,0.9642226639177294,0.9309169358395213,0.9642226639176996,0.9309169358394658,0.9668512079062958,161828,162176,348,0.997854183109708,181898,5970,5622,156206,0.000263214111328125,0.023591995239257812,0.023328781127929688
Global_Threshold_CV2,Adaptive_Threshold_Sklearn,0.521838968704246,0.49161591776341407,0.9752391427935833,0.6537020583904418,0.4855552684043417,0.6537020583904283,0.4855552684043268,0.521838968704246,161828,321025,159197,0.5040978116969084,24664,163204,4007,157821,0.000263214111328125,0.027942657470703125,0.027679443359375
Global_Threshold_CV2,Otsu_Thresholding_Sklearn,0.8266551519033675,0.7296615323173554,0.9935116296314606,0.8413863842124268,0.7262010153751649,0.8413863842124047,0.726201015375132,0.8266551519033675,161828,220346,58518,0.7344267651784012,128300,59568,1050,160778,0.000263214111328125,0.0262911319732666,0.026027917861938477
Global_Threshold_CV2,Niblack_Thresholding_Sklearn,0.5814164302708639,0.5737215272012444,0.37151790790221717,0.4509922324198019,0.29114910968091856,0.450992232419785,0.29114910968090446,0.5814164302708639,161828,104793,57035,0.6475579009812887,143197,44671,101706,60122,0.000263214111328125,0.03386211395263672,0.033598899841308594
Global_Threshold_CV2,Sauvola_Thresholding_Sklearn,0.48599926793557835,0.4737689748875562,0.9997899003880664,0.6428917692497199,0.47372181133578106,0.642891769249707,0.4737218113357672,0.48599926793557835,161828,341504,179676,0.4738685344827586,8158,179710,34,161794,0.000263214111328125,0.03257560729980469,0.03231239318847656
Global_Threshold_CV2,Sobel_Sklearn,0.45635351848462663,0.2836665697807829,0.11458462070840646,0.1632327891653499,0.08886961189337372,0.1632327891653427,0.08886961189336945,0.45635351848462663,161828,65369,96459,0.40394122154386136,141042,46826,143285,18543,0.000263214111328125,0.005554676055908203,0.005291461944580078
Global_Threshold_CV2,Canny_Sklearn,0.49714609260614934,0.27331824062095733,0.05222211236621598,0.08768962583269346,0.04585533134017374,0.08768962583268891,0.04585533134017125,0.49714609260614934,161828,30920,130908,0.19106705885260894,165399,22469,153377,8451,0.000263214111328125,0.016101598739624023,0.0158383846282959
Global_Threshold_CV2,Global_Threshold_Torch,1.0,1.0,1.0,1.0,1.0,0.999999999999969,0.9999999999999382,1.0,161828,161828,0,1.0,187868,0,0,161828,0.000263214111328125,0.0026438236236572266,0.0023806095123291016
Global_Threshold_CV2,Adaptive_Threshold_Torch,0.6736050741215227,0.5935206793089247,0.9351101169142546,0.7261494314923715,0.5700428680132296,0.7261494314923541,0.570042868013208,0.6736050741215227,161828,254965,93137,0.6347067244523759,84230,103638,10501,151327,0.000263214111328125,0.0027163028717041016,0.0024530887603759766
Global_Threshold_CV2,Otsu_Thresholding_Torch,0.8469499222181552,0.7514685464060664,1.0,0.8581011037258369,0.7514685464060664,0.8581011037258142,0.7514685464060314,0.8469499222181552,161828,215349,53521,0.7514685464060664,134347,53521,0,161828,0.000263214111328125,0.0032515525817871094,0.0029883384704589844
Global_Threshold_CV2,Niblack_Thresholding_Torch,0.584813666727672,0.5399635886769432,0.6946140346540771,0.6076025999648653,0.4363715415940403,0.6076025999648489,0.43637154159402336,0.584813666727672,161828,208177,46349,0.7773577292400217,92099,95769,49420,112408,0.000263214111328125,0.12664127349853516,0.12637805938720703
Global_Threshold_CV2,Sauvola_Thresholding_Torch,0.5659172538433382,0.5160080558933456,0.9990298341448945,0.6805208581067856,0.515749613995687,0.6805208581067712,0.5157496139956705,0.5659172538433382,161828,313311,151483,0.5165091554398026,36228,151640,157,161671,0.000263214111328125,0.12646698951721191,0.1262037754058838
Global_Threshold_CV2,Sobel_Torch,0.45284189696193267,0.2818040665434381,0.11776083248881529,0.16610809185323355,0.0905768170497538,0.1661080918532263,0.09057681704974949,0.45284189696193267,161828,67625,94203,0.4178819487356947,139300,48568,142771,19057,0.000263214111328125,0.002365589141845703,0.002102375030517578
Global_Threshold_CV2,Canny_Torch,0.5048070323938506,0.3263606015129705,0.0658476901401488,0.10958509659140575,0.057968806950164015,0.10958509659140012,0.05796880695016086,0.5048070323938506,161828,32651,129177,0.20176360086017253,165873,21995,151172,10656,0.000263214111328125,0.0025930404663085938,0.0023298263549804688
Adaptive_Threshold_CV2,Global_Threshold_CV2,0.670965638726208,0.9224238079936723,0.5928700224797643,0.7218104011024878,0.5647130924278191,0.7218104011024704,0.5647130924277978,0.670965638726208,251782,161828,89954,0.6427306161679548,85360,12554,102508,149274,0.0008480548858642578,0.000263214111328125,0.0005848407745361328
Adaptive_Threshold_CV2,Adaptive_Threshold_CV2,1.0,1.0,1.0,1.0,1.0,0.9999999999999801,0.9999999999999603,1.0,251782,251782,0,1.0,97914,0,0,251782,0.0008480548858642578,0.0008480548858642578,0.0
Adaptive_Threshold_CV2,Otsu_Thresholding_CV2,0.7642609580893118,0.8960082314150083,0.7608963309529673,0.8229434468005593,0.6991537021425678,0.8229434468005415,0.6991537021425422,0.7642609580893118,251782,213815,37967,0.8492068535479105,75679,22235,60202,191580,0.0008480548858642578,0.0003311634063720703,0.0005168914794921875
Adaptive_Threshold_CV2,Niblack_Thresholding_CV2,0.7872780929721815,0.9261328695518487,0.765618670119389,0.8382609376290968,0.7215569870899883,0.8382609376290786,0.7215569870899612,0.7872780929721815,251782,208144,43638,0.8266834007196702,82539,15375,59013,192769,0.0008480548858642578,0.0015079975128173828,0.000659942626953125
Adaptive_Threshold_CV2,Sauvola_Thresholding_CV2,0.8130862234626647,0.7975135255908967,0.9923544971443551,0.884329038343447,0.7926432332973796,0.8843290383434314,0.7926432332973544,0.8130862234626647,251782,313295,61513,0.803657894316858,34476,63438,1925,249857,0.0008480548858642578,0.0016160011291503906,0.0007679462432861328
Adaptive_Threshold_CV2,Sobel_CV2,0.29325185303806733,0.5364736618454807,0.13538299004694537,0.21620507355995952,0.12120511744668142,0.21620507355995267,0.1212051174466771,0.29325185303806733,251782,63539,188243,0.2523571978934157,68462,29452,217695,34087,0.0008480548858642578,0.0026476383209228516,0.0017995834350585938
Adaptive_Threshold_CV2,Canny_CV2,0.31432158217423134,0.5811199870240461,0.17075485936246435,0.26395100762819823,0.1520412204885915,0.2639510076281901,0.15204122048858612,0.31432158217423134,251782,73983,177799,0.2938375261138604,66924,30990,208789,42993,0.0008480548858642578,0.0007004737854003906,0.0001475811004638672
Adaptive_Threshold_CV2,Global_Threshold_Sklearn,0.6428841050512445,0.8912416140489345,0.5740600996099801,0.698322051995613,0.5364783609234652,0.6983220519955962,0.5364783609234453,0.6428841050512445,251782,162176,89606,0.6441127642166636,80276,17638,107244,144538,0.0008480548858642578,0.023591995239257812,0.022743940353393555
Adaptive_Threshold_CV2,Adaptive_Threshold_Sklearn,0.7487789394216691,0.7553243516860058,0.9630473981460153,0.8466307150576023,0.734049992583152,0.8466307150575875,0.7340499925831298,0.7487789394216691,251782,321025,69243,0.784306518183942,19367,78547,9304,242478,0.0008480548858642578,0.027942657470703125,0.027094602584838867
Adaptive_Threshold_CV2,Otsu_Thresholding_Sklearn,0.7089186035871157,0.8403556225209443,0.7354338276763231,0.7844016876779178,0.6452803362152781,0.7844016876779012,0.6452803362152556,0.7089186035871157,251782,220346,31436,0.8751459595999714,62737,35177,66613,185169,0.0008480548858642578,0.0262911319732666,0.025443077087402344
Adaptive_Threshold_CV2,Niblack_Thresholding_Sklearn,0.4803400668008785,0.8342732816123214,0.34722895202993065,0.4903652807964664,0.3248237964844751,0.49036528079645264,0.3248237964844631,0.4803400668008785,251782,104793,146989,0.4162052887021312,80547,17367,164356,87426,0.0008480548858642578,0.03386211395263672,0.03301405906677246
Adaptive_Threshold_CV2,Sauvola_Thresholding_Sklearn,0.7341004758418741,0.7324980088080959,0.9935221739441262,0.8432728903092269,0.7290162763926734,0.8432728903092127,0.7290162763926522,0.7341004758418741,251782,341504,89722,0.7372739411544228,6561,91353,1631,250151,0.0008480548858642578,0.03257560729980469,0.03172755241394043
Adaptive_Threshold_CV2,Sobel_Sklearn,0.2937951821010249,0.536905872814331,0.139394396740037,0.22132674971858832,0.124433619094216,0.22132674971858132,0.12443361909421158,0.2937951821010249,251782,65369,186413,0.2596253902185224,67642,30272,216685,35097,0.0008480548858642578,0.005554676055908203,0.004706621170043945
Adaptive_Threshold_CV2,Canny_Sklearn,0.28817601573938506,0.546248382923674,0.06708184063991866,0.11948978075853726,0.063541149383775,0.11948978075853303,0.0635411493837726,0.28817601573938506,251782,30920,220862,0.12280464846573623,83884,14030,234892,16890,0.0008480548858642578,0.016101598739624023,0.015253543853759766
Adaptive_Threshold_CV2,Global_Threshold_Torch,0.670965638726208,0.9224238079936723,0.5928700224797643,0.7218104011024878,0.5647130924278191,0.7218104011024704,0.5647130924277978,0.670965638726208,251782,161828,89954,0.6427306161679548,85360,12554,102508,149274,0.0008480548858642578,0.0026438236236572266,0.0017957687377929688
Adaptive_Threshold_CV2,Adaptive_Threshold_Torch,0.9372340547218155,0.9507148039927049,0.9627336346521991,0.9566864727368884,0.9169692980465144,0.9566864727368696,0.9169692980464798,0.9372340547218155,251782,254965,3183,0.9875159335595082,85348,12566,9383,242399,0.0008480548858642578,0.0027163028717041016,0.0018682479858398438
Adaptive_Threshold_CV2,Otsu_Thresholding_Torch,0.7655878248535871,0.8942646587632169,0.7648640490583124,0.8245181758436071,0.7014299659080976,0.8245181758435893,0.7014299659080719,0.7655878248535871,251782,215349,36433,0.8552994256936556,75144,22770,59203,192579,0.0008480548858642578,0.0032515525817871094,0.0024034976959228516
Adaptive_Threshold_CV2,Niblack_Thresholding_Torch,0.787366741398243,0.9261397752873757,0.7657457641928335,0.8383399389945626,0.7216740655342532,0.8383399389945443,0.7216740655342261,0.787366741398243,251782,208177,43605,0.8268144664829098,82538,15376,58981,192801,0.0008480548858642578,0.12664127349853516,0.1257932186126709
Adaptive_Threshold_CV2,Sauvola_Thresholding_Torch,0.8130347501830161,0.7974696068762348,0.9923505254545599,0.8843004602782197,0.7925973156704321,0.884300460278204,0.7925973156704069,0.8130347501830161,251782,313311,61529,0.8036168535416887,34459,63455,1926,249856,0.0008480548858642578,0.12646698951721191,0.12561893463134766
Adaptive_Threshold_CV2,Sobel_Torch,0.29744406570278187,0.5451090573012939,0.1464084009182547,0.23082149107564956,0.1304681748683391,0.23082149107564232,0.13046817486833448,0.29744406570278187,251782,67625,184157,0.26858552239635874,67152,30762,214919,36863,0.0008480548858642578,0.002365589141845703,0.0015175342559814453
Adaptive_Threshold_CV2,Canny_Torch,0.2872294793191801,0.5387277571896726,0.06986202349651682,0.12368466387514811,0.06591891112002189,0.12368466387514375,0.06591891112001941,0.2872294793191801,251782,32651,219131,0.129679643501124,82853,15061,234192,17590,0.0008480548858642578,0.0025930404663085938,0.001744985580444336
Otsu_Thresholding_CV2,Global_Threshold_CV2,0.8513365894948756,1.0,0.7568599022519468,0.8616053007776,0.7568599022519468,0.861605300777577,0.7568599022519114,0.8513365894948756,213815,161828,51987,0.7568599022519468,135881,0,51987,161828,0.0003311634063720703,0.000263214111328125,6.794929504394531e-05
Otsu_Thresholding_CV2,Adaptive_Threshold_CV2,0.7642609580893118,0.7608963309529673,0.8960082314150083,0.8229434468005593,0.6991537021425678,0.8229434468005415,0.6991537021425422,0.7642609580893118,213815,251782,37967,0.8492068535479105,75679,60202,22235,191580,0.0003311634063720703,0.0008480548858642578,0.0005168914794921875
Otsu_Thresholding_CV2,Otsu_Thresholding_CV2,1.0,1.0,1.0,1.0,1.0,0.9999999999999766,0.9999999999999531,1.0,213815,213815,0,1.0,135881,0,0,213815,0.0003311634063720703,0.0003311634063720703,0.0
Otsu_Thresholding_CV2,Niblack_Thresholding_CV2,0.6547944500366032,0.72363844261665,0.7044454317985174,0.7139129631077901,0.5551047033589103,0.7139129631077732,0.5551047033588898,0.6547944500366032,213815,208144,5671,0.9734770712999555,78358,57523,63194,150621,0.0003311634063720703,0.0015079975128173828,0.0011768341064453125
Otsu_Thresholding_CV2,Sauvola_Thresholding_CV2,0.7080835926061494,0.6783191560669657,0.9939153006103407,0.8063364383145833,0.6755139925491742,0.806336438314568,0.6755139925491527,0.7080835926061494,213815,313295,99480,0.6824717917617581,35100,100781,1301,212514,0.0003311634063720703,0.0016160011291503906,0.0012848377227783203
Otsu_Thresholding_CV2,Sobel_CV2,0.36164554355783307,0.42591164481656935,0.12656735963332788,0.1951441118570491,0.10812171383823693,0.19514411185704206,0.10812171383823262,0.36164554355783307,213815,63539,150276,0.2971681126207235,99404,36477,186753,27062,0.0003311634063720703,0.0026476383209228516,0.0023164749145507812
Otsu_Thresholding_CV2,Canny_CV2,0.33250022877013174,0.3674898287444413,0.12715665411687674,0.18893807462178333,0.10432446951383292,0.18893807462177675,0.10432446951382893,0.33250022877013174,213815,73983,139832,0.34601407759044034,89086,46795,186627,27188,0.0003311634063720703,0.0007004737854003906,0.0003693103790283203
Otsu_Thresholding_CV2,Global_Threshold_Sklearn,0.8406187088213762,0.9873717442778216,0.7489091036643828,0.851765068844733,0.7418038292806085,0.8517650688447103,0.7418038292805741,0.8406187088213762,213815,162176,51639,0.7584874774922246,133833,2048,53687,160128,0.0003311634063720703,0.023591995239257812,0.023260831832885742
Otsu_Thresholding_CV2,Adaptive_Threshold_Sklearn,0.657531112737921,0.646491706253407,0.9706521993311975,0.7760825667489343,0.6340971585701192,0.7760825667489197,0.6340971585700997,0.657531112737921,213815,321025,107210,0.6660384705241025,22396,113485,6275,207540,0.0003311634063720703,0.027942657470703125,0.027611494064331055
Otsu_Thresholding_CV2,Otsu_Thresholding_Sklearn,0.9329846495241582,0.9320023962313816,0.96047050019877,0.9460223281225167,0.897573405361935,0.946022328122495,0.8975734053618957,0.9329846495241582,213815,220346,6531,0.9703602516042951,120898,14983,8452,205363,0.0003311634063720703,0.0262911319732666,0.02595996856689453
Otsu_Thresholding_CV2,Niblack_Thresholding_Sklearn,0.5458340959004392,0.7623982517916273,0.37365947197343496,0.5015191081203234,0.3346850205685465,0.5015191081203076,0.33468502056853244,0.5458340959004392,213815,104793,109022,0.4901106096391741,110982,24899,133921,79894,0.0003311634063720703,0.03386211395263672,0.03353095054626465
Otsu_Thresholding_CV2,Sauvola_Thresholding_Sklearn,0.6345425741215227,0.6259370314842578,0.9997427682809906,0.7698638080094504,0.6258362391270615,0.7698638080094365,0.6258362391270431,0.6345425741215227,213815,341504,127689,0.6260980837706147,8137,127744,55,213760,0.0003311634063720703,0.03257560729980469,0.03224444389343262
Otsu_Thresholding_CV2,Sobel_Sklearn,0.360381588579795,0.42460493506096164,0.12981315623319226,0.1988366095478251,0.11039343271234707,0.19883660954781796,0.11039343271234268,0.360381588579795,213815,65369,148446,0.3057269134532189,98268,37613,186059,27756,0.0003311634063720703,0.005554676055908203,0.005223512649536133
Otsu_Thresholding_CV2,Canny_Sklearn,0.3725321422035139,0.4093143596377749,0.05919135701424128,0.10342615482052016,0.054533154658543,0.10342615482051593,0.054533154658540646,0.3725321422035139,213815,30920,182895,0.14461099548675257,117617,18264,201159,12656,0.0003311634063720703,0.016101598739624023,0.015770435333251953
Otsu_Thresholding_CV2,Global_Threshold_Torch,0.8513365894948756,1.0,0.7568599022519468,0.8616053007776,0.7568599022519468,0.861605300777577,0.7568599022519114,0.8513365894948756,213815,161828,51987,0.7568599022519468,135881,0,51987,161828,0.0003311634063720703,0.0026438236236572266,0.0023126602172851562
Otsu_Thresholding_CV2,Adaptive_Threshold_Torch,0.7748615940702782,0.7649089090659502,0.9121202909056895,0.8320534152480908,0.712407079322752,0.832053415248073,0.7124070793227261,0.7748615940702782,213815,254965,41150,0.8386052987664974,75941,59940,18790,195025,0.0003311634063720703,0.0027163028717041016,0.0023851394653320312
Otsu_Thresholding_CV2,Otsu_Thresholding_Torch,0.9956133327232797,0.9928766792508904,1.0,0.9964256088581521,0.9928766792508904,0.9964256088581289,0.9928766792508442,0.9956133327232797,213815,215349,1534,0.9928766792508904,134347,1534,0,213815,0.0003311634063720703,0.0032515525817871094,0.002920389175415039
Otsu_Thresholding_CV2,Niblack_Thresholding_Torch,0.6546028550512445,0.7234420709300259,0.7043659238126417,0.7137765644846348,0.554939791000339,0.7137765644846178,0.5549397910003185,0.6546028550512445,213815,208177,5638,0.9736314103313612,78308,57573,63211,150604,0.0003311634063720703,0.12664127349853516,0.12631011009216309
Otsu_Thresholding_CV2,Sauvola_Thresholding_Torch,0.7080664348462665,0.6783004746082966,0.9939386853120689,0.8063309341599542,0.6755062665484239,0.8063309341599388,0.6755062665484024,0.7080664348462665,213815,313311,99496,0.6824369396542094,35089,100792,1296,212519,0.0003311634063720703,0.12646698951721191,0.12613582611083984
Otsu_Thresholding_CV2,Sobel_Torch,0.36272648243045386,0.4331829944547135,0.13700629048476487,0.2081722569641842,0.11617872185162564,0.2081722569641768,0.11617872185162104,0.36272648243045386,213815,67625,146190,0.3162780908729509,97550,38331,184521,29294,0.0003311634063720703,0.002365589141845703,0.002034425735473633
Otsu_Thresholding_CV2,Canny_Torch,0.3863755948023426,0.4882545710697988,0.07455978298996796,0.1293646993905853,0.06915548923322518,0.12936469939058007,0.06915548923322216,0.3863755948023426,213815,32651,181164,0.15270677922503098,119172,16709,197873,15942,0.0003311634063720703,0.0025930404663085938,0.0022618770599365234
Niblack_Thresholding_CV2,Global_Threshold_CV2,0.5856686950951684,0.6954358949007589,0.5406881774156354,0.6083757689771118,0.4371695716522097,0.6083757689770953,0.4371695716521927,0.5856686950951684,208144,161828,46316,0.7774809747098163,92265,49287,95603,112541,0.0015079975128173828,0.000263214111328125,0.0012447834014892578
Niblack_Thresholding_CV2,Adaptive_Threshold_CV2,0.7872780929721815,0.765618670119389,0.9261328695518487,0.8382609376290968,0.7215569870899883,0.8382609376290786,0.7215569870899612,0.7872780929721815,208144,251782,43638,0.8266834007196702,82539,59013,15375,192769,0.0015079975128173828,0.0008480548858642578,0.000659942626953125
Niblack_Thresholding_CV2,Otsu_Thresholding_CV2,0.6547944500366032,0.7044454317985174,0.72363844261665,0.7139129631077901,0.5551047033589103,0.7139129631077732,0.5551047033588898,0.6547944500366032,208144,213815,5671,0.9734770712999555,78358,63194,57523,150621,0.0015079975128173828,0.0003311634063720703,0.0011768341064453125
Niblack_Thresholding_CV2,Niblack_Thresholding_CV2,1.0,1.0,1.0,1.0,1.0,0.9999999999999759,0.9999999999999519,1.0,208144,208144,0,1.0,141552,0,0,208144,0.0015079975128173828,0.0015079975128173828,0.0
Niblack_Thresholding_CV2,Sauvola_Thresholding_CV2,0.6992101711200586,0.6643163791314894,0.9999183257744638,0.7982793768782158,0.6642803339801859,0.7982793768782005,0.6642803339801646,0.6992101711200586,208144,313295,105151,0.6643706410890694,36384,105168,17,208127,0.0015079975128173828,0.0016160011291503906,0.00010800361633300781
Niblack_Thresholding_CV2,Sobel_CV2,0.4357813643850659,0.5852940713577488,0.17866957490967791,0.27376758943327334,0.1585925439456873,0.27376758943326324,0.15859254394568054,0.4357813643850659,208144,63539,144605,0.30526462449073716,115202,26350,170955,37189,0.0015079975128173828,0.0026476383209228516,0.0011396408081054688
Niblack_Thresholding_CV2,Canny_CV2,0.4447548728038067,0.5944608896638417,0.21129602582827273,0.31177448454065015,0.18467585146989043,0.31177448454063905,0.1846758514698827,0.4447548728038067,208144,73983,134161,0.35544142516719196,111549,30003,164164,43980,0.0015079975128173828,0.0007004737854003906,0.0008075237274169922
Niblack_Thresholding_CV2,Global_Threshold_Sklearn,0.5555053532210834,0.6624963003157064,0.5161859097547852,0.5802603154028948,0.4087089497449397,0.5802603154028791,0.4087089497449241,0.5555053532210834,208144,162176,45968,0.7791528941502037,86817,54735,100703,107441,0.0015079975128173828,0.023591995239257812,0.02208399772644043
Niblack_Thresholding_CV2,Adaptive_Threshold_Sklearn,0.623264206625183,0.618995405342263,0.9546900222922592,0.7510379481791262,0.6013296777785847,0.751037948179112,0.6013296777785665,0.623264206625183,208144,321025,112881,0.6483731796589051,19240,122312,9431,198713,0.0015079975128173828,0.027942657470703125,0.026434659957885742
Niblack_Thresholding_CV2,Otsu_Thresholding_Sklearn,0.6004072108345534,0.6552285950278199,0.6936399800138365,0.6738873719340008,0.5081675248932643,0.6738873719339851,0.5081675248932463,0.6004072108345534,208144,220346,12202,0.9446234558376372,65583,75969,63767,144377,0.0015079975128173828,0.0262911319732666,0.02478313446044922
Niblack_Thresholding_CV2,Niblack_Thresholding_Sklearn,0.6276394353953147,0.8718330422833587,0.43893650549619495,0.5839002738570384,0.41232991086539544,0.5839002738570196,0.41232991086537685,0.6276394353953147,208144,104793,103351,0.503463948035975,128121,13431,116782,91362,0.0015079975128173828,0.03386211395263672,0.032354116439819336
Niblack_Thresholding_CV2,Sauvola_Thresholding_Sklearn,0.6166727672035139,0.608484820089955,0.9983472980244447,0.7561202806159578,0.6078725047389483,0.756120280615944,0.6078725047389305,0.6166727672035139,208144,341504,133360,0.6094921289355323,7848,133704,344,207800,0.0015079975128173828,0.03257560729980469,0.031067609786987305
Niblack_Thresholding_CV2,Sobel_Sklearn,0.43659921760614934,0.585093851825789,0.18375259435775232,0.2796722642068202,0.1625691770166535,0.2796722642068099,0.16256917701664658,0.43659921760614934,208144,65369,142775,0.31405661465139517,114430,27122,169897,38247,0.0015079975128173828,0.005554676055908203,0.00404667854309082
Niblack_Thresholding_CV2,Canny_Sklearn,0.4243171211566618,0.6104463130659767,0.09068241217618572,0.15790750593983202,0.08572181171629827,0.1579075059398254,0.08572181171629438,0.4243171211566618,208144,30920,177224,0.14855100315166422,129507,12045,189269,18875,0.0015079975128173828,0.016101598739624023,0.01459360122680664
Niblack_Thresholding_CV2,Global_Threshold_Torch,0.5856686950951684,0.6954358949007589,0.5406881774156354,0.6083757689771118,0.4371695716522097,0.6083757689770953,0.4371695716521927,0.5856686950951684,208144,161828,46316,0.7774809747098163,92265,49287,95603,112541,0.0015079975128173828,0.0026438236236572266,0.0011358261108398438
Niblack_Thresholding_CV2,Adaptive_Threshold_Torch,0.8178560807101025,0.7832722138332713,0.9594655623030209,0.8624621849283862,0.7581833091624209,0.8624621849283676,0.7581833091623921,0.8178560807101025,208144,254965,46821,0.8163630302198341,86294,55258,8437,199707,0.0015079975128173828,0.0027163028717041016,0.0012083053588867188
Niblack_Thresholding_CV2,Otsu_Thresholding_Torch,0.6559325814421669,0.7039131827870109,0.7282794603735875,0.7158890465721983,0.5574978117437643,0.7158890465721814,0.5574978117437439,0.6559325814421669,208144,215349,7205,0.9665426818791821,77790,63762,56557,151587,0.0015079975128173828,0.0032515525817871094,0.0017435550689697266
Niblack_Thresholding_CV2,Niblack_Thresholding_Torch,0.9834341828330894,0.9860070997276357,0.9861634253209317,0.9860852563286503,0.9725524384408003,0.9860852563286265,0.9725524384407542,0.9834341828330894,208144,208177,33,0.9998414810473779,138639,2913,2880,205264,0.0015079975128173828,0.12664127349853516,0.12513327598571777
Niblack_Thresholding_CV2,Sauvola_Thresholding_Torch,0.6991529785871157,0.6642760707412124,0.9999087170420479,0.7982472121276045,0.664235789742444,0.7982472121275892,0.6642357897424228,0.6991529785871157,208144,313311,105167,0.6643367133614843,36366,105186,19,208125,0.0015079975128173828,0.12646698951721191,0.12495899200439453
Niblack_Thresholding_CV2,Sobel_Torch,0.43642192075402636,0.5817966728280961,0.1890229840879391,0.28534026667246865,0.16641218145289205,0.28534026667245826,0.166412181452885,0.43642192075402636,208144,67625,140519,0.32489526481666536,113271,28281,168800,39344,0.0015079975128173828,0.002365589141845703,0.0008575916290283203
Niblack_Thresholding_CV2,Canny_Torch,0.4176055774158126,0.56865027104836,0.08920266738411868,0.15421416557652776,0.08354932771747935,0.15421416557652134,0.08354932771747559,0.4176055774158126,208144,32651,175493,0.15686736105772928,127468,14084,189577,18567,0.0015079975128173828,0.0025930404663085938,0.001085042953491211
Sauvola_Thresholding_CV2,Global_Threshold_CV2,0.5659687271229868,0.9990360135452455,0.516037600344723,0.6805479844166669,0.5157807759426514,0.6805479844166525,0.5157807759426348,0.5659687271229868,313295,161828,151467,0.5165355336025153,36245,156,151623,161672,0.0016160011291503906,0.000263214111328125,0.0013527870178222656
Sauvola_Thresholding_CV2,Adaptive_Threshold_CV2,0.8130862234626647,0.9923544971443551,0.7975135255908967,0.884329038343447,0.7926432332973796,0.8843290383434314,0.7926432332973544,0.8130862234626647,313295,251782,61513,0.803657894316858,34476,1925,63438,249857,0.0016160011291503906,0.0008480548858642578,0.0007679462432861328
Sauvola_Thresholding_CV2,Otsu_Thresholding_CV2,0.7080835926061494,0.9939153006103407,0.6783191560669657,0.8063364383145833,0.6755139925491742,0.806336438314568,0.6755139925491527,0.7080835926061494,313295,213815,99480,0.6824717917617581,35100,1301,100781,212514,0.0016160011291503906,0.0003311634063720703,0.0012848377227783203
Sauvola_Thresholding_CV2,Niblack_Thresholding_CV2,0.6992101711200586,0.9999183257744638,0.6643163791314894,0.7982793768782158,0.6642803339801859,0.7982793768782005,0.6642803339801646,0.6992101711200586,313295,208144,105151,0.6643706410890694,36384,17,105168,208127,0.0016160011291503906,0.0015079975128173828,0.00010800361633300781
Sauvola_Thresholding_CV2,Sauvola_Thresholding_CV2,1.0,1.0,1.0,1.0,1.0,0.999999999999984,0.999999999999968,1.0,313295,313295,0,1.0,36401,0,0,313295,0.0016160011291503906,0.0016160011291503906,0.0
Sauvola_Thresholding_CV2,Sobel_CV2,0.19336795387994143,0.7456680149199704,0.15122807577522782,0.25145820175461875,0.1438102320499006,0.2514582017546121,0.14381023204989624,0.19336795387994143,313295,63539,249756,0.2028088542747251,20241,16160,265916,47379,0.0016160011291503906,0.0026476383209228516,0.001031637191772461
Sauvola_Thresholding_CV2,Canny_CV2,0.2557192532942899,0.8583458362056148,0.20269394659985,0.3279453002752545,0.19613311713381207,0.327945300275246,0.196133117133806,0.2557192532942899,313295,73983,239312,0.2361448475079398,25921,10480,249792,63503,0.0016160011291503906,0.0007004737854003906,0.00091552734375
Sauvola_Thresholding_CV2,Global_Threshold_Sklearn,0.5502293420571011,0.980995955011839,0.5078089340717216,0.6692059031991436,0.5028620917449751,0.6692059031991295,0.5028620917449592,0.5502293420571011,313295,162176,151119,0.5176463077929747,33319,3082,154201,159094,0.0016160011291503906,0.023591995239257812,0.021975994110107422
Sauvola_Thresholding_CV2,Adaptive_Threshold_Sklearn,0.8926896504392386,0.9295132777821042,0.9524473738808471,0.9408405851935931,0.8882898759537156,0.9408405851935783,0.8882898759536891,0.8926896504392386,313295,321025,7730,0.9759208784362589,13773,22628,14898,298397,0.0016160011291503906,0.027942657470703125,0.026326656341552734
Sauvola_Thresholding_CV2,Otsu_Thresholding_Sklearn,0.7011547172401171,0.9737776043132165,0.6848752772945627,0.804166096682976,0.67247307042589,0.8041660966829609,0.6724730704258689,0.7011547172401171,313295,220346,92949,0.703317959112019,30623,5778,98727,214568,0.0016160011291503906,0.0262911319732666,0.02467513084411621
Sauvola_Thresholding_CV2,Niblack_Thresholding_Sklearn,0.3879998627379209,0.9737005334325766,0.3256898450342329,0.4881125504678441,0.3228497932295737,0.4881125504678324,0.3228497932295635,0.3879998627379209,313295,104793,208502,0.3344866659218947,33645,2756,211258,102037,0.0016160011291503906,0.03386211395263672,0.03224611282348633
Sauvola_Thresholding_CV2,Sauvola_Thresholding_Sklearn,0.9165475155563689,0.9159717016491754,0.9984455545093283,0.9554321249727016,0.9146673450470919,0.9554321249726869,0.9146673450470652,0.9165475155563689,313295,341504,28209,0.9173977464392804,7705,28696,487,312808,0.0016160011291503906,0.03257560729980469,0.030959606170654297
Sauvola_Thresholding_CV2,Sobel_Sklearn,0.19654785871156663,0.7472961189554682,0.15592333104581943,0.25801238036887586,0.14811378534567968,0.25801238036886903,0.14811378534567518,0.19654785871156663,313295,65369,247926,0.20864999441421025,19882,16519,264445,48850,0.0016160011291503906,0.005554676055908203,0.0039386749267578125
Sauvola_Thresholding_CV2,Canny_Sklearn,0.158203125,0.8059831824062096,0.07954483793230023,0.14479903548654185,0.07805032352627986,0.14479903548653764,0.0780503235262774,0.158203125,313295,30920,282375,0.09869292519829553,30402,5999,288374,24921,0.0016160011291503906,0.016101598739624023,0.014485597610473633
Sauvola_Thresholding_CV2,Global_Threshold_Torch,0.5659687271229868,0.9990360135452455,0.516037600344723,0.6805479844166669,0.5157807759426514,0.6805479844166525,0.5157807759426348,0.5659687271229868,313295,161828,151467,0.5165355336025153,36245,156,151623,161672,0.0016160011291503906,0.0026438236236572266,0.001027822494506836
Sauvola_Thresholding_CV2,Adaptive_Threshold_Torch,0.8300352306002928,0.9978310748534113,0.8120525383424568,0.8954070319923978,0.8106217022252811,0.895407031992382,0.8106217022252552,0.8300352306002928,313295,254965,58330,0.8138176479037329,35848,553,58883,254412,0.0016160011291503906,0.0027163028717041016,0.001100301742553711
Sauvola_Thresholding_CV2,Otsu_Thresholding_Torch,0.7121900164714495,0.9937311062507836,0.6830590976555643,0.8096147880236984,0.6801283986715186,0.809614788023683,0.6801283986714971,0.7121900164714495,313295,215349,97946,0.6873681354633812,35051,1350,99296,213999,0.0016160011291503906,0.0032515525817871094,0.0016355514526367188
Sauvola_Thresholding_CV2,Niblack_Thresholding_Torch,0.69929881954612,0.9999135351167516,0.6644185192869341,0.7983515893470791,0.6643803480864183,0.7983515893470637,0.6643803480863971,0.69929881954612,313295,208177,105118,0.6644759731243716,36383,18,105136,208159,0.0016160011291503906,0.12664127349853516,0.12502527236938477
Sauvola_Thresholding_CV2,Sauvola_Thresholding_Torch,0.9988790263543191,0.9993488897612915,0.9993999265867632,0.9993744075224303,0.9987495972873917,0.9993744075224144,0.9987495972873598,0.9988790263543191,313295,313311,16,0.9999489325302974,36197,204,188,313107,0.0016160011291503906,0.12646698951721191,0.12485098838806152
Sauvola_Thresholding_CV2,Sobel_Torch,0.20254163616398244,0.754543438077634,0.16286886161604877,0.2679092722881445,0.15467392556396903,0.26790927228813743,0.15467392556396434,0.20254163616398244,313295,67625,245670,0.21585087537305095,19802,16599,262269,51026,0.0016160011291503906,0.002365589141845703,0.0007495880126953125
Sauvola_Thresholding_CV2,Canny_Torch,0.14089380490483164,0.6970690024807816,0.07264718555993552,0.1315812294404329,0.07042384261694504,0.1315812294404291,0.07042384261694286,0.14089380490483164,313295,32651,280644,0.10421806923187411,26510,9891,290535,22760,0.0016160011291503906,0.0025930404663085938,0.0009770393371582031
Sobel_CV2,Global_Threshold_CV2,0.4591502333455344,0.11195219615888474,0.2851319661939911,0.1607777536196515,0.08741616405307599,0.16077775361964436,0.08741616405307177,0.4591502333455344,63539,161828,98289,0.3926329189015498,142446,143711,45422,18117,0.0026476383209228516,0.000263214111328125,0.0023844242095947266
Sobel_CV2,Adaptive_Threshold_CV2,0.29325185303806733,0.13538299004694537,0.5364736618454807,0.21620507355995952,0.12120511744668142,0.21620507355995267,0.1212051174466771,0.29325185303806733,63539,251782,188243,0.2523571978934157,68462,217695,29452,34087,0.0026476383209228516,0.0008480548858642578,0.0017995834350585938
Sobel_CV2,Otsu_Thresholding_CV2,0.36164554355783307,0.12656735963332788,0.42591164481656935,0.1951441118570491,0.10812171383823693,0.19514411185704206,0.10812171383823262,0.36164554355783307,63539,213815,150276,0.2971681126207235,99404,186753,36477,27062,0.0026476383209228516,0.0003311634063720703,0.0023164749145507812
Sobel_CV2,Niblack_Thresholding_CV2,0.4357813643850659,0.17866957490967791,0.5852940713577488,0.27376758943327334,0.1585925439456873,0.27376758943326324,0.15859254394568054,0.4357813643850659,63539,208144,144605,0.30526462449073716,115202,170955,26350,37189,0.0026476383209228516,0.0015079975128173828,0.0011396408081054688
Sobel_CV2,Sauvola_Thresholding_CV2,0.19336795387994143,0.15122807577522782,0.7456680149199704,0.25145820175461875,0.1438102320499006,0.2514582017546121,0.14381023204989624,0.19336795387994143,63539,313295,249756,0.2028088542747251,20241,265916,16160,47379,0.0026476383209228516,0.0016160011291503906,0.001031637191772461
Sobel_CV2,Sobel_CV2,1.0,1.0,1.0,1.0,1.0,0.9999999999999213,0.9999999999998427,1.0,63539,63539,0,1.0,286157,0,0,63539,0.0026476383209228516,0.0026476383209228516,0.0
Sobel_CV2,Canny_CV2,0.8200780106149341,0.5041969101009691,0.5870725066494594,0.5424877474149591,0.37220115745360205,0.5424877474149196,0.37220115745356497,0.8200780106149341,63539,73983,10444,0.8588324344781909,249476,36681,26237,37302,0.0026476383209228516,0.0007004737854003906,0.001947164535522461
Sobel_CV2,Global_Threshold_Sklearn,0.46132354959736455,0.1151280090765588,0.29385102063299706,0.16543871696608556,0.09017889917119067,0.1654387169660782,0.09017889917118631,0.46132354959736455,63539,162176,98637,0.3917904005524862,142652,143505,44868,18671,0.0026476383209228516,0.023591995239257812,0.02094435691833496
Sobel_CV2,Adaptive_Threshold_Sklearn,0.18736845717423134,0.15635853905459077,0.7899872519240152,0.26104887612985095,0.1501185815670711,0.2610488761298442,0.15011858156706662,0.18736845717423134,63539,321025,257486,0.19792539521844094,15327,270830,13344,50195,0.0026476383209228516,0.027942657470703125,0.025295019149780273
Sobel_CV2,Otsu_Thresholding_Sklearn,0.3505587710468521,0.12883828161164715,0.4467964557201089,0.20000352255314652,0.11111328553088894,0.20000352255313947,0.11111328553088458,0.3505587710468521,63539,220346,156807,0.2883601245314188,94200,191957,35150,28389,0.0026476383209228516,0.0262911319732666,0.02364349365234375
Sobel_CV2,Niblack_Thresholding_Sklearn,0.6338820003660323,0.19229337837450974,0.31714380144478194,0.23941971817598556,0.13598909441831275,0.23941971817597132,0.13598909441830356,0.6338820003660323,63539,104793,41254,0.6063286669911159,201515,84642,43388,20151,0.0026476383209228516,0.03386211395263672,0.031214475631713867
Sobel_CV2,Sauvola_Thresholding_Sklearn,0.19054550237920936,0.1785923444527736,0.9598829065613246,0.3011532108936582,0.17726919980351866,0.30115321089365077,0.1772691998035135,0.19054550237920936,63539,341504,277965,0.18605638586956522,5643,280514,2549,60990,0.0026476383209228516,0.03257560729980469,0.029927968978881836
Sobel_CV2,Sobel_Sklearn,0.9947440062225475,0.9719438877755511,0.9999370465383465,0.9857417693238589,0.9718844171140991,0.9857417693237824,0.9718844171139505,0.9947440062225475,63539,65369,1830,0.9720050788600101,284323,1834,4,63535,0.0026476383209228516,0.005554676055908203,0.0029070377349853516
Sobel_CV2,Canny_Sklearn,0.8756491352489019,0.8242884864165588,0.4011237192905145,0.5396415375983231,0.3695267644841385,0.5396415375982659,0.36952676448408495,0.8756491352489019,63539,30920,32619,0.48663025858134373,280724,5433,38052,25487,0.0026476383209228516,0.016101598739624023,0.013453960418701172
Sobel_CV2,Global_Threshold_Torch,0.4591502333455344,0.11195219615888474,0.2851319661939911,0.1607777536196515,0.08741616405307599,0.16077775361964436,0.08741616405307177,0.4591502333455344,63539,161828,98289,0.3926329189015498,142446,143711,45422,18117,0.0026476383209228516,0.0026438236236572266,3.814697265625e-06
Sobel_CV2,Adaptive_Threshold_Torch,0.2877241947291362,0.13614417665169729,0.5463101402288358,0.21796900509883707,0.12231493488188533,0.21796900509883022,0.12231493488188101,0.2877241947291362,63539,254965,191426,0.24920675386817798,65904,220253,28827,34712,0.0026476383209228516,0.0027163028717041016,6.866455078125e-05
Sobel_CV2,Otsu_Thresholding_Torch,0.3585628660322108,0.12672452623415945,0.4294999921308173,0.1957058030463842,0.10846668097520648,0.1957058030463772,0.10846668097520216,0.3585628660322108,63539,215349,151810,0.2950512888381186,98098,188059,36249,27290,0.0026476383209228516,0.0032515525817871094,0.0006039142608642578
Sobel_CV2,Niblack_Thresholding_Torch,0.4357499084919473,0.17869409204667183,0.5854671933772958,0.27381530715894536,0.15862457145781098,0.27381530715893526,0.1586245714578042,0.4357499084919473,63539,208177,144638,0.30521623426219036,115180,170977,26339,37200,0.0026476383209228516,0.12664127349853516,0.1239936351776123
Sobel_CV2,Sauvola_Thresholding_Torch,0.1933908308931186,0.15125865354232695,0.7458568753049308,0.251511211357304,0.14384490938174402,0.25151121135729726,0.14384490938173963,0.1933908308931186,63539,313311,249772,0.202798497339704,20237,265920,16148,47391,0.0026476383209228516,0.12646698951721191,0.12381935119628906
Sobel_CV2,Sobel_Torch,0.9882984077598829,0.9395341959334566,0.9999527849037599,0.9688024152968803,0.9394925178919974,0.9688024152968063,0.9394925178918585,0.9882984077598829,63539,67625,4086,0.9395785582255083,282068,4089,3,63536,0.0026476383209228516,0.002365589141845703,0.00028204917907714844
Sobel_CV2,Canny_Torch,0.879735541727672,0.8289792043122722,0.42599033664363617,0.5627819939702672,0.39157733315972976,0.5627819939702087,0.39157733315967314,0.879735541727672,63539,32651,30888,0.5138733691118841,280573,5584,36472,27067,0.0026476383209228516,0.0025930404663085938,5.459785461425781e-05
Canny_CV2,Global_Threshold_CV2,0.4042396824670571,0.0848926020218998,0.18569130746252518,0.11651704118976638,0.06186254069607742,0.11651704118976143,0.06186254069607463,0.4042396824670571,73983,161828,87845,0.45717057616728873,127623,148090,60245,13738,0.0007004737854003906,0.000263214111328125,0.0004372596740722656
Canny_CV2,Adaptive_Threshold_CV2,0.31432158217423134,0.17075485936246435,0.5811199870240461,0.26395100762819823,0.1520412204885915,0.2639510076281901,0.15204122048858612,0.31432158217423134,73983,251782,177799,0.2938375261138604,66924,208789,30990,42993,0.0007004737854003906,0.0008480548858642578,0.0001475811004638672
Canny_CV2,Otsu_Thresholding_CV2,0.33250022877013174,0.12715665411687674,0.3674898287444413,0.18893807462178333,0.10432446951383292,0.18893807462177675,0.10432446951382893,0.33250022877013174,73983,213815,139832,0.34601407759044034,89086,186627,46795,27188,0.0007004737854003906,0.0003311634063720703,0.0003693103790283203
Canny_CV2,Niblack_Thresholding_CV2,0.4447548728038067,0.21129602582827273,0.5944608896638417,0.31177448454065015,0.18467585146989043,0.31177448454063905,0.1846758514698827,0.4447548728038067,73983,208144,134161,0.35544142516719196,111549,164164,30003,43980,0.0007004737854003906,0.0015079975128173828,0.0008075237274169922
Canny_CV2,Sauvola_Thresholding_CV2,0.2557192532942899,0.20269394659985,0.8583458362056148,0.3279453002752545,0.19613311713381207,0.327945300275246,0.196133117133806,0.2557192532942899,73983,313295,239312,0.2361448475079398,25921,249792,10480,63503,0.0007004737854003906,0.0016160011291503906,0.00091552734375
Canny_CV2,Sobel_CV2,0.8200780106149341,0.5870725066494594,0.5041969101009691,0.5424877474149591,0.37220115745360205,0.5424877474149196,0.37220115745356497,0.8200780106149341,73983,63539,10444,0.8588324344781909,249476,26237,36681,37302,0.0007004737854003906,0.0026476383209228516,0.001947164535522461
Canny_CV2,Canny_CV2,1.0,1.0,1.0,1.0,1.0,0.9999999999999324,0.9999999999998649,1.0,73983,73983,0,1.0,275713,0,0,73983,0.0007004737854003906,0.0007004737854003906,0.0
Canny_CV2,Global_Threshold_Sklearn,0.4045771184114202,0.08614714877663773,0.18884067961558737,0.11831859044118581,0.06287918339424271,0.1183185904411808,0.06287918339423988,0.4045771184114202,73983,162176,88193,0.4561895718232044,127508,148205,60012,13971,0.0007004737854003906,0.023591995239257812,0.022891521453857422
Canny_CV2,Adaptive_Threshold_Sklearn,0.23967102855051245,0.20111206292344833,0.8726599353905627,0.3268895819831497,0.19537836741857975,0.32688958198314144,0.1953783674185738,0.23967102855051245,73983,321025,247042,0.230458687018145,19250,256463,9421,64562,0.0007004737854003906,0.027942657470703125,0.027242183685302734
Canny_CV2,Otsu_Thresholding_Sklearn,0.32780758144216693,0.1344839479727338,0.4005379614235703,0.2013597029174835,0.11195106839544232,0.20135970291747665,0.11195106839543809,0.32780758144216693,73983,220346,146363,0.33575830738928775,85000,190713,44350,29633,0.0007004737854003906,0.0262911319732666,0.02559065818786621
Canny_CV2,Niblack_Thresholding_Sklearn,0.6130925146412884,0.20743751968165813,0.2938242569238879,0.24318700496710968,0.13842509456309937,0.24318700496709605,0.13842509456309054,0.6130925146412884,73983,104793,30810,0.7059918124302196,192658,83055,52245,21738,0.0007004737854003906,0.03386211395263672,0.03316164016723633
Canny_CV2,Sauvola_Thresholding_Sklearn,0.2236485404465593,0.210832083958021,0.9731965451522647,0.3465812408089784,0.20961491992418926,0.34658124080897,0.20961491992418316,0.2236485404465593,73983,341504,267521,0.21663875093703147,6209,269504,1983,72000,0.0007004737854003906,0.03257560729980469,0.0318751335144043
Canny_CV2,Sobel_Sklearn,0.8202095534407028,0.5849867674279857,0.5168754984253139,0.5488259946035938,0.3781944774111876,0.5488259946035543,0.3781944774111502,0.8202095534407028,73983,65369,8614,0.8835678466674777,248584,27129,35743,38240,0.0007004737854003906,0.005554676055908203,0.0048542022705078125
Canny_CV2,Canny_Sklearn,0.8291744829795022,0.7303686934023286,0.30524579971074434,0.4305501272604215,0.2743318756073858,0.4305501272603805,0.2743318756073525,0.8291744829795022,73983,30920,43063,0.417933849668167,267376,8337,51400,22583,0.0007004737854003906,0.016101598739624023,0.015401124954223633
Canny_CV2,Global_Threshold_Torch,0.4042396824670571,0.0848926020218998,0.18569130746252518,0.11651704118976638,0.06186254069607742,0.11651704118976143,0.06186254069607463,0.4042396824670571,73983,161828,87845,0.45717057616728873,127623,148090,60245,13738,0.0007004737854003906,0.0026438236236572266,0.001943349838256836
Canny_CV2,Adaptive_Threshold_Torch,0.3084793649341142,0.1708587453179848,0.5888244596731682,0.26486253146393957,0.15264642500481806,0.2648625314639315,0.1526464250048127,0.3084793649341142,73983,254965,180982,0.29016923891514523,64311,211402,30420,43563,0.0007004737854003906,0.0027163028717041016,0.002015829086303711
Canny_CV2,Otsu_Thresholding_Torch,0.33109329245973645,0.12867020510891622,0.3745319870781125,0.1915377490218849,0.1059119419928676,0.19153774902187826,0.10591194199286355,0.33109329245973645,73983,215349,141366,0.3435493083320563,88073,187640,46274,27709,0.0007004737854003906,0.0032515525817871094,0.0025510787963867188
Canny_CV2,Niblack_Thresholding_Torch,0.4446776628843338,0.21127694221743998,0.5945014395198897,0.31175928551176635,0.18466518597513615,0.3117592855117553,0.18466518597512838,0.4446776628843338,73983,208177,134194,0.35538508096475596,111519,164194,30000,43983,0.0007004737854003906,0.12664127349853516,0.12594079971313477
Canny_CV2,Sauvola_Thresholding_Torch,0.2557078147877013,0.20270274583401157,0.8584269359177108,0.3279627363191787,0.19614559043809934,0.3279627363191702,0.1961455904380933,0.2557078147877013,73983,313311,239328,0.23613278818809424,25911,249802,10474,63509,0.0007004737854003906,0.12646698951721191,0.12576651573181152
Canny_CV2,Sobel_Torch,0.8150279099560761,0.5687541589648798,0.5198761877728667,0.5432178972939382,0.3728889147422101,0.5432178972938998,0.37288891474217395,0.8150279099560761,73983,67625,6358,0.9140613384155819,246550,29163,35521,38462,0.0007004737854003906,0.002365589141845703,0.0016651153564453125
Canny_CV2,Canny_Torch,0.7802148151537335,0.45597378334507366,0.20123541894759606,0.27923551587673723,0.16227410459311578,0.2792355158767111,0.1622741045930981,0.7802148151537335,73983,32651,41332,0.4413311166078694,257950,17763,59095,14888,0.0007004737854003906,0.0025930404663085938,0.0018925666809082031
Global_Threshold_Sklearn,Global_Threshold_CV2,0.9668512079062958,0.9652594112267345,0.9631881412786109,0.9642226639177294,0.9309169358395213,0.9642226639176996,0.9309169358394658,0.9668512079062958,162176,161828,348,0.997854183109708,181898,5622,5970,156206,0.023591995239257812,0.000263214111328125,0.023328781127929688
Global_Threshold_Sklearn,Adaptive_Threshold_CV2,0.6428841050512445,0.5740600996099801,0.8912416140489345,0.698322051995613,0.5364783609234652,0.6983220519955962,0.5364783609234453,0.6428841050512445,162176,251782,89606,0.6441127642166636,80276,107244,17638,144538,0.023591995239257812,0.0008480548858642578,0.022743940353393555
Global_Threshold_Sklearn,Otsu_Thresholding_CV2,0.8406187088213762,0.7489091036643828,0.9873717442778216,0.851765068844733,0.7418038292806085,0.8517650688447103,0.7418038292805741,0.8406187088213762,162176,213815,51639,0.7584874774922246,133833,53687,2048,160128,0.023591995239257812,0.0003311634063720703,0.023260831832885742
Global_Threshold_Sklearn,Niblack_Thresholding_CV2,0.5555053532210834,0.5161859097547852,0.6624963003157064,0.5802603154028948,0.4087089497449397,0.5802603154028791,0.4087089497449241,0.5555053532210834,162176,208144,45968,0.7791528941502037,86817,100703,54735,107441,0.023591995239257812,0.0015079975128173828,0.02208399772644043
Global_Threshold_Sklearn,Sauvola_Thresholding_CV2,0.5502293420571011,0.5078089340717216,0.980995955011839,0.6692059031991436,0.5028620917449751,0.6692059031991295,0.5028620917449592,0.5502293420571011,162176,313295,151119,0.5176463077929747,33319,154201,3082,159094,0.023591995239257812,0.0016160011291503906,0.021975994110107422
Global_Threshold_Sklearn,Sobel_CV2,0.46132354959736455,0.29385102063299706,0.1151280090765588,0.16543871696608556,0.09017889917119067,0.1654387169660782,0.09017889917118631,0.46132354959736455,162176,63539,98637,0.3917904005524862,142652,44868,143505,18671,0.023591995239257812,0.0026476383209228516,0.02094435691833496
Global_Threshold_Sklearn,Canny_CV2,0.4045771184114202,0.18884067961558737,0.08614714877663773,0.11831859044118581,0.06287918339424271,0.1183185904411808,0.06287918339423988,0.4045771184114202,162176,73983,88193,0.4561895718232044,127508,60012,148205,13971,0.023591995239257812,0.0007004737854003906,0.022891521453857422
Global_Threshold_Sklearn,Global_Threshold_Sklearn,1.0,1.0,1.0,1.0,1.0,0.9999999999999691,0.9999999999999383,1.0,162176,162176,0,1.0,187520,0,0,162176,0.023591995239257812,0.023591995239257812,0.0
Global_Threshold_Sklearn,Adaptive_Threshold_Sklearn,0.5232058702415813,0.49290242192975625,0.9756930741910024,0.6549406975565034,0.48692328759535586,0.6549406975564899,0.4869232875953408,0.5232058702415813,162176,321025,158849,0.5051818394206059,24729,162791,3942,158234,0.023591995239257812,0.027942657470703125,0.0043506622314453125
Global_Threshold_Sklearn,Otsu_Thresholding_Sklearn,0.8336555179355783,0.7360060994980622,1.0,0.8479303151191304,0.7360060994980622,0.8479303151191082,0.7360060994980286,0.8336555179355783,162176,220346,58170,0.7360060994980622,129350,58170,0,162176,0.023591995239257812,0.0262911319732666,0.002699136734008789
Global_Threshold_Sklearn,Niblack_Thresholding_Sklearn,0.5768467468887262,0.5677573883751778,0.36686686069455404,0.44572216249826757,0.28677122696074653,0.44572216249825086,0.28677122696073265,0.5768467468887262,162176,104793,57383,0.6461683602999211,142224,45296,102679,59497,0.023591995239257812,0.03386211395263672,0.010270118713378906
Global_Threshold_Sklearn,Sauvola_Thresholding_Sklearn,0.48718887262079064,0.47488755622188905,1.0,0.6439644218551461,0.47488755622188905,0.6439644218551334,0.4748875562218751,0.48718887262079064,162176,341504,179328,0.47488755622188905,8192,179328,0,162176,0.023591995239257812,0.03257560729980469,0.008983612060546875
Global_Threshold_Sklearn,Sobel_Sklearn,0.45844104593704244,0.2919120684116324,0.11766229281767956,0.1677206706365774,0.09153662760297991,0.16772067063657,0.09153662760297551,0.45844104593704244,162176,65369,96807,0.4030744376479874,141233,46287,143094,19082,0.023591995239257812,0.005554676055908203,0.01803731918334961
Global_Threshold_Sklearn,Canny_Sklearn,0.4981240849194729,0.28447606727037517,0.05423737174427782,0.09110494261921531,0.047726532826912645,0.0911049426192106,0.04772653282691005,0.4981240849194729,162176,30920,131256,0.1906570639305446,165396,22124,153380,8796,0.023591995239257812,0.016101598739624023,0.007490396499633789
Global_Threshold_Sklearn,Global_Threshold_Torch,0.9668512079062958,0.9652594112267345,0.9631881412786109,0.9642226639177294,0.9309169358395213,0.9642226639176996,0.9309169358394658,0.9668512079062958,162176,161828,348,0.997854183109708,181898,5622,5970,156206,0.023591995239257812,0.0026438236236572266,0.020948171615600586
Global_Threshold_Sklearn,Adaptive_Threshold_Torch,0.6461583775622255,0.5753809346380876,0.9045851420678769,0.7033688848614738,0.5424587430067409,0.7033688848614568,0.5424587430067208,0.6461583775622255,162176,254965,92789,0.6360716176730139,79257,108263,15474,146702,0.023591995239257812,0.0027163028717041016,0.02087569236755371
Global_Threshold_Sklearn,Otsu_Thresholding_Torch,0.8364093383967789,0.7437183362820352,0.9875628946329913,0.8484683133567313,0.7368171655180663,0.8484683133567088,0.7368171655180323,0.8364093383967789,162176,215349,53173,0.7530845279058644,132330,55190,2017,160159,0.023591995239257812,0.0032515525817871094,0.020340442657470703
Global_Threshold_Sklearn,Niblack_Thresholding_Torch,0.5546846403733529,0.5154940267176489,0.6617132004735596,0.5795227796183641,0.4079775242454541,0.5795227796183484,0.4079775242454386,0.5546846403733529,162176,208177,46001,0.7790293836494906,86657,100863,54862,107314,0.023591995239257812,0.12664127349853516,0.10304927825927734
Global_Threshold_Sklearn,Sauvola_Thresholding_Torch,0.5502064650439239,0.5077957684217917,0.9810206195737964,0.6692002094694492,0.5028556618592934,0.6692002094694351,0.5028556618592775,0.5502064650439239,162176,313311,151135,0.5176198729058348,33307,154213,3078,159098,0.023591995239257812,0.12646698951721191,0.1028749942779541
Global_Threshold_Sklearn,Sobel_Torch,0.45488938964128844,0.28967097966728284,0.12078852604577743,0.17048663843934533,0.09318687800886724,0.17048663843933792,0.0931868780088628,0.45488938964128844,162176,67625,94551,0.41698525059194946,139484,48036,142587,19589,0.023591995239257812,0.002365589141845703,0.02122640609741211
Global_Threshold_Sklearn,Canny_Torch,0.5050014870058566,0.33273100364460506,0.06698895027624309,0.11152458334830388,0.059055353522175655,0.11152458334829815,0.05905535352217244,0.5050014870058566,162176,32651,129525,0.20133065311760062,165733,21787,151312,10864,0.023591995239257812,0.0025930404663085938,0.02099895477294922
Adaptive_Threshold_Sklearn,Global_Threshold_CV2,0.521838968704246,0.9752391427935833,0.49161591776341407,0.6537020583904418,0.4855552684043417,0.6537020583904283,0.4855552684043268,0.521838968704246,321025,161828,159197,0.5040978116969084,24664,4007,163204,157821,0.027942657470703125,0.000263214111328125,0.027679443359375
Adaptive_Threshold_Sklearn,Adaptive_Threshold_CV2,0.7487789394216691,0.9630473981460153,0.7553243516860058,0.8466307150576023,0.734049992583152,0.8466307150575875,0.7340499925831298,0.7487789394216691,321025,251782,69243,0.784306518183942,19367,9304,78547,242478,0.027942657470703125,0.0008480548858642578,0.027094602584838867
Adaptive_Threshold_Sklearn,Otsu_Thresholding_CV2,0.657531112737921,0.9706521993311975,0.646491706253407,0.7760825667489343,0.6340971585701192,0.7760825667489197,0.6340971585700997,0.657531112737921,321025,213815,107210,0.6660384705241025,22396,6275,113485,207540,0.027942657470703125,0.0003311634063720703,0.027611494064331055
Adaptive_Threshold_Sklearn,Niblack_Thresholding_CV2,0.623264206625183,0.9546900222922592,0.618995405342263,0.7510379481791262,0.6013296777785847,0.751037948179112,0.6013296777785665,0.623264206625183,321025,208144,112881,0.6483731796589051,19240,9431,122312,198713,0.027942657470703125,0.0015079975128173828,0.026434659957885742
Adaptive_Threshold_Sklearn,Sauvola_Thresholding_CV2,0.8926896504392386,0.9524473738808471,0.9295132777821042,0.9408405851935931,0.8882898759537156,0.9408405851935783,0.8882898759536891,0.8926896504392386,321025,313295,7730,0.9759208784362589,13773,14898,22628,298397,0.027942657470703125,0.0016160011291503906,0.026326656341552734
Adaptive_Threshold_Sklearn,Sobel_CV2,0.18736845717423134,0.7899872519240152,0.15635853905459077,0.26104887612985095,0.1501185815670711,0.2610488761298442,0.15011858156706662,0.18736845717423134,321025,63539,257486,0.19792539521844094,15327,13344,270830,50195,0.027942657470703125,0.0026476383209228516,0.025295019149780273
Adaptive_Threshold_Sklearn,Canny_CV2,0.23967102855051245,0.8726599353905627,0.20111206292344833,0.3268895819831497,0.19537836741857975,0.32688958198314144,0.1953783674185738,0.23967102855051245,321025,73983,247042,0.230458687018145,19250,9421,256463,64562,0.027942657470703125,0.0007004737854003906,0.027242183685302734
Adaptive_Threshold_Sklearn,Global_Threshold_Sklearn,0.5232058702415813,0.9756930741910024,0.49290242192975625,0.6549406975565034,0.48692328759535586,0.6549406975564899,0.4869232875953408,0.5232058702415813,321025,162176,158849,0.5051818394206059,24729,3942,162791,158234,0.027942657470703125,0.023591995239257812,0.0043506622314453125
Adaptive_Threshold_Sklearn,Adaptive_Threshold_Sklearn,1.0,1.0,1.0,1.0,1.0,0.9999999999999845,0.9999999999999688,1.0,321025,321025,0,1.0,28671,0,0,321025,0.027942657470703125,0.027942657470703125,0.0
Adaptive_Threshold_Sklearn,Otsu_Thresholding_Sklearn,0.6731589723645681,0.9691031377923811,0.6651756093762168,0.7888786063531293,0.6513621264485272,0.7888786063531148,0.6513621264485072,0.6731589723645681,321025,220346,100679,0.6863826804765985,21863,6808,107487,213538,0.027942657470703125,0.0262911319732666,0.0016515254974365234
Adaptive_Threshold_Sklearn,Niblack_Thresholding_Sklearn,0.3745710560029283,0.9881766911912055,0.3225730083326844,0.4863768088713958,0.321332820296403,0.48637680887138435,0.321332820296393,0.3745710560029283,321025,104793,216232,0.3264325208317109,27432,1239,217471,103554,0.027942657470703125,0.03386211395263672,0.005919456481933594
Adaptive_Threshold_Sklearn,Sauvola_Thresholding_Sklearn,0.9231818493777453,0.9306860241754122,0.9900568491550502,0.9594538503220237,0.9220675609812704,0.9594538503220091,0.9220675609812437,0.9231818493777453,321025,341504,20479,0.9400329132308846,5000,23671,3192,317833,0.027942657470703125,0.03257560729980469,0.0046329498291015625
Adaptive_Threshold_Sklearn,Sobel_Sklearn,0.19081144765739386,0.7910783398858786,0.16108402772369754,0.26766461176933387,0.1545108491045231,0.26766461176932693,0.15451084910451848,0.19081144765739386,321025,65369,255656,0.20362588583443658,15014,13657,269313,51712,0.027942657470703125,0.005554676055908203,0.022387981414794922
Adaptive_Threshold_Sklearn,Canny_Sklearn,0.13784258327232796,0.8158473479948254,0.07857954987929289,0.14335194419582606,0.07721007960969518,0.14335194419582198,0.07721007960969281,0.13784258327232796,321025,30920,290105,0.09631648625496457,22977,5694,295799,25226,0.027942657470703125,0.016101598739624023,0.011841058731079102
Adaptive_Threshold_Sklearn,Global_Threshold_Torch,0.521838968704246,0.9752391427935833,0.49161591776341407,0.6537020583904418,0.4855552684043417,0.6537020583904283,0.4855552684043268,0.521838968704246,321025,161828,159197,0.5040978116969084,24664,4007,163204,157821,0.027942657470703125,0.0026438236236572266,0.0252988338470459
Adaptive_Threshold_Sklearn,Adaptive_Threshold_Torch,0.7605405838213762,0.9653324966171828,0.7666879526516627,0.8546190038021494,0.7461438653505688,0.8546190038021345,0.7461438653505461,0.7605405838213762,321025,254965,66060,0.794221633829141,19832,8839,74899,246126,0.027942657470703125,0.0027163028717041016,0.025226354598999023
Adaptive_Threshold_Sklearn,Otsu_Thresholding_Torch,0.6614659590043924,0.9704944067536883,0.6510240635464528,0.7792883323949333,0.6383885343898051,0.7792883323949188,0.6383885343897856,0.6614659590043924,321025,215349,105676,0.6708169145705163,22317,6354,112030,208995,0.027942657470703125,0.0032515525817871094,0.024691104888916016
Adaptive_Threshold_Sklearn,Niblack_Thresholding_Torch,0.623284224011713,0.954634757922345,0.6190577057861537,0.7510667004281919,0.6013665427014334,0.7510667004281777,0.6013665427014152,0.623284224011713,321025,208177,112848,0.6484759753913246,19227,9444,122292,198733,0.027942657470703125,0.12664127349853516,0.09869861602783203
Adaptive_Threshold_Sklearn,Sauvola_Thresholding_Torch,0.8927697199853587,0.9524689525742792,0.929581808270384,0.9408862180295616,0.8883712345609184,0.9408862180295468,0.8883712345608918,0.8927697199853587,321025,313311,7714,0.9759707187913714,13779,14892,22606,298419,0.027942657470703125,0.12646698951721191,0.09852433204650879
Adaptive_Threshold_Sklearn,Sobel_Torch,0.19663936676427526,0.7964362292051756,0.16777198037536017,0.2771593979158626,0.1608735001836967,0.2771593979158555,0.16087350018369187,0.19663936676427526,321025,67625,253400,0.21065337590530334,14905,13766,267166,53859,0.027942657470703125,0.002365589141845703,0.025577068328857422
Adaptive_Threshold_Sklearn,Canny_Torch,0.13109672401171302,0.7629781629965392,0.07760143291020949,0.1408746988769382,0.07577471985983866,0.14087469887693424,0.07577471985983636,0.13109672401171302,321025,32651,288374,0.10170858967370143,20932,7739,296113,24912,0.027942657470703125,0.0025930404663085938,0.02534961700439453
Otsu_Thresholding_Sklearn,Global_Threshold_CV2,0.8266551519033675,0.9935116296314606,0.7296615323173554,0.8413863842124268,0.7262010153751649,0.8413863842124047,0.726201015375132,0.8266551519033675,220346,161828,58518,0.7344267651784012,128300,1050,59568,160778,0.0262911319732666,0.000263214111328125,0.026027917861938477
Otsu_Thresholding_Sklearn,Adaptive_Threshold_CV2,0.7089186035871157,0.7354338276763231,0.8403556225209443,0.7844016876779178,0.6452803362152781,0.7844016876779012,0.6452803362152556,0.7089186035871157,220346,251782,31436,0.8751459595999714,62737,66613,35177,185169,0.0262911319732666,0.0008480548858642578,0.025443077087402344
Otsu_Thresholding_Sklearn,Otsu_Thresholding_CV2,0.9329846495241582,0.96047050019877,0.9320023962313816,0.9460223281225167,0.897573405361935,0.946022328122495,0.8975734053618957,0.9329846495241582,220346,213815,6531,0.9703602516042951,120898,8452,14983,205363,0.0262911319732666,0.0003311634063720703,0.02595996856689453
Otsu_Thresholding_Sklearn,Niblack_Thresholding_CV2,0.6004072108345534,0.6936399800138365,0.6552285950278199,0.6738873719340008,0.5081675248932643,0.6738873719339851,0.5081675248932463,0.6004072108345534,220346,208144,12202,0.9446234558376372,65583,63767,75969,144377,0.0262911319732666,0.0015079975128173828,0.02478313446044922
Otsu_Thresholding_Sklearn,Sauvola_Thresholding_CV2,0.7011547172401171,0.6848752772945627,0.9737776043132165,0.804166096682976,0.67247307042589,0.8041660966829609,0.6724730704258689,0.7011547172401171,220346,313295,92949,0.703317959112019,30623,98727,5778,214568,0.0262911319732666,0.0016160011291503906,0.02467513084411621
Otsu_Thresholding_Sklearn,Sobel_CV2,0.3505587710468521,0.4467964557201089,0.12883828161164715,0.20000352255314652,0.11111328553088894,0.20000352255313947,0.11111328553088458,0.3505587710468521,220346,63539,156807,0.2883601245314188,94200,35150,191957,28389,0.0262911319732666,0.0026476383209228516,0.02364349365234375
Otsu_Thresholding_Sklearn,Canny_CV2,0.32780758144216693,0.4005379614235703,0.1344839479727338,0.2013597029174835,0.11195106839544232,0.20135970291747665,0.11195106839543809,0.32780758144216693,220346,73983,146363,0.33575830738928775,85000,44350,190713,29633,0.0262911319732666,0.0007004737854003906,0.02559065818786621
Otsu_Thresholding_Sklearn,Global_Threshold_Sklearn,0.8336555179355783,1.0,0.7360060994980622,0.8479303151191304,0.7360060994980622,0.8479303151191082,0.7360060994980286,0.8336555179355783,220346,162176,58170,0.7360060994980622,129350,0,58170,162176,0.0262911319732666,0.023591995239257812,0.002699136734008789
Otsu_Thresholding_Sklearn,Adaptive_Threshold_Sklearn,0.6731589723645681,0.6651756093762168,0.9691031377923811,0.7888786063531293,0.6513621264485272,0.7888786063531148,0.6513621264485072,0.6731589723645681,220346,321025,100679,0.6863826804765985,21863,107487,6808,213538,0.0262911319732666,0.027942657470703125,0.0016515254974365234
Otsu_Thresholding_Sklearn,Otsu_Thresholding_Sklearn,1.0,1.0,1.0,1.0,1.0,0.9999999999999772,0.9999999999999546,1.0,220346,220346,0,1.0,129350,0,0,220346,0.0262911319732666,0.0262911319732666,0.0
Otsu_Thresholding_Sklearn,Niblack_Thresholding_Sklearn,0.5285533720717424,0.7647266515893237,0.36369164858903724,0.4929460938244874,0.32709254247941844,0.4929460938244722,0.32709254247940506,0.5285533720717424,220346,104793,115553,0.4755838544834034,104695,24655,140208,80138,0.0262911319732666,0.03386211395263672,0.007570981979370117
Otsu_Thresholding_Sklearn,Sauvola_Thresholding_Sklearn,0.653447565885798,0.6451783873688156,0.9999319252448422,0.7843054195959775,0.6451500502168254,0.7843054195959636,0.6451500502168065,0.653447565885798,220346,341504,121158,0.6452223107196402,8177,121173,15,220331,0.0262911319732666,0.03257560729980469,0.006284475326538086
Otsu_Thresholding_Sklearn,Sobel_Sklearn,0.3493863241215227,0.445149841668069,0.1320604866891162,0.20369249076877308,0.1133951117623219,0.20369249076876594,0.1133951117623175,0.3493863241215227,220346,65369,154977,0.29666524466067,93080,36270,191247,29099,0.0262911319732666,0.005554676055908203,0.0207364559173584
Otsu_Thresholding_Sklearn,Canny_Sklearn,0.35684709004392384,0.426228978007762,0.05981047988164069,0.1049007824377353,0.055353715238547256,0.10490078243773113,0.055353715238544925,0.35684709004392384,220346,30920,189426,0.1403247619652728,111609,17741,207167,13179,0.0262911319732666,0.016101598739624023,0.010189533233642578
Otsu_Thresholding_Sklearn,Global_Threshold_Torch,0.8266551519033675,0.9935116296314606,0.7296615323173554,0.8413863842124268,0.7262010153751649,0.8413863842124047,0.726201015375132,0.8266551519033675,220346,161828,58518,0.7344267651784012,128300,1050,59568,160778,0.0262911319732666,0.0026438236236572266,0.023647308349609375
Otsu_Thresholding_Sklearn,Adaptive_Threshold_Torch,0.7219213259516838,0.7414115662934129,0.8578962177666034,0.7954118461386335,0.6603185027089148,0.7954118461386167,0.6603185027088917,0.7219213259516838,220346,254965,34619,0.8642205792951974,63419,65931,31312,189034,0.0262911319732666,0.0027163028717041016,0.0235748291015625
Otsu_Thresholding_Sklearn,Otsu_Thresholding_Torch,0.9342142889824304,0.9581888005052264,0.936459023535712,0.9471993022641986,0.8996947896228472,0.9471993022641768,0.8996947896228079,0.9342142889824304,220346,215349,4997,0.9773220298984324,120346,9004,14001,206345,0.0262911319732666,0.0032515525817871094,0.023039579391479492
Otsu_Thresholding_Sklearn,Niblack_Thresholding_Torch,0.6001984580893118,0.6934339528382097,0.6551378286876095,0.6737421328610133,0.5080023648149321,0.6737421328609976,0.5080023648149142,0.6001984580893118,220346,208177,12169,0.9447732202989844,65530,63820,75989,144357,0.0262911319732666,0.12664127349853516,0.10035014152526855
Otsu_Thresholding_Sklearn,Sauvola_Thresholding_Torch,0.70113184022694,0.684853069314515,0.9737957575812586,0.8041569772344408,0.6724603162166821,0.8041569772344258,0.672460316216661,0.70113184022694,220346,313311,92965,0.7032820424434507,30611,98739,5774,214572,0.0262911319732666,0.12646698951721191,0.10017585754394531
Otsu_Thresholding_Sklearn,Sobel_Torch,0.3517655334919473,0.4531312384473198,0.1390676481533588,0.21282004090689688,0.1190814835540633,0.21282004090688947,0.11908148355405866,0.3517655334919473,220346,67625,152721,0.30690368783640276,92368,36982,189703,30643,0.0262911319732666,0.002365589141845703,0.0239255428314209
Otsu_Thresholding_Sklearn,Canny_Torch,0.37494566709370425,0.5270588955927843,0.07809989743403556,0.13604113882773314,0.07298505437087553,0.13604113882772775,0.07298505437087244,0.37494566709370425,220346,32651,187695,0.1481805887104826,113908,15442,203137,17209,0.0262911319732666,0.0025930404663085938,0.023698091506958008
Niblack_Thresholding_Sklearn,Global_Threshold_CV2,0.5814164302708639,0.37151790790221717,0.5737215272012444,0.4509922324198019,0.29114910968091856,0.450992232419785,0.29114910968090446,0.5814164302708639,104793,161828,57035,0.6475579009812887,143197,101706,44671,60122,0.03386211395263672,0.000263214111328125,0.033598899841308594
Niblack_Thresholding_Sklearn,Adaptive_Threshold_CV2,0.4803400668008785,0.34722895202993065,0.8342732816123214,0.4903652807964664,0.3248237964844751,0.49036528079645264,0.3248237964844631,0.4803400668008785,104793,251782,146989,0.4162052887021312,80547,164356,17367,87426,0.03386211395263672,0.0008480548858642578,0.03301405906677246
Niblack_Thresholding_Sklearn,Otsu_Thresholding_CV2,0.5458340959004392,0.37365947197343496,0.7623982517916273,0.5015191081203234,0.3346850205685465,0.5015191081203076,0.33468502056853244,0.5458340959004392,104793,213815,109022,0.4901106096391741,110982,133921,24899,79894,0.03386211395263672,0.0003311634063720703,0.03353095054626465
Niblack_Thresholding_Sklearn,Niblack_Thresholding_CV2,0.6276394353953147,0.43893650549619495,0.8718330422833587,0.5839002738570384,0.41232991086539544,0.5839002738570196,0.41232991086537685,0.6276394353953147,104793,208144,103351,0.503463948035975,128121,116782,13431,91362,0.03386211395263672,0.0015079975128173828,0.032354116439819336
Niblack_Thresholding_Sklearn,Sauvola_Thresholding_CV2,0.3879998627379209,0.3256898450342329,0.9737005334325766,0.4881125504678441,0.3228497932295737,0.4881125504678324,0.3228497932295635,0.3879998627379209,104793,313295,208502,0.3344866659218947,33645,211258,2756,102037,0.03386211395263672,0.0016160011291503906,0.03224611282348633
Niblack_Thresholding_Sklearn,Sobel_CV2,0.6338820003660323,0.31714380144478194,0.19229337837450974,0.23941971817598556,0.13598909441831275,0.23941971817597132,0.13598909441830356,0.6338820003660323,104793,63539,41254,0.6063286669911159,201515,43388,84642,20151,0.03386211395263672,0.0026476383209228516,0.031214475631713867
Niblack_Thresholding_Sklearn,Canny_CV2,0.6130925146412884,0.2938242569238879,0.20743751968165813,0.24318700496710968,0.13842509456309937,0.24318700496709605,0.13842509456309054,0.6130925146412884,104793,73983,30810,0.7059918124302196,192658,52245,83055,21738,0.03386211395263672,0.0007004737854003906,0.03316164016723633
Niblack_Thresholding_Sklearn,Global_Threshold_Sklearn,0.5768467468887262,0.36686686069455404,0.5677573883751778,0.44572216249826757,0.28677122696074653,0.44572216249825086,0.28677122696073265,0.5768467468887262,104793,162176,57383,0.6461683602999211,142224,102679,45296,59497,0.03386211395263672,0.023591995239257812,0.010270118713378906
Niblack_Thresholding_Sklearn,Adaptive_Threshold_Sklearn,0.3745710560029283,0.3225730083326844,0.9881766911912055,0.4863768088713958,0.321332820296403,0.48637680887138435,0.321332820296393,0.3745710560029283,104793,321025,216232,0.3264325208317109,27432,217471,1239,103554,0.03386211395263672,0.027942657470703125,0.005919456481933594
Niblack_Thresholding_Sklearn,Otsu_Thresholding_Sklearn,0.5285533720717424,0.36369164858903724,0.7647266515893237,0.4929460938244874,0.32709254247941844,0.4929460938244722,0.32709254247940506,0.5285533720717424,104793,220346,115553,0.4755838544834034,104695,140208,24655,80138,0.03386211395263672,0.0262911319732666,0.007570981979370117
Niblack_Thresholding_Sklearn,Niblack_Thresholding_Sklearn,1.0,1.0,1.0,1.0,1.0,0.9999999999999523,0.9999999999999046,1.0,104793,104793,0,1.0,244903,0,0,104793,0.03386211395263672,0.03386211395263672,0.0
Niblack_Thresholding_Sklearn,Sauvola_Thresholding_Sklearn,0.32309491672767204,0.30685731353073464,1.0,0.46961104376681895,0.30685731353073464,0.4696110437668084,0.30685731353072565,0.32309491672767204,104793,341504,236711,0.30685731353073464,8192,236711,0,104793,0.03386211395263672,0.03257560729980469,0.0012865066528320312
Niblack_Thresholding_Sklearn,Sobel_Sklearn,0.6317830344070278,0.31664856430418087,0.19752273529720496,0.24328580999283037,0.1384891243986806,0.24328580999281604,0.13848912439867134,0.6317830344070278,104793,65369,39424,0.6237916654738389,200233,44670,84094,20699,0.03386211395263672,0.005554676055908203,0.028307437896728516
Niblack_Thresholding_Sklearn,Canny_Sklearn,0.6627041773426061,0.28722509702457955,0.08474802706287633,0.1308791346444335,0.07002176106976157,0.13087913464442383,0.07002176106975605,0.6627041773426061,104793,30920,73873,0.29505787600316813,222864,22039,95912,8881,0.03386211395263672,0.016101598739624023,0.017760515213012695
Niblack_Thresholding_Sklearn,Global_Threshold_Torch,0.5814164302708639,0.37151790790221717,0.5737215272012444,0.4509922324198019,0.29114910968091856,0.450992232419785,0.29114910968090446,0.5814164302708639,104793,161828,57035,0.6475579009812887,143197,101706,44671,60122,0.03386211395263672,0.0026438236236572266,0.031218290328979492
Niblack_Thresholding_Sklearn,Adaptive_Threshold_Torch,0.49938232064421667,0.3621948110524974,0.8812325250732396,0.5133839970202192,0.3453373271854935,0.5133839970202049,0.34533732718548055,0.49938232064421667,104793,254965,150172,0.4110093542250897,82285,162618,12446,92347,0.03386211395263672,0.0027163028717041016,0.031145811080932617
Niblack_Thresholding_Sklearn,Otsu_Thresholding_Torch,0.5442212664714495,0.37324993382834376,0.767026423520655,0.5021459227467812,0.335243553008596,0.5021459227467654,0.335243553008582,0.5442212664714495,104793,215349,110556,0.4866193945641726,109933,134970,24414,80379,0.03386211395263672,0.0032515525817871094,0.03061056137084961
Niblack_Thresholding_Sklearn,Niblack_Thresholding_Torch,0.6274878751830161,0.438818889694827,0.8717376160621415,0.5837748026967441,0.41220478480989814,0.5837748026967254,0.4122047848098795,0.6274878751830161,104793,208177,103384,0.5033841394582494,128078,116825,13441,91352,0.03386211395263672,0.12664127349853516,0.09277915954589844
Niblack_Thresholding_Sklearn,Sauvola_Thresholding_Torch,0.38793123169838944,0.3256604460105135,0.9736623629440898,0.48807473738591356,0.3228167089040121,0.48807473738590185,0.3228167089040018,0.38793123169838944,104793,313311,208518,0.3344695845342168,33625,211278,2760,102033,0.03386211395263672,0.12646698951721191,0.0926048755645752
Niblack_Thresholding_Sklearn,Sobel_Torch,0.6269159498535871,0.310181146025878,0.2001660416249177,0.2433156630978204,0.1385084718902286,0.24331566309780628,0.13850847189021945,0.6269159498535871,104793,67625,37168,0.645319820980409,198254,46649,83817,20976,0.03386211395263672,0.002365589141845703,0.031496524810791016
Niblack_Thresholding_Sklearn,Canny_Torch,0.6705080984626647,0.3402958561759211,0.10602807439428207,0.16168039346934024,0.08795010013219032,0.16168039346932847,0.08795010013218336,0.6705080984626647,104793,32651,72142,0.3115761548958423,223363,21540,93682,11111,0.03386211395263672,0.0025930404663085938,0.031269073486328125
Sauvola_Thresholding_Sklearn,Global_Threshold_CV2,0.48599926793557835,0.9997899003880664,0.4737689748875562,0.6428917692497199,0.47372181133578106,0.642891769249707,0.4737218113357672,0.48599926793557835,341504,161828,179676,0.4738685344827586,8158,34,179710,161794,0.03257560729980469,0.000263214111328125,0.03231239318847656
Sauvola_Thresholding_Sklearn,Adaptive_Threshold_CV2,0.7341004758418741,0.9935221739441262,0.7324980088080959,0.8432728903092269,0.7290162763926734,0.8432728903092127,0.7290162763926522,0.7341004758418741,341504,251782,89722,0.7372739411544228,6561,1631,91353,250151,0.03257560729980469,0.0008480548858642578,0.03172755241394043
Sauvola_Thresholding_Sklearn,Otsu_Thresholding_CV2,0.6345425741215227,0.9997427682809906,0.6259370314842578,0.7698638080094504,0.6258362391270615,0.7698638080094365,0.6258362391270431,0.6345425741215227,341504,213815,127689,0.6260980837706147,8137,55,127744,213760,0.03257560729980469,0.0003311634063720703,0.03224444389343262
Sauvola_Thresholding_Sklearn,Niblack_Thresholding_CV2,0.6166727672035139,0.9983472980244447,0.608484820089955,0.7561202806159578,0.6078725047389483,0.756120280615944,0.6078725047389305,0.6166727672035139,341504,208144,133360,0.6094921289355323,7848,344,133704,207800,0.03257560729980469,0.0015079975128173828,0.031067609786987305
Sauvola_Thresholding_Sklearn,Sauvola_Thresholding_CV2,0.9165475155563689,0.9984455545093283,0.9159717016491754,0.9554321249727016,0.9146673450470919,0.9554321249726869,0.9146673450470652,0.9165475155563689,341504,313295,28209,0.9173977464392804,7705,487,28696,312808,0.03257560729980469,0.0016160011291503906,0.030959606170654297
Sauvola_Thresholding_Sklearn,Sobel_CV2,0.19054550237920936,0.9598829065613246,0.1785923444527736,0.3011532108936582,0.17726919980351866,0.30115321089365077,0.1772691998035135,0.19054550237920936,341504,63539,277965,0.18605638586956522,5643,2549,280514,60990,0.03257560729980469,0.0026476383209228516,0.029927968978881836
Sauvola_Thresholding_Sklearn,Canny_CV2,0.2236485404465593,0.9731965451522647,0.210832083958021,0.3465812408089784,0.20961491992418926,0.34658124080897,0.20961491992418316,0.2236485404465593,341504,73983,267521,0.21663875093703147,6209,1983,269504,72000,0.03257560729980469,0.0007004737854003906,0.0318751335144043
Sauvola_Thresholding_Sklearn,Global_Threshold_Sklearn,0.48718887262079064,1.0,0.47488755622188905,0.6439644218551461,0.47488755622188905,0.6439644218551334,0.4748875562218751,0.48718887262079064,341504,162176,179328,0.47488755622188905,8192,0,179328,162176,0.03257560729980469,0.023591995239257812,0.008983612060546875
Sauvola_Thresholding_Sklearn,Adaptive_Threshold_Sklearn,0.9231818493777453,0.9900568491550502,0.9306860241754122,0.9594538503220237,0.9220675609812704,0.9594538503220091,0.9220675609812437,0.9231818493777453,341504,321025,20479,0.9400329132308846,5000,3192,23671,317833,0.03257560729980469,0.027942657470703125,0.0046329498291015625
Sauvola_Thresholding_Sklearn,Otsu_Thresholding_Sklearn,0.653447565885798,0.9999319252448422,0.6451783873688156,0.7843054195959775,0.6451500502168254,0.7843054195959636,0.6451500502168065,0.653447565885798,341504,220346,121158,0.6452223107196402,8177,15,121173,220331,0.03257560729980469,0.0262911319732666,0.006284475326538086
Sauvola_Thresholding_Sklearn,Niblack_Thresholding_Sklearn,0.32309491672767204,1.0,0.30685731353073464,0.46961104376681895,0.30685731353073464,0.4696110437668084,0.30685731353072565,0.32309491672767204,341504,104793,236711,0.30685731353073464,8192,0,236711,104793,0.03257560729980469,0.03386211395263672,0.0012865066528320312
Sauvola_Thresholding_Sklearn,Sauvola_Thresholding_Sklearn,1.0,1.0,1.0,1.0,1.0,0.9999999999999853,0.9999999999999707,1.0,341504,341504,0,1.0,8192,0,0,341504,0.03257560729980469,0.03257560729980469,0.0
Sauvola_Thresholding_Sklearn,Sobel_Sklearn,0.1953954291727672,0.9599810307638177,0.18375480228635682,0.3084648035136271,0.18235789840753225,0.3084648035136195,0.18235789840752695,0.1953954291727672,341504,65369,276135,0.1914150346701649,5576,2616,278751,62753,0.03257560729980469,0.005554676055908203,0.027020931243896484
Sauvola_Thresholding_Sklearn,Canny_Sklearn,0.10728747254758418,0.9742238033635188,0.08820687312593703,0.1617672330462054,0.08800149575958002,0.16176723304620105,0.08800149575957744,0.10728747254758418,341504,30920,310584,0.09054066716641679,7395,797,311381,30123,0.03257560729980469,0.016101598739624023,0.016474008560180664
Sauvola_Thresholding_Sklearn,Global_Threshold_Torch,0.48599926793557835,0.9997899003880664,0.4737689748875562,0.6428917692497199,0.47372181133578106,0.642891769249707,0.4737218113357672,0.48599926793557835,341504,161828,179676,0.4738685344827586,8158,34,179710,161794,0.03257560729980469,0.0026438236236572266,0.02993178367614746
Sauvola_Thresholding_Sklearn,Adaptive_Threshold_Torch,0.7489047629941434,0.9975133841899868,0.7447379825712144,0.8527886612715833,0.7433579432860424,0.8527886612715689,0.7433579432860207,0.7489047629941434,341504,254965,86539,0.7465944761994003,7558,634,87173,254331,0.03257560729980469,0.0027163028717041016,0.029859304428100586
Sauvola_Thresholding_Sklearn,Otsu_Thresholding_Torch,0.638929241398243,0.9997446006250319,0.630428926161919,0.7732525460040621,0.630327410491306,0.7732525460040482,0.6303274104912876,0.638929241398243,341504,215349,126155,0.6305899784482759,8137,55,126210,215294,0.03257560729980469,0.0032515525817871094,0.029324054718017578
Sauvola_Thresholding_Sklearn,Niblack_Thresholding_Torch,0.6167900118960469,0.9983667744275304,0.6085931643553223,0.7562095106070612,0.6079878541088918,0.7562095106070474,0.607987854108874,0.6167900118960469,341504,208177,133327,0.6095887603073463,7852,340,133667,207837,0.03257560729980469,0.12664127349853516,0.09406566619873047
Sauvola_Thresholding_Sklearn,Sauvola_Thresholding_Torch,0.9166047080893118,0.9984520173246391,0.916024409670165,0.9554637569389828,0.9147253274228119,0.9554637569389681,0.9147253274227851,0.9166047080893118,341504,313311,28193,0.9174445980134932,7707,485,28678,312826,0.03257560729980469,0.12646698951721191,0.09389138221740723
Sauvola_Thresholding_Sklearn,Sobel_Torch,0.20183530838213762,0.961286506469501,0.1903550178035982,0.31778241092662707,0.18890684117841927,0.3177824109266193,0.18890684117841378,0.20183530838213762,341504,67625,273879,0.1980211066341829,5574,2618,276497,65007,0.03257560729980469,0.002365589141845703,0.030210018157958984
Sauvola_Thresholding_Sklearn,Canny_Torch,0.10356137902635432,0.9291292762855655,0.08883351293103449,0.16216274004089215,0.08823563629594727,0.1621627400408878,0.0882356362959447,0.10356137902635432,341504,32651,308853,0.09560942185157421,5878,2314,311167,30337,0.03257560729980469,0.0025930404663085938,0.029982566833496094
Sobel_Sklearn,Global_Threshold_CV2,0.45635351848462663,0.11458462070840646,0.2836665697807829,0.1632327891653499,0.08886961189337372,0.1632327891653427,0.08886961189336945,0.45635351848462663,65369,161828,96459,0.40394122154386136,141042,143285,46826,18543,0.005554676055908203,0.000263214111328125,0.005291461944580078
Sobel_Sklearn,Adaptive_Threshold_CV2,0.2937951821010249,0.139394396740037,0.536905872814331,0.22132674971858832,0.124433619094216,0.22132674971858132,0.12443361909421158,0.2937951821010249,65369,251782,186413,0.2596253902185224,67642,216685,30272,35097,0.005554676055908203,0.0008480548858642578,0.004706621170043945
Sobel_Sklearn,Otsu_Thresholding_CV2,0.360381588579795,0.12981315623319226,0.42460493506096164,0.1988366095478251,0.11039343271234707,0.19883660954781796,0.11039343271234268,0.360381588579795,65369,213815,148446,0.3057269134532189,98268,186059,37613,27756,0.005554676055908203,0.0003311634063720703,0.005223512649536133
Sobel_Sklearn,Niblack_Thresholding_CV2,0.43659921760614934,0.18375259435775232,0.585093851825789,0.2796722642068202,0.1625691770166535,0.2796722642068099,0.16256917701664658,0.43659921760614934,65369,208144,142775,0.31405661465139517,114430,169897,27122,38247,0.005554676055908203,0.0015079975128173828,0.00404667854309082
Sobel_Sklearn,Sauvola_Thresholding_CV2,0.19654785871156663,0.15592333104581943,0.7472961189554682,0.25801238036887586,0.14811378534567968,0.25801238036886903,0.14811378534567518,0.19654785871156663,65369,313295,247926,0.20864999441421025,19882,264445,16519,48850,0.005554676055908203,0.0016160011291503906,0.0039386749267578125
Sobel_Sklearn,Sobel_CV2,0.9947440062225475,0.9999370465383465,0.9719438877755511,0.9857417693238589,0.9718844171140991,0.9857417693237824,0.9718844171139505,0.9947440062225475,65369,63539,1830,0.9720050788600101,284323,4,1834,63535,0.005554676055908203,0.0026476383209228516,0.0029070377349853516
Sobel_Sklearn,Canny_CV2,0.8202095534407028,0.5168754984253139,0.5849867674279857,0.5488259946035938,0.3781944774111876,0.5488259946035543,0.3781944774111502,0.8202095534407028,65369,73983,8614,0.8835678466674777,248584,35743,27129,38240,0.005554676055908203,0.0007004737854003906,0.0048542022705078125
Sobel_Sklearn,Global_Threshold_Sklearn,0.45844104593704244,0.11766229281767956,0.2919120684116324,0.1677206706365774,0.09153662760297991,0.16772067063657,0.09153662760297551,0.45844104593704244,65369,162176,96807,0.4030744376479874,141233,143094,46287,19082,0.005554676055908203,0.023591995239257812,0.01803731918334961
Sobel_Sklearn,Adaptive_Threshold_Sklearn,0.19081144765739386,0.16108402772369754,0.7910783398858786,0.26766461176933387,0.1545108491045231,0.26766461176932693,0.15451084910451848,0.19081144765739386,65369,321025,255656,0.20362588583443658,15014,269313,13657,51712,0.005554676055908203,0.027942657470703125,0.022387981414794922
Sobel_Sklearn,Otsu_Thresholding_Sklearn,0.3493863241215227,0.1320604866891162,0.445149841668069,0.20369249076877308,0.1133951117623219,0.20369249076876594,0.1133951117623175,0.3493863241215227,65369,220346,154977,0.29666524466067,93080,191247,36270,29099,0.005554676055908203,0.0262911319732666,0.0207364559173584
Sobel_Sklearn,Niblack_Thresholding_Sklearn,0.6317830344070278,0.19752273529720496,0.31664856430418087,0.24328580999283037,0.1384891243986806,0.24328580999281604,0.13848912439867134,0.6317830344070278,65369,104793,39424,0.6237916654738389,200233,84094,44670,20699,0.005554676055908203,0.03386211395263672,0.028307437896728516
Sobel_Sklearn,Sauvola_Thresholding_Sklearn,0.1953954291727672,0.18375480228635682,0.9599810307638177,0.3084648035136271,0.18235789840753225,0.3084648035136195,0.18235789840752695,0.1953954291727672,65369,341504,276135,0.1914150346701649,5576,278751,2616,62753,0.005554676055908203,0.03257560729980469,0.027020931243896484
Sobel_Sklearn,Sobel_Sklearn,1.0,1.0,1.0,1.0,1.0,0.9999999999999235,0.999999999999847,1.0,65369,65369,0,1.0,284327,0,0,65369,0.005554676055908203,0.005554676055908203,0.0
Sobel_Sklearn,Canny_Sklearn,0.8721146367130308,0.8338939197930142,0.39443773042267744,0.5355544247006407,0.3657045599602865,0.5355544247005852,0.36570455996023465,0.8721146367130308,65369,30920,34449,0.4730070828680261,279191,5136,39585,25784,0.005554676055908203,0.016101598739624023,0.01054692268371582
Sobel_Sklearn,Global_Threshold_Torch,0.45635351848462663,0.11458462070840646,0.2836665697807829,0.1632327891653499,0.08886961189337372,0.1632327891653427,0.08886961189336945,0.45635351848462663,65369,161828,96459,0.40394122154386136,141042,143285,46826,18543,0.005554676055908203,0.0026438236236572266,0.0029108524322509766
Sobel_Sklearn,Adaptive_Threshold_Torch,0.2884219436310395,0.14021140156492068,0.5468800195811471,0.22319828678816486,0.1256180051654163,0.22319828678815787,0.12561800516541188,0.2884219436310395,65369,254965,189596,0.2563842095973957,65111,219216,29620,35749,0.005554676055908203,0.0027163028717041016,0.0028383731842041016
Sobel_Sklearn,Otsu_Thresholding_Torch,0.35737326134699854,0.13000756910874905,0.428291697899616,0.19946708084269624,0.11078224603416416,0.1994670808426891,0.11078224603415977,0.35737326134699854,65369,215349,149980,0.30354912258705635,96975,187352,37372,27997,0.005554676055908203,0.0032515525817871094,0.0023031234741210938
Sobel_Sklearn,Niblack_Thresholding_Torch,0.4365792002196193,0.18378591294907698,0.5852927228502807,0.2797335731467468,0.16261061006604727,0.2797335731467366,0.16261061006604036,0.4365792002196193,65369,208177,142808,0.3140068307257766,114410,169917,27109,38260,0.005554676055908203,0.12664127349853516,0.12108659744262695
Sobel_Sklearn,Sauvola_Thresholding_Torch,0.1965650164714495,0.1559504773212559,0.7474643944377304,0.25805957536706453,0.14814489159205504,0.2580595753670577,0.14814489159205055,0.1965650164714495,65369,313311,247942,0.20863933918694205,19877,264450,16508,48861,0.005554676055908203,0.12646698951721191,0.12091231346130371
Sobel_Sklearn,Sobel_Torch,0.9935315245241582,0.9665951940850277,0.9999541066866557,0.9829917139119058,0.9665523156089194,0.9829917139118318,0.9665523156087765,0.9935315245241582,65369,67625,2256,0.9666395563770794,282068,2259,3,65366,0.005554676055908203,0.002365589141845703,0.0031890869140625
Sobel_Sklearn,Canny_Torch,0.875394628477306,0.8337570059109981,0.4164512230568006,0.5554580697816772,0.3845219430201845,0.5554580697816206,0.38452194302013015,0.875394628477306,65369,32651,32718,0.49948752466765595,278899,5428,38146,27223,0.005554676055908203,0.0025930404663085938,0.0029616355895996094
Canny_Sklearn,Global_Threshold_CV2,0.49714609260614934,0.05222211236621598,0.27331824062095733,0.08768962583269346,0.04585533134017374,0.08768962583268891,0.04585533134017125,0.49714609260614934,30920,161828,130908,0.19106705885260894,165399,153377,22469,8451,0.016101598739624023,0.000263214111328125,0.0158383846282959
Canny_Sklearn,Adaptive_Threshold_CV2,0.28817601573938506,0.06708184063991866,0.546248382923674,0.11948978075853726,0.063541149383775,0.11948978075853303,0.0635411493837726,0.28817601573938506,30920,251782,220862,0.12280464846573623,83884,234892,14030,16890,0.016101598739624023,0.0008480548858642578,0.015253543853759766
Canny_Sklearn,Otsu_Thresholding_CV2,0.3725321422035139,0.05919135701424128,0.4093143596377749,0.10342615482052016,0.054533154658543,0.10342615482051593,0.054533154658540646,0.3725321422035139,30920,213815,182895,0.14461099548675257,117617,201159,18264,12656,0.016101598739624023,0.0003311634063720703,0.015770435333251953
Canny_Sklearn,Niblack_Thresholding_CV2,0.4243171211566618,0.09068241217618572,0.6104463130659767,0.15790750593983202,0.08572181171629827,0.1579075059398254,0.08572181171629438,0.4243171211566618,30920,208144,177224,0.14855100315166422,129507,189269,12045,18875,0.016101598739624023,0.0015079975128173828,0.01459360122680664
Canny_Sklearn,Sauvola_Thresholding_CV2,0.158203125,0.07954483793230023,0.8059831824062096,0.14479903548654185,0.07805032352627986,0.14479903548653764,0.0780503235262774,0.158203125,30920,313295,282375,0.09869292519829553,30402,288374,5999,24921,0.016101598739624023,0.0016160011291503906,0.014485597610473633
Canny_Sklearn,Sobel_CV2,0.8756491352489019,0.4011237192905145,0.8242884864165588,0.5396415375983231,0.3695267644841385,0.5396415375982659,0.36952676448408495,0.8756491352489019,30920,63539,32619,0.48663025858134373,280724,38052,5433,25487,0.016101598739624023,0.0026476383209228516,0.013453960418701172
Canny_Sklearn,Canny_CV2,0.8291744829795022,0.30524579971074434,0.7303686934023286,0.4305501272604215,0.2743318756073858,0.4305501272603805,0.2743318756073525,0.8291744829795022,30920,73983,43063,0.417933849668167,267376,51400,8337,22583,0.016101598739624023,0.0007004737854003906,0.015401124954223633
Canny_Sklearn,Global_Threshold_Sklearn,0.4981240849194729,0.05423737174427782,0.28447606727037517,0.09110494261921531,0.047726532826912645,0.0911049426192106,0.04772653282691005,0.4981240849194729,30920,162176,131256,0.1906570639305446,165396,153380,22124,8796,0.016101598739624023,0.023591995239257812,0.007490396499633789
Canny_Sklearn,Adaptive_Threshold_Sklearn,0.13784258327232796,0.07857954987929289,0.8158473479948254,0.14335194419582606,0.07721007960969518,0.14335194419582198,0.07721007960969281,0.13784258327232796,30920,321025,290105,0.09631648625496457,22977,295799,5694,25226,0.016101598739624023,0.027942657470703125,0.011841058731079102
Canny_Sklearn,Otsu_Thresholding_Sklearn,0.35684709004392384,0.05981047988164069,0.426228978007762,0.1049007824377353,0.055353715238547256,0.10490078243773113,0.055353715238544925,0.35684709004392384,30920,220346,189426,0.1403247619652728,111609,207167,17741,13179,0.016101598739624023,0.0262911319732666,0.010189533233642578
Canny_Sklearn,Niblack_Thresholding_Sklearn,0.6627041773426061,0.08474802706287633,0.28722509702457955,0.1308791346444335,0.07002176106976157,0.13087913464442383,0.07002176106975605,0.6627041773426061,30920,104793,73873,0.29505787600316813,222864,95912,22039,8881,0.016101598739624023,0.03386211395263672,0.017760515213012695
Canny_Sklearn,Sauvola_Thresholding_Sklearn,0.10728747254758418,0.08820687312593703,0.9742238033635188,0.1617672330462054,0.08800149575958002,0.16176723304620105,0.08800149575957744,0.10728747254758418,30920,341504,310584,0.09054066716641679,7395,311381,797,30123,0.016101598739624023,0.03257560729980469,0.016474008560180664
Canny_Sklearn,Sobel_Sklearn,0.8721146367130308,0.39443773042267744,0.8338939197930142,0.5355544247006407,0.3657045599602865,0.5355544247005852,0.36570455996023465,0.8721146367130308,30920,65369,34449,0.4730070828680261,279191,39585,5136,25784,0.016101598739624023,0.005554676055908203,0.01054692268371582
Canny_Sklearn,Canny_Sklearn,1.0,1.0,1.0,1.0,1.0,0.9999999999998384,0.9999999999996766,1.0,30920,30920,0,1.0,318776,0,0,30920,0.016101598739624023,0.016101598739624023,0.0
Canny_Sklearn,Global_Threshold_Torch,0.49714609260614934,0.05222211236621598,0.27331824062095733,0.08768962583269346,0.04585533134017374,0.08768962583268891,0.04585533134017125,0.49714609260614934,30920,161828,130908,0.19106705885260894,165399,153377,22469,8451,0.016101598739624023,0.0026438236236572266,0.013457775115966797
Canny_Sklearn,Adaptive_Threshold_Torch,0.28163604959736455,0.06800149040064322,0.5607373868046572,0.12129352711754726,0.06456225539663447,0.12129352711754302,0.06456225539663207,0.28163604959736455,30920,254965,224045,0.12127154707508873,81149,237627,13582,17338,0.016101598739624023,0.0027163028717041016,0.013385295867919922
Canny_Sklearn,Otsu_Thresholding_Torch,0.3688203468155198,0.05931766574258529,0.41313065976714103,0.1037402190287856,0.05470780958907043,0.10374021902878137,0.05470780958906808,0.3688203468155198,30920,215349,184429,0.14358088498205238,116201,202575,18146,12774,0.016101598739624023,0.0032515525817871094,0.012850046157836914
Canny_Sklearn,Niblack_Thresholding_Torch,0.42423419198389456,0.09067764450443613,0.6105109961190168,0.15790244126860647,0.08571882662791754,0.15790244126859984,0.08571882662791364,0.42423419198389456,30920,208177,177257,0.1485274550022337,129476,189300,12043,18877,0.016101598739624023,0.12664127349853516,0.11053967475891113
Canny_Sklearn,Sauvola_Thresholding_Torch,0.15823744051976574,0.07958545981468892,0.8064359637774903,0.14487364589476254,0.07809368109841652,0.14487364589475832,0.07809368109841407,0.15823744051976574,30920,313311,282391,0.0986878852003281,30400,288376,5985,24935,0.016101598739624023,0.12646698951721191,0.11036539077758789
Canny_Sklearn,Sobel_Torch,0.8656633189970717,0.381279112754159,0.8338939197930142,0.523293926632503,0.3543656629238191,0.5232939266324498,0.35436566292377036,0.8656633189970717,30920,67625,36705,0.45722735674676523,276935,41841,5136,25784,0.016101598739624023,0.002365589141845703,0.01373600959777832
Canny_Sklearn,Canny_Torch,0.9030729547950219,0.45444243667881534,0.4798835705045278,0.46681663022447345,0.3044754068085281,0.4668166302244,0.30447540680846563,0.9030729547950219,30920,32651,1731,0.9469847784141374,300963,17813,16082,14838,0.016101598739624023,0.0025930404663085938,0.01350855827331543
Global_Threshold_Torch,Global_Threshold_CV2,1.0,1.0,1.0,1.0,1.0,0.999999999999969,0.9999999999999382,1.0,161828,161828,0,1.0,187868,0,0,161828,0.0026438236236572266,0.000263214111328125,0.0023806095123291016
Global_Threshold_Torch,Adaptive_Threshold_CV2,0.670965638726208,0.5928700224797643,0.9224238079936723,0.7218104011024878,0.5647130924278191,0.7218104011024704,0.5647130924277978,0.670965638726208,161828,251782,89954,0.6427306161679548,85360,102508,12554,149274,0.0026438236236572266,0.0008480548858642578,0.0017957687377929688
Global_Threshold_Torch,Otsu_Thresholding_CV2,0.8513365894948756,0.7568599022519468,1.0,0.8616053007776,0.7568599022519468,0.861605300777577,0.7568599022519114,0.8513365894948756,161828,213815,51987,0.7568599022519468,135881,51987,0,161828,0.0026438236236572266,0.0003311634063720703,0.0023126602172851562
Global_Threshold_Torch,Niblack_Thresholding_CV2,0.5856686950951684,0.5406881774156354,0.6954358949007589,0.6083757689771118,0.4371695716522097,0.6083757689770953,0.4371695716521927,0.5856686950951684,161828,208144,46316,0.7774809747098163,92265,95603,49287,112541,0.0026438236236572266,0.0015079975128173828,0.0011358261108398438
Global_Threshold_Torch,Sauvola_Thresholding_CV2,0.5659687271229868,0.516037600344723,0.9990360135452455,0.6805479844166669,0.5157807759426514,0.6805479844166525,0.5157807759426348,0.5659687271229868,161828,313295,151467,0.5165355336025153,36245,151623,156,161672,0.0026438236236572266,0.0016160011291503906,0.001027822494506836
Global_Threshold_Torch,Sobel_CV2,0.4591502333455344,0.2851319661939911,0.11195219615888474,0.1607777536196515,0.08741616405307599,0.16077775361964436,0.08741616405307177,0.4591502333455344,161828,63539,98289,0.3926329189015498,142446,45422,143711,18117,0.0026438236236572266,0.0026476383209228516,3.814697265625e-06
Global_Threshold_Torch,Canny_CV2,0.4042396824670571,0.18569130746252518,0.0848926020218998,0.11651704118976638,0.06186254069607742,0.11651704118976143,0.06186254069607463,0.4042396824670571,161828,73983,87845,0.45717057616728873,127623,60245,148090,13738,0.0026438236236572266,0.0007004737854003906,0.001943349838256836
Global_Threshold_Torch,Global_Threshold_Sklearn,0.9668512079062958,0.9631881412786109,0.9652594112267345,0.9642226639177294,0.9309169358395213,0.9642226639176996,0.9309169358394658,0.9668512079062958,161828,162176,348,0.997854183109708,181898,5970,5622,156206,0.0026438236236572266,0.023591995239257812,0.020948171615600586
Global_Threshold_Torch,Adaptive_Threshold_Sklearn,0.521838968704246,0.49161591776341407,0.9752391427935833,0.6537020583904418,0.4855552684043417,0.6537020583904283,0.4855552684043268,0.521838968704246,161828,321025,159197,0.5040978116969084,24664,163204,4007,157821,0.0026438236236572266,0.027942657470703125,0.0252988338470459
Global_Threshold_Torch,Otsu_Thresholding_Sklearn,0.8266551519033675,0.7296615323173554,0.9935116296314606,0.8413863842124268,0.7262010153751649,0.8413863842124047,0.726201015375132,0.8266551519033675,161828,220346,58518,0.7344267651784012,128300,59568,1050,160778,0.0026438236236572266,0.0262911319732666,0.023647308349609375
Global_Threshold_Torch,Niblack_Thresholding_Sklearn,0.5814164302708639,0.5737215272012444,0.37151790790221717,0.4509922324198019,0.29114910968091856,0.450992232419785,0.29114910968090446,0.5814164302708639,161828,104793,57035,0.6475579009812887,143197,44671,101706,60122,0.0026438236236572266,0.03386211395263672,0.031218290328979492
Global_Threshold_Torch,Sauvola_Thresholding_Sklearn,0.48599926793557835,0.4737689748875562,0.9997899003880664,0.6428917692497199,0.47372181133578106,0.642891769249707,0.4737218113357672,0.48599926793557835,161828,341504,179676,0.4738685344827586,8158,179710,34,161794,0.0026438236236572266,0.03257560729980469,0.02993178367614746
Global_Threshold_Torch,Sobel_Sklearn,0.45635351848462663,0.2836665697807829,0.11458462070840646,0.1632327891653499,0.08886961189337372,0.1632327891653427,0.08886961189336945,0.45635351848462663,161828,65369,96459,0.40394122154386136,141042,46826,143285,18543,0.0026438236236572266,0.005554676055908203,0.0029108524322509766
Global_Threshold_Torch,Canny_Sklearn,0.49714609260614934,0.27331824062095733,0.05222211236621598,0.08768962583269346,0.04585533134017374,0.08768962583268891,0.04585533134017125,0.49714609260614934,161828,30920,130908,0.19106705885260894,165399,22469,153377,8451,0.0026438236236572266,0.016101598739624023,0.013457775115966797
Global_Threshold_Torch,Global_Threshold_Torch,1.0,1.0,1.0,1.0,1.0,0.999999999999969,0.9999999999999382,1.0,161828,161828,0,1.0,187868,0,0,161828,0.0026438236236572266,0.0026438236236572266,0.0
Global_Threshold_Torch,Adaptive_Threshold_Torch,0.6736050741215227,0.5935206793089247,0.9351101169142546,0.7261494314923715,0.5700428680132296,0.7261494314923541,0.570042868013208,0.6736050741215227,161828,254965,93137,0.6347067244523759,84230,103638,10501,151327,0.0026438236236572266,0.0027163028717041016,7.2479248046875e-05
Global_Threshold_Torch,Otsu_Thresholding_Torch,0.8469499222181552,0.7514685464060664,1.0,0.8581011037258369,0.7514685464060664,0.8581011037258142,0.7514685464060314,0.8469499222181552,161828,215349,53521,0.7514685464060664,134347,53521,0,161828,0.0026438236236572266,0.0032515525817871094,0.0006077289581298828
Global_Threshold_Torch,Niblack_Thresholding_Torch,0.584813666727672,0.5399635886769432,0.6946140346540771,0.6076025999648653,0.4363715415940403,0.6076025999648489,0.43637154159402336,0.584813666727672,161828,208177,46349,0.7773577292400217,92099,95769,49420,112408,0.0026438236236572266,0.12664127349853516,0.12399744987487793
Global_Threshold_Torch,Sauvola_Thresholding_Torch,0.5659172538433382,0.5160080558933456,0.9990298341448945,0.6805208581067856,0.515749613995687,0.6805208581067712,0.5157496139956705,0.5659172538433382,161828,313311,151483,0.5165091554398026,36228,151640,157,161671,0.0026438236236572266,0.12646698951721191,0.12382316589355469
Global_Threshold_Torch,Sobel_Torch,0.45284189696193267,0.2818040665434381,0.11776083248881529,0.16610809185323355,0.0905768170497538,0.1661080918532263,0.09057681704974949,0.45284189696193267,161828,67625,94203,0.4178819487356947,139300,48568,142771,19057,0.0026438236236572266,0.002365589141845703,0.00027823448181152344
Global_Threshold_Torch,Canny_Torch,0.5048070323938506,0.3263606015129705,0.0658476901401488,0.10958509659140575,0.057968806950164015,0.10958509659140012,0.05796880695016086,0.5048070323938506,161828,32651,129177,0.20176360086017253,165873,21995,151172,10656,0.0026438236236572266,0.0025930404663085938,5.078315734863281e-05
Adaptive_Threshold_Torch,Global_Threshold_CV2,0.6736050741215227,0.9351101169142546,0.5935206793089247,0.7261494314923715,0.5700428680132296,0.7261494314923541,0.570042868013208,0.6736050741215227,254965,161828,93137,0.6347067244523759,84230,10501,103638,151327,0.0027163028717041016,0.000263214111328125,0.0024530887603759766
Adaptive_Threshold_Torch,Adaptive_Threshold_CV2,0.9372340547218155,0.9627336346521991,0.9507148039927049,0.9566864727368884,0.9169692980465144,0.9566864727368696,0.9169692980464798,0.9372340547218155,254965,251782,3183,0.9875159335595082,85348,9383,12566,242399,0.0027163028717041016,0.0008480548858642578,0.0018682479858398438
Adaptive_Threshold_Torch,Otsu_Thresholding_CV2,0.7748615940702782,0.9121202909056895,0.7649089090659502,0.8320534152480908,0.712407079322752,0.832053415248073,0.7124070793227261,0.7748615940702782,254965,213815,41150,0.8386052987664974,75941,18790,59940,195025,0.0027163028717041016,0.0003311634063720703,0.0023851394653320312
Adaptive_Threshold_Torch,Niblack_Thresholding_CV2,0.8178560807101025,0.9594655623030209,0.7832722138332713,0.8624621849283862,0.7581833091624209,0.8624621849283676,0.7581833091623921,0.8178560807101025,254965,208144,46821,0.8163630302198341,86294,8437,55258,199707,0.0027163028717041016,0.0015079975128173828,0.0012083053588867188
Adaptive_Threshold_Torch,Sauvola_Thresholding_CV2,0.8300352306002928,0.8120525383424568,0.9978310748534113,0.8954070319923978,0.8106217022252811,0.895407031992382,0.8106217022252552,0.8300352306002928,254965,313295,58330,0.8138176479037329,35848,58883,553,254412,0.0027163028717041016,0.0016160011291503906,0.001100301742553711
Adaptive_Threshold_Torch,Sobel_CV2,0.2877241947291362,0.5463101402288358,0.13614417665169729,0.21796900509883707,0.12231493488188533,0.21796900509883022,0.12231493488188101,0.2877241947291362,254965,63539,191426,0.24920675386817798,65904,28827,220253,34712,0.0027163028717041016,0.0026476383209228516,6.866455078125e-05
Adaptive_Threshold_Torch,Canny_CV2,0.3084793649341142,0.5888244596731682,0.1708587453179848,0.26486253146393957,0.15264642500481806,0.2648625314639315,0.1526464250048127,0.3084793649341142,254965,73983,180982,0.29016923891514523,64311,30420,211402,43563,0.0027163028717041016,0.0007004737854003906,0.002015829086303711
Adaptive_Threshold_Torch,Global_Threshold_Sklearn,0.6461583775622255,0.9045851420678769,0.5753809346380876,0.7033688848614738,0.5424587430067409,0.7033688848614568,0.5424587430067208,0.6461583775622255,254965,162176,92789,0.6360716176730139,79257,15474,108263,146702,0.0027163028717041016,0.023591995239257812,0.02087569236755371
Adaptive_Threshold_Torch,Adaptive_Threshold_Sklearn,0.7605405838213762,0.7666879526516627,0.9653324966171828,0.8546190038021494,0.7461438653505688,0.8546190038021345,0.7461438653505461,0.7605405838213762,254965,321025,66060,0.794221633829141,19832,74899,8839,246126,0.0027163028717041016,0.027942657470703125,0.025226354598999023
Adaptive_Threshold_Torch,Otsu_Thresholding_Sklearn,0.7219213259516838,0.8578962177666034,0.7414115662934129,0.7954118461386335,0.6603185027089148,0.7954118461386167,0.6603185027088917,0.7219213259516838,254965,220346,34619,0.8642205792951974,63419,31312,65931,189034,0.0027163028717041016,0.0262911319732666,0.0235748291015625
Adaptive_Threshold_Torch,Niblack_Thresholding_Sklearn,0.49938232064421667,0.8812325250732396,0.3621948110524974,0.5133839970202192,0.3453373271854935,0.5133839970202049,0.34533732718548055,0.49938232064421667,254965,104793,150172,0.4110093542250897,82285,12446,162618,92347,0.0027163028717041016,0.03386211395263672,0.031145811080932617
Adaptive_Threshold_Torch,Sauvola_Thresholding_Sklearn,0.7489047629941434,0.7447379825712144,0.9975133841899868,0.8527886612715833,0.7433579432860424,0.8527886612715689,0.7433579432860207,0.7489047629941434,254965,341504,86539,0.7465944761994003,7558,87173,634,254331,0.0027163028717041016,0.03257560729980469,0.029859304428100586
Adaptive_Threshold_Torch,Sobel_Sklearn,0.2884219436310395,0.5468800195811471,0.14021140156492068,0.22319828678816486,0.1256180051654163,0.22319828678815787,0.12561800516541188,0.2884219436310395,254965,65369,189596,0.2563842095973957,65111,29620,219216,35749,0.0027163028717041016,0.005554676055908203,0.0028383731842041016
Adaptive_Threshold_Torch,Canny_Sklearn,0.28163604959736455,0.5607373868046572,0.06800149040064322,0.12129352711754726,0.06456225539663447,0.12129352711754302,0.06456225539663207,0.28163604959736455,254965,30920,224045,0.12127154707508873,81149,13582,237627,17338,0.0027163028717041016,0.016101598739624023,0.013385295867919922
Adaptive_Threshold_Torch,Global_Threshold_Torch,0.6736050741215227,0.9351101169142546,0.5935206793089247,0.7261494314923715,0.5700428680132296,0.7261494314923541,0.570042868013208,0.6736050741215227,254965,161828,93137,0.6347067244523759,84230,10501,103638,151327,0.0027163028717041016,0.0026438236236572266,7.2479248046875e-05
Adaptive_Threshold_Torch,Adaptive_Threshold_Torch,1.0,1.0,1.0,1.0,1.0,0.9999999999999803,0.9999999999999607,1.0,254965,254965,0,1.0,94731,0,0,254965,0.0027163028717041016,0.0027163028717041016,0.0
Adaptive_Threshold_Torch,Otsu_Thresholding_Torch,0.7764915812591509,0.9105080590111865,0.7690349655835115,0.8338131546158524,0.7149910478892345,0.8338131546158346,0.7149910478892084,0.7764915812591509,254965,215349,39616,0.8446218108367816,75459,19272,58888,196077,0.0027163028717041016,0.0032515525817871094,0.0005352497100830078
Adaptive_Threshold_Torch,Niblack_Thresholding_Torch,0.8180991489751098,0.9595968814998775,0.7835036181436668,0.8626555138596802,0.7584821699775226,0.8626555138596615,0.7584821699774938,0.8180991489751098,254965,208177,46788,0.8164924597493773,86320,8411,55199,199766,0.0027163028717041016,0.12664127349853516,0.12392497062683105
Adaptive_Threshold_Torch,Sauvola_Thresholding_Torch,0.8300523883601757,0.8120461777594786,0.9978742180299257,0.8954205350921032,0.8106438364457246,0.8954205350920874,0.8106438364456987,0.8300523883601757,254965,313311,58346,0.8137760882956551,35843,58888,542,254423,0.0027163028717041016,0.12646698951721191,0.12375068664550781
Adaptive_Threshold_Torch,Sobel_Torch,0.2948446650805271,0.5619223659889094,0.14904006432255407,0.23559316779813386,0.1335254225376858,0.23559316779812653,0.1335254225376811,0.2948446650805271,254965,67625,187340,0.2652324828898084,65106,29625,216965,38000,0.0027163028717041016,0.002365589141845703,0.00035071372985839844
Adaptive_Threshold_Torch,Canny_Torch,0.2821136072474378,0.5600747297173134,0.07172356990175122,0.1271626056964842,0.06789836965198698,0.12716260569647977,0.06789836965198445,0.2821136072474378,254965,32651,222314,0.12806071421567666,80367,14364,236678,18287,0.0027163028717041016,0.0025930404663085938,0.0001232624053955078
Otsu_Thresholding_Torch,Global_Threshold_CV2,0.8469499222181552,1.0,0.7514685464060664,0.8581011037258369,0.7514685464060664,0.8581011037258142,0.7514685464060314,0.8469499222181552,215349,161828,53521,0.7514685464060664,134347,0,53521,161828,0.0032515525817871094,0.000263214111328125,0.0029883384704589844
Otsu_Thresholding_Torch,Adaptive_Threshold_CV2,0.7655878248535871,0.7648640490583124,0.8942646587632169,0.8245181758436071,0.7014299659080976,0.8245181758435893,0.7014299659080719,0.7655878248535871,215349,251782,36433,0.8552994256936556,75144,59203,22770,192579,0.0032515525817871094,0.0008480548858642578,0.0024034976959228516
Otsu_Thresholding_Torch,Otsu_Thresholding_CV2,0.9956133327232797,1.0,0.9928766792508904,0.9964256088581521,0.9928766792508904,0.9964256088581289,0.9928766792508442,0.9956133327232797,215349,213815,1534,0.9928766792508904,134347,0,1534,213815,0.0032515525817871094,0.0003311634063720703,0.002920389175415039
Otsu_Thresholding_Torch,Niblack_Thresholding_CV2,0.6559325814421669,0.7282794603735875,0.7039131827870109,0.7158890465721983,0.5574978117437643,0.7158890465721814,0.5574978117437439,0.6559325814421669,215349,208144,7205,0.9665426818791821,77790,56557,63762,151587,0.0032515525817871094,0.0015079975128173828,0.0017435550689697266
Otsu_Thresholding_Torch,Sauvola_Thresholding_CV2,0.7121900164714495,0.6830590976555643,0.9937311062507836,0.8096147880236984,0.6801283986715186,0.809614788023683,0.6801283986714971,0.7121900164714495,215349,313295,97946,0.6873681354633812,35051,99296,1350,213999,0.0032515525817871094,0.0016160011291503906,0.0016355514526367188
Otsu_Thresholding_Torch,Sobel_CV2,0.3585628660322108,0.4294999921308173,0.12672452623415945,0.1957058030463842,0.10846668097520648,0.1957058030463772,0.10846668097520216,0.3585628660322108,215349,63539,151810,0.2950512888381186,98098,36249,188059,27290,0.0032515525817871094,0.0026476383209228516,0.0006039142608642578
Otsu_Thresholding_Torch,Canny_CV2,0.33109329245973645,0.3745319870781125,0.12867020510891622,0.1915377490218849,0.1059119419928676,0.19153774902187826,0.10591194199286355,0.33109329245973645,215349,73983,141366,0.3435493083320563,88073,46274,187640,27709,0.0032515525817871094,0.0007004737854003906,0.0025510787963867188
Otsu_Thresholding_Torch,Global_Threshold_Sklearn,0.8364093383967789,0.9875628946329913,0.7437183362820352,0.8484683133567313,0.7368171655180663,0.8484683133567088,0.7368171655180323,0.8364093383967789,215349,162176,53173,0.7530845279058644,132330,2017,55190,160159,0.0032515525817871094,0.023591995239257812,0.020340442657470703
Otsu_Thresholding_Torch,Adaptive_Threshold_Sklearn,0.6614659590043924,0.6510240635464528,0.9704944067536883,0.7792883323949333,0.6383885343898051,0.7792883323949188,0.6383885343897856,0.6614659590043924,215349,321025,105676,0.6708169145705163,22317,112030,6354,208995,0.0032515525817871094,0.027942657470703125,0.024691104888916016
Otsu_Thresholding_Torch,Otsu_Thresholding_Sklearn,0.9342142889824304,0.936459023535712,0.9581888005052264,0.9471993022641986,0.8996947896228472,0.9471993022641768,0.8996947896228079,0.9342142889824304,215349,220346,4997,0.9773220298984324,120346,14001,9004,206345,0.0032515525817871094,0.0262911319732666,0.023039579391479492
Otsu_Thresholding_Torch,Niblack_Thresholding_Sklearn,0.5442212664714495,0.767026423520655,0.37324993382834376,0.5021459227467812,0.335243553008596,0.5021459227467654,0.335243553008582,0.5442212664714495,215349,104793,110556,0.4866193945641726,109933,24414,134970,80379,0.0032515525817871094,0.03386211395263672,0.03061056137084961
Otsu_Thresholding_Torch,Sauvola_Thresholding_Sklearn,0.638929241398243,0.630428926161919,0.9997446006250319,0.7732525460040621,0.630327410491306,0.7732525460040482,0.6303274104912876,0.638929241398243,215349,341504,126155,0.6305899784482759,8137,126210,55,215294,0.0032515525817871094,0.03257560729980469,0.029324054718017578
Otsu_Thresholding_Torch,Sobel_Sklearn,0.35737326134699854,0.428291697899616,0.13000756910874905,0.19946708084269624,0.11078224603416416,0.1994670808426891,0.11078224603415977,0.35737326134699854,215349,65369,149980,0.30354912258705635,96975,37372,187352,27997,0.0032515525817871094,0.005554676055908203,0.0023031234741210938
Otsu_Thresholding_Torch,Canny_Sklearn,0.3688203468155198,0.41313065976714103,0.05931766574258529,0.1037402190287856,0.05470780958907043,0.10374021902878137,0.05470780958906808,0.3688203468155198,215349,30920,184429,0.14358088498205238,116201,18146,202575,12774,0.0032515525817871094,0.016101598739624023,0.012850046157836914
Otsu_Thresholding_Torch,Global_Threshold_Torch,0.8469499222181552,1.0,0.7514685464060664,0.8581011037258369,0.7514685464060664,0.8581011037258142,0.7514685464060314,0.8469499222181552,215349,161828,53521,0.7514685464060664,134347,0,53521,161828,0.0032515525817871094,0.0026438236236572266,0.0006077289581298828
Otsu_Thresholding_Torch,Adaptive_Threshold_Torch,0.7764915812591509,0.7690349655835115,0.9105080590111865,0.8338131546158524,0.7149910478892345,0.8338131546158346,0.7149910478892084,0.7764915812591509,215349,254965,39616,0.8446218108367816,75459,58888,19272,196077,0.0032515525817871094,0.0027163028717041016,0.0005352497100830078
Otsu_Thresholding_Torch,Otsu_Thresholding_Torch,1.0,1.0,1.0,1.0,1.0,0.9999999999999768,0.9999999999999535,1.0,215349,215349,0,1.0,134347,0,0,215349,0.0032515525817871094,0.0032515525817871094,0.0
Otsu_Thresholding_Torch,Niblack_Thresholding_Torch,0.6558096174963397,0.7281399962531884,0.7038899646620137,0.7158096551333331,0.5574015238431442,0.7158096551333161,0.5574015238431237,0.6558096174963397,215349,208177,7172,0.9666959215041631,77752,56595,63767,151582,0.0032515525817871094,0.12664127349853516,0.12338972091674805
Otsu_Thresholding_Torch,Sauvola_Thresholding_Torch,0.7121728587115667,0.6830401741400717,0.9937543243757807,0.8096092006204366,0.6801205125597478,0.8096092006204212,0.6801205125597262,0.7121728587115667,215349,313311,97962,0.6873330333119488,35040,99307,1345,214004,0.0032515525817871094,0.12646698951721191,0.1232154369354248
Otsu_Thresholding_Torch,Sobel_Torch,0.35974103221083453,0.43680591497227356,0.137168038857854,0.20877536452112208,0.11655454061199123,0.2087753645211147,0.11655454061198664,0.35974103221083453,215349,67625,147724,0.3140251405857469,96261,38086,185810,29539,0.0032515525817871094,0.002365589141845703,0.0008859634399414062
Otsu_Thresholding_Torch,Canny_Torch,0.3825894491215227,0.49147039906894124,0.07451625036568547,0.12941129032258064,0.06918211879130685,0.12941129032257542,0.06918211879130387,0.3825894491215227,215349,32651,182698,0.15161899985604763,117743,16604,199302,16047,0.0032515525817871094,0.0025930404663085938,0.0006585121154785156
Niblack_Thresholding_Torch,Global_Threshold_CV2,0.584813666727672,0.6946140346540771,0.5399635886769432,0.6076025999648653,0.4363715415940403,0.6076025999648489,0.43637154159402336,0.584813666727672,208177,161828,46349,0.7773577292400217,92099,49420,95769,112408,0.12664127349853516,0.000263214111328125,0.12637805938720703
Niblack_Thresholding_Torch,Adaptive_Threshold_CV2,0.787366741398243,0.7657457641928335,0.9261397752873757,0.8383399389945626,0.7216740655342532,0.8383399389945443,0.7216740655342261,0.787366741398243,208177,251782,43605,0.8268144664829098,82538,58981,15376,192801,0.12664127349853516,0.0008480548858642578,0.1257932186126709
Niblack_Thresholding_Torch,Otsu_Thresholding_CV2,0.6546028550512445,0.7043659238126417,0.7234420709300259,0.7137765644846348,0.554939791000339,0.7137765644846178,0.5549397910003185,0.6546028550512445,208177,213815,5638,0.9736314103313612,78308,63211,57573,150604,0.12664127349853516,0.0003311634063720703,0.12631011009216309
Niblack_Thresholding_Torch,Niblack_Thresholding_CV2,0.9834341828330894,0.9861634253209317,0.9860070997276357,0.9860852563286503,0.9725524384408003,0.9860852563286265,0.9725524384407542,0.9834341828330894,208177,208144,33,0.9998414810473779,138639,2880,2913,205264,0.12664127349853516,0.0015079975128173828,0.12513327598571777
Niblack_Thresholding_Torch,Sauvola_Thresholding_CV2,0.69929881954612,0.6644185192869341,0.9999135351167516,0.7983515893470791,0.6643803480864183,0.7983515893470637,0.6643803480863971,0.69929881954612,208177,313295,105118,0.6644759731243716,36383,105136,18,208159,0.12664127349853516,0.0016160011291503906,0.12502527236938477
Niblack_Thresholding_Torch,Sobel_CV2,0.4357499084919473,0.5854671933772958,0.17869409204667183,0.27381530715894536,0.15862457145781098,0.27381530715893526,0.1586245714578042,0.4357499084919473,208177,63539,144638,0.30521623426219036,115180,26339,170977,37200,0.12664127349853516,0.0026476383209228516,0.1239936351776123
Niblack_Thresholding_Torch,Canny_CV2,0.4446776628843338,0.5945014395198897,0.21127694221743998,0.31175928551176635,0.18466518597513615,0.3117592855117553,0.18466518597512838,0.4446776628843338,208177,73983,134194,0.35538508096475596,111519,30000,164194,43983,0.12664127349853516,0.0007004737854003906,0.12594079971313477
Niblack_Thresholding_Torch,Global_Threshold_Sklearn,0.5546846403733529,0.6617132004735596,0.5154940267176489,0.5795227796183641,0.4079775242454541,0.5795227796183484,0.4079775242454386,0.5546846403733529,208177,162176,46001,0.7790293836494906,86657,54862,100863,107314,0.12664127349853516,0.023591995239257812,0.10304927825927734
Niblack_Thresholding_Torch,Adaptive_Threshold_Sklearn,0.623284224011713,0.6190577057861537,0.954634757922345,0.7510667004281919,0.6013665427014334,0.7510667004281777,0.6013665427014152,0.623284224011713,208177,321025,112848,0.6484759753913246,19227,122292,9444,198733,0.12664127349853516,0.027942657470703125,0.09869861602783203
Niblack_Thresholding_Torch,Otsu_Thresholding_Sklearn,0.6001984580893118,0.6551378286876095,0.6934339528382097,0.6737421328610133,0.5080023648149321,0.6737421328609976,0.5080023648149142,0.6001984580893118,208177,220346,12169,0.9447732202989844,65530,75989,63820,144357,0.12664127349853516,0.0262911319732666,0.10035014152526855
Niblack_Thresholding_Torch,Niblack_Thresholding_Sklearn,0.6274878751830161,0.8717376160621415,0.438818889694827,0.5837748026967441,0.41220478480989814,0.5837748026967254,0.4122047848098795,0.6274878751830161,208177,104793,103384,0.5033841394582494,128078,13441,116825,91352,0.12664127349853516,0.03386211395263672,0.09277915954589844
Niblack_Thresholding_Torch,Sauvola_Thresholding_Sklearn,0.6167900118960469,0.6085931643553223,0.9983667744275304,0.7562095106070612,0.6079878541088918,0.7562095106070474,0.607987854108874,0.6167900118960469,208177,341504,133327,0.6095887603073463,7852,133667,340,207837,0.12664127349853516,0.03257560729980469,0.09406566619873047
Niblack_Thresholding_Torch,Sobel_Sklearn,0.4365792002196193,0.5852927228502807,0.18378591294907698,0.2797335731467468,0.16261061006604727,0.2797335731467366,0.16261061006604036,0.4365792002196193,208177,65369,142808,0.3140068307257766,114410,27109,169917,38260,0.12664127349853516,0.005554676055908203,0.12108659744262695
Niblack_Thresholding_Torch,Canny_Sklearn,0.42423419198389456,0.6105109961190168,0.09067764450443613,0.15790244126860647,0.08571882662791754,0.15790244126859984,0.08571882662791364,0.42423419198389456,208177,30920,177257,0.1485274550022337,129476,12043,189300,18877,0.12664127349853516,0.016101598739624023,0.11053967475891113
Niblack_Thresholding_Torch,Global_Threshold_Torch,0.584813666727672,0.6946140346540771,0.5399635886769432,0.6076025999648653,0.4363715415940403,0.6076025999648489,0.43637154159402336,0.584813666727672,208177,161828,46349,0.7773577292400217,92099,49420,95769,112408,0.12664127349853516,0.0026438236236572266,0.12399744987487793
Niblack_Thresholding_Torch,Adaptive_Threshold_Torch,0.8180991489751098,0.7835036181436668,0.9595968814998775,0.8626555138596802,0.7584821699775226,0.8626555138596615,0.7584821699774938,0.8180991489751098,208177,254965,46788,0.8164924597493773,86320,55199,8411,199766,0.12664127349853516,0.0027163028717041016,0.12392497062683105
Niblack_Thresholding_Torch,Otsu_Thresholding_Torch,0.6558096174963397,0.7038899646620137,0.7281399962531884,0.7158096551333331,0.5574015238431442,0.7158096551333161,0.5574015238431237,0.6558096174963397,208177,215349,7172,0.9666959215041631,77752,63767,56595,151582,0.12664127349853516,0.0032515525817871094,0.12338972091674805
Niblack_Thresholding_Torch,Niblack_Thresholding_Torch,1.0,1.0,1.0,1.0,1.0,0.9999999999999759,0.9999999999999519,1.0,208177,208177,0,1.0,141519,0,0,208177,0.12664127349853516,0.12664127349853516,0.0
Niblack_Thresholding_Torch,Sauvola_Thresholding_Torch,0.6992473462664714,0.664381397397474,0.9999087315121267,0.7983232595956187,0.6643411100118086,0.7983232595956034,0.6643411100117874,0.6992473462664714,208177,313311,105134,0.664442040017746,36366,105153,19,208158,0.12664127349853516,0.12646698951721191,0.0001742839813232422
Niblack_Thresholding_Torch,Sobel_Torch,0.4364419381405564,0.5820924214417745,0.1890890924549782,0.28545115698943446,0.16648762043326368,0.2854511569894241,0.16648762043325663,0.4364419381405564,208177,67625,140552,0.3248437627595748,113258,28261,168813,39364,0.12664127349853516,0.002365589141845703,0.12427568435668945
Niblack_Thresholding_Torch,Canny_Torch,0.41755124450951686,0.5688646595816361,0.08922215230308823,0.15425116680784626,0.08357104933994439,0.15425116680783985,0.08357104933994063,0.41755124450951686,208177,32651,175526,0.1568424946079538,127442,14077,189603,18574,0.12664127349853516,0.0025930404663085938,0.12404823303222656
Sauvola_Thresholding_Torch,Global_Threshold_CV2,0.5659172538433382,0.9990298341448945,0.5160080558933456,0.6805208581067856,0.515749613995687,0.6805208581067712,0.5157496139956705,0.5659172538433382,313311,161828,151483,0.5165091554398026,36228,157,151640,161671,0.12646698951721191,0.000263214111328125,0.1262037754058838
Sauvola_Thresholding_Torch,Adaptive_Threshold_CV2,0.8130347501830161,0.9923505254545599,0.7974696068762348,0.8843004602782197,0.7925973156704321,0.884300460278204,0.7925973156704069,0.8130347501830161,313311,251782,61529,0.8036168535416887,34459,1926,63455,249856,0.12646698951721191,0.0008480548858642578,0.12561893463134766
Sauvola_Thresholding_Torch,Otsu_Thresholding_CV2,0.7080664348462665,0.9939386853120689,0.6783004746082966,0.8063309341599542,0.6755062665484239,0.8063309341599388,0.6755062665484024,0.7080664348462665,313311,213815,99496,0.6824369396542094,35089,1296,100792,212519,0.12646698951721191,0.0003311634063720703,0.12613582611083984
Sauvola_Thresholding_Torch,Niblack_Thresholding_CV2,0.6991529785871157,0.9999087170420479,0.6642760707412124,0.7982472121276045,0.664235789742444,0.7982472121275892,0.6642357897424228,0.6991529785871157,313311,208144,105167,0.6643367133614843,36366,19,105186,208125,0.12646698951721191,0.0015079975128173828,0.12495899200439453
Sauvola_Thresholding_Torch,Sauvola_Thresholding_CV2,0.9988790263543191,0.9993999265867632,0.9993488897612915,0.9993744075224303,0.9987495972873917,0.9993744075224144,0.9987495972873598,0.9988790263543191,313311,313295,16,0.9999489325302974,36197,188,204,313107,0.12646698951721191,0.0016160011291503906,0.12485098838806152
Sauvola_Thresholding_Torch,Sobel_CV2,0.1933908308931186,0.7458568753049308,0.15125865354232695,0.251511211357304,0.14384490938174402,0.25151121135729726,0.14384490938173963,0.1933908308931186,313311,63539,249772,0.202798497339704,20237,16148,265920,47391,0.12646698951721191,0.0026476383209228516,0.12381935119628906
Sauvola_Thresholding_Torch,Canny_CV2,0.2557078147877013,0.8584269359177108,0.20270274583401157,0.3279627363191787,0.19614559043809934,0.3279627363191702,0.1961455904380933,0.2557078147877013,313311,73983,239328,0.23613278818809424,25911,10474,249802,63509,0.12646698951721191,0.0007004737854003906,0.12576651573181152
Sauvola_Thresholding_Torch,Global_Threshold_Sklearn,0.5502064650439239,0.9810206195737964,0.5077957684217917,0.6692002094694492,0.5028556618592934,0.6692002094694351,0.5028556618592775,0.5502064650439239,313311,162176,151135,0.5176198729058348,33307,3078,154213,159098,0.12646698951721191,0.023591995239257812,0.1028749942779541
Sauvola_Thresholding_Torch,Adaptive_Threshold_Sklearn,0.8927697199853587,0.929581808270384,0.9524689525742792,0.9408862180295616,0.8883712345609184,0.9408862180295468,0.8883712345608918,0.8927697199853587,313311,321025,7714,0.9759707187913714,13779,22606,14892,298419,0.12646698951721191,0.027942657470703125,0.09852433204650879
Sauvola_Thresholding_Torch,Otsu_Thresholding_Sklearn,0.70113184022694,0.9737957575812586,0.684853069314515,0.8041569772344408,0.6724603162166821,0.8041569772344258,0.672460316216661,0.70113184022694,313311,220346,92965,0.7032820424434507,30611,5774,98739,214572,0.12646698951721191,0.0262911319732666,0.10017585754394531
Sauvola_Thresholding_Torch,Niblack_Thresholding_Sklearn,0.38793123169838944,0.9736623629440898,0.3256604460105135,0.48807473738591356,0.3228167089040121,0.48807473738590185,0.3228167089040018,0.38793123169838944,313311,104793,208518,0.3344695845342168,33625,2760,211278,102033,0.12646698951721191,0.03386211395263672,0.0926048755645752
Sauvola_Thresholding_Torch,Sauvola_Thresholding_Sklearn,0.9166047080893118,0.916024409670165,0.9984520173246391,0.9554637569389828,0.9147253274228119,0.9554637569389681,0.9147253274227851,0.9166047080893118,313311,341504,28193,0.9174445980134932,7707,28678,485,312826,0.12646698951721191,0.03257560729980469,0.09389138221740723
Sauvola_Thresholding_Torch,Sobel_Sklearn,0.1965650164714495,0.7474643944377304,0.1559504773212559,0.25805957536706453,0.14814489159205504,0.2580595753670577,0.14814489159205055,0.1965650164714495,313311,65369,247942,0.20863933918694205,19877,16508,264450,48861,0.12646698951721191,0.005554676055908203,0.12091231346130371
Sauvola_Thresholding_Torch,Canny_Sklearn,0.15823744051976574,0.8064359637774903,0.07958545981468892,0.14487364589476254,0.07809368109841652,0.14487364589475832,0.07809368109841407,0.15823744051976574,313311,30920,282391,0.0986878852003281,30400,5985,288376,24935,0.12646698951721191,0.016101598739624023,0.11036539077758789
Sauvola_Thresholding_Torch,Global_Threshold_Torch,0.5659172538433382,0.9990298341448945,0.5160080558933456,0.6805208581067856,0.515749613995687,0.6805208581067712,0.5157496139956705,0.5659172538433382,313311,161828,151483,0.5165091554398026,36228,157,151640,161671,0.12646698951721191,0.0026438236236572266,0.12382316589355469
Sauvola_Thresholding_Torch,Adaptive_Threshold_Torch,0.8300523883601757,0.9978742180299257,0.8120461777594786,0.8954205350921032,0.8106438364457246,0.8954205350920874,0.8106438364456987,0.8300523883601757,313311,254965,58346,0.8137760882956551,35843,542,58888,254423,0.12646698951721191,0.0027163028717041016,0.12375068664550781
Sauvola_Thresholding_Torch,Otsu_Thresholding_Torch,0.7121728587115667,0.9937543243757807,0.6830401741400717,0.8096092006204366,0.6801205125597478,0.8096092006204212,0.6801205125597262,0.7121728587115667,313311,215349,97962,0.6873330333119488,35040,1345,99307,214004,0.12646698951721191,0.0032515525817871094,0.1232154369354248
Sauvola_Thresholding_Torch,Niblack_Thresholding_Torch,0.6992473462664714,0.9999087315121267,0.664381397397474,0.7983232595956187,0.6643411100118086,0.7983232595956034,0.6643411100117874,0.6992473462664714,313311,208177,105134,0.664442040017746,36366,19,105153,208158,0.12646698951721191,0.12664127349853516,0.0001742839813232422
Sauvola_Thresholding_Torch,Sauvola_Thresholding_Torch,1.0,1.0,1.0,1.0,1.0,0.999999999999984,0.999999999999968,1.0,313311,313311,0,1.0,36385,0,0,313311,0.12646698951721191,0.12646698951721191,0.0
Sauvola_Thresholding_Torch,Sobel_Torch,0.2025645131771596,0.7547208872458411,0.16289884491766968,0.2679610223239599,0.1547084250283421,0.2679610223239529,0.1547084250283374,0.2025645131771596,313311,67625,245686,0.21583985241501255,19798,16587,262273,51038,0.12646698951721191,0.002365589141845703,0.12410140037536621
Sauvola_Thresholding_Torch,Canny_Torch,0.14087092789165448,0.6971915102140822,0.07265624251941362,0.1315982680178748,0.07043360416834263,0.131598268017871,0.07043360416834045,0.14087092789165448,313311,32651,280660,0.10421274707878114,26498,9887,290547,22764,0.12646698951721191,0.0025930404663085938,0.12387394905090332
Sobel_Torch,Global_Threshold_CV2,0.45284189696193267,0.11776083248881529,0.2818040665434381,0.16610809185323355,0.0905768170497538,0.1661080918532263,0.09057681704974949,0.45284189696193267,67625,161828,94203,0.4178819487356947,139300,142771,48568,19057,0.002365589141845703,0.000263214111328125,0.002102375030517578
Sobel_Torch,Adaptive_Threshold_CV2,0.29744406570278187,0.1464084009182547,0.5451090573012939,0.23082149107564956,0.1304681748683391,0.23082149107564232,0.13046817486833448,0.29744406570278187,67625,251782,184157,0.26858552239635874,67152,214919,30762,36863,0.002365589141845703,0.0008480548858642578,0.0015175342559814453
Sobel_Torch,Otsu_Thresholding_CV2,0.36272648243045386,0.13700629048476487,0.4331829944547135,0.2081722569641842,0.11617872185162564,0.2081722569641768,0.11617872185162104,0.36272648243045386,67625,213815,146190,0.3162780908729509,97550,184521,38331,29294,0.002365589141845703,0.0003311634063720703,0.002034425735473633
Sobel_Torch,Niblack_Thresholding_CV2,0.43642192075402636,0.1890229840879391,0.5817966728280961,0.28534026667246865,0.16641218145289205,0.28534026667245826,0.166412181452885,0.43642192075402636,67625,208144,140519,0.32489526481666536,113271,168800,28281,39344,0.002365589141845703,0.0015079975128173828,0.0008575916290283203
Sobel_Torch,Sauvola_Thresholding_CV2,0.20254163616398244,0.16286886161604877,0.754543438077634,0.2679092722881445,0.15467392556396903,0.26790927228813743,0.15467392556396434,0.20254163616398244,67625,313295,245670,0.21585087537305095,19802,262269,16599,51026,0.002365589141845703,0.0016160011291503906,0.0007495880126953125
Sobel_Torch,Sobel_CV2,0.9882984077598829,0.9999527849037599,0.9395341959334566,0.9688024152968803,0.9394925178919974,0.9688024152968063,0.9394925178918585,0.9882984077598829,67625,63539,4086,0.9395785582255083,282068,3,4089,63536,0.002365589141845703,0.0026476383209228516,0.00028204917907714844
Sobel_Torch,Canny_CV2,0.8150279099560761,0.5198761877728667,0.5687541589648798,0.5432178972939382,0.3728889147422101,0.5432178972938998,0.37288891474217395,0.8150279099560761,67625,73983,6358,0.9140613384155819,246550,35521,29163,38462,0.002365589141845703,0.0007004737854003906,0.0016651153564453125
Sobel_Torch,Global_Threshold_Sklearn,0.45488938964128844,0.12078852604577743,0.28967097966728284,0.17048663843934533,0.09318687800886724,0.17048663843933792,0.0931868780088628,0.45488938964128844,67625,162176,94551,0.41698525059194946,139484,142587,48036,19589,0.002365589141845703,0.023591995239257812,0.02122640609741211
Sobel_Torch,Adaptive_Threshold_Sklearn,0.19663936676427526,0.16777198037536017,0.7964362292051756,0.2771593979158626,0.1608735001836967,0.2771593979158555,0.16087350018369187,0.19663936676427526,67625,321025,253400,0.21065337590530334,14905,267166,13766,53859,0.002365589141845703,0.027942657470703125,0.025577068328857422
Sobel_Torch,Otsu_Thresholding_Sklearn,0.3517655334919473,0.1390676481533588,0.4531312384473198,0.21282004090689688,0.1190814835540633,0.21282004090688947,0.11908148355405866,0.3517655334919473,67625,220346,152721,0.30690368783640276,92368,189703,36982,30643,0.002365589141845703,0.0262911319732666,0.0239255428314209
Sobel_Torch,Niblack_Thresholding_Sklearn,0.6269159498535871,0.2001660416249177,0.310181146025878,0.2433156630978204,0.1385084718902286,0.24331566309780628,0.13850847189021945,0.6269159498535871,67625,104793,37168,0.645319820980409,198254,83817,46649,20976,0.002365589141845703,0.03386211395263672,0.031496524810791016
Sobel_Torch,Sauvola_Thresholding_Sklearn,0.20183530838213762,0.1903550178035982,0.961286506469501,0.31778241092662707,0.18890684117841927,0.3177824109266193,0.18890684117841378,0.20183530838213762,67625,341504,273879,0.1980211066341829,5574,276497,2618,65007,0.002365589141845703,0.03257560729980469,0.030210018157958984
Sobel_Torch,Sobel_Sklearn,0.9935315245241582,0.9999541066866557,0.9665951940850277,0.9829917139119058,0.9665523156089194,0.9829917139118318,0.9665523156087765,0.9935315245241582,67625,65369,2256,0.9666395563770794,282068,3,2259,65366,0.002365589141845703,0.005554676055908203,0.0031890869140625
Sobel_Torch,Canny_Sklearn,0.8656633189970717,0.8338939197930142,0.381279112754159,0.523293926632503,0.3543656629238191,0.5232939266324498,0.35436566292377036,0.8656633189970717,67625,30920,36705,0.45722735674676523,276935,5136,41841,25784,0.002365589141845703,0.016101598739624023,0.01373600959777832
Sobel_Torch,Global_Threshold_Torch,0.45284189696193267,0.11776083248881529,0.2818040665434381,0.16610809185323355,0.0905768170497538,0.1661080918532263,0.09057681704974949,0.45284189696193267,67625,161828,94203,0.4178819487356947,139300,142771,48568,19057,0.002365589141845703,0.0026438236236572266,0.00027823448181152344
Sobel_Torch,Adaptive_Threshold_Torch,0.2948446650805271,0.14904006432255407,0.5619223659889094,0.23559316779813386,0.1335254225376858,0.23559316779812653,0.1335254225376811,0.2948446650805271,67625,254965,187340,0.2652324828898084,65106,216965,29625,38000,0.002365589141845703,0.0027163028717041016,0.00035071372985839844
Sobel_Torch,Otsu_Thresholding_Torch,0.35974103221083453,0.137168038857854,0.43680591497227356,0.20877536452112208,0.11655454061199123,0.2087753645211147,0.11655454061198664,0.35974103221083453,67625,215349,147724,0.3140251405857469,96261,185810,38086,29539,0.002365589141845703,0.0032515525817871094,0.0008859634399414062
Sobel_Torch,Niblack_Thresholding_Torch,0.4364419381405564,0.1890890924549782,0.5820924214417745,0.28545115698943446,0.16648762043326368,0.2854511569894241,0.16648762043325663,0.4364419381405564,67625,208177,140552,0.3248437627595748,113258,168813,28261,39364,0.002365589141845703,0.12664127349853516,0.12427568435668945
Sobel_Torch,Sauvola_Thresholding_Torch,0.2025645131771596,0.16289884491766968,0.7547208872458411,0.2679610223239599,0.1547084250283421,0.2679610223239529,0.1547084250283374,0.2025645131771596,67625,313311,245686,0.21583985241501255,19798,262273,16587,51038,0.002365589141845703,0.12646698951721191,0.12410140037536621
Sobel_Torch,Sobel_Torch,1.0,1.0,1.0,1.0,1.0,0.999999999999926,0.9999999999998521,1.0,67625,67625,0,1.0,282071,0,0,67625,0.002365589141845703,0.002365589141845703,0.0
Sobel_Torch,Canny_Torch,0.8818573846998536,0.9029126213592233,0.4359482439926063,0.5879971279269217,0.41642771382159754,0.5879971279268631,0.41642771382153876,0.8818573846998536,67625,32651,34974,0.4828243992606285,278901,3170,38144,29481,0.002365589141845703,0.0025930404663085938,0.00022745132446289062
Canny_Torch,Global_Threshold_CV2,0.5048070323938506,0.0658476901401488,0.3263606015129705,0.10958509659140575,0.057968806950164015,0.10958509659140012,0.05796880695016086,0.5048070323938506,32651,161828,129177,0.20176360086017253,165873,151172,21995,10656,0.0025930404663085938,0.000263214111328125,0.0023298263549804688
Canny_Torch,Adaptive_Threshold_CV2,0.2872294793191801,0.06986202349651682,0.5387277571896726,0.12368466387514811,0.06591891112002189,0.12368466387514375,0.06591891112001941,0.2872294793191801,32651,251782,219131,0.129679643501124,82853,234192,15061,17590,0.0025930404663085938,0.0008480548858642578,0.001744985580444336
Canny_Torch,Otsu_Thresholding_CV2,0.3863755948023426,0.07455978298996796,0.4882545710697988,0.1293646993905853,0.06915548923322518,0.12936469939058007,0.06915548923322216,0.3863755948023426,32651,213815,181164,0.15270677922503098,119172,197873,16709,15942,0.0025930404663085938,0.0003311634063720703,0.0022618770599365234
Canny_Torch,Niblack_Thresholding_CV2,0.4176055774158126,0.08920266738411868,0.56865027104836,0.15421416557652776,0.08354932771747935,0.15421416557652134,0.08354932771747559,0.4176055774158126,32651,208144,175493,0.15686736105772928,127468,189577,14084,18567,0.0025930404663085938,0.0015079975128173828,0.001085042953491211
Canny_Torch,Sauvola_Thresholding_CV2,0.14089380490483164,0.07264718555993552,0.6970690024807816,0.1315812294404329,0.07042384261694504,0.1315812294404291,0.07042384261694286,0.14089380490483164,32651,313295,280644,0.10421806923187411,26510,290535,9891,22760,0.0025930404663085938,0.0016160011291503906,0.0009770393371582031
Canny_Torch,Sobel_CV2,0.879735541727672,0.42599033664363617,0.8289792043122722,0.5627819939702672,0.39157733315972976,0.5627819939702087,0.39157733315967314,0.879735541727672,32651,63539,30888,0.5138733691118841,280573,36472,5584,27067,0.0025930404663085938,0.0026476383209228516,5.459785461425781e-05
Canny_Torch,Canny_CV2,0.7802148151537335,0.20123541894759606,0.45597378334507366,0.27923551587673723,0.16227410459311578,0.2792355158767111,0.1622741045930981,0.7802148151537335,32651,73983,41332,0.4413311166078694,257950,59095,17763,14888,0.0025930404663085938,0.0007004737854003906,0.0018925666809082031
Canny_Torch,Global_Threshold_Sklearn,0.5050014870058566,0.06698895027624309,0.33273100364460506,0.11152458334830388,0.059055353522175655,0.11152458334829815,0.05905535352217244,0.5050014870058566,32651,162176,129525,0.20133065311760062,165733,151312,21787,10864,0.0025930404663085938,0.023591995239257812,0.02099895477294922
Canny_Torch,Adaptive_Threshold_Sklearn,0.13109672401171302,0.07760143291020949,0.7629781629965392,0.1408746988769382,0.07577471985983866,0.14087469887693424,0.07577471985983636,0.13109672401171302,32651,321025,288374,0.10170858967370143,20932,296113,7739,24912,0.0025930404663085938,0.027942657470703125,0.02534961700439453
Canny_Torch,Otsu_Thresholding_Sklearn,0.37494566709370425,0.07809989743403556,0.5270588955927843,0.13604113882773314,0.07298505437087553,0.13604113882772775,0.07298505437087244,0.37494566709370425,32651,220346,187695,0.1481805887104826,113908,203137,15442,17209,0.0025930404663085938,0.0262911319732666,0.023698091506958008
Canny_Torch,Niblack_Thresholding_Sklearn,0.6705080984626647,0.10602807439428207,0.3402958561759211,0.16168039346934024,0.08795010013219032,0.16168039346932847,0.08795010013218336,0.6705080984626647,32651,104793,72142,0.3115761548958423,223363,93682,21540,11111,0.0025930404663085938,0.03386211395263672,0.031269073486328125
Canny_Torch,Sauvola_Thresholding_Sklearn,0.10356137902635432,0.08883351293103449,0.9291292762855655,0.16216274004089215,0.08823563629594727,0.1621627400408878,0.0882356362959447,0.10356137902635432,32651,341504,308853,0.09560942185157421,5878,311167,2314,30337,0.0025930404663085938,0.03257560729980469,0.029982566833496094
Canny_Torch,Sobel_Sklearn,0.875394628477306,0.4164512230568006,0.8337570059109981,0.5554580697816772,0.3845219430201845,0.5554580697816206,0.38452194302013015,0.875394628477306,32651,65369,32718,0.49948752466765595,278899,38146,5428,27223,0.0025930404663085938,0.005554676055908203,0.0029616355895996094
Canny_Torch,Canny_Sklearn,0.9030729547950219,0.4798835705045278,0.45444243667881534,0.46681663022447345,0.3044754068085281,0.4668166302244,0.30447540680846563,0.9030729547950219,32651,30920,1731,0.9469847784141374,300963,16082,17813,14838,0.0025930404663085938,0.016101598739624023,0.01350855827331543
Canny_Torch,Global_Threshold_Torch,0.5048070323938506,0.0658476901401488,0.3263606015129705,0.10958509659140575,0.057968806950164015,0.10958509659140012,0.05796880695016086,0.5048070323938506,32651,161828,129177,0.20176360086017253,165873,151172,21995,10656,0.0025930404663085938,0.0026438236236572266,5.078315734863281e-05
Canny_Torch,Adaptive_Threshold_Torch,0.2821136072474378,0.07172356990175122,0.5600747297173134,0.1271626056964842,0.06789836965198698,0.12716260569647977,0.06789836965198445,0.2821136072474378,32651,254965,222314,0.12806071421567666,80367,236678,14364,18287,0.0025930404663085938,0.0027163028717041016,0.0001232624053955078
Canny_Torch,Otsu_Thresholding_Torch,0.3825894491215227,0.07451625036568547,0.49147039906894124,0.12941129032258064,0.06918211879130685,0.12941129032257542,0.06918211879130387,0.3825894491215227,32651,215349,182698,0.15161899985604763,117743,199302,16604,16047,0.0025930404663085938,0.0032515525817871094,0.0006585121154785156
Canny_Torch,Niblack_Thresholding_Torch,0.41755124450951686,0.08922215230308823,0.5688646595816361,0.15425116680784626,0.08357104933994439,0.15425116680783985,0.08357104933994063,0.41755124450951686,32651,208177,175526,0.1568424946079538,127442,189603,14077,18574,0.0025930404663085938,0.12664127349853516,0.12404823303222656
Canny_Torch,Sauvola_Thresholding_Torch,0.14087092789165448,0.07265624251941362,0.6971915102140822,0.1315982680178748,0.07043360416834263,0.131598268017871,0.07043360416834045,0.14087092789165448,32651,313311,280660,0.10421274707878114,26498,290547,9887,22764,0.0025930404663085938,0.12646698951721191,0.12387394905090332
Canny_Torch,Sobel_Torch,0.8818573846998536,0.4359482439926063,0.9029126213592233,0.5879971279269217,0.41642771382159754,0.5879971279268631,0.41642771382153876,0.8818573846998536,32651,67625,34974,0.4828243992606285,278901,38144,3170,29481,0.0025930404663085938,0.002365589141845703,0.00022745132446289062
Canny_Torch,Canny_Torch,1.0,1.0,1.0,1.0,1.0,0.9999999999998469,0.9999999999996937,1.0,32651,32651,0,1.0,317045,0,0,32651,0.0025930404663085938,0.0025930404663085938,0.0
