method1,method2,accuracy,precision,recall,f1_score,jaccard,dice_coefficient,intersection_over_union,pixel_agreement,area1,area2,area_difference,area_ratio,true_negative,false_positive,false_negative,true_positive,time1,time2,time_diff
Global_Threshold_CV2,Global_Threshold_CV2,1.0,1.0,1.0,1.0,1.0,0.9999999999999805,0.999999999999961,1.0,256790,256790,0,1.0,191560,0,0,256790,0.0003681182861328125,0.0003681182861328125,0.0
Global_Threshold_CV2,Adaptive_Threshold_CV2,0.6422460131593621,0.668140064680661,0.745803964328829,0.7048390866148108,0.5442096648613013,0.7048390866147978,0.5442096648612859,0.6422460131593621,256790,286639,29849,0.8958655312082445,96436,95124,65275,191515,0.0003681182861328125,0.0010752677917480469,0.0007071495056152344
Global_Threshold_CV2,Otsu_Thresholding_CV2,0.9151957176313148,0.871029673147633,1.0,0.9310698655914953,0.871029673147633,0.9310698655914784,0.8710296731476035,0.9151957176313148,256790,294812,38022,0.871029673147633,153538,38022,0,256790,0.0003681182861328125,0.0004265308380126953,5.841255187988281e-05
Global_Threshold_CV2,Niblack_Thresholding_CV2,0.6810393665662986,0.7269181065428613,0.7097238989057206,0.7182181097366337,0.5603278648203261,0.7182181097366195,0.5603278648203089,0.6810393665662986,256790,250716,6074,0.9763464309357841,123094,68466,74540,182250,0.0003681182861328125,0.001978635787963867,0.0016105175018310547
Global_Threshold_CV2,Sauvola_Thresholding_CV2,0.6941942678710828,0.6533739658195016,0.9927294676583979,0.7880714857625117,0.6502623517017787,0.7880714857624995,0.650262351701762,0.6941942678710828,256790,390164,133374,0.6581591330824986,56319,135241,1867,254923,0.0003681182861328125,0.0021708011627197266,0.001802682876586914
Global_Threshold_CV2,Sobel_CV2,0.49047619047619045,0.5976356634540532,0.337828575879123,0.43165392452238727,0.2752287465576974,0.43165392452237655,0.2752287465576887,0.49047619047619045,256790,145157,111633,0.565275127536119,133154,58406,170039,86751,0.0003681182861328125,0.0034241676330566406,0.003056049346923828
Global_Threshold_CV2,Canny_CV2,0.4900390320062451,0.6238026124818578,0.27616729623427705,0.3828436466698158,0.23673879515819976,0.3828436466698054,0.23673879515819182,0.4900390320062451,256790,113685,143105,0.4427158378441528,148792,42768,185873,70917,0.0003681182861328125,0.0008211135864257812,0.00045299530029296875
Global_Threshold_CV2,Global_Threshold_Sklearn,0.9086093453774953,0.895832492690997,0.9510183418357413,0.9226009115997574,0.856322342883792,0.92260091159974,0.856322342883762,0.9086093453774953,256790,272609,15819,0.9419718351191634,163163,28397,12578,244212,0.0003681182861328125,0.033698320388793945,0.03333020210266113
Global_Threshold_CV2,Adaptive_Threshold_Sklearn,0.6172298427567748,0.6099971846919562,0.9197087113984189,0.7335001141377013,0.5791552943080579,0.7335001141376899,0.5791552943080437,0.6172298427567748,256790,387169,130379,0.6632504151933651,40563,150997,20618,236172,0.0003681182861328125,0.03797125816345215,0.037603139877319336
Global_Threshold_CV2,Otsu_Thresholding_Sklearn,0.8817999330879893,0.8336558643339653,0.9914560535846412,0.9057342129931856,0.8277095233605665,0.9057342129931694,0.8277095233605395,0.8817999330879893,256790,305397,48607,0.8408399558607321,140759,50801,2194,254596,0.0003681182861328125,0.032521963119506836,0.03215384483337402
Global_Threshold_CV2,Niblack_Thresholding_Sklearn,0.6122828147652504,0.8230136047534868,0.4115580824798473,0.5487213169228533,0.3780950711405746,0.548721316922839,0.37809507114056107,0.6122828147652504,256790,128411,128379,0.5000623077222633,168833,22727,151106,105684,0.0003681182861328125,0.04276776313781738,0.04239964485168457
Global_Threshold_CV2,Sauvola_Thresholding_Sklearn,0.5970380283260845,0.5870100952833812,0.999949374975661,0.7397547182313439,0.5869926505046349,0.7397547182313332,0.5869926505046215,0.5970380283260845,256790,437432,180642,0.5870398141882625,10905,180655,13,256777,0.0003681182861328125,0.040842533111572266,0.04047441482543945
Global_Threshold_CV2,Sobel_Sklearn,0.49525593844095017,0.6016280217069561,0.35142723626309436,0.4436856544440839,0.28508742832772593,0.443685654444073,0.2850874283277169,0.49525593844095017,256790,149998,106792,0.5841271077534171,131805,59755,166547,90243,0.0003681182861328125,0.006790876388549805,0.006422758102416992
Global_Threshold_CV2,Canny_Sklearn,0.4735162261625962,0.6347290608395152,0.19026052416371353,0.2927646263965748,0.17148463001832184,0.29276462639656603,0.17148463001831582,0.4735162261625962,256790,76973,179817,0.29975076911094667,163444,28116,207933,48857,0.0003681182861328125,0.020357608795166016,0.019989490509033203
Global_Threshold_CV2,Global_Threshold_Torch,0.9999799263967882,1.0,0.9999649519062269,0.9999824756460158,0.9999649519062269,0.9999824756459963,0.9999649519061878,0.9999799263967882,256790,256781,9,0.9999649519062269,191560,0,9,256781,0.0003681182861328125,0.002567291259765625,0.0021991729736328125
Global_Threshold_CV2,Adaptive_Threshold_Torch,0.6562953050072488,0.6795995606640409,0.7566026714435921,0.7160368249194732,0.5576770726890709,0.71603682491946,0.5576770726890548,0.6562953050072488,256790,285886,29096,0.8982251666748284,99962,91598,62502,194288,0.0003681182861328125,0.002750873565673828,0.0023827552795410156
Global_Threshold_CV2,Otsu_Thresholding_Torch,0.9139043158246906,0.8693223557928306,1.0,0.9300935743895571,0.8693223557928306,0.9300935743895402,0.869322355792801,0.9139043158246906,256790,295391,38601,0.8693223557928306,152959,38601,0,256790,0.0003681182861328125,0.002817392349243164,0.0024492740631103516
Global_Threshold_CV2,Niblack_Thresholding_Torch,0.6804639232742278,0.7260537466547725,0.7099770240274154,0.7179253938814004,0.5599716197912028,0.7179253938813863,0.5599716197911855,0.6804639232742278,256790,251104,5686,0.9778573932006698,122771,68789,74475,182315,0.0003681182861328125,0.15732049942016602,0.1569523811340332
Global_Threshold_CV2,Sauvola_Thresholding_Torch,0.6939957622393219,0.6532171069994593,0.9927684099848125,0.7879696412868608,0.6501236834723179,0.7879696412868485,0.6501236834723012,0.6939957622393219,256790,390273,133483,0.6579753147155966,56220,135340,1857,254933,0.0003681182861328125,0.15748858451843262,0.1571204662322998
Global_Threshold_CV2,Sobel_Torch,0.4942232630757221,0.5997567960874737,0.35148564975271623,0.4432222470481068,0.2847048952284219,0.44322224704809593,0.2847048952284129,0.4942232630757221,256790,150491,106299,0.586046964445656,131327,60233,166532,90258,0.0003681182861328125,0.002649068832397461,0.0022809505462646484
Global_Threshold_CV2,Canny_Torch,0.5160477305676369,0.6129169503063309,0.4207523657463297,0.49897245249035954,0.33242058303207445,0.498972452490348,0.33242058303206423,0.5160477305676369,256790,176280,80510,0.6864753300362164,123325,68235,148745,108045,0.0003681182861328125,0.002446413040161133,0.0020782947540283203
Adaptive_Threshold_CV2,Global_Threshold_CV2,0.6422460131593621,0.745803964328829,0.668140064680661,0.7048390866148108,0.5442096648613013,0.7048390866147978,0.5442096648612859,0.6422460131593621,286639,256790,29849,0.8958655312082445,96436,65275,95124,191515,0.0010752677917480469,0.0003681182861328125,0.0007071495056152344
Adaptive_Threshold_CV2,Adaptive_Threshold_CV2,1.0,1.0,1.0,1.0,1.0,0.9999999999999826,0.999999999999965,1.0,286639,286639,0,1.0,161711,0,0,286639,0.0010752677917480469,0.0010752677917480469,0.0
Adaptive_Threshold_CV2,Otsu_Thresholding_CV2,0.6024556707929073,0.6838459764188703,0.7033446251207965,0.6934582621751446,0.5307585989021838,0.6934582621751326,0.5307585989021698,0.6024556707929073,286639,294812,8173,0.9722772478732209,68505,93206,85033,201606,0.0010752677917480469,0.0004265308380126953,0.0006487369537353516
Adaptive_Threshold_CV2,Niblack_Thresholding_CV2,0.8056674473067915,0.8978804703329664,0.7853537027410785,0.837855793655963,0.7209568219522038,0.8378557936559474,0.7209568219521806,0.8056674473067915,286639,250716,35923,0.8746751139935598,136108,25603,61526,225113,0.0010752677917480469,0.001978635787963867,0.0009033679962158203
Adaptive_Threshold_CV2,Sauvola_Thresholding_CV2,0.7553986840637894,0.7267918106232251,0.989286175293662,0.8379631886974497,0.7211158721883861,0.8379631886974372,0.7211158721883677,0.7553986840637894,286639,390164,103525,0.7346628597205278,55115,106596,3071,283568,0.0010752677917480469,0.0021708011627197266,0.0010955333709716797
Adaptive_Threshold_CV2,Sobel_CV2,0.3774551131928181,0.5259064323456671,0.2663245406242696,0.3535882685342152,0.2147629671099458,0.35358826853420705,0.21476296710993975,0.3774551131928181,286639,145157,141482,0.5064105024089535,92893,68818,210300,76339,0.0010752677917480469,0.0034241676330566406,0.0023488998413085938
Adaptive_Threshold_CV2,Canny_CV2,0.38685402029664323,0.5516119101024761,0.2187769284710036,0.31329623005365653,0.18574466698655862,0.3132962300536487,0.18574466698655312,0.38685402029664323,286639,113685,172954,0.396613859244555,110736,50975,223929,62710,0.0010752677917480469,0.0008211135864257812,0.0002541542053222656
Adaptive_Threshold_CV2,Global_Threshold_Sklearn,0.5560834169733467,0.6606861842418996,0.628347852176431,0.6441113781363546,0.47504741005277745,0.644111378136343,0.4750474100527649,0.5560834169733467,286639,272609,14030,0.9510534156203447,69211,92500,106530,180109,0.0010752677917480469,0.033698320388793945,0.0326230525970459
Adaptive_Threshold_CV2,Adaptive_Threshold_Sklearn,0.6759585145533623,0.6825494809760079,0.9219331633169248,0.7843836819984328,0.645255966362753,0.7843836819984211,0.6452559663627371,0.6759585145533623,286639,387169,100530,0.7403459471187,38804,122907,22377,264262,0.0010752677917480469,0.03797125816345215,0.0368959903717041
Adaptive_Threshold_CV2,Otsu_Thresholding_Sklearn,0.5533132597301216,0.6414011925460957,0.6833752559840077,0.6617232735847144,0.49445922545272797,0.6617232735847033,0.4944592254527155,0.5533132597301216,286639,305397,18758,0.9385783095446255,52196,109515,90757,195882,0.0010752677917480469,0.032521963119506836,0.03144669532775879
Adaptive_Threshold_CV2,Niblack_Thresholding_Sklearn,0.5100479536076725,0.7607603709962543,0.3408119620847128,0.47073846524515117,0.30782077136375097,0.47073846524513985,0.30782077136374125,0.5100479536076725,286639,128411,158228,0.4479885849448261,130990,30721,188949,97690,0.0010752677917480469,0.04276776313781738,0.041692495346069336
Adaptive_Threshold_CV2,Sauvola_Thresholding_Sklearn,0.6551823352291737,0.6509263154044514,0.9933609871650404,0.786486408100863,0.6481067977739083,0.7864864081008521,0.6481067977738936,0.6551823352291737,286639,437432,150793,0.6552767058651402,9015,152696,1903,284736,0.0010752677917480469,0.040842533111572266,0.03976726531982422
Adaptive_Threshold_CV2,Sobel_Sklearn,0.37793018846883014,0.5257803437379165,0.27514050774667786,0.36124286306474257,0.22043709523689733,0.3612428630647343,0.22043709523689117,0.37793018846883014,286639,149998,136641,0.5232993416806506,90579,71132,207773,78866,0.0010752677917480469,0.006790876388549805,0.005715608596801758
Adaptive_Threshold_CV2,Canny_Sklearn,0.37098249135719863,0.5300040273862263,0.14232536395954493,0.22439303433330032,0.12637539651070578,0.22439303433329416,0.12637539651070187,0.37098249135719863,286639,76973,209666,0.2685363819996581,125534,36177,245843,40796,0.0010752677917480469,0.020357608795166016,0.01928234100341797
Adaptive_Threshold_CV2,Global_Threshold_Torch,0.6422660867625739,0.7458301042522617,0.668140064680661,0.7048507600014722,0.5442235830692943,0.7048507600014592,0.5442235830692788,0.6422660867625739,286639,256781,29858,0.8958341328290986,96445,65266,95124,191515,0.0010752677917480469,0.002567291259765625,0.0014920234680175781
Adaptive_Threshold_CV2,Adaptive_Threshold_Torch,0.917834281253485,0.9368874306541768,0.9344262295081968,0.9356552115628138,0.8790903302459614,0.9356552115627975,0.8790903302459325,0.917834281253485,286639,285886,753,0.9973730022781269,143668,18043,18796,267843,0.0010752677917480469,0.002750873565673828,0.0016756057739257812
Adaptive_Threshold_CV2,Otsu_Thresholding_Torch,0.6017843202854912,0.6829761231723377,0.703829555643161,0.6932460526089721,0.5305100122276714,0.6932460526089601,0.5305100122276574,0.6017843202854912,286639,295391,8752,0.9703714737415832,68065,93646,84894,201745,0.0010752677917480469,0.002817392349243164,0.0017421245574951172
Adaptive_Threshold_CV2,Niblack_Thresholding_Torch,0.8060421545667448,0.8976001975277176,0.7863235637858073,0.8382852031546668,0.7215929464194243,0.8382852031546512,0.7215929464194011,0.8060421545667448,286639,251104,35535,0.8760287330056273,135998,25713,61248,225391,0.0010752677917480469,0.15732049942016602,0.15624523162841797
Adaptive_Threshold_CV2,Sauvola_Thresholding_Torch,0.7552135608341697,0.7266221337371532,0.9893315285079839,0.8378666650908833,0.7209729210258027,0.8378666650908709,0.7209729210257844,0.7552135608341697,286639,390273,103634,0.7344576744996452,55019,106692,3058,283581,0.0010752677917480469,0.15748858451843262,0.15641331672668457
Adaptive_Threshold_CV2,Sobel_Torch,0.37982825917252144,0.5285233003967015,0.277484920056238,0.3639100496419829,0.2224266762119958,0.3639100496419746,0.22242667621198955,0.37982825917252144,286639,150491,136148,0.5250192751160868,90758,70953,207101,79538,0.0010752677917480469,0.002649068832397461,0.001573801040649414
Adaptive_Threshold_CV2,Canny_Torch,0.385660756105721,0.5317676423871114,0.3270315623484592,0.4049952583497329,0.2539147676330452,0.4049952583497241,0.25391476763303833,0.385660756105721,286639,176280,110359,0.6149895862042499,79171,82540,192899,93740,0.0010752677917480469,0.002446413040161133,0.001371145248413086
Otsu_Thresholding_CV2,Global_Threshold_CV2,0.9151957176313148,1.0,0.871029673147633,0.9310698655914953,0.871029673147633,0.9310698655914784,0.8710296731476035,0.9151957176313148,294812,256790,38022,0.871029673147633,153538,0,38022,256790,0.0004265308380126953,0.0003681182861328125,5.841255187988281e-05
Otsu_Thresholding_CV2,Adaptive_Threshold_CV2,0.6024556707929073,0.7033446251207965,0.6838459764188703,0.6934582621751446,0.5307585989021838,0.6934582621751326,0.5307585989021698,0.6024556707929073,294812,286639,8173,0.9722772478732209,68505,85033,93206,201606,0.0004265308380126953,0.0010752677917480469,0.0006487369537353516
Otsu_Thresholding_CV2,Otsu_Thresholding_CV2,1.0,1.0,1.0,1.0,1.0,0.999999999999983,0.999999999999966,1.0,294812,294812,0,1.0,153538,0,0,294812,0.0004265308380126953,0.0004265308380126953,0.0
Otsu_Thresholding_CV2,Niblack_Thresholding_CV2,0.6501840080294413,0.7751559533496067,0.6592133291724895,0.7124987168394656,0.553396510091576,0.7124987168394525,0.5533965100915601,0.6501840080294413,294812,250716,44096,0.8504267126168541,97166,56372,100468,194344,0.0004265308380126953,0.001978635787963867,0.0015521049499511719
Otsu_Thresholding_CV2,Sauvola_Thresholding_CV2,0.7347206423553028,0.7253847100193764,0.9599982361640639,0.826361799537502,0.7041026776495993,0.82636179953749,0.7041026776495818,0.7347206423553028,294812,390164,95352,0.7556104612419393,46393,107145,11793,283019,0.0004265308380126953,0.0021708011627197266,0.0017442703247070312
Otsu_Thresholding_CV2,Sobel_CV2,0.5101170960187353,0.758936875245424,0.3736788190440009,0.5007852825994559,0.3340317279353798,0.5007852825994444,0.33403172793536967,0.5101170960187353,294812,145157,149655,0.49237140957627235,118546,34992,184647,110165,0.0004265308380126953,0.0034241676330566406,0.0029976367950439453
Otsu_Thresholding_CV2,Canny_CV2,0.47431470949035354,0.7600211109645072,0.29307830074759506,0.4230288104931003,0.2682539879662459,0.42302881049308994,0.26825398796623756,0.47431470949035354,294812,113685,181127,0.38561863153467296,126256,27282,208409,86403,0.0004265308380126953,0.0008211135864257812,0.00039458274841308594
Otsu_Thresholding_CV2,Global_Threshold_Sklearn,0.9169911899185904,0.9724623911903129,0.8992239121881063,0.9344102527047818,0.876894935482057,0.9344102527047653,0.876894935482028,0.9169911899185904,294812,272609,22203,0.9246875975197754,146031,7507,29710,265102,0.0004265308380126953,0.033698320388793945,0.03327178955078125
Otsu_Thresholding_CV2,Adaptive_Threshold_Sklearn,0.6513906546225048,0.6788792491134362,0.8915546178581605,0.7708161957591194,0.6270959583909911,0.7708161957591081,0.6270959583909761,0.6513906546225048,294812,387169,92357,0.7614555917441738,29210,124328,31971,262841,0.0004265308380126953,0.03797125816345215,0.03754472732543945
Otsu_Thresholding_CV2,Otsu_Thresholding_Sklearn,0.947958068473291,0.9444690026424621,0.978379441813766,0.9611252080525283,0.9251598128113263,0.9611252080525123,0.9251598128112966,0.947958068473291,294812,305397,10585,0.9653401965310726,136579,16959,6374,288438,0.0004265308380126953,0.032521963119506836,0.03209543228149414
Otsu_Thresholding_CV2,Niblack_Thresholding_Sklearn,0.5608676257388201,0.8813030036367601,0.3838683635672903,0.5347960767727652,0.36499771007630927,0.5347960767727525,0.3649977100762975,0.5608676257388201,294812,128411,166401,0.4355691084487741,138296,15242,181643,113169,0.0004265308380126953,0.04276776313781738,0.04234123229980469
Otsu_Thresholding_CV2,Sauvola_Thresholding_Sklearn,0.6815612802498049,0.6737870114669251,0.9997422085939514,0.805021277060652,0.6736699671777431,0.8050212770606409,0.6736699671777276,0.6815612802498049,294812,437432,142620,0.673960752757,10842,142696,76,294736,0.0004265308380126953,0.040842533111572266,0.04041600227355957
Otsu_Thresholding_CV2,Sobel_Sklearn,0.5178543548566967,0.7621434952466033,0.3877725465720527,0.5140172208358625,0.3459106175678538,0.5140172208358509,0.3459106175678433,0.5178543548566967,294812,149998,144814,0.5087920437431313,117860,35678,180492,114320,0.0004265308380126953,0.006790876388549805,0.006364345550537109
Otsu_Thresholding_CV2,Canny_Sklearn,0.44475744396119105,0.7979551271224975,0.20833955198567222,0.33041139368183225,0.19789988529597505,0.3304113936818233,0.19789988529596866,0.44475744396119105,294812,76973,217839,0.2610918144444595,137986,15552,233391,61421,0.0004265308380126953,0.020357608795166016,0.01993107795715332
Otsu_Thresholding_CV2,Global_Threshold_Torch,0.915175644028103,1.0,0.8709991452179694,0.9310524245231538,0.8709991452179694,0.931052424523137,0.8709991452179399,0.915175644028103,294812,256781,38031,0.8709991452179694,153538,0,38031,256781,0.0004265308380126953,0.002567291259765625,0.0021407604217529297
Otsu_Thresholding_CV2,Adaptive_Threshold_Torch,0.6197033567525371,0.7174048396913455,0.6956840291439969,0.706377497425512,0.546046080691796,0.7063774974254998,0.5460460806917815,0.6197033567525371,294812,285886,8926,0.9697230777580288,72748,80790,89716,205096,0.0004265308380126953,0.002750873565673828,0.002324342727661133
Otsu_Thresholding_CV2,Otsu_Thresholding_Torch,0.9987085981933758,0.9980398861170449,1.0,0.9990189816046343,0.9980398861170449,0.9990189816046174,0.998039886117011,0.9987085981933758,294812,295391,579,0.9980398861170449,152959,579,0,294812,0.0004265308380126953,0.002817392349243164,0.0023908615112304688
Otsu_Thresholding_CV2,Niblack_Thresholding_Torch,0.650090331214453,0.7746471581496113,0.6598001438204686,0.7126261183039149,0.5535502377639094,0.7126261183039018,0.5535502377638937,0.650090331214453,294812,251104,43708,0.8517428055845759,96951,56587,100295,194517,0.0004265308380126953,0.15732049942016602,0.15689396858215332
Otsu_Thresholding_CV2,Sauvola_Thresholding_Torch,0.7346068919371027,0.725256423067955,0.9600966039374246,0.8263149828123517,0.7040347032735793,0.8263149828123397,0.7040347032735618,0.7346068919371027,294812,390273,95461,0.7553994255303339,46313,107225,11764,283048,0.0004265308380126953,0.15748858451843262,0.15706205368041992
Otsu_Thresholding_CV2,Sobel_Torch,0.5162640794022527,0.7589158155637215,0.3873994274317192,0.5129541009155564,0.344948398184196,0.5129541009155448,0.34494839818418555,0.5162640794022527,294812,150491,144321,0.5104642958902623,117257,36281,180602,114210,0.0004265308380126953,0.002649068832397461,0.0022225379943847656
Otsu_Thresholding_CV2,Canny_Torch,0.5512746738039478,0.7655604719764012,0.4577595213220629,0.5729369210260417,0.40147974498644906,0.5729369210260294,0.4014797449864371,0.5512746738039478,294812,176280,118532,0.5979403823453591,112211,41327,159859,134953,0.0004265308380126953,0.002446413040161133,0.0020198822021484375
Niblack_Thresholding_CV2,Global_Threshold_CV2,0.6810393665662986,0.7097238989057206,0.7269181065428613,0.7182181097366337,0.5603278648203261,0.7182181097366195,0.5603278648203089,0.6810393665662986,250716,256790,6074,0.9763464309357841,123094,74540,68466,182250,0.001978635787963867,0.0003681182861328125,0.0016105175018310547
Niblack_Thresholding_CV2,Adaptive_Threshold_CV2,0.8056674473067915,0.7853537027410785,0.8978804703329664,0.837855793655963,0.7209568219522038,0.8378557936559474,0.7209568219521806,0.8056674473067915,250716,286639,35923,0.8746751139935598,136108,61526,25603,225113,0.001978635787963867,0.0010752677917480469,0.0009033679962158203
Niblack_Thresholding_CV2,Otsu_Thresholding_CV2,0.6501840080294413,0.6592133291724895,0.7751559533496067,0.7124987168394656,0.553396510091576,0.7124987168394525,0.5533965100915601,0.6501840080294413,250716,294812,44096,0.8504267126168541,97166,100468,56372,194344,0.001978635787963867,0.0004265308380126953,0.0015521049499511719
Niblack_Thresholding_CV2,Niblack_Thresholding_CV2,1.0,1.0,1.0,1.0,1.0,0.99999999999998,0.99999999999996,1.0,250716,250716,0,1.0,197634,0,0,250716,0.001978635787963867,0.001978635787963867,0.0
Niblack_Thresholding_CV2,Sauvola_Thresholding_CV2,0.688778855804617,0.642478547482597,0.9998245026244835,0.782274372737486,0.6424061013613253,0.7822743727374737,0.6424061013613087,0.688778855804617,250716,390164,139448,0.6425913205728873,58142,139492,44,250672,0.001978635787963867,0.0021708011627197266,0.00019216537475585938
Niblack_Thresholding_CV2,Sobel_CV2,0.49397791903646704,0.5821214271444023,0.33703074394932914,0.4268995359622909,0.2713746170200466,0.42689953596228014,0.2713746170200379,0.49397791903646704,250716,145157,105559,0.578969830405718,136976,60658,166217,84499,0.001978635787963867,0.0034241676330566406,0.0014455318450927734
Niblack_Thresholding_CV2,Canny_CV2,0.4964536634325861,0.6097374323789418,0.2764801608194132,0.38044901084245103,0.23491017781437765,0.3804490108424406,0.23491017781436968,0.4964536634325861,250716,113685,137031,0.4534413439908103,153267,44367,181398,69318,0.001978635787963867,0.0008211135864257812,0.001157522201538086
Niblack_Thresholding_CV2,Global_Threshold_Sklearn,0.5993063454890153,0.6303423584694563,0.6853850571961901,0.656712368031338,0.4888844000364166,0.6567123680313255,0.48888440003640266,0.5993063454890153,250716,272609,21893,0.919690839260626,96862,100772,78879,171837,0.001978635787963867,0.033698320388793945,0.03171968460083008
Niblack_Thresholding_CV2,Adaptive_Threshold_Sklearn,0.5870346827255493,0.584669743703654,0.902878156958471,0.7097392163164207,0.5500742371555141,0.7097392163164096,0.5500742371555007,0.5870346827255493,250716,387169,136453,0.647562175690719,36831,160803,24350,226366,0.001978635787963867,0.03797125816345215,0.03599262237548828
Niblack_Thresholding_CV2,Otsu_Thresholding_Sklearn,0.601541206646593,0.6179890437692577,0.7527720608178178,0.6787541380978326,0.5137228109238093,0.6787541380978204,0.5137228109237953,0.601541206646593,250716,305397,54681,0.8209510898928281,80969,116665,61984,188732,0.001978635787963867,0.032521963119506836,0.03054332733154297
Niblack_Thresholding_CV2,Niblack_Thresholding_Sklearn,0.6397345823575332,0.8472872261722126,0.4339611353084765,0.5739554291833607,0.40248070847791184,0.5739554291833455,0.40248070847789696,0.6397345823575332,250716,128411,122305,0.5121771247148168,178024,19610,141915,108801,0.001978635787963867,0.04276776313781738,0.040789127349853516
Niblack_Thresholding_CV2,Sauvola_Thresholding_Sklearn,0.5818802275008365,0.5722992373671794,0.9985082723081096,0.7275818573911426,0.5718103452213994,0.727581857391132,0.5718103452213864,0.5818802275008365,250716,437432,186716,0.5731542273999158,10544,187090,374,250342,0.001978635787963867,0.040842533111572266,0.0388638973236084
Niblack_Thresholding_CV2,Sobel_Sklearn,0.49571094011375044,0.582061094147922,0.34823465594537245,0.4357621645363027,0.2785779468165893,0.4357621645362918,0.27857794681658044,0.49571094011375044,250716,149998,100718,0.5982785302892516,134944,62690,163408,87308,0.001978635787963867,0.006790876388549805,0.0048122406005859375
Niblack_Thresholding_CV2,Canny_Sklearn,0.47410951265752205,0.5970015459966482,0.18328706584342444,0.2804671502552725,0.16310659624613114,0.280467150255264,0.16310659624612533,0.47410951265752205,250716,76973,173743,0.30701271558257154,166614,31020,204763,45953,0.001978635787963867,0.020357608795166016,0.01837897300720215
Niblack_Thresholding_CV2,Global_Threshold_Torch,0.681050518568083,0.7097409855090525,0.7269101293894287,0.718222964864817,0.5603337750461954,0.7182229648648027,0.5603337750461781,0.681050518568083,250716,256781,6065,0.9763806512164062,123101,74533,68468,182248,0.001978635787963867,0.002567291259765625,0.0005886554718017578
Niblack_Thresholding_CV2,Adaptive_Threshold_Torch,0.8526419092227054,0.8229399131122196,0.9383804783101198,0.8768770895374971,0.780749000282078,0.8768770895374807,0.7807490002820522,0.8526419092227054,250716,285886,35170,0.8769789356596686,147015,50619,15449,235267,0.001978635787963867,0.002750873565673828,0.0007722377777099609
Niblack_Thresholding_CV2,Otsu_Thresholding_Torch,0.6495572655291625,0.6584256121547373,0.7757502512803331,0.7122889836607111,0.5531435039560427,0.7122889836606981,0.553143503956027,0.6495572655291625,250716,295391,44675,0.848759779411018,96736,100898,56223,194493,0.001978635787963867,0.002817392349243164,0.0008387565612792969
Niblack_Thresholding_CV2,Niblack_Thresholding_Torch,0.9846325415412066,0.9855079966866318,0.9870331370953589,0.9862699772826911,0.9729118751351458,0.9862699772826713,0.9729118751351075,0.9846325415412066,250716,251104,388,0.9984548234994265,193995,3639,3251,247465,0.001978635787963867,0.15732049942016602,0.15534186363220215
Niblack_Thresholding_CV2,Sauvola_Thresholding_Torch,0.6885446637671462,0.6423042331906127,0.999832479777916,0.7821475875561047,0.6422351177894777,0.7821475875560925,0.6422351177894613,0.6885446637671462,250716,390273,139557,0.642411850166422,58035,139599,42,250674,0.001978635787963867,0.15748858451843262,0.15550994873046875
Niblack_Thresholding_CV2,Sobel_Torch,0.49503066800490686,0.5807789170116485,0.3486095821567032,0.43569528946404223,0.27852328675451316,0.43569528946403135,0.2785232867545043,0.49503066800490686,250716,150491,100225,0.6002448986103799,134545,63089,163314,87402,0.001978635787963867,0.002649068832397461,0.0006704330444335938
Niblack_Thresholding_CV2,Canny_Torch,0.5073714731794358,0.5846550941683685,0.4110746821104357,0.4827352012665224,0.3181614716623499,0.4827352012665111,0.3181614716623401,0.5073714731794358,250716,176280,74436,0.7031063035466424,124417,73217,147653,103063,0.001978635787963867,0.002446413040161133,0.0004677772521972656
Sauvola_Thresholding_CV2,Global_Threshold_CV2,0.6941942678710828,0.9927294676583979,0.6533739658195016,0.7880714857625117,0.6502623517017787,0.7880714857624995,0.650262351701762,0.6941942678710828,390164,256790,133374,0.6581591330824986,56319,1867,135241,254923,0.0021708011627197266,0.0003681182861328125,0.001802682876586914
Sauvola_Thresholding_CV2,Adaptive_Threshold_CV2,0.7553986840637894,0.989286175293662,0.7267918106232251,0.8379631886974497,0.7211158721883861,0.8379631886974372,0.7211158721883677,0.7553986840637894,390164,286639,103525,0.7346628597205278,55115,3071,106596,283568,0.0021708011627197266,0.0010752677917480469,0.0010955333709716797
Sauvola_Thresholding_CV2,Otsu_Thresholding_CV2,0.7347206423553028,0.9599982361640639,0.7253847100193764,0.826361799537502,0.7041026776495993,0.82636179953749,0.7041026776495818,0.7347206423553028,390164,294812,95352,0.7556104612419393,46393,11793,107145,283019,0.0021708011627197266,0.0004265308380126953,0.0017442703247070312
Sauvola_Thresholding_CV2,Niblack_Thresholding_CV2,0.688778855804617,0.9998245026244835,0.642478547482597,0.782274372737486,0.6424061013613253,0.7822743727374737,0.6424061013613087,0.688778855804617,390164,250716,139448,0.6425913205728873,58142,44,139492,250672,0.0021708011627197266,0.001978635787963867,0.00019216537475585938
Sauvola_Thresholding_CV2,Sauvola_Thresholding_CV2,1.0,1.0,1.0,1.0,1.0,0.9999999999999871,0.9999999999999744,1.0,390164,390164,0,1.0,58186,0,0,390164,0.0021708011627197266,0.0021708011627197266,0.0
Sauvola_Thresholding_CV2,Sobel_CV2,0.3190877662540426,0.7923627520546719,0.2947914210434586,0.42971226609828495,0.273651928128212,0.4297122660982769,0.27365192812820543,0.3190877662540426,390164,145157,245007,0.37204098789227097,28046,30140,275147,115017,0.0021708011627197266,0.0034241676330566406,0.001253366470336914
Sauvola_Thresholding_CV2,Canny_CV2,0.3139489238318278,0.8631657650525575,0.25150705857024225,0.389517494328658,0.2418638469880706,0.38951749432865024,0.24186384698806462,0.3139489238318278,390164,113685,276479,0.29137747203739967,42630,15556,292035,98129,0.0021708011627197266,0.0008211135864257812,0.0013496875762939453
Sauvola_Thresholding_CV2,Global_Threshold_Sklearn,0.656177093788335,0.9328745565993786,0.6518028316297761,0.7674120701959796,0.6226022920068648,0.767412070195968,0.6226022920068495,0.656177093788335,390164,272609,117555,0.6987036220666182,39887,18299,135854,254310,0.0021708011627197266,0.033698320388793945,0.03152751922607422
Sauvola_Thresholding_CV2,Adaptive_Threshold_Sklearn,0.8327445076391212,0.9070250975672123,0.9000625378046155,0.9035304046013742,0.8240359863995063,0.9035304046013626,0.8240359863994869,0.8327445076391212,390164,387169,2995,0.9923237407859259,22189,35997,38992,351172,0.0021708011627197266,0.03797125816345215,0.03580045700073242
Sauvola_Thresholding_CV2,Otsu_Thresholding_Sklearn,0.6909222705475633,0.911904832071042,0.713784459868158,0.8007723262230056,0.6677400328004066,0.8007723262229941,0.6677400328003906,0.6909222705475633,390164,305397,84767,0.7827400785310792,31282,26904,111671,278493,0.0021708011627197266,0.032521963119506836,0.03035116195678711
Sauvola_Thresholding_CV2,Niblack_Thresholding_Sklearn,0.3904828816772611,0.9551284547273987,0.3143524261592561,0.47302318854553344,0.30977758470017125,0.4730231885455243,0.3097775847001634,0.3904828816772611,390164,128411,261753,0.3291205749377185,52424,5762,267515,122649,0.0021708011627197266,0.04276776313781738,0.040596961975097656
Sauvola_Thresholding_CV2,Sauvola_Thresholding_Sklearn,0.8925705364112858,0.8909156165986942,0.9988492018740838,0.9418001053654198,0.8900020781901933,0.9418001053654085,0.8900020781901729,0.8925705364112858,390164,437432,47268,0.8919420618518993,10469,47717,449,389715,0.0021708011627197266,0.040842533111572266,0.03867173194885254
Sauvola_Thresholding_CV2,Sobel_Sklearn,0.3262986506077841,0.793703916052214,0.3051383520775879,0.44080849819128337,0.282716072836422,0.4408084981912752,0.2827160728364153,0.3262986506077841,390164,149998,240166,0.3844485908489763,27242,30944,271110,119054,0.0021708011627197266,0.006790876388549805,0.004620075225830078
Sauvola_Thresholding_CV2,Canny_Sklearn,0.2521891379502621,0.8565081262260793,0.1689750976512441,0.28226408954974663,0.16432333272683314,0.2822640895497406,0.16432333272682906,0.2521891379502621,390164,76973,313191,0.19728370633887288,47141,11045,324236,65928,0.0021708011627197266,0.020357608795166016,0.01818680763244629
Sauvola_Thresholding_CV2,Global_Threshold_Torch,0.6941831158692985,0.9927370015694308,0.6533560246460463,0.7880608088786527,0.6502478132995263,0.7880608088786405,0.6502478132995098,0.6941831158692985,390164,256781,133383,0.6581360658594847,56321,1865,135248,254916,0.0021708011627197266,0.002567291259765625,0.00039649009704589844
Sauvola_Thresholding_CV2,Adaptive_Threshold_Torch,0.7601159808185569,0.9942739413612419,0.7285372304979445,0.8409111752089342,0.7254932988940814,0.8409111752089218,0.7254932988940629,0.7601159808185569,390164,285886,104278,0.7327329020616972,56549,1637,105915,284249,0.0021708011627197266,0.002750873565673828,0.0005800724029541016
Sauvola_Thresholding_CV2,Otsu_Thresholding_Torch,0.734767480762797,0.9591321333419095,0.7261536174531735,0.8265390814741341,0.7043601268906811,0.826539081474122,0.7043601268906635,0.734767480762797,390164,295391,94773,0.7570944525891676,46114,12072,106845,283319,0.0021708011627197266,0.002817392349243164,0.0006465911865234375
Sauvola_Thresholding_CV2,Niblack_Thresholding_Torch,0.6896576335452214,0.9998367210398879,0.6434806901713126,0.7830205156034606,0.6434130777411873,0.7830205156034484,0.6434130777411708,0.6896576335452214,390164,251104,139060,0.6435857741872648,58145,41,139101,251063,0.0021708011627197266,0.15732049942016602,0.1551496982574463
Sauvola_Thresholding_CV2,Sauvola_Thresholding_Torch,0.9981911453105833,0.9988213378839941,0.9991003783024575,0.9989608386070881,0.9979238346850168,0.9989608386070753,0.9979238346849912,0.9981911453105833,390164,390273,109,0.9997207083246855,57726,460,351,389813,0.0021708011627197266,0.15748858451843262,0.1553177833557129
Sauvola_Thresholding_CV2,Sobel_Torch,0.3272867179658749,0.7942136074582533,0.3063378476743113,0.4421377773256513,0.28381057765598994,0.44213777732564313,0.28381057765598317,0.3272867179658749,390164,150491,239673,0.38571216206518283,27217,30969,270642,119522,0.0021708011627197266,0.002649068832397461,0.0004782676696777344
Sauvola_Thresholding_CV2,Canny_Torch,0.3682747853239656,0.8032958928976628,0.36293712387611365,0.4999788152050335,0.3333145026704234,0.4999788152050247,0.3333145026704155,0.3682747853239656,390164,176280,213884,0.4518100080991583,23511,34675,248559,141605,0.0021708011627197266,0.002446413040161133,0.00027561187744140625
Sobel_CV2,Global_Threshold_CV2,0.49047619047619045,0.337828575879123,0.5976356634540532,0.43165392452238727,0.2752287465576974,0.43165392452237655,0.2752287465576887,0.49047619047619045,145157,256790,111633,0.565275127536119,133154,170039,58406,86751,0.0034241676330566406,0.0003681182861328125,0.003056049346923828
Sobel_CV2,Adaptive_Threshold_CV2,0.3774551131928181,0.2663245406242696,0.5259064323456671,0.3535882685342152,0.2147629671099458,0.35358826853420705,0.21476296710993975,0.3774551131928181,145157,286639,141482,0.5064105024089535,92893,210300,68818,76339,0.0034241676330566406,0.0010752677917480469,0.0023488998413085938
Sobel_CV2,Otsu_Thresholding_CV2,0.5101170960187353,0.3736788190440009,0.758936875245424,0.5007852825994559,0.3340317279353798,0.5007852825994444,0.33403172793536967,0.5101170960187353,145157,294812,149655,0.49237140957627235,118546,184647,34992,110165,0.0034241676330566406,0.0004265308380126953,0.0029976367950439453
Sobel_CV2,Niblack_Thresholding_CV2,0.49397791903646704,0.33703074394932914,0.5821214271444023,0.4268995359622909,0.2713746170200466,0.42689953596228014,0.2713746170200379,0.49397791903646704,145157,250716,105559,0.578969830405718,136976,166217,60658,84499,0.0034241676330566406,0.001978635787963867,0.0014455318450927734
Sobel_CV2,Sauvola_Thresholding_CV2,0.3190877662540426,0.2947914210434586,0.7923627520546719,0.42971226609828495,0.273651928128212,0.4297122660982769,0.27365192812820543,0.3190877662540426,145157,390164,245007,0.37204098789227097,28046,275147,30140,115017,0.0034241676330566406,0.0021708011627197266,0.001253366470336914
Sobel_CV2,Sobel_CV2,1.0,1.0,1.0,1.0,1.0,0.9999999999999655,0.999999999999931,1.0,145157,145157,0,1.0,303193,0,0,145157,0.0034241676330566406,0.0034241676330566406,0.0
Sobel_CV2,Canny_CV2,0.7955793464926955,0.7353212824910939,0.5758936875245424,0.6459152687740012,0.47701244529150283,0.6459152687739761,0.4770124452914756,0.7955793464926955,145157,113685,31472,0.7831864808448783,273103,30090,61562,83595,0.0034241676330566406,0.0008211135864257812,0.0026030540466308594
Sobel_CV2,Global_Threshold_Sklearn,0.4999933087989294,0.3550653133242116,0.6668228194299964,0.4633885955295548,0.3015652455665915,0.4633885955295437,0.3015652455665821,0.4999933087989294,145157,272609,127452,0.5324732492324171,127378,175815,48363,96794,0.0034241676330566406,0.033698320388793945,0.030274152755737305
Sobel_CV2,Adaptive_Threshold_Sklearn,0.31852793576446975,0.29287985350066764,0.7811817549274234,0.42603216825779694,0.27067399959898025,0.4260321682577889,0.2706739995989738,0.31852793576446975,145157,387169,242012,0.3749189630368134,29418,273775,31763,113394,0.0034241676330566406,0.03797125816345215,0.03454709053039551
Sobel_CV2,Otsu_Thresholding_Sklearn,0.5225292740046839,0.38716817781445134,0.8145662971816723,0.5248649440466625,0.355808061050693,0.5248649440466508,0.3558080610506823,0.5225292740046839,145157,305397,160240,0.47530591328664,116036,187157,26917,118240,0.0034241676330566406,0.032521963119506836,0.029097795486450195
Sobel_CV2,Niblack_Thresholding_Sklearn,0.6061202185792349,0.3775844748502854,0.33402453894748446,0.3544712831910165,0.21541482659652927,0.3544712831910035,0.21541482659651967,0.6061202185792349,145157,128411,16746,0.8846352569975957,223268,79925,96671,48486,0.0034241676330566406,0.04276776313781738,0.03934359550476074
Sobel_CV2,Sauvola_Thresholding_Sklearn,0.33120330099252815,0.3231748020263721,0.9738903394255874,0.4853061077363287,0.3203988015103508,0.4853061077363204,0.32039880151034356,0.33120330099252815,145157,437432,292275,0.3318390058340496,7128,296065,3790,141367,0.0034241676330566406,0.040842533111572266,0.037418365478515625
Sobel_CV2,Sobel_Sklearn,0.9859908553585368,0.9629261723489646,0.9950398534001116,0.9787196557740848,0.958326145516793,0.9787196557740516,0.9583261455167293,0.9859908553585368,145157,149998,4841,0.967726236349818,297632,5561,720,144437,0.0034241676330566406,0.006790876388549805,0.003366708755493164
Sobel_CV2,Canny_Sklearn,0.7902353072376491,0.831993036519299,0.44118437278257333,0.5766082924413631,0.4050945986121742,0.5766082924413372,0.4050945986121485,0.7902353072376491,145157,76973,68184,0.5302741169905688,290261,12932,81116,64041,0.0034241676330566406,0.020357608795166016,0.016933441162109375
Sobel_CV2,Global_Threshold_Torch,0.4904739600758336,0.33782094469606394,0.597601217991554,0.43163871044788005,0.27521637605015353,0.4316387104478693,0.2752163760501448,0.4904739600758336,145157,256781,111624,0.5652949400461872,133158,170035,58411,86746,0.0034241676330566406,0.002567291259765625,0.0008568763732910156
Sobel_CV2,Adaptive_Threshold_Torch,0.39062116649938666,0.2760331041044332,0.543645845532768,0.3661537248023979,0.22410537047502477,0.3661537248023894,0.2241053704750184,0.39062116649938666,145157,285886,140729,0.5077443456482654,96221,206972,66243,78914,0.0034241676330566406,0.002750873565673828,0.0006732940673828125
Sobel_CV2,Otsu_Thresholding_Torch,0.5104405040704807,0.3741718603478102,0.7614307267303678,0.5017705221678455,0.3349089906399896,0.5017705221678341,0.3349089906399794,0.5104405040704807,145157,295391,150234,0.4914063055407917,118329,184864,34630,110527,0.0034241676330566406,0.002817392349243164,0.0006067752838134766
Sobel_CV2,Niblack_Thresholding_Torch,0.4935139957622393,0.3368683891933223,0.5827414454693883,0.42693578222434203,0.2714039118047178,0.42693578222433126,0.2714039118047091,0.4935139957622393,145157,251104,105947,0.5780752198292342,136678,166515,60568,84589,0.0034241676330566406,0.15732049942016602,0.15389633178710938
Sobel_CV2,Sauvola_Thresholding_Torch,0.31916136946581913,0.2948910121889037,0.7928518776221608,0.429889994957324,0.2737960993667062,0.429889994957316,0.27379609936669963,0.31916136946581913,145157,390273,245116,0.37193707994147684,28008,275185,30069,115088,0.0034241676330566406,0.15748858451843262,0.15406441688537598
Sobel_CV2,Sobel_Torch,0.9880807404929185,0.9645227953831126,0.9999655545375008,0.9819244506981275,0.9644907505847331,0.9819244506980942,0.9644907505846689,0.9880807404929185,145157,150491,5334,0.9645560199613266,297854,5339,5,145152,0.0034241676330566406,0.002649068832397461,0.0007750988006591797
Sobel_CV2,Canny_Torch,0.93058324969332,0.8234456546403449,1.0,0.9031754278443366,0.8234456546403449,0.9031754278443084,0.8234456546402982,0.93058324969332,145157,176280,31123,0.8234456546403449,272070,31123,0,145157,0.0034241676330566406,0.002446413040161133,0.0009777545928955078
Canny_CV2,Global_Threshold_CV2,0.4900390320062451,0.27616729623427705,0.6238026124818578,0.3828436466698158,0.23673879515819976,0.3828436466698054,0.23673879515819182,0.4900390320062451,113685,256790,143105,0.4427158378441528,148792,185873,42768,70917,0.0008211135864257812,0.0003681182861328125,0.00045299530029296875
Canny_CV2,Adaptive_Threshold_CV2,0.38685402029664323,0.2187769284710036,0.5516119101024761,0.31329623005365653,0.18574466698655862,0.3132962300536487,0.18574466698655312,0.38685402029664323,113685,286639,172954,0.396613859244555,110736,223929,50975,62710,0.0008211135864257812,0.0010752677917480469,0.0002541542053222656
Canny_CV2,Otsu_Thresholding_CV2,0.47431470949035354,0.29307830074759506,0.7600211109645072,0.4230288104931003,0.2682539879662459,0.42302881049308994,0.26825398796623756,0.47431470949035354,113685,294812,181127,0.38561863153467296,126256,208409,27282,86403,0.0008211135864257812,0.0004265308380126953,0.00039458274841308594
Canny_CV2,Niblack_Thresholding_CV2,0.4964536634325861,0.2764801608194132,0.6097374323789418,0.38044901084245103,0.23491017781437765,0.3804490108424406,0.23491017781436968,0.4964536634325861,113685,250716,137031,0.4534413439908103,153267,181398,44367,69318,0.0008211135864257812,0.001978635787963867,0.001157522201538086
Canny_CV2,Sauvola_Thresholding_CV2,0.3139489238318278,0.25150705857024225,0.8631657650525575,0.389517494328658,0.2418638469880706,0.38951749432865024,0.24186384698806462,0.3139489238318278,113685,390164,276479,0.29137747203739967,42630,292035,15556,98129,0.0008211135864257812,0.0021708011627197266,0.0013496875762939453
Canny_CV2,Sobel_CV2,0.7955793464926955,0.5758936875245424,0.7353212824910939,0.6459152687740012,0.47701244529150283,0.6459152687739761,0.4770124452914756,0.7955793464926955,113685,145157,31472,0.7831864808448783,273103,61562,30090,83595,0.0008211135864257812,0.0034241676330566406,0.0026030540466308594
Canny_CV2,Canny_CV2,1.0,1.0,1.0,1.0,1.0,0.9999999999999559,0.9999999999999121,1.0,113685,113685,0,1.0,334665,0,0,113685,0.0008211135864257812,0.0008211135864257812,0.0
Canny_CV2,Global_Threshold_Sklearn,0.4810928961748634,0.28179920692273547,0.6757355851695475,0.39773333264301286,0.2482316712604977,0.39773333264300254,0.24823167126048964,0.4810928961748634,113685,272609,158924,0.4170258502103746,138877,195788,36864,76821,0.0008211135864257812,0.033698320388793945,0.032877206802368164
Canny_CV2,Adaptive_Threshold_Sklearn,0.2964603546336567,0.2394587376571988,0.815507762677574,0.3702116784532019,0.22715322815777803,0.3702116784531945,0.22715322815777247,0.2964603546336567,113685,387169,273484,0.29363146326281286,40207,294458,20974,92711,0.0008211135864257812,0.03797125816345215,0.03715014457702637
Canny_CV2,Otsu_Thresholding_Sklearn,0.46505631760901084,0.29345409417905216,0.7883185996393544,0.42769672760939387,0.272019231352933,0.42769672760938365,0.2720192313529247,0.46505631760901084,113685,305397,191712,0.3722531655517245,118888,215777,24065,89620,0.0008211135864257812,0.032521963119506836,0.031700849533081055
Canny_CV2,Niblack_Thresholding_Sklearn,0.6246726887476302,0.28742864707852134,0.3246602454149624,0.3049121009847333,0.17987981694746744,0.3049121009847207,0.17987981694745867,0.6246726887476302,113685,128411,14726,0.885321350974605,243163,91502,76776,36909,0.0008211135864257812,0.04276776313781738,0.0419466495513916
Canny_CV2,Sauvola_Thresholding_Sklearn,0.2688680718188915,0.2552556740247627,0.9821612349914237,0.4052025250536637,0.25407773176170756,0.4052025250536564,0.2540777317617018,0.2688680718188915,113685,437432,323747,0.2598918231862324,8890,325775,2028,111657,0.0008211135864257812,0.040842533111572266,0.040021419525146484
Canny_CV2,Sobel_Sklearn,0.7922448979591836,0.5684609128121708,0.7500373839996481,0.6467462824679634,0.4779194574447216,0.6467462824679389,0.4779194574446948,0.7922448979591836,113685,149998,36313,0.7579101054680729,269935,64730,28417,85268,0.0008211135864257812,0.006790876388549805,0.0059697628021240234
Canny_CV2,Canny_Sklearn,0.8162730010036802,0.7033895002143609,0.4762457668118045,0.5679488927818397,0.39659820094347914,0.5679488927818099,0.39659820094345005,0.8162730010036802,113685,76973,36712,0.6770726129216695,311834,22831,59543,54142,0.0008211135864257812,0.020357608795166016,0.019536495208740234
Canny_CV2,Global_Threshold_Torch,0.4900457232073157,0.2761652926034247,0.6237762237762238,0.3828367515507496,0.23673352205960901,0.38283675155073926,0.2367335220596011,0.4900457232073157,113685,256781,143096,0.44273135473418984,148798,185867,42771,70914,0.0008211135864257812,0.002567291259765625,0.0017461776733398438
Canny_CV2,Adaptive_Threshold_Torch,0.3997925727668116,0.228181862700517,0.573813607775872,0.32652019290689266,0.19511451020975842,0.32652019290688444,0.19511451020975257,0.3997925727668116,113685,285886,172201,0.39765850723715046,114013,220652,48451,65234,0.0008211135864257812,0.002750873565673828,0.0019297599792480469
Canny_CV2,Otsu_Thresholding_Torch,0.47402698784431807,0.2932655361876293,0.7620002638870563,0.42353010198593904,0.268657271870193,0.42353010198592866,0.2686572718701847,0.47402698784431807,113685,295391,181706,0.38486277510147565,125902,208763,27057,86628,0.0008211135864257812,0.002817392349243164,0.001996278762817383
Canny_CV2,Niblack_Thresholding_Torch,0.4960700345712055,0.2764830508474576,0.6106874257817654,0.380636477525364,0.2350531380030674,0.3806364775253535,0.23505313800305944,0.4960700345712055,113685,251104,137419,0.4527406970816873,152987,181678,44259,69426,0.0008211135864257812,0.15732049942016602,0.15649938583374023
Canny_CV2,Sauvola_Thresholding_Torch,0.31386639901862384,0.251529057864623,0.8634824295201654,0.38957611546994,0.24190905215220568,0.3895761154699322,0.2419090521521997,0.31386639901862384,113685,390273,276588,0.29129609273508544,42557,292108,15520,98165,0.0008211135864257812,0.15748858451843262,0.15666747093200684
Canny_CV2,Sobel_Torch,0.7907929073268651,0.5660737186941411,0.7493424814179531,0.6449412512870207,0.47595076737416686,0.6449412512869963,0.4759507673741402,0.7907929073268651,113685,150491,36806,0.7554272348512535,269363,65302,28496,85189,0.0008211135864257812,0.002649068832397461,0.0018279552459716797
Canny_CV2,Canny_Torch,0.7715512434481989,0.5319378261856138,0.824822975766372,0.6467677133447141,0.47794286296796556,0.6467677133446917,0.47794286296794114,0.7715512434481989,113685,176280,62595,0.6449115044247787,252155,82510,19915,93770,0.0008211135864257812,0.002446413040161133,0.0016252994537353516
Global_Threshold_Sklearn,Global_Threshold_CV2,0.9086093453774953,0.9510183418357413,0.895832492690997,0.9226009115997574,0.856322342883792,0.92260091159974,0.856322342883762,0.9086093453774953,272609,256790,15819,0.9419718351191634,163163,12578,28397,244212,0.033698320388793945,0.0003681182861328125,0.03333020210266113
Global_Threshold_Sklearn,Adaptive_Threshold_CV2,0.5560834169733467,0.628347852176431,0.6606861842418996,0.6441113781363546,0.47504741005277745,0.644111378136343,0.4750474100527649,0.5560834169733467,272609,286639,14030,0.9510534156203447,69211,106530,92500,180109,0.033698320388793945,0.0010752677917480469,0.0326230525970459
Global_Threshold_Sklearn,Otsu_Thresholding_CV2,0.9169911899185904,0.8992239121881063,0.9724623911903129,0.9344102527047818,0.876894935482057,0.9344102527047653,0.876894935482028,0.9169911899185904,272609,294812,22203,0.9246875975197754,146031,29710,7507,265102,0.033698320388793945,0.0004265308380126953,0.03327178955078125
Global_Threshold_Sklearn,Niblack_Thresholding_CV2,0.5993063454890153,0.6853850571961901,0.6303423584694563,0.656712368031338,0.4888844000364166,0.6567123680313255,0.48888440003640266,0.5993063454890153,272609,250716,21893,0.919690839260626,96862,78879,100772,171837,0.033698320388793945,0.001978635787963867,0.03171968460083008
Global_Threshold_Sklearn,Sauvola_Thresholding_CV2,0.656177093788335,0.6518028316297761,0.9328745565993786,0.7674120701959796,0.6226022920068648,0.767412070195968,0.6226022920068495,0.656177093788335,272609,390164,117555,0.6987036220666182,39887,135854,18299,254310,0.033698320388793945,0.0021708011627197266,0.03152751922607422
Global_Threshold_Sklearn,Sobel_CV2,0.4999933087989294,0.6668228194299964,0.3550653133242116,0.4633885955295548,0.3015652455665915,0.4633885955295437,0.3015652455665821,0.4999933087989294,272609,145157,127452,0.5324732492324171,127378,48363,175815,96794,0.033698320388793945,0.0034241676330566406,0.030274152755737305
Global_Threshold_Sklearn,Canny_CV2,0.4810928961748634,0.6757355851695475,0.28179920692273547,0.39773333264301286,0.2482316712604977,0.39773333264300254,0.24823167126048964,0.4810928961748634,272609,113685,158924,0.4170258502103746,138877,36864,195788,76821,0.033698320388793945,0.0008211135864257812,0.032877206802368164
Global_Threshold_Sklearn,Global_Threshold_Sklearn,1.0,1.0,1.0,1.0,1.0,0.9999999999999817,0.9999999999999633,1.0,272609,272609,0,1.0,175741,0,0,272609,0.033698320388793945,0.033698320388793945,0.0
Global_Threshold_Sklearn,Adaptive_Threshold_Sklearn,0.6475744396119103,0.6479960947286585,0.9203071065151921,0.760510353482535,0.6135673304083699,0.7605103534825235,0.6135673304083549,0.6475744396119103,272609,387169,114560,0.7041085417479188,39456,136285,21725,250884,0.033698320388793945,0.03797125816345215,0.004272937774658203
Global_Threshold_Sklearn,Otsu_Thresholding_Sklearn,0.9268696330991413,0.8926381071195854,1.0,0.9432739452531634,0.8926381071195854,0.9432739452531471,0.892638107119556,0.9268696330991413,272609,305397,32788,0.8926381071195854,142953,32788,0,272609,0.033698320388793945,0.032521963119506836,0.0011763572692871094
Global_Threshold_Sklearn,Niblack_Thresholding_Sklearn,0.5980327868852459,0.8597316429277866,0.40497195617165976,0.5505909929679318,0.3798727552379216,0.550590992967918,0.3798727552379085,0.5980327868852459,272609,128411,144198,0.47104460967906414,157729,18012,162210,110399,0.033698320388793945,0.04276776313781738,0.009069442749023438
Global_Threshold_Sklearn,Sauvola_Thresholding_Sklearn,0.6323787219805955,0.6232031492894896,1.0,0.7678683343637902,0.6232031492894896,0.7678683343637794,0.6232031492894753,0.6323787219805955,272609,437432,164823,0.6232031492894896,10918,164823,0,272609,0.033698320388793945,0.040842533111572266,0.00714421272277832
Global_Threshold_Sklearn,Sobel_Sklearn,0.5063834058213449,0.670988946519287,0.36919910934708683,0.4763148741028899,0.3126071561684681,0.47631487410287865,0.3126071561684584,0.5063834058213449,272609,149998,122611,0.5502312836333356,126390,49351,171962,100647,0.033698320388793945,0.006790876388549805,0.02690744400024414
Global_Threshold_Sklearn,Canny_Sklearn,0.46081409613025537,0.7004923804450911,0.19778877439849749,0.30847698108026156,0.18236641040644247,0.30847698108025273,0.1823664104064363,0.46081409613025537,272609,76973,195636,0.28235678205781906,152687,23054,218690,53919,0.033698320388793945,0.020357608795166016,0.01334071159362793
Global_Threshold_Sklearn,Global_Threshold_Torch,0.9085892717742835,0.9510166250618232,0.8957994783737881,0.9225825950622415,0.8562907846430587,0.922582595062224,0.8562907846430287,0.9085892717742835,272609,256781,15828,0.9419388208019545,163163,12578,28406,244203,0.033698320388793945,0.002567291259765625,0.03113102912902832
Global_Threshold_Sklearn,Adaptive_Threshold_Torch,0.5729697780751645,0.6419272017517472,0.6731912739491359,0.6571876203009874,0.4894113505628345,0.6571876203009757,0.4894113505628215,0.5729697780751645,272609,285886,13277,0.9535584113947517,73373,102368,89091,183518,0.033698320388793945,0.002750873565673828,0.030947446823120117
Global_Threshold_Sklearn,Otsu_Thresholding_Torch,0.9166053306568529,0.8981485556431983,0.9732070474562469,0.9341725352112676,0.876476321049241,0.9341725352112511,0.876476321049212,0.9166053306568529,272609,295391,22782,0.9228751045224803,145655,30086,7304,265305,0.033698320388793945,0.002817392349243164,0.03088092803955078
Global_Threshold_Sklearn,Niblack_Thresholding_Torch,0.598802275008364,0.6846485918185293,0.6306394873243363,0.6565351633432815,0.48868801432652537,0.656535163343269,0.4886880143265115,0.598802275008364,272609,251104,21505,0.9211141231580762,96555,79186,100691,171918,0.033698320388793945,0.15732049942016602,0.12362217903137207
Global_Threshold_Sklearn,Sauvola_Thresholding_Torch,0.6560187353629977,0.6516694723949645,0.9329442534912641,0.7673432073883436,0.6225116447560047,0.7673432073883321,0.6225116447559895,0.6560187353629977,272609,390273,117664,0.6985084799614629,39797,135944,18280,254329,0.033698320388793945,0.15748858451843262,0.12379026412963867
Global_Threshold_Sklearn,Sobel_Torch,0.5047217575554812,0.6679535653294881,0.3687369089061623,0.47516426376743087,0.31161668924511515,0.4751642637674196,0.3116166892451055,0.5047217575554812,272609,150491,122118,0.5520397345648896,125771,49970,172088,100521,0.033698320388793945,0.002649068832397461,0.031049251556396484
Global_Threshold_Sklearn,Canny_Torch,0.5320553139288502,0.6781427274790106,0.43851450245589835,0.532617194896734,0.362970857396173,0.5326171948967221,0.36297085739616197,0.5320553139288502,272609,176280,96329,0.646640426398248,119004,56737,153066,119543,0.033698320388793945,0.002446413040161133,0.03125190734863281
Adaptive_Threshold_Sklearn,Global_Threshold_CV2,0.6172298427567748,0.9197087113984189,0.6099971846919562,0.7335001141377013,0.5791552943080579,0.7335001141376899,0.5791552943080437,0.6172298427567748,387169,256790,130379,0.6632504151933651,40563,20618,150997,236172,0.03797125816345215,0.0003681182861328125,0.037603139877319336
Adaptive_Threshold_Sklearn,Adaptive_Threshold_CV2,0.6759585145533623,0.9219331633169248,0.6825494809760079,0.7843836819984328,0.645255966362753,0.7843836819984211,0.6452559663627371,0.6759585145533623,387169,286639,100530,0.7403459471187,38804,22377,122907,264262,0.03797125816345215,0.0010752677917480469,0.0368959903717041
Adaptive_Threshold_Sklearn,Otsu_Thresholding_CV2,0.6513906546225048,0.8915546178581605,0.6788792491134362,0.7708161957591194,0.6270959583909911,0.7708161957591081,0.6270959583909761,0.6513906546225048,387169,294812,92357,0.7614555917441738,29210,31971,124328,262841,0.03797125816345215,0.0004265308380126953,0.03754472732543945
Adaptive_Threshold_Sklearn,Niblack_Thresholding_CV2,0.5870346827255493,0.902878156958471,0.584669743703654,0.7097392163164207,0.5500742371555141,0.7097392163164096,0.5500742371555007,0.5870346827255493,387169,250716,136453,0.647562175690719,36831,24350,160803,226366,0.03797125816345215,0.001978635787963867,0.03599262237548828
Adaptive_Threshold_Sklearn,Sauvola_Thresholding_CV2,0.8327445076391212,0.9000625378046155,0.9070250975672123,0.9035304046013742,0.8240359863995063,0.9035304046013626,0.8240359863994869,0.8327445076391212,387169,390164,2995,0.9923237407859259,22189,38992,35997,351172,0.03797125816345215,0.0021708011627197266,0.03580045700073242
Adaptive_Threshold_Sklearn,Sobel_CV2,0.31852793576446975,0.7811817549274234,0.29287985350066764,0.42603216825779694,0.27067399959898025,0.4260321682577889,0.2706739995989738,0.31852793576446975,387169,145157,242012,0.3749189630368134,29418,31763,273775,113394,0.03797125816345215,0.0034241676330566406,0.03454709053039551
Adaptive_Threshold_Sklearn,Canny_CV2,0.2964603546336567,0.815507762677574,0.2394587376571988,0.3702116784532019,0.22715322815777803,0.3702116784531945,0.22715322815777247,0.2964603546336567,387169,113685,273484,0.29363146326281286,40207,20974,294458,92711,0.03797125816345215,0.0008211135864257812,0.03715014457702637
Adaptive_Threshold_Sklearn,Global_Threshold_Sklearn,0.6475744396119103,0.9203071065151921,0.6479960947286585,0.760510353482535,0.6135673304083699,0.7605103534825235,0.6135673304083549,0.6475744396119103,387169,272609,114560,0.7041085417479188,39456,21725,136285,250884,0.03797125816345215,0.033698320388793945,0.004272937774658203
Adaptive_Threshold_Sklearn,Adaptive_Threshold_Sklearn,1.0,1.0,1.0,1.0,1.0,0.9999999999999871,0.9999999999999741,1.0,387169,387169,0,1.0,61181,0,0,387169,0.03797125816345215,0.03797125816345215,0.0
Adaptive_Threshold_Sklearn,Otsu_Thresholding_Sklearn,0.6678621612579458,0.8900742312465414,0.7020861690889508,0.7849822255207446,0.6460664543423492,0.7849822255207333,0.6460664543423338,0.6678621612579458,387169,305397,81772,0.7887950739857789,27610,33571,115343,271826,0.03797125816345215,0.032521963119506836,0.0054492950439453125
Adaptive_Threshold_Sklearn,Niblack_Thresholding_Sklearn,0.413453774952604,0.9835683858859443,0.3262167167309366,0.48993754606462625,0.3244485317728416,0.48993754606461676,0.3244485317728332,0.413453774952604,387169,128411,258758,0.3316665332193435,59071,2110,260868,126301,0.03797125816345215,0.04276776313781738,0.004796504974365234
Adaptive_Threshold_Sklearn,Sauvola_Thresholding_Sklearn,0.8681944909111186,0.875,0.9885941281455902,0.9283350371876823,0.8662549111911789,0.928335037187671,0.8662549111911593,0.8681944909111186,387169,437432,50263,0.8850952833811884,6502,54679,4416,382753,0.03797125816345215,0.040842533111572266,0.002871274948120117
Adaptive_Threshold_Sklearn,Sobel_Sklearn,0.32517229842756773,0.7820370938279178,0.30297880253842635,0.43675058222117147,0.27938637126872334,0.4367505822211633,0.2793863712687167,0.32517229842756773,387169,149998,237171,0.3874225467431535,28487,32694,269865,117304,0.03797125816345215,0.006790876388549805,0.031180381774902344
Adaptive_Threshold_Sklearn,Canny_Sklearn,0.2376982268317163,0.7948501422576748,0.15802401535246882,0.2636348358907403,0.1518314472900536,0.26363483589073466,0.15183144729004983,0.2376982268317163,387169,76973,310196,0.19880982206736594,45390,15791,325987,61182,0.03797125816345215,0.020357608795166016,0.017613649368286133
Adaptive_Threshold_Sklearn,Global_Threshold_Torch,0.6172186907549905,0.9197136859814394,0.6099791047320421,0.7334886248932371,0.5791409688929215,0.7334886248932256,0.5791409688929073,0.6172186907549905,387169,256781,130388,0.6632271695306184,40565,20616,151004,236165,0.03797125816345215,0.002567291259765625,0.03540396690368652
Adaptive_Threshold_Sklearn,Adaptive_Threshold_Torch,0.6716203858592618,0.9196427946803971,0.6790652144154103,0.7812526465147722,0.6410292045194104,0.7812526465147606,0.6410292045193947,0.6716203858592618,387169,285886,101283,0.7384010600022213,38208,22973,124256,262913,0.03797125816345215,0.002750873565673828,0.03522038459777832
Adaptive_Threshold_Sklearn,Otsu_Thresholding_Torch,0.6517854354856697,0.8910867291149697,0.6798555669488001,0.7712699249882794,0.6276967909171772,0.7712699249882681,0.6276967909171622,0.6517854354856697,387169,295391,91778,0.7629510627142152,29009,32172,123950,263219,0.03797125816345215,0.002817392349243164,0.035153865814208984
Adaptive_Threshold_Sklearn,Niblack_Thresholding_Torch,0.5876190476190476,0.9027773352873709,0.5855091704139536,0.7103261457088111,0.5507796745241531,0.7103261457087999,0.5507796745241398,0.5876190476190476,387169,251104,136065,0.6485643220402459,36768,24413,160478,226691,0.03797125816345215,0.15732049942016602,0.11934924125671387
Adaptive_Threshold_Sklearn,Sauvola_Thresholding_Torch,0.8327333556373369,0.8999443978958319,0.9071594058408602,0.9035374986172602,0.8240477877518078,0.9035374986172485,0.8240477877517884,0.8327333556373369,387169,390273,3104,0.9920465930259075,22132,39049,35945,351224,0.03797125816345215,0.15748858451843262,0.11951732635498047
Adaptive_Threshold_Sklearn,Sobel_Torch,0.32616036578565855,0.7825850050833605,0.30418757700125787,0.43809098686902503,0.2804843196280913,0.4380909868690169,0.2804843196280846,0.32616036578565855,387169,150491,236678,0.38869589249139264,28462,32719,269397,117772,0.03797125816345215,0.002649068832397461,0.03532218933105469
Adaptive_Threshold_Sklearn,Canny_Torch,0.3607650273224044,0.7852507374631268,0.35752862445082123,0.49134526816091606,0.32568437150755836,0.49134526816090734,0.3256843715075507,0.3607650273224044,387169,176280,210889,0.4553050476665229,23325,37856,248745,138424,0.03797125816345215,0.002446413040161133,0.035524845123291016
Otsu_Thresholding_Sklearn,Global_Threshold_CV2,0.8817999330879893,0.9914560535846412,0.8336558643339653,0.9057342129931856,0.8277095233605665,0.9057342129931694,0.8277095233605395,0.8817999330879893,305397,256790,48607,0.8408399558607321,140759,2194,50801,254596,0.032521963119506836,0.0003681182861328125,0.03215384483337402
Otsu_Thresholding_Sklearn,Adaptive_Threshold_CV2,0.5533132597301216,0.6833752559840077,0.6414011925460957,0.6617232735847144,0.49445922545272797,0.6617232735847033,0.4944592254527155,0.5533132597301216,305397,286639,18758,0.9385783095446255,52196,90757,109515,195882,0.032521963119506836,0.0010752677917480469,0.03144669532775879
Otsu_Thresholding_Sklearn,Otsu_Thresholding_CV2,0.947958068473291,0.978379441813766,0.9444690026424621,0.9611252080525283,0.9251598128113263,0.9611252080525123,0.9251598128112966,0.947958068473291,305397,294812,10585,0.9653401965310726,136579,6374,16959,288438,0.032521963119506836,0.0004265308380126953,0.03209543228149414
Otsu_Thresholding_Sklearn,Niblack_Thresholding_CV2,0.601541206646593,0.7527720608178178,0.6179890437692577,0.6787541380978326,0.5137228109238093,0.6787541380978204,0.5137228109237953,0.601541206646593,305397,250716,54681,0.8209510898928281,80969,61984,116665,188732,0.032521963119506836,0.001978635787963867,0.03054332733154297
Otsu_Thresholding_Sklearn,Sauvola_Thresholding_CV2,0.6909222705475633,0.713784459868158,0.911904832071042,0.8007723262230056,0.6677400328004066,0.8007723262229941,0.6677400328003906,0.6909222705475633,305397,390164,84767,0.7827400785310792,31282,111671,26904,278493,0.032521963119506836,0.0021708011627197266,0.03035116195678711
Otsu_Thresholding_Sklearn,Sobel_CV2,0.5225292740046839,0.8145662971816723,0.38716817781445134,0.5248649440466625,0.355808061050693,0.5248649440466508,0.3558080610506823,0.5225292740046839,305397,145157,160240,0.47530591328664,116036,26917,187157,118240,0.032521963119506836,0.0034241676330566406,0.029097795486450195
Otsu_Thresholding_Sklearn,Canny_CV2,0.46505631760901084,0.7883185996393544,0.29345409417905216,0.42769672760939387,0.272019231352933,0.42769672760938365,0.2720192313529247,0.46505631760901084,305397,113685,191712,0.3722531655517245,118888,24065,215777,89620,0.032521963119506836,0.0008211135864257812,0.031700849533081055
Otsu_Thresholding_Sklearn,Global_Threshold_Sklearn,0.9268696330991413,1.0,0.8926381071195854,0.9432739452531634,0.8926381071195854,0.9432739452531471,0.892638107119556,0.9268696330991413,305397,272609,32788,0.8926381071195854,142953,0,32788,272609,0.032521963119506836,0.033698320388793945,0.0011763572692871094
Otsu_Thresholding_Sklearn,Adaptive_Threshold_Sklearn,0.6678621612579458,0.7020861690889508,0.8900742312465414,0.7849822255207446,0.6460664543423492,0.7849822255207333,0.6460664543423338,0.6678621612579458,305397,387169,81772,0.7887950739857789,27610,115343,33571,271826,0.032521963119506836,0.03797125816345215,0.0054492950439453125
Otsu_Thresholding_Sklearn,Otsu_Thresholding_Sklearn,1.0,1.0,1.0,1.0,1.0,0.9999999999999836,0.9999999999999672,1.0,305397,305397,0,1.0,142953,0,0,305397,0.032521963119506836,0.032521963119506836,0.0
Otsu_Thresholding_Sklearn,Niblack_Thresholding_Sklearn,0.5447217575554812,0.8943314825053928,0.37604167689924917,0.5294600376203298,0.36004464425675464,0.5294600376203175,0.3600446442567433,0.5447217575554812,305397,128411,176986,0.42047236875280375,129384,13569,190555,114842,0.032521963119506836,0.04276776313781738,0.010245800018310547
Otsu_Thresholding_Sklearn,Sauvola_Thresholding_Sklearn,0.7053886472621835,0.6980970756597596,0.9999115904871364,0.822181148016569,0.6980539890595462,0.8221811480165581,0.6980539890595302,0.7053886472621835,305397,437432,132035,0.6981587995391284,10891,132062,27,305370,0.032521963119506836,0.040842533111572266,0.00832056999206543
Otsu_Thresholding_Sklearn,Sobel_Sklearn,0.531943793911007,0.8184842464566194,0.4020046038435217,0.5391846638632396,0.3690984414834768,0.5391846638632277,0.3690984414834657,0.531943793911007,305397,149998,155399,0.4911574115004404,115726,27227,182626,122771,0.032521963119506836,0.006790876388549805,0.02573108673095703
Otsu_Thresholding_Sklearn,Canny_Sklearn,0.43388870302219246,0.8350590466787056,0.21047030586417023,0.33620315401312867,0.20206983492249123,0.33620315401311984,0.20206983492248487,0.43388870302219246,305397,76973,228424,0.2520424234684689,130257,12696,241120,64277,0.032521963119506836,0.020357608795166016,0.01216435432434082
Otsu_Thresholding_Sklearn,Global_Threshold_Torch,0.8817798594847776,0.9914557541251106,0.8336263944963441,0.905716694712351,0.827680263726832,0.9057166947123347,0.8276802637268051,0.8817798594847776,305397,256781,48616,0.8408104860231109,140759,2194,50810,254587,0.032521963119506836,0.002567291259765625,0.02995467185974121
Otsu_Thresholding_Sklearn,Adaptive_Threshold_Torch,0.5732775733244118,0.6995130926313285,0.6548230663693487,0.6764307446687965,0.5110656219492873,0.6764307446687851,0.5110656219492742,0.5732775733244118,305397,285886,19511,0.9361126664636522,57048,85905,105416,199981,0.032521963119506836,0.002750873565673828,0.029771089553833008
Otsu_Thresholding_Sklearn,Otsu_Thresholding_Torch,0.9485357421657188,0.9778801656110038,0.9458409873050488,0.9615937735107891,0.9260285127159532,0.9615937735107731,0.9260285127159235,0.9485357421657188,305397,295391,10006,0.9672360894180362,136419,6534,16540,288857,0.032521963119506836,0.002817392349243164,0.029704570770263672
Otsu_Thresholding_Sklearn,Niblack_Thresholding_Torch,0.6013984610237537,0.7522540461322799,0.6185195008464393,0.6788631107581119,0.5138476688419971,0.6788631107580997,0.5138476688419831,0.6013984610237537,305397,251104,54293,0.8222215673369417,80743,62210,116503,188894,0.032521963119506836,0.15732049942016602,0.12479853630065918
Otsu_Thresholding_Sklearn,Sauvola_Thresholding_Torch,0.691040481766477,0.713792652835323,0.9121700606096327,0.8008797274569839,0.6678894067552794,0.8008797274569723,0.6678894067552633,0.691040481766477,305397,390273,84876,0.7825214657432106,31254,111699,26823,278574,0.032521963119506836,0.15748858451843262,0.12496662139892578
Otsu_Thresholding_Sklearn,Sobel_Torch,0.5298628303780528,0.8143410569402821,0.40128423003500363,0.5376364370196188,0.36764895586148555,0.5376364370196071,0.3676489558614745,0.5298628303780528,305397,150491,154906,0.4927717037168014,115013,27940,182846,122551,0.032521963119506836,0.002649068832397461,0.029872894287109375
Otsu_Thresholding_Sklearn,Canny_Torch,0.5675454444072711,0.8162752439301112,0.4711670383140633,0.5974667671489401,0.42599116595220615,0.5974667671489277,0.4259911659521935,0.5675454444072711,305397,176280,129117,0.5772158862071337,110566,32387,161504,143893,0.032521963119506836,0.002446413040161133,0.030075550079345703
Niblack_Thresholding_Sklearn,Global_Threshold_CV2,0.6122828147652504,0.4115580824798473,0.8230136047534868,0.5487213169228533,0.3780950711405746,0.548721316922839,0.37809507114056107,0.6122828147652504,128411,256790,128379,0.5000623077222633,168833,151106,22727,105684,0.04276776313781738,0.0003681182861328125,0.04239964485168457
Niblack_Thresholding_Sklearn,Adaptive_Threshold_CV2,0.5100479536076725,0.3408119620847128,0.7607603709962543,0.47073846524515117,0.30782077136375097,0.47073846524513985,0.30782077136374125,0.5100479536076725,128411,286639,158228,0.4479885849448261,130990,188949,30721,97690,0.04276776313781738,0.0010752677917480469,0.041692495346069336
Niblack_Thresholding_Sklearn,Otsu_Thresholding_CV2,0.5608676257388201,0.3838683635672903,0.8813030036367601,0.5347960767727652,0.36499771007630927,0.5347960767727525,0.3649977100762975,0.5608676257388201,128411,294812,166401,0.4355691084487741,138296,181643,15242,113169,0.04276776313781738,0.0004265308380126953,0.04234123229980469
Niblack_Thresholding_Sklearn,Niblack_Thresholding_CV2,0.6397345823575332,0.4339611353084765,0.8472872261722126,0.5739554291833607,0.40248070847791184,0.5739554291833455,0.40248070847789696,0.6397345823575332,128411,250716,122305,0.5121771247148168,178024,141915,19610,108801,0.04276776313781738,0.001978635787963867,0.040789127349853516
Niblack_Thresholding_Sklearn,Sauvola_Thresholding_CV2,0.3904828816772611,0.3143524261592561,0.9551284547273987,0.47302318854553344,0.30977758470017125,0.4730231885455243,0.3097775847001634,0.3904828816772611,128411,390164,261753,0.3291205749377185,52424,267515,5762,122649,0.04276776313781738,0.0021708011627197266,0.040596961975097656
Niblack_Thresholding_Sklearn,Sobel_CV2,0.6061202185792349,0.33402453894748446,0.3775844748502854,0.3544712831910165,0.21541482659652927,0.3544712831910035,0.21541482659651967,0.6061202185792349,128411,145157,16746,0.8846352569975957,223268,96671,79925,48486,0.04276776313781738,0.0034241676330566406,0.03934359550476074
Niblack_Thresholding_Sklearn,Canny_CV2,0.6246726887476302,0.3246602454149624,0.28742864707852134,0.3049121009847333,0.17987981694746744,0.3049121009847207,0.17987981694745867,0.6246726887476302,128411,113685,14726,0.885321350974605,243163,76776,91502,36909,0.04276776313781738,0.0008211135864257812,0.0419466495513916
Niblack_Thresholding_Sklearn,Global_Threshold_Sklearn,0.5980327868852459,0.40497195617165976,0.8597316429277866,0.5505909929679318,0.3798727552379216,0.550590992967918,0.3798727552379085,0.5980327868852459,128411,272609,144198,0.47104460967906414,157729,162210,18012,110399,0.04276776313781738,0.033698320388793945,0.009069442749023438
Niblack_Thresholding_Sklearn,Adaptive_Threshold_Sklearn,0.413453774952604,0.3262167167309366,0.9835683858859443,0.48993754606462625,0.3244485317728416,0.48993754606461676,0.3244485317728332,0.413453774952604,128411,387169,258758,0.3316665332193435,59071,260868,2110,126301,0.04276776313781738,0.03797125816345215,0.004796504974365234
Niblack_Thresholding_Sklearn,Otsu_Thresholding_Sklearn,0.5447217575554812,0.37604167689924917,0.8943314825053928,0.5294600376203298,0.36004464425675464,0.5294600376203175,0.3600446442567433,0.5447217575554812,128411,305397,176986,0.42047236875280375,129384,190555,13569,114842,0.04276776313781738,0.032521963119506836,0.010245800018310547
Niblack_Thresholding_Sklearn,Niblack_Thresholding_Sklearn,1.0,1.0,1.0,1.0,1.0,0.999999999999961,0.9999999999999222,1.0,128411,128411,0,1.0,319939,0,0,128411,0.04276776313781738,0.04276776313781738,0.0
Niblack_Thresholding_Sklearn,Sauvola_Thresholding_Sklearn,0.3107594513215122,0.29355648420783115,1.0,0.45387501480092535,0.29355648420783115,0.4538750148009173,0.29355648420782443,0.3107594513215122,128411,437432,309021,0.29355648420783115,10918,309021,0,128411,0.04276776313781738,0.040842533111572266,0.0019252300262451172
Niblack_Thresholding_Sklearn,Sobel_Sklearn,0.6026697892271663,0.33422445632608433,0.39041047885305774,0.3601392196372962,0.21961572832886506,0.36013921963728324,0.21961572832885543,0.6026697892271663,128411,149998,21587,0.8560847477966372,220074,99865,78278,50133,0.04276776313781738,0.006790876388549805,0.03597688674926758
Niblack_Thresholding_Sklearn,Canny_Sklearn,0.6501126352180217,0.3151234848583269,0.1888934748580729,0.2362014567833911,0.1339163464511285,0.2362014567833796,0.13391634645112108,0.6501126352180217,128411,76973,51438,0.5994268403797183,267222,52717,104155,24256,0.04276776313781738,0.020357608795166016,0.022410154342651367
Niblack_Thresholding_Sklearn,Global_Threshold_Torch,0.6122850451656072,0.41155692983515135,0.8229824547741237,0.5487133689173191,0.37808752397034834,0.5487133689173049,0.3780875239703348,0.6122850451656072,128411,256781,128370,0.5000798345671993,168838,151101,22731,105680,0.04276776313781738,0.002567291259765625,0.04020047187805176
Niblack_Thresholding_Sklearn,Adaptive_Threshold_Torch,0.5418779971004796,0.3653519234939801,0.8133960486251178,0.5042228159991504,0.3370975446025148,0.5042228159991382,0.3370975446025039,0.5418779971004796,128411,285886,157475,0.44916854970162934,138502,181437,23962,104449,0.04276776313781738,0.002750873565673828,0.040016889572143555
Niblack_Thresholding_Sklearn,Otsu_Thresholding_Torch,0.5599910783985725,0.38343077480356547,0.882027240656953,0.5345043204137782,0.3647259612288272,0.5345043204137655,0.36472596122881545,0.5599910783985725,128411,295391,166980,0.4347153433923173,137810,182129,15149,113262,0.04276776313781738,0.002817392349243164,0.03995037078857422
Niblack_Thresholding_Sklearn,Niblack_Thresholding_Torch,0.6394892383182781,0.43384414425895246,0.8483696879550817,0.5741011554220519,0.402624041393329,0.5741011554220367,0.40262404139331415,0.6394892383182781,128411,251104,122693,0.5113857206575761,177775,142164,19471,108940,0.04276776313781738,0.15732049942016602,0.11455273628234863
Niblack_Thresholding_Sklearn,Sauvola_Thresholding_Torch,0.39027991524478645,0.31428769092404546,0.9551985421809658,0.47295848724849815,0.3097220889537556,0.472958487248489,0.30972208895374775,0.39027991524478645,128411,390273,261862,0.3290286543009637,52324,267615,5753,122658,0.04276776313781738,0.15748858451843262,0.11472082138061523
Niblack_Thresholding_Sklearn,Sobel_Torch,0.6007181889149102,0.3318603770325136,0.3889230673384679,0.3581329642670185,0.21812543675751223,0.3581329642670057,0.21812543675750268,0.6007181889149102,128411,150491,22080,0.8532802626070662,219390,100549,78469,49942,0.04276776313781738,0.002649068832397461,0.04011869430541992
Niblack_Thresholding_Sklearn,Canny_Torch,0.5813248578119773,0.33179600635352846,0.45548278574265444,0.3839233846749658,0.23756508882949773,0.3839233846749532,0.23756508882948807,0.5813248578119773,128411,176280,47869,0.7284490583163149,202148,117791,69922,58489,0.04276776313781738,0.002446413040161133,0.04032135009765625
Sauvola_Thresholding_Sklearn,Global_Threshold_CV2,0.5970380283260845,0.999949374975661,0.5870100952833812,0.7397547182313439,0.5869926505046349,0.7397547182313332,0.5869926505046215,0.5970380283260845,437432,256790,180642,0.5870398141882625,10905,13,180655,256777,0.040842533111572266,0.0003681182861328125,0.04047441482543945
Sauvola_Thresholding_Sklearn,Adaptive_Threshold_CV2,0.6551823352291737,0.9933609871650404,0.6509263154044514,0.786486408100863,0.6481067977739083,0.7864864081008521,0.6481067977738936,0.6551823352291737,437432,286639,150793,0.6552767058651402,9015,1903,152696,284736,0.040842533111572266,0.0010752677917480469,0.03976726531982422
Sauvola_Thresholding_Sklearn,Otsu_Thresholding_CV2,0.6815612802498049,0.9997422085939514,0.6737870114669251,0.805021277060652,0.6736699671777431,0.8050212770606409,0.6736699671777276,0.6815612802498049,437432,294812,142620,0.673960752757,10842,76,142696,294736,0.040842533111572266,0.0004265308380126953,0.04041600227355957
Sauvola_Thresholding_Sklearn,Niblack_Thresholding_CV2,0.5818802275008365,0.9985082723081096,0.5722992373671794,0.7275818573911426,0.5718103452213994,0.727581857391132,0.5718103452213864,0.5818802275008365,437432,250716,186716,0.5731542273999158,10544,374,187090,250342,0.040842533111572266,0.001978635787963867,0.0388638973236084
Sauvola_Thresholding_Sklearn,Sauvola_Thresholding_CV2,0.8925705364112858,0.9988492018740838,0.8909156165986942,0.9418001053654198,0.8900020781901933,0.9418001053654085,0.8900020781901729,0.8925705364112858,437432,390164,47268,0.8919420618518993,10469,449,47717,389715,0.040842533111572266,0.0021708011627197266,0.03867173194885254
Sauvola_Thresholding_Sklearn,Sobel_CV2,0.33120330099252815,0.9738903394255874,0.3231748020263721,0.4853061077363287,0.3203988015103508,0.4853061077363204,0.32039880151034356,0.33120330099252815,437432,145157,292275,0.3318390058340496,7128,3790,296065,141367,0.040842533111572266,0.0034241676330566406,0.037418365478515625
Sauvola_Thresholding_Sklearn,Canny_CV2,0.2688680718188915,0.9821612349914237,0.2552556740247627,0.4052025250536637,0.25407773176170756,0.4052025250536564,0.2540777317617018,0.2688680718188915,437432,113685,323747,0.2598918231862324,8890,2028,325775,111657,0.040842533111572266,0.0008211135864257812,0.040021419525146484
Sauvola_Thresholding_Sklearn,Global_Threshold_Sklearn,0.6323787219805955,1.0,0.6232031492894896,0.7678683343637902,0.6232031492894896,0.7678683343637794,0.6232031492894753,0.6323787219805955,437432,272609,164823,0.6232031492894896,10918,0,164823,272609,0.040842533111572266,0.033698320388793945,0.00714421272277832
Sauvola_Thresholding_Sklearn,Adaptive_Threshold_Sklearn,0.8681944909111186,0.9885941281455902,0.875,0.9283350371876823,0.8662549111911789,0.928335037187671,0.8662549111911593,0.8681944909111186,437432,387169,50263,0.8850952833811884,6502,4416,54679,382753,0.040842533111572266,0.03797125816345215,0.002871274948120117
Sauvola_Thresholding_Sklearn,Otsu_Thresholding_Sklearn,0.7053886472621835,0.9999115904871364,0.6980970756597596,0.822181148016569,0.6980539890595462,0.8221811480165581,0.6980539890595302,0.7053886472621835,437432,305397,132035,0.6981587995391284,10891,27,132062,305370,0.040842533111572266,0.032521963119506836,0.00832056999206543
Sauvola_Thresholding_Sklearn,Niblack_Thresholding_Sklearn,0.3107594513215122,1.0,0.29355648420783115,0.45387501480092535,0.29355648420783115,0.4538750148009173,0.29355648420782443,0.3107594513215122,437432,128411,309021,0.29355648420783115,10918,0,309021,128411,0.040842533111572266,0.04276776313781738,0.0019252300262451172
Sauvola_Thresholding_Sklearn,Sauvola_Thresholding_Sklearn,1.0,1.0,1.0,1.0,1.0,0.9999999999999886,0.9999999999999771,1.0,437432,437432,0,1.0,10918,0,0,437432,0.040842533111572266,0.040842533111572266,0.0
Sauvola_Thresholding_Sklearn,Sobel_Sklearn,0.34196498271439724,0.9746796623954986,0.33422337643336564,0.49776143540506956,0.33134646329578676,0.49776143540506107,0.33134646329577927,0.34196498271439724,437432,149998,287434,0.34290586879789314,7120,3798,291232,146200,0.040842533111572266,0.006790876388549805,0.03405165672302246
Sauvola_Thresholding_Sklearn,Canny_Sklearn,0.1914107282257165,0.9865407350629442,0.17359726768960662,0.29524207579630835,0.17318709689190545,0.2952420757963026,0.1731870968919015,0.1914107282257165,437432,76973,360459,0.1759656358016789,9882,1036,361495,75937,0.040842533111572266,0.020357608795166016,0.02048492431640625
Sauvola_Thresholding_Sklearn,Global_Threshold_Torch,0.5970179547228728,0.9999493732012883,0.586989520656925,0.7397383800072889,0.5869720764896158,0.7397383800072782,0.5869720764896024,0.5970179547228728,437432,256781,180651,0.5870192395618061,10905,13,180664,256768,0.040842533111572266,0.002567291259765625,0.03827524185180664
Sauvola_Thresholding_Sklearn,Adaptive_Threshold_Torch,0.6589628638340582,0.9976249274186214,0.652003054188994,0.7886075004354931,0.6509925566808411,0.7886075004354822,0.6509925566808262,0.6589628638340582,437432,285886,151546,0.6535552954516359,10239,679,152225,285207,0.040842533111572266,0.002750873565673828,0.03809165954589844
Sauvola_Thresholding_Sklearn,Otsu_Thresholding_Torch,0.6828392996542879,0.9997325578639836,0.6751037875601237,0.8059572366042005,0.6749818861697192,0.8059572366041895,0.6749818861697037,0.6828392996542879,437432,295391,142041,0.6752843870590172,10839,79,142120,295312,0.040842533111572266,0.002817392349243164,0.0380251407623291
Sauvola_Thresholding_Sklearn,Niblack_Thresholding_Torch,0.5827679268428683,0.9985304893589907,0.5731976627224346,0.7283134069968745,0.5727145438224216,0.728313406996864,0.5727145438224085,0.5827679268428683,437432,251104,186328,0.5740412224071398,10549,369,186697,250735,0.040842533111572266,0.15732049942016602,0.11647796630859375
Sauvola_Thresholding_Sklearn,Sauvola_Thresholding_Torch,0.8928047284487566,0.9988443986645246,0.8911602260465626,0.9419346264671592,0.8902423706789256,0.9419346264671478,0.8902423706789053,0.8928047284487566,437432,390273,47159,0.8921912434389803,10467,451,47610,389822,0.040842533111572266,0.15748858451843262,0.11664605140686035
Sauvola_Thresholding_Sklearn,Sobel_Torch,0.34277907884465264,0.9743373357875221,0.33520410029444575,0.4988034147328817,0.332270549792202,0.4988034147328732,0.3322705497921945,0.34277907884465264,437432,150491,286941,0.3440329011137731,7056,3862,290803,146629,0.040842533111572266,0.002649068832397461,0.038193464279174805
Sauvola_Thresholding_Sklearn,Canny_Torch,0.3979703356752537,0.9751304742455185,0.3929662210354981,0.5601845816930416,0.38906694189436325,0.5601845816930325,0.3890669418943544,0.3979703356752537,437432,176280,261152,0.4029883501892866,6534,4384,265536,171896,0.040842533111572266,0.002446413040161133,0.03839612007141113
Sobel_Sklearn,Global_Threshold_CV2,0.49525593844095017,0.35142723626309436,0.6016280217069561,0.4436856544440839,0.28508742832772593,0.443685654444073,0.2850874283277169,0.49525593844095017,149998,256790,106792,0.5841271077534171,131805,166547,59755,90243,0.006790876388549805,0.0003681182861328125,0.006422758102416992
Sobel_Sklearn,Adaptive_Threshold_CV2,0.37793018846883014,0.27514050774667786,0.5257803437379165,0.36124286306474257,0.22043709523689733,0.3612428630647343,0.22043709523689117,0.37793018846883014,149998,286639,136641,0.5232993416806506,90579,207773,71132,78866,0.006790876388549805,0.0010752677917480469,0.005715608596801758
Sobel_Sklearn,Otsu_Thresholding_CV2,0.5178543548566967,0.3877725465720527,0.7621434952466033,0.5140172208358625,0.3459106175678538,0.5140172208358509,0.3459106175678433,0.5178543548566967,149998,294812,144814,0.5087920437431313,117860,180492,35678,114320,0.006790876388549805,0.0004265308380126953,0.006364345550537109
Sobel_Sklearn,Niblack_Thresholding_CV2,0.49571094011375044,0.34823465594537245,0.582061094147922,0.4357621645363027,0.2785779468165893,0.4357621645362918,0.27857794681658044,0.49571094011375044,149998,250716,100718,0.5982785302892516,134944,163408,62690,87308,0.006790876388549805,0.001978635787963867,0.0048122406005859375
Sobel_Sklearn,Sauvola_Thresholding_CV2,0.3262986506077841,0.3051383520775879,0.793703916052214,0.44080849819128337,0.282716072836422,0.4408084981912752,0.2827160728364153,0.3262986506077841,149998,390164,240166,0.3844485908489763,27242,271110,30944,119054,0.006790876388549805,0.0021708011627197266,0.004620075225830078
Sobel_Sklearn,Sobel_CV2,0.9859908553585368,0.9950398534001116,0.9629261723489646,0.9787196557740848,0.958326145516793,0.9787196557740516,0.9583261455167293,0.9859908553585368,149998,145157,4841,0.967726236349818,297632,720,5561,144437,0.006790876388549805,0.0034241676330566406,0.003366708755493164
Sobel_Sklearn,Canny_CV2,0.7922448979591836,0.7500373839996481,0.5684609128121708,0.6467462824679634,0.4779194574447216,0.6467462824679389,0.4779194574446948,0.7922448979591836,149998,113685,36313,0.7579101054680729,269935,28417,64730,85268,0.006790876388549805,0.0008211135864257812,0.0059697628021240234
Sobel_Sklearn,Global_Threshold_Sklearn,0.5063834058213449,0.36919910934708683,0.670988946519287,0.4763148741028899,0.3126071561684681,0.47631487410287865,0.3126071561684584,0.5063834058213449,149998,272609,122611,0.5502312836333356,126390,171962,49351,100647,0.006790876388549805,0.033698320388793945,0.02690744400024414
Sobel_Sklearn,Adaptive_Threshold_Sklearn,0.32517229842756773,0.30297880253842635,0.7820370938279178,0.43675058222117147,0.27938637126872334,0.4367505822211633,0.2793863712687167,0.32517229842756773,149998,387169,237171,0.3874225467431535,28487,269865,32694,117304,0.006790876388549805,0.03797125816345215,0.031180381774902344
Sobel_Sklearn,Otsu_Thresholding_Sklearn,0.531943793911007,0.4020046038435217,0.8184842464566194,0.5391846638632396,0.3690984414834768,0.5391846638632277,0.3690984414834657,0.531943793911007,149998,305397,155399,0.4911574115004404,115726,182626,27227,122771,0.006790876388549805,0.032521963119506836,0.02573108673095703
Sobel_Sklearn,Niblack_Thresholding_Sklearn,0.6026697892271663,0.39041047885305774,0.33422445632608433,0.3601392196372962,0.21961572832886506,0.36013921963728324,0.21961572832885543,0.6026697892271663,149998,128411,21587,0.8560847477966372,220074,78278,99865,50133,0.006790876388549805,0.04276776313781738,0.03597688674926758
Sobel_Sklearn,Sauvola_Thresholding_Sklearn,0.34196498271439724,0.33422337643336564,0.9746796623954986,0.49776143540506956,0.33134646329578676,0.49776143540506107,0.33134646329577927,0.34196498271439724,149998,437432,287434,0.34290586879789314,7120,291232,3798,146200,0.006790876388549805,0.040842533111572266,0.03405165672302246
Sobel_Sklearn,Sobel_Sklearn,1.0,1.0,1.0,1.0,1.0,0.9999999999999666,0.9999999999999333,1.0,149998,149998,0,1.0,298352,0,0,149998,0.006790876388549805,0.006790876388549805,0.0
Sobel_Sklearn,Canny_Sklearn,0.7842556038808967,0.8460239304691255,0.4341457886105148,0.5738266122103705,0.402354031510658,0.5738266122103451,0.40235403151063315,0.7842556038808967,149998,76973,73025,0.5131601754690063,286500,11852,84877,65121,0.006790876388549805,0.020357608795166016,0.013566732406616211
Sobel_Sklearn,Global_Threshold_Torch,0.49525370804059327,0.3514200817038644,0.6015946879291724,0.4436708876318591,0.28507523511962113,0.44367088763184814,0.28507523511961214,0.49525370804059327,149998,256781,106783,0.5841475810126139,131809,166543,59760,90238,0.006790876388549805,0.002567291259765625,0.00422358512878418
Sobel_Sklearn,Adaptive_Threshold_Torch,0.3930991412958626,0.2864428478484431,0.5459406125415005,0.37574216993512033,0.23133160449047158,0.3757421699351117,0.23133160449046505,0.3930991412958626,149998,285886,135888,0.5246776687210987,94356,203996,68108,81890,0.006790876388549805,0.002750873565673828,0.0040400028228759766
Sobel_Sklearn,Otsu_Thresholding_Torch,0.5182223709155793,0.3882718159998104,0.7646235283137108,0.5150194549034665,0.34681899140300637,0.5150194549034548,0.3468189914029959,0.5182223709155793,149998,295391,145393,0.5077947533946532,117653,180699,35306,114692,0.006790876388549805,0.002817392349243164,0.003973484039306641
Sobel_Sklearn,Niblack_Thresholding_Torch,0.49524255603880896,0.34805100675417355,0.5826544353924719,0.43578441393959644,0.2785961333099568,0.43578441393958556,0.2785961333099479,0.49524255603880896,149998,251104,101106,0.597354084363451,134645,163707,62601,87397,0.006790876388549805,0.15732049942016602,0.1505296230316162
Sobel_Sklearn,Sauvola_Thresholding_Torch,0.3264168618266979,0.3052606765008084,0.7942439232523101,0.44101941433095615,0.28288961285665437,0.44101941433094793,0.28288961285664765,0.3264168618266979,149998,390273,240275,0.38434121755796585,27214,271138,30863,119135,0.006790876388549805,0.15748858451843262,0.1506977081298828
Sobel_Sklearn,Sobel_Torch,0.9868517898962864,0.9787761394369099,0.9819930932412432,0.9803819773768757,0.9615188782704057,0.9803819773768431,0.9615188782703429,0.9868517898962864,149998,150491,493,0.9967240565881016,295158,3194,2701,147297,0.006790876388549805,0.002649068832397461,0.004141807556152344
Sobel_Sklearn,Canny_Torch,0.9413672354187577,0.8508906285454958,0.9999799997333297,0.9194306695517319,0.8508761480120034,0.9194306695517037,0.8508761480119551,0.9413672354187577,149998,176280,26282,0.850907646925346,272067,26285,3,149995,0.006790876388549805,0.002446413040161133,0.004344463348388672
Canny_Sklearn,Global_Threshold_CV2,0.4735162261625962,0.19026052416371353,0.6347290608395152,0.2927646263965748,0.17148463001832184,0.29276462639656603,0.17148463001831582,0.4735162261625962,76973,256790,179817,0.29975076911094667,163444,207933,28116,48857,0.020357608795166016,0.0003681182861328125,0.019989490509033203
Canny_Sklearn,Adaptive_Threshold_CV2,0.37098249135719863,0.14232536395954493,0.5300040273862263,0.22439303433330032,0.12637539651070578,0.22439303433329416,0.12637539651070187,0.37098249135719863,76973,286639,209666,0.2685363819996581,125534,245843,36177,40796,0.020357608795166016,0.0010752677917480469,0.01928234100341797
Canny_Sklearn,Otsu_Thresholding_CV2,0.44475744396119105,0.20833955198567222,0.7979551271224975,0.33041139368183225,0.19789988529597505,0.3304113936818233,0.19789988529596866,0.44475744396119105,76973,294812,217839,0.2610918144444595,137986,233391,15552,61421,0.020357608795166016,0.0004265308380126953,0.01993107795715332
Canny_Sklearn,Niblack_Thresholding_CV2,0.47410951265752205,0.18328706584342444,0.5970015459966482,0.2804671502552725,0.16310659624613114,0.280467150255264,0.16310659624612533,0.47410951265752205,76973,250716,173743,0.30701271558257154,166614,204763,31020,45953,0.020357608795166016,0.001978635787963867,0.01837897300720215
Canny_Sklearn,Sauvola_Thresholding_CV2,0.2521891379502621,0.1689750976512441,0.8565081262260793,0.28226408954974663,0.16432333272683314,0.2822640895497406,0.16432333272682906,0.2521891379502621,76973,390164,313191,0.19728370633887288,47141,324236,11045,65928,0.020357608795166016,0.0021708011627197266,0.01818680763244629
Canny_Sklearn,Sobel_CV2,0.7902353072376491,0.44118437278257333,0.831993036519299,0.5766082924413631,0.4050945986121742,0.5766082924413372,0.4050945986121485,0.7902353072376491,76973,145157,68184,0.5302741169905688,290261,81116,12932,64041,0.020357608795166016,0.0034241676330566406,0.016933441162109375
Canny_Sklearn,Canny_CV2,0.8162730010036802,0.4762457668118045,0.7033895002143609,0.5679488927818397,0.39659820094347914,0.5679488927818099,0.39659820094345005,0.8162730010036802,76973,113685,36712,0.6770726129216695,311834,59543,22831,54142,0.020357608795166016,0.0008211135864257812,0.019536495208740234
Canny_Sklearn,Global_Threshold_Sklearn,0.46081409613025537,0.19778877439849749,0.7004923804450911,0.30847698108026156,0.18236641040644247,0.30847698108025273,0.1823664104064363,0.46081409613025537,76973,272609,195636,0.28235678205781906,152687,218690,23054,53919,0.020357608795166016,0.033698320388793945,0.01334071159362793
Canny_Sklearn,Adaptive_Threshold_Sklearn,0.2376982268317163,0.15802401535246882,0.7948501422576748,0.2636348358907403,0.1518314472900536,0.26363483589073466,0.15183144729004983,0.2376982268317163,76973,387169,310196,0.19880982206736594,45390,325987,15791,61182,0.020357608795166016,0.03797125816345215,0.017613649368286133
Canny_Sklearn,Otsu_Thresholding_Sklearn,0.43388870302219246,0.21047030586417023,0.8350590466787056,0.33620315401312867,0.20206983492249123,0.33620315401311984,0.20206983492248487,0.43388870302219246,76973,305397,228424,0.2520424234684689,130257,241120,12696,64277,0.020357608795166016,0.032521963119506836,0.01216435432434082
Canny_Sklearn,Niblack_Thresholding_Sklearn,0.6501126352180217,0.1888934748580729,0.3151234848583269,0.2362014567833911,0.1339163464511285,0.2362014567833796,0.13391634645112108,0.6501126352180217,76973,128411,51438,0.5994268403797183,267222,104155,52717,24256,0.020357608795166016,0.04276776313781738,0.022410154342651367
Canny_Sklearn,Sauvola_Thresholding_Sklearn,0.1914107282257165,0.17359726768960662,0.9865407350629442,0.29524207579630835,0.17318709689190545,0.2952420757963026,0.1731870968919015,0.1914107282257165,76973,437432,360459,0.1759656358016789,9882,361495,1036,75937,0.020357608795166016,0.040842533111572266,0.02048492431640625
Canny_Sklearn,Sobel_Sklearn,0.7842556038808967,0.4341457886105148,0.8460239304691255,0.5738266122103705,0.402354031510658,0.5738266122103451,0.40235403151063315,0.7842556038808967,76973,149998,73025,0.5131601754690063,286500,84877,11852,65121,0.020357608795166016,0.006790876388549805,0.013566732406616211
Canny_Sklearn,Canny_Sklearn,1.0,1.0,1.0,1.0,1.0,0.9999999999999349,0.9999999999998701,1.0,76973,76973,0,1.0,371377,0,0,76973,0.020357608795166016,0.020357608795166016,0.0
Canny_Sklearn,Global_Threshold_Torch,0.47352291736366675,0.19025550955872902,0.6346900861340989,0.2927545437657676,0.1714777114777115,0.2927545437657588,0.17147771147770546,0.47352291736366675,76973,256781,179808,0.29976127517222845,163450,207927,28119,48854,0.020357608795166016,0.002567291259765625,0.01779031753540039
Canny_Sklearn,Adaptive_Threshold_Torch,0.378523474963756,0.147296474818634,0.5470749483585153,0.23210117428532845,0.13128645763509786,0.23210117428532206,0.13128645763509375,0.378523474963756,76973,285886,208913,0.2692436845455881,127601,243776,34863,42110,0.020357608795166016,0.002750873565673828,0.017606735229492188
Canny_Sklearn,Otsu_Thresholding_Torch,0.44422883907661426,0.20851007647490952,0.80017668533122,0.3308160831874188,0.19819031315562535,0.33081608318740985,0.19819031315561897,0.44422883907661426,76973,295391,218418,0.260580044754241,137578,233799,15381,61592,0.020357608795166016,0.002817392349243164,0.01754021644592285
Canny_Sklearn,Niblack_Thresholding_Torch,0.4734760789561726,0.18321094048681025,0.5976771075571954,0.2804524547590962,0.16309665617289204,0.28045245475908764,0.16309665617288624,0.4734760789561726,76973,251104,174131,0.3065383267490761,166278,205099,30968,46005,0.020357608795166016,0.15732049942016602,0.136962890625
Canny_Sklearn,Sauvola_Thresholding_Torch,0.2520218579234973,0.16897146356524792,0.8567289828901044,0.2822710092756278,0.16432802310485148,0.28227100927562176,0.16432802310484737,0.2520218579234973,76973,390273,313300,0.19722860664201725,47049,324328,11028,65945,0.020357608795166016,0.15748858451843262,0.1371309757232666
Canny_Sklearn,Sobel_Torch,0.7813806178208988,0.43007887514868,0.840853286217245,0.5690834593606021,0.39770555668208996,0.569083459360577,0.3977055566820655,0.7813806178208988,76973,150491,73518,0.5114790917729299,285609,85768,12250,64723,0.020357608795166016,0.002649068832397461,0.017708539962768555
Canny_Sklearn,Canny_Torch,0.7442511430801829,0.3930905377808033,0.9002377457030387,0.5472314247017804,0.3766817606097011,0.5472314247017588,0.37668176060968056,0.7442511430801829,76973,176280,99307,0.4366519174041298,264391,106986,7679,69294,0.020357608795166016,0.002446413040161133,0.017911195755004883
Global_Threshold_Torch,Global_Threshold_CV2,0.9999799263967882,0.9999649519062269,1.0,0.9999824756460158,0.9999649519062269,0.9999824756459963,0.9999649519061878,0.9999799263967882,256781,256790,9,0.9999649519062269,191560,9,0,256781,0.002567291259765625,0.0003681182861328125,0.0021991729736328125
Global_Threshold_Torch,Adaptive_Threshold_CV2,0.6422660867625739,0.668140064680661,0.7458301042522617,0.7048507600014722,0.5442235830692943,0.7048507600014592,0.5442235830692788,0.6422660867625739,256781,286639,29858,0.8958341328290986,96445,95124,65266,191515,0.002567291259765625,0.0010752677917480469,0.0014920234680175781
Global_Threshold_Torch,Otsu_Thresholding_CV2,0.915175644028103,0.8709991452179694,1.0,0.9310524245231538,0.8709991452179694,0.931052424523137,0.8709991452179399,0.915175644028103,256781,294812,38031,0.8709991452179694,153538,38031,0,256781,0.002567291259765625,0.0004265308380126953,0.0021407604217529297
Global_Threshold_Torch,Niblack_Thresholding_CV2,0.681050518568083,0.7269101293894287,0.7097409855090525,0.718222964864817,0.5603337750461954,0.7182229648648027,0.5603337750461781,0.681050518568083,256781,250716,6065,0.9763806512164062,123101,68468,74533,182248,0.002567291259765625,0.001978635787963867,0.0005886554718017578
Global_Threshold_Torch,Sauvola_Thresholding_CV2,0.6941831158692985,0.6533560246460463,0.9927370015694308,0.7880608088786527,0.6502478132995263,0.7880608088786405,0.6502478132995098,0.6941831158692985,256781,390164,133383,0.6581360658594847,56321,135248,1865,254916,0.002567291259765625,0.0021708011627197266,0.00039649009704589844
Global_Threshold_Torch,Sobel_CV2,0.4904739600758336,0.597601217991554,0.33782094469606394,0.43163871044788005,0.27521637605015353,0.4316387104478693,0.2752163760501448,0.4904739600758336,256781,145157,111624,0.5652949400461872,133158,58411,170035,86746,0.002567291259765625,0.0034241676330566406,0.0008568763732910156
Global_Threshold_Torch,Canny_CV2,0.4900457232073157,0.6237762237762238,0.2761652926034247,0.3828367515507496,0.23673352205960901,0.38283675155073926,0.2367335220596011,0.4900457232073157,256781,113685,143096,0.44273135473418984,148798,42771,185867,70914,0.002567291259765625,0.0008211135864257812,0.0017461776733398438
Global_Threshold_Torch,Global_Threshold_Sklearn,0.9085892717742835,0.8957994783737881,0.9510166250618232,0.9225825950622415,0.8562907846430587,0.922582595062224,0.8562907846430287,0.9085892717742835,256781,272609,15828,0.9419388208019545,163163,28406,12578,244203,0.002567291259765625,0.033698320388793945,0.03113102912902832
Global_Threshold_Torch,Adaptive_Threshold_Sklearn,0.6172186907549905,0.6099791047320421,0.9197136859814394,0.7334886248932371,0.5791409688929215,0.7334886248932256,0.5791409688929073,0.6172186907549905,256781,387169,130388,0.6632271695306184,40565,151004,20616,236165,0.002567291259765625,0.03797125816345215,0.03540396690368652
Global_Threshold_Torch,Otsu_Thresholding_Sklearn,0.8817798594847776,0.8336263944963441,0.9914557541251106,0.905716694712351,0.827680263726832,0.9057166947123347,0.8276802637268051,0.8817798594847776,256781,305397,48616,0.8408104860231109,140759,50810,2194,254587,0.002567291259765625,0.032521963119506836,0.02995467185974121
Global_Threshold_Torch,Niblack_Thresholding_Sklearn,0.6122850451656072,0.8229824547741237,0.41155692983515135,0.5487133689173191,0.37808752397034834,0.5487133689173049,0.3780875239703348,0.6122850451656072,256781,128411,128370,0.5000798345671993,168838,22731,151101,105680,0.002567291259765625,0.04276776313781738,0.04020047187805176
Global_Threshold_Torch,Sauvola_Thresholding_Sklearn,0.5970179547228728,0.586989520656925,0.9999493732012883,0.7397383800072889,0.5869720764896158,0.7397383800072782,0.5869720764896024,0.5970179547228728,256781,437432,180651,0.5870192395618061,10905,180664,13,256768,0.002567291259765625,0.040842533111572266,0.03827524185180664
Global_Threshold_Torch,Sobel_Sklearn,0.49525370804059327,0.6015946879291724,0.3514200817038644,0.4436708876318591,0.28507523511962113,0.44367088763184814,0.28507523511961214,0.49525370804059327,256781,149998,106783,0.5841475810126139,131809,59760,166543,90238,0.002567291259765625,0.006790876388549805,0.00422358512878418
Global_Threshold_Torch,Canny_Sklearn,0.47352291736366675,0.6346900861340989,0.19025550955872902,0.2927545437657676,0.1714777114777115,0.2927545437657588,0.17147771147770546,0.47352291736366675,256781,76973,179808,0.29976127517222845,163450,28119,207927,48854,0.002567291259765625,0.020357608795166016,0.01779031753540039
Global_Threshold_Torch,Global_Threshold_Torch,1.0,1.0,1.0,1.0,1.0,0.9999999999999805,0.999999999999961,1.0,256781,256781,0,1.0,191569,0,0,256781,0.002567291259765625,0.002567291259765625,0.0
Global_Threshold_Torch,Adaptive_Threshold_Torch,0.6563153786104606,0.6795995606640409,0.7566291898543895,0.7160487002157861,0.5576914796816111,0.7160487002157729,0.557691479681595,0.6563153786104606,256781,285886,29105,0.8981936855949574,99971,91598,62493,194288,0.002567291259765625,0.002750873565673828,0.00018358230590820312
Global_Threshold_Torch,Otsu_Thresholding_Torch,0.9138842422214788,0.8692918877013857,1.0,0.9300761356968481,0.8692918877013857,0.9300761356968312,0.8692918877013561,0.9138842422214788,256781,295391,38610,0.8692918877013857,152959,38610,0,256781,0.002567291259765625,0.002817392349243164,0.00025010108947753906
Global_Threshold_Torch,Niblack_Thresholding_Torch,0.680475075276012,0.7260457818274499,0.7099941195026112,0.7179302401134116,0.5599775164940474,0.7179302401133973,0.5599775164940302,0.680475075276012,256781,251104,5677,0.9778916664394951,122778,68791,74468,182313,0.002567291259765625,0.15732049942016602,0.1547532081604004
Global_Threshold_Torch,Sauvola_Thresholding_Torch,0.6939846102375377,0.6531991708368244,0.9927759452607475,0.7879589647850103,0.6501091480332952,0.787958964784998,0.6501091480332787,0.6939846102375377,256781,390273,133492,0.657952253935066,56222,135347,1855,254926,0.002567291259765625,0.15748858451843262,0.154921293258667
Global_Threshold_Torch,Sobel_Torch,0.4942210326753652,0.5997235715092597,0.35147849724083946,0.44320748787051406,0.2846927155785615,0.4432074878705032,0.2846927155785525,0.4942210326753652,256781,150491,106290,0.5860675049945284,131331,60238,166528,90253,0.002567291259765625,0.002649068832397461,8.177757263183594e-05
Global_Threshold_Torch,Canny_Torch,0.51604550016728,0.6128885863399137,0.4207476409858985,0.4989597308462318,0.3324092904766154,0.4989597308462203,0.3324092904766051,0.51604550016728,256781,176280,80501,0.6864993905312309,123329,68240,148741,108040,0.002567291259765625,0.002446413040161133,0.00012087821960449219
Adaptive_Threshold_Torch,Global_Threshold_CV2,0.6562953050072488,0.7566026714435921,0.6795995606640409,0.7160368249194732,0.5576770726890709,0.71603682491946,0.5576770726890548,0.6562953050072488,285886,256790,29096,0.8982251666748284,99962,62502,91598,194288,0.002750873565673828,0.0003681182861328125,0.0023827552795410156
Adaptive_Threshold_Torch,Adaptive_Threshold_CV2,0.917834281253485,0.9344262295081968,0.9368874306541768,0.9356552115628138,0.8790903302459614,0.9356552115627975,0.8790903302459325,0.917834281253485,285886,286639,753,0.9973730022781269,143668,18796,18043,267843,0.002750873565673828,0.0010752677917480469,0.0016756057739257812
Adaptive_Threshold_Torch,Otsu_Thresholding_CV2,0.6197033567525371,0.6956840291439969,0.7174048396913455,0.706377497425512,0.546046080691796,0.7063774974254998,0.5460460806917815,0.6197033567525371,285886,294812,8926,0.9697230777580288,72748,89716,80790,205096,0.002750873565673828,0.0004265308380126953,0.002324342727661133
Adaptive_Threshold_Torch,Niblack_Thresholding_CV2,0.8526419092227054,0.9383804783101198,0.8229399131122196,0.8768770895374971,0.780749000282078,0.8768770895374807,0.7807490002820522,0.8526419092227054,285886,250716,35170,0.8769789356596686,147015,15449,50619,235267,0.002750873565673828,0.001978635787963867,0.0007722377777099609
Adaptive_Threshold_Torch,Sauvola_Thresholding_CV2,0.7601159808185569,0.7285372304979445,0.9942739413612419,0.8409111752089342,0.7254932988940814,0.8409111752089218,0.7254932988940629,0.7601159808185569,285886,390164,104278,0.7327329020616972,56549,105915,1637,284249,0.002750873565673828,0.0021708011627197266,0.0005800724029541016
Adaptive_Threshold_Torch,Sobel_CV2,0.39062116649938666,0.543645845532768,0.2760331041044332,0.3661537248023979,0.22410537047502477,0.3661537248023894,0.2241053704750184,0.39062116649938666,285886,145157,140729,0.5077443456482654,96221,66243,206972,78914,0.002750873565673828,0.0034241676330566406,0.0006732940673828125
Adaptive_Threshold_Torch,Canny_CV2,0.3997925727668116,0.573813607775872,0.228181862700517,0.32652019290689266,0.19511451020975842,0.32652019290688444,0.19511451020975257,0.3997925727668116,285886,113685,172201,0.39765850723715046,114013,48451,220652,65234,0.002750873565673828,0.0008211135864257812,0.0019297599792480469
Adaptive_Threshold_Torch,Global_Threshold_Sklearn,0.5729697780751645,0.6731912739491359,0.6419272017517472,0.6571876203009874,0.4894113505628345,0.6571876203009757,0.4894113505628215,0.5729697780751645,285886,272609,13277,0.9535584113947517,73373,89091,102368,183518,0.002750873565673828,0.033698320388793945,0.030947446823120117
Adaptive_Threshold_Torch,Adaptive_Threshold_Sklearn,0.6716203858592618,0.6790652144154103,0.9196427946803971,0.7812526465147722,0.6410292045194104,0.7812526465147606,0.6410292045193947,0.6716203858592618,285886,387169,101283,0.7384010600022213,38208,124256,22973,262913,0.002750873565673828,0.03797125816345215,0.03522038459777832
Adaptive_Threshold_Torch,Otsu_Thresholding_Sklearn,0.5732775733244118,0.6548230663693487,0.6995130926313285,0.6764307446687965,0.5110656219492873,0.6764307446687851,0.5110656219492742,0.5732775733244118,285886,305397,19511,0.9361126664636522,57048,105416,85905,199981,0.002750873565673828,0.032521963119506836,0.029771089553833008
Adaptive_Threshold_Torch,Niblack_Thresholding_Sklearn,0.5418779971004796,0.8133960486251178,0.3653519234939801,0.5042228159991504,0.3370975446025148,0.5042228159991382,0.3370975446025039,0.5418779971004796,285886,128411,157475,0.44916854970162934,138502,23962,181437,104449,0.002750873565673828,0.04276776313781738,0.040016889572143555
Adaptive_Threshold_Torch,Sauvola_Thresholding_Sklearn,0.6589628638340582,0.652003054188994,0.9976249274186214,0.7886075004354931,0.6509925566808411,0.7886075004354822,0.6509925566808262,0.6589628638340582,285886,437432,151546,0.6535552954516359,10239,152225,679,285207,0.002750873565673828,0.040842533111572266,0.03809165954589844
Adaptive_Threshold_Torch,Sobel_Sklearn,0.3930991412958626,0.5459406125415005,0.2864428478484431,0.37574216993512033,0.23133160449047158,0.3757421699351117,0.23133160449046505,0.3930991412958626,285886,149998,135888,0.5246776687210987,94356,68108,203996,81890,0.002750873565673828,0.006790876388549805,0.0040400028228759766
Adaptive_Threshold_Torch,Canny_Sklearn,0.378523474963756,0.5470749483585153,0.147296474818634,0.23210117428532845,0.13128645763509786,0.23210117428532206,0.13128645763509375,0.378523474963756,285886,76973,208913,0.2692436845455881,127601,34863,243776,42110,0.002750873565673828,0.020357608795166016,0.017606735229492188
Adaptive_Threshold_Torch,Global_Threshold_Torch,0.6563153786104606,0.7566291898543895,0.6795995606640409,0.7160487002157861,0.5576914796816111,0.7160487002157729,0.557691479681595,0.6563153786104606,285886,256781,29105,0.8981936855949574,99971,62493,91598,194288,0.002750873565673828,0.002567291259765625,0.00018358230590820312
Adaptive_Threshold_Torch,Adaptive_Threshold_Torch,1.0,1.0,1.0,1.0,1.0,0.9999999999999825,0.999999999999965,1.0,285886,285886,0,1.0,162464,0,0,285886,0.002750873565673828,0.002750873565673828,0.0
Adaptive_Threshold_Torch,Otsu_Thresholding_Torch,0.6191033790565407,0.6948451374618726,0.7179470138446793,0.7062071955367235,0.5458425747155782,0.7062071955367113,0.5458425747155636,0.6191033790565407,285886,295391,9505,0.9678223100906933,72324,90140,80635,205251,0.002750873565673828,0.002817392349243164,6.651878356933594e-05
Adaptive_Threshold_Torch,Niblack_Thresholding_Torch,0.8534939221590275,0.9384637441060277,0.8242866037511456,0.8776774241605989,0.7820188625397394,0.8776774241605825,0.7820188625397134,0.8534939221590275,285886,251104,34782,0.8783361199918849,147012,15452,50234,235652,0.002750873565673828,0.15732049942016602,0.1545696258544922
Adaptive_Threshold_Torch,Sauvola_Thresholding_Torch,0.7601003680160588,0.7284644338706495,0.9944523341471776,0.8409264684785679,0.7255160657277235,0.8409264684785555,0.725516065727705,0.7601003680160588,285886,390273,104387,0.7325282558619223,56491,105973,1586,284300,0.002750873565673828,0.15748858451843262,0.1547377109527588
Adaptive_Threshold_Torch,Sobel_Torch,0.396094568975131,0.5502521745486441,0.28965391799528484,0.37952504371220297,0.23420605313248616,0.37952504371219425,0.23420605313247952,0.396094568975131,285886,150491,135395,0.5264021323184765,94781,67683,203078,82808,0.002750873565673828,0.002649068832397461,0.00010180473327636719
Adaptive_Threshold_Torch,Canny_Torch,0.4041753094680495,0.5531767642387111,0.3410940025044948,0.4219869051379807,0.267416605421059,0.4219869051379716,0.26741660542105167,0.4041753094680495,285886,176280,109606,0.6166094177399383,83698,78766,188372,97514,0.002750873565673828,0.002446413040161133,0.0003044605255126953
Otsu_Thresholding_Torch,Global_Threshold_CV2,0.9139043158246906,1.0,0.8693223557928306,0.9300935743895571,0.8693223557928306,0.9300935743895402,0.869322355792801,0.9139043158246906,295391,256790,38601,0.8693223557928306,152959,0,38601,256790,0.002817392349243164,0.0003681182861328125,0.0024492740631103516
Otsu_Thresholding_Torch,Adaptive_Threshold_CV2,0.6017843202854912,0.703829555643161,0.6829761231723377,0.6932460526089721,0.5305100122276714,0.6932460526089601,0.5305100122276574,0.6017843202854912,295391,286639,8752,0.9703714737415832,68065,84894,93646,201745,0.002817392349243164,0.0010752677917480469,0.0017421245574951172
Otsu_Thresholding_Torch,Otsu_Thresholding_CV2,0.9987085981933758,1.0,0.9980398861170449,0.9990189816046343,0.9980398861170449,0.9990189816046174,0.998039886117011,0.9987085981933758,295391,294812,579,0.9980398861170449,152959,0,579,294812,0.002817392349243164,0.0004265308380126953,0.0023908615112304688
Otsu_Thresholding_Torch,Niblack_Thresholding_CV2,0.6495572655291625,0.7757502512803331,0.6584256121547373,0.7122889836607111,0.5531435039560427,0.7122889836606981,0.553143503956027,0.6495572655291625,295391,250716,44675,0.848759779411018,96736,56223,100898,194493,0.002817392349243164,0.001978635787963867,0.0008387565612792969
Otsu_Thresholding_Torch,Sauvola_Thresholding_CV2,0.734767480762797,0.7261536174531735,0.9591321333419095,0.8265390814741341,0.7043601268906811,0.826539081474122,0.7043601268906635,0.734767480762797,295391,390164,94773,0.7570944525891676,46114,106845,12072,283319,0.002817392349243164,0.0021708011627197266,0.0006465911865234375
Otsu_Thresholding_Torch,Sobel_CV2,0.5104405040704807,0.7614307267303678,0.3741718603478102,0.5017705221678455,0.3349089906399896,0.5017705221678341,0.3349089906399794,0.5104405040704807,295391,145157,150234,0.4914063055407917,118329,34630,184864,110527,0.002817392349243164,0.0034241676330566406,0.0006067752838134766
Otsu_Thresholding_Torch,Canny_CV2,0.47402698784431807,0.7620002638870563,0.2932655361876293,0.42353010198593904,0.268657271870193,0.42353010198592866,0.2686572718701847,0.47402698784431807,295391,113685,181706,0.38486277510147565,125902,27057,208763,86628,0.002817392349243164,0.0008211135864257812,0.001996278762817383
Otsu_Thresholding_Torch,Global_Threshold_Sklearn,0.9166053306568529,0.9732070474562469,0.8981485556431983,0.9341725352112676,0.876476321049241,0.9341725352112511,0.876476321049212,0.9166053306568529,295391,272609,22782,0.9228751045224803,145655,7304,30086,265305,0.002817392349243164,0.033698320388793945,0.03088092803955078
Otsu_Thresholding_Torch,Adaptive_Threshold_Sklearn,0.6517854354856697,0.6798555669488001,0.8910867291149697,0.7712699249882794,0.6276967909171772,0.7712699249882681,0.6276967909171622,0.6517854354856697,295391,387169,91778,0.7629510627142152,29009,123950,32172,263219,0.002817392349243164,0.03797125816345215,0.035153865814208984
Otsu_Thresholding_Torch,Otsu_Thresholding_Sklearn,0.9485357421657188,0.9458409873050488,0.9778801656110038,0.9615937735107891,0.9260285127159532,0.9615937735107731,0.9260285127159235,0.9485357421657188,295391,305397,10006,0.9672360894180362,136419,16540,6534,288857,0.002817392349243164,0.032521963119506836,0.029704570770263672
Otsu_Thresholding_Torch,Niblack_Thresholding_Sklearn,0.5599910783985725,0.882027240656953,0.38343077480356547,0.5345043204137782,0.3647259612288272,0.5345043204137655,0.36472596122881545,0.5599910783985725,295391,128411,166980,0.4347153433923173,137810,15149,182129,113262,0.002817392349243164,0.04276776313781738,0.03995037078857422
Otsu_Thresholding_Torch,Sauvola_Thresholding_Sklearn,0.6828392996542879,0.6751037875601237,0.9997325578639836,0.8059572366042005,0.6749818861697192,0.8059572366041895,0.6749818861697037,0.6828392996542879,295391,437432,142041,0.6752843870590172,10839,142120,79,295312,0.002817392349243164,0.040842533111572266,0.0380251407623291
Otsu_Thresholding_Torch,Sobel_Sklearn,0.5182223709155793,0.7646235283137108,0.3882718159998104,0.5150194549034665,0.34681899140300637,0.5150194549034548,0.3468189914029959,0.5182223709155793,295391,149998,145393,0.5077947533946532,117653,35306,180699,114692,0.002817392349243164,0.006790876388549805,0.003973484039306641
Otsu_Thresholding_Torch,Canny_Sklearn,0.44422883907661426,0.80017668533122,0.20851007647490952,0.3308160831874188,0.19819031315562535,0.33081608318740985,0.19819031315561897,0.44422883907661426,295391,76973,218418,0.260580044754241,137578,15381,233799,61592,0.002817392349243164,0.020357608795166016,0.01754021644592285
Otsu_Thresholding_Torch,Global_Threshold_Torch,0.9138842422214788,1.0,0.8692918877013857,0.9300761356968481,0.8692918877013857,0.9300761356968312,0.8692918877013561,0.9138842422214788,295391,256781,38610,0.8692918877013857,152959,0,38610,256781,0.002817392349243164,0.002567291259765625,0.00025010108947753906
Otsu_Thresholding_Torch,Adaptive_Threshold_Torch,0.6191033790565407,0.7179470138446793,0.6948451374618726,0.7062071955367235,0.5458425747155782,0.7062071955367113,0.5458425747155636,0.6191033790565407,295391,285886,9505,0.9678223100906933,72324,80635,90140,205251,0.002817392349243164,0.002750873565673828,6.651878356933594e-05
Otsu_Thresholding_Torch,Otsu_Thresholding_Torch,1.0,1.0,1.0,1.0,1.0,0.999999999999983,0.9999999999999661,1.0,295391,295391,0,1.0,152959,0,0,295391,0.002817392349243164,0.002817392349243164,0.0
Otsu_Thresholding_Torch,Niblack_Thresholding_Torch,0.6494725103156016,0.7752485026124634,0.6590180472661659,0.7124237184237733,0.5533060282468373,0.7124237184237603,0.5533060282468215,0.6494725103156016,295391,251104,44287,0.8500732926866424,96523,56436,100723,194668,0.002817392349243164,0.15732049942016602,0.15450310707092285
Otsu_Thresholding_Torch,Sauvola_Thresholding_Torch,0.7346804951488792,0.7260404896059938,0.9592506203641953,0.8265097773836748,0.7043175660560265,0.8265097773836627,0.7043175660560089,0.7346804951488792,295391,390273,94882,0.7568830024111327,46040,106919,12037,283354,0.002817392349243164,0.15748858451843262,0.15467119216918945
Otsu_Thresholding_Torch,Sobel_Torch,0.5166097914575666,0.7613544996046275,0.3878825014980145,0.5139341798951292,0.34583540846048205,0.5139341798951177,0.34583540846047156,0.5166097914575666,295391,150491,144900,0.5094637277371349,117045,35914,180814,114577,0.002817392349243164,0.002649068832397461,0.00016832351684570312
Otsu_Thresholding_Torch,Canny_Torch,0.5517854354856697,0.7678522804628999,0.45822993930079114,0.5739466704546178,0.4024720945307064,0.5739466704546056,0.40247209453069444,0.5517854354856697,295391,176280,119111,0.5967683511007444,112036,40923,160034,135357,0.002817392349243164,0.002446413040161133,0.00037097930908203125
Niblack_Thresholding_Torch,Global_Threshold_CV2,0.6804639232742278,0.7099770240274154,0.7260537466547725,0.7179253938814004,0.5599716197912028,0.7179253938813863,0.5599716197911855,0.6804639232742278,251104,256790,5686,0.9778573932006698,122771,74475,68789,182315,0.15732049942016602,0.0003681182861328125,0.1569523811340332
Niblack_Thresholding_Torch,Adaptive_Threshold_CV2,0.8060421545667448,0.7863235637858073,0.8976001975277176,0.8382852031546668,0.7215929464194243,0.8382852031546512,0.7215929464194011,0.8060421545667448,251104,286639,35535,0.8760287330056273,135998,61248,25713,225391,0.15732049942016602,0.0010752677917480469,0.15624523162841797
Niblack_Thresholding_Torch,Otsu_Thresholding_CV2,0.650090331214453,0.6598001438204686,0.7746471581496113,0.7126261183039149,0.5535502377639094,0.7126261183039018,0.5535502377638937,0.650090331214453,251104,294812,43708,0.8517428055845759,96951,100295,56587,194517,0.15732049942016602,0.0004265308380126953,0.15689396858215332
Niblack_Thresholding_Torch,Niblack_Thresholding_CV2,0.9846325415412066,0.9870331370953589,0.9855079966866318,0.9862699772826911,0.9729118751351458,0.9862699772826713,0.9729118751351075,0.9846325415412066,251104,250716,388,0.9984548234994265,193995,3251,3639,247465,0.15732049942016602,0.001978635787963867,0.15534186363220215
Niblack_Thresholding_Torch,Sauvola_Thresholding_CV2,0.6896576335452214,0.6434806901713126,0.9998367210398879,0.7830205156034606,0.6434130777411873,0.7830205156034484,0.6434130777411708,0.6896576335452214,251104,390164,139060,0.6435857741872648,58145,139101,41,251063,0.15732049942016602,0.0021708011627197266,0.1551496982574463
Niblack_Thresholding_Torch,Sobel_CV2,0.4935139957622393,0.5827414454693883,0.3368683891933223,0.42693578222434203,0.2714039118047178,0.42693578222433126,0.2714039118047091,0.4935139957622393,251104,145157,105947,0.5780752198292342,136678,60568,166515,84589,0.15732049942016602,0.0034241676330566406,0.15389633178710938
Niblack_Thresholding_Torch,Canny_CV2,0.4960700345712055,0.6106874257817654,0.2764830508474576,0.380636477525364,0.2350531380030674,0.3806364775253535,0.23505313800305944,0.4960700345712055,251104,113685,137419,0.4527406970816873,152987,44259,181678,69426,0.15732049942016602,0.0008211135864257812,0.15649938583374023
Niblack_Thresholding_Torch,Global_Threshold_Sklearn,0.598802275008364,0.6306394873243363,0.6846485918185293,0.6565351633432815,0.48868801432652537,0.656535163343269,0.4886880143265115,0.598802275008364,251104,272609,21505,0.9211141231580762,96555,100691,79186,171918,0.15732049942016602,0.033698320388793945,0.12362217903137207
Niblack_Thresholding_Torch,Adaptive_Threshold_Sklearn,0.5876190476190476,0.5855091704139536,0.9027773352873709,0.7103261457088111,0.5507796745241531,0.7103261457087999,0.5507796745241398,0.5876190476190476,251104,387169,136065,0.6485643220402459,36768,160478,24413,226691,0.15732049942016602,0.03797125816345215,0.11934924125671387
Niblack_Thresholding_Torch,Otsu_Thresholding_Sklearn,0.6013984610237537,0.6185195008464393,0.7522540461322799,0.6788631107581119,0.5138476688419971,0.6788631107580997,0.5138476688419831,0.6013984610237537,251104,305397,54293,0.8222215673369417,80743,116503,62210,188894,0.15732049942016602,0.032521963119506836,0.12479853630065918
Niblack_Thresholding_Torch,Niblack_Thresholding_Sklearn,0.6394892383182781,0.8483696879550817,0.43384414425895246,0.5741011554220519,0.402624041393329,0.5741011554220367,0.40262404139331415,0.6394892383182781,251104,128411,122693,0.5113857206575761,177775,19471,142164,108940,0.15732049942016602,0.04276776313781738,0.11455273628234863
Niblack_Thresholding_Torch,Sauvola_Thresholding_Sklearn,0.5827679268428683,0.5731976627224346,0.9985304893589907,0.7283134069968745,0.5727145438224216,0.728313406996864,0.5727145438224085,0.5827679268428683,251104,437432,186328,0.5740412224071398,10549,186697,369,250735,0.15732049942016602,0.040842533111572266,0.11647796630859375
Niblack_Thresholding_Torch,Sobel_Sklearn,0.49524255603880896,0.5826544353924719,0.34805100675417355,0.43578441393959644,0.2785961333099568,0.43578441393958556,0.2785961333099479,0.49524255603880896,251104,149998,101106,0.597354084363451,134645,62601,163707,87397,0.15732049942016602,0.006790876388549805,0.1505296230316162
Niblack_Thresholding_Torch,Canny_Sklearn,0.4734760789561726,0.5976771075571954,0.18321094048681025,0.2804524547590962,0.16309665617289204,0.28045245475908764,0.16309665617288624,0.4734760789561726,251104,76973,174131,0.3065383267490761,166278,30968,205099,46005,0.15732049942016602,0.020357608795166016,0.136962890625
Niblack_Thresholding_Torch,Global_Threshold_Torch,0.680475075276012,0.7099941195026112,0.7260457818274499,0.7179302401134116,0.5599775164940474,0.7179302401133973,0.5599775164940302,0.680475075276012,251104,256781,5677,0.9778916664394951,122778,74468,68791,182313,0.15732049942016602,0.002567291259765625,0.1547532081604004
Niblack_Thresholding_Torch,Adaptive_Threshold_Torch,0.8534939221590275,0.8242866037511456,0.9384637441060277,0.8776774241605989,0.7820188625397394,0.8776774241605825,0.7820188625397134,0.8534939221590275,251104,285886,34782,0.8783361199918849,147012,50234,15452,235652,0.15732049942016602,0.002750873565673828,0.1545696258544922
Niblack_Thresholding_Torch,Otsu_Thresholding_Torch,0.6494725103156016,0.6590180472661659,0.7752485026124634,0.7124237184237733,0.5533060282468373,0.7124237184237603,0.5533060282468215,0.6494725103156016,251104,295391,44287,0.8500732926866424,96523,100723,56436,194668,0.15732049942016602,0.002817392349243164,0.15450310707092285
Niblack_Thresholding_Torch,Niblack_Thresholding_Torch,1.0,1.0,1.0,1.0,1.0,0.99999999999998,0.9999999999999601,1.0,251104,251104,0,1.0,197246,0,0,251104,0.15732049942016602,0.15732049942016602,0.0
Niblack_Thresholding_Torch,Sauvola_Thresholding_Torch,0.6894234415077506,0.6433060959892178,0.9998446858672104,0.7828936803159452,0.6432418168029679,0.782893680315933,0.6432418168029513,0.6894234415077506,251104,390273,139169,0.6434060260381835,58038,139208,39,251065,0.15732049942016602,0.15748858451843262,0.00016808509826660156
Niblack_Thresholding_Torch,Sobel_Torch,0.49471395115423217,0.5815962416357124,0.34856075570281636,0.43588690098233296,0.27867991212150156,0.4358869009823221,0.2786799121214927,0.49471395115423217,251104,150491,100613,0.599317414298458,134280,62966,163579,87525,0.15732049942016602,0.002649068832397461,0.15467143058776855
Niblack_Thresholding_Torch,Canny_Torch,0.5071261291401806,0.5854436124347628,0.41099305467057473,0.48294741965071225,0.3183458674448304,0.4829474196507009,0.3183458674448205,0.5071261291401806,251104,176280,74824,0.7020198802089971,124168,73078,147902,103202,0.15732049942016602,0.002446413040161133,0.15487408638000488
Sauvola_Thresholding_Torch,Global_Threshold_CV2,0.6939957622393219,0.9927684099848125,0.6532171069994593,0.7879696412868608,0.6501236834723179,0.7879696412868485,0.6501236834723012,0.6939957622393219,390273,256790,133483,0.6579753147155966,56220,1857,135340,254933,0.15748858451843262,0.0003681182861328125,0.1571204662322998
Sauvola_Thresholding_Torch,Adaptive_Threshold_CV2,0.7552135608341697,0.9893315285079839,0.7266221337371532,0.8378666650908833,0.7209729210258027,0.8378666650908709,0.7209729210257844,0.7552135608341697,390273,286639,103634,0.7344576744996452,55019,3058,106692,283581,0.15748858451843262,0.0010752677917480469,0.15641331672668457
Sauvola_Thresholding_Torch,Otsu_Thresholding_CV2,0.7346068919371027,0.9600966039374246,0.725256423067955,0.8263149828123517,0.7040347032735793,0.8263149828123397,0.7040347032735618,0.7346068919371027,390273,294812,95461,0.7553994255303339,46313,11764,107225,283048,0.15748858451843262,0.0004265308380126953,0.15706205368041992
Sauvola_Thresholding_Torch,Niblack_Thresholding_CV2,0.6885446637671462,0.999832479777916,0.6423042331906127,0.7821475875561047,0.6422351177894777,0.7821475875560925,0.6422351177894613,0.6885446637671462,390273,250716,139557,0.642411850166422,58035,42,139599,250674,0.15748858451843262,0.001978635787963867,0.15550994873046875
Sauvola_Thresholding_Torch,Sauvola_Thresholding_CV2,0.9981911453105833,0.9991003783024575,0.9988213378839941,0.9989608386070881,0.9979238346850168,0.9989608386070753,0.9979238346849912,0.9981911453105833,390273,390164,109,0.9997207083246855,57726,351,460,389813,0.15748858451843262,0.0021708011627197266,0.1553177833557129
Sauvola_Thresholding_Torch,Sobel_CV2,0.31916136946581913,0.7928518776221608,0.2948910121889037,0.429889994957324,0.2737960993667062,0.429889994957316,0.27379609936669963,0.31916136946581913,390273,145157,245116,0.37193707994147684,28008,30069,275185,115088,0.15748858451843262,0.0034241676330566406,0.15406441688537598
Sauvola_Thresholding_Torch,Canny_CV2,0.31386639901862384,0.8634824295201654,0.251529057864623,0.38957611546994,0.24190905215220568,0.3895761154699322,0.2419090521521997,0.31386639901862384,390273,113685,276588,0.29129609273508544,42557,15520,292108,98165,0.15748858451843262,0.0008211135864257812,0.15666747093200684
Sauvola_Thresholding_Torch,Global_Threshold_Sklearn,0.6560187353629977,0.9329442534912641,0.6516694723949645,0.7673432073883436,0.6225116447560047,0.7673432073883321,0.6225116447559895,0.6560187353629977,390273,272609,117664,0.6985084799614629,39797,18280,135944,254329,0.15748858451843262,0.033698320388793945,0.12379026412963867
Sauvola_Thresholding_Torch,Adaptive_Threshold_Sklearn,0.8327333556373369,0.9071594058408602,0.8999443978958319,0.9035374986172602,0.8240477877518078,0.9035374986172485,0.8240477877517884,0.8327333556373369,390273,387169,3104,0.9920465930259075,22132,35945,39049,351224,0.15748858451843262,0.03797125816345215,0.11951732635498047
Sauvola_Thresholding_Torch,Otsu_Thresholding_Sklearn,0.691040481766477,0.9121700606096327,0.713792652835323,0.8008797274569839,0.6678894067552794,0.8008797274569723,0.6678894067552633,0.691040481766477,390273,305397,84876,0.7825214657432106,31254,26823,111699,278574,0.15748858451843262,0.032521963119506836,0.12496662139892578
Sauvola_Thresholding_Torch,Niblack_Thresholding_Sklearn,0.39027991524478645,0.9551985421809658,0.31428769092404546,0.47295848724849815,0.3097220889537556,0.472958487248489,0.30972208895374775,0.39027991524478645,390273,128411,261862,0.3290286543009637,52324,5753,267615,122658,0.15748858451843262,0.04276776313781738,0.11472082138061523
Sauvola_Thresholding_Torch,Sauvola_Thresholding_Sklearn,0.8928047284487566,0.8911602260465626,0.9988443986645246,0.9419346264671592,0.8902423706789256,0.9419346264671478,0.8902423706789053,0.8928047284487566,390273,437432,47159,0.8921912434389803,10467,47610,451,389822,0.15748858451843262,0.040842533111572266,0.11664605140686035
Sauvola_Thresholding_Torch,Sobel_Sklearn,0.3264168618266979,0.7942439232523101,0.3052606765008084,0.44101941433095615,0.28288961285665437,0.44101941433094793,0.28288961285664765,0.3264168618266979,390273,149998,240275,0.38434121755796585,27214,30863,271138,119135,0.15748858451843262,0.006790876388549805,0.1506977081298828
Sauvola_Thresholding_Torch,Canny_Sklearn,0.2520218579234973,0.8567289828901044,0.16897146356524792,0.2822710092756278,0.16432802310485148,0.28227100927562176,0.16432802310484737,0.2520218579234973,390273,76973,313300,0.19722860664201725,47049,11028,324328,65945,0.15748858451843262,0.020357608795166016,0.1371309757232666
Sauvola_Thresholding_Torch,Global_Threshold_Torch,0.6939846102375377,0.9927759452607475,0.6531991708368244,0.7879589647850103,0.6501091480332952,0.787958964784998,0.6501091480332787,0.6939846102375377,390273,256781,133492,0.657952253935066,56222,1855,135347,254926,0.15748858451843262,0.002567291259765625,0.154921293258667
Sauvola_Thresholding_Torch,Adaptive_Threshold_Torch,0.7601003680160588,0.9944523341471776,0.7284644338706495,0.8409264684785679,0.7255160657277235,0.8409264684785555,0.725516065727705,0.7601003680160588,390273,285886,104387,0.7325282558619223,56491,1586,105973,284300,0.15748858451843262,0.002750873565673828,0.1547377109527588
Sauvola_Thresholding_Torch,Otsu_Thresholding_Torch,0.7346804951488792,0.9592506203641953,0.7260404896059938,0.8265097773836748,0.7043175660560265,0.8265097773836627,0.7043175660560089,0.7346804951488792,390273,295391,94882,0.7568830024111327,46040,12037,106919,283354,0.15748858451843262,0.002817392349243164,0.15467119216918945
Sauvola_Thresholding_Torch,Niblack_Thresholding_Torch,0.6894234415077506,0.9998446858672104,0.6433060959892178,0.7828936803159452,0.6432418168029679,0.782893680315933,0.6432418168029513,0.6894234415077506,390273,251104,139169,0.6434060260381835,58038,39,139208,251065,0.15748858451843262,0.15732049942016602,0.00016808509826660156
Sauvola_Thresholding_Torch,Sauvola_Thresholding_Torch,1.0,1.0,1.0,1.0,1.0,0.9999999999999871,0.9999999999999744,1.0,390273,390273,0,1.0,58077,0,0,390273,0.15748858451843262,0.15748858451843262,0.0
Sauvola_Thresholding_Torch,Sobel_Torch,0.32738262518122,0.7947186210471058,0.3064470255436579,0.4423297408851181,0.28396879140291476,0.4423297408851099,0.28396879140290804,0.32738262518122,390273,150491,239782,0.3856044358692505,27184,30893,270675,119598,0.15748858451843262,0.002649068832397461,0.15483951568603516
Sauvola_Thresholding_Torch,Canny_Torch,0.36836177093788336,0.8037156796006354,0.36302536942089253,0.5001438523845078,0.3334612143835584,0.5001438523844989,0.3334612143835506,0.36836177093788336,390273,176280,213993,0.45168382132507245,23476,34601,248594,141679,0.15748858451843262,0.002446413040161133,0.15504217147827148
Sobel_Torch,Global_Threshold_CV2,0.4942232630757221,0.35148564975271623,0.5997567960874737,0.4432222470481068,0.2847048952284219,0.44322224704809593,0.2847048952284129,0.4942232630757221,150491,256790,106299,0.586046964445656,131327,166532,60233,90258,0.002649068832397461,0.0003681182861328125,0.0022809505462646484
Sobel_Torch,Adaptive_Threshold_CV2,0.37982825917252144,0.277484920056238,0.5285233003967015,0.3639100496419829,0.2224266762119958,0.3639100496419746,0.22242667621198955,0.37982825917252144,150491,286639,136148,0.5250192751160868,90758,207101,70953,79538,0.002649068832397461,0.0010752677917480469,0.001573801040649414
Sobel_Torch,Otsu_Thresholding_CV2,0.5162640794022527,0.3873994274317192,0.7589158155637215,0.5129541009155564,0.344948398184196,0.5129541009155448,0.34494839818418555,0.5162640794022527,150491,294812,144321,0.5104642958902623,117257,180602,36281,114210,0.002649068832397461,0.0004265308380126953,0.0022225379943847656
Sobel_Torch,Niblack_Thresholding_CV2,0.49503066800490686,0.3486095821567032,0.5807789170116485,0.43569528946404223,0.27852328675451316,0.43569528946403135,0.2785232867545043,0.49503066800490686,150491,250716,100225,0.6002448986103799,134545,163314,63089,87402,0.002649068832397461,0.001978635787963867,0.0006704330444335938
Sobel_Torch,Sauvola_Thresholding_CV2,0.3272867179658749,0.3063378476743113,0.7942136074582533,0.4421377773256513,0.28381057765598994,0.44213777732564313,0.28381057765598317,0.3272867179658749,150491,390164,239673,0.38571216206518283,27217,270642,30969,119522,0.002649068832397461,0.0021708011627197266,0.0004782676696777344
Sobel_Torch,Sobel_CV2,0.9880807404929185,0.9999655545375008,0.9645227953831126,0.9819244506981275,0.9644907505847331,0.9819244506980942,0.9644907505846689,0.9880807404929185,150491,145157,5334,0.9645560199613266,297854,5,5339,145152,0.002649068832397461,0.0034241676330566406,0.0007750988006591797
Sobel_Torch,Canny_CV2,0.7907929073268651,0.7493424814179531,0.5660737186941411,0.6449412512870207,0.47595076737416686,0.6449412512869963,0.4759507673741402,0.7907929073268651,150491,113685,36806,0.7554272348512535,269363,28496,65302,85189,0.002649068832397461,0.0008211135864257812,0.0018279552459716797
Sobel_Torch,Global_Threshold_Sklearn,0.5047217575554812,0.3687369089061623,0.6679535653294881,0.47516426376743087,0.31161668924511515,0.4751642637674196,0.3116166892451055,0.5047217575554812,150491,272609,122118,0.5520397345648896,125771,172088,49970,100521,0.002649068832397461,0.033698320388793945,0.031049251556396484
Sobel_Torch,Adaptive_Threshold_Sklearn,0.32616036578565855,0.30418757700125787,0.7825850050833605,0.43809098686902503,0.2804843196280913,0.4380909868690169,0.2804843196280846,0.32616036578565855,150491,387169,236678,0.38869589249139264,28462,269397,32719,117772,0.002649068832397461,0.03797125816345215,0.03532218933105469
Sobel_Torch,Otsu_Thresholding_Sklearn,0.5298628303780528,0.40128423003500363,0.8143410569402821,0.5376364370196188,0.36764895586148555,0.5376364370196071,0.3676489558614745,0.5298628303780528,150491,305397,154906,0.4927717037168014,115013,182846,27940,122551,0.002649068832397461,0.032521963119506836,0.029872894287109375
Sobel_Torch,Niblack_Thresholding_Sklearn,0.6007181889149102,0.3889230673384679,0.3318603770325136,0.3581329642670185,0.21812543675751223,0.3581329642670057,0.21812543675750268,0.6007181889149102,150491,128411,22080,0.8532802626070662,219390,78469,100549,49942,0.002649068832397461,0.04276776313781738,0.04011869430541992
Sobel_Torch,Sauvola_Thresholding_Sklearn,0.34277907884465264,0.33520410029444575,0.9743373357875221,0.4988034147328817,0.332270549792202,0.4988034147328732,0.3322705497921945,0.34277907884465264,150491,437432,286941,0.3440329011137731,7056,290803,3862,146629,0.002649068832397461,0.040842533111572266,0.038193464279174805
Sobel_Torch,Sobel_Sklearn,0.9868517898962864,0.9819930932412432,0.9787761394369099,0.9803819773768757,0.9615188782704057,0.9803819773768431,0.9615188782703429,0.9868517898962864,150491,149998,493,0.9967240565881016,295158,2701,3194,147297,0.002649068832397461,0.006790876388549805,0.004141807556152344
Sobel_Torch,Canny_Sklearn,0.7813806178208988,0.840853286217245,0.43007887514868,0.5690834593606021,0.39770555668208996,0.569083459360577,0.3977055566820655,0.7813806178208988,150491,76973,73518,0.5114790917729299,285609,12250,85768,64723,0.002649068832397461,0.020357608795166016,0.017708539962768555
Sobel_Torch,Global_Threshold_Torch,0.4942210326753652,0.35147849724083946,0.5997235715092597,0.44320748787051406,0.2846927155785615,0.4432074878705032,0.2846927155785525,0.4942210326753652,150491,256781,106290,0.5860675049945284,131331,166528,60238,90253,0.002649068832397461,0.002567291259765625,8.177757263183594e-05
Sobel_Torch,Adaptive_Threshold_Torch,0.396094568975131,0.28965391799528484,0.5502521745486441,0.37952504371220297,0.23420605313248616,0.37952504371219425,0.23420605313247952,0.396094568975131,150491,285886,135395,0.5264021323184765,94781,203078,67683,82808,0.002649068832397461,0.002750873565673828,0.00010180473327636719
Sobel_Torch,Otsu_Thresholding_Torch,0.5166097914575666,0.3878825014980145,0.7613544996046275,0.5139341798951292,0.34583540846048205,0.5139341798951177,0.34583540846047156,0.5166097914575666,150491,295391,144900,0.5094637277371349,117045,180814,35914,114577,0.002649068832397461,0.002817392349243164,0.00016832351684570312
Sobel_Torch,Niblack_Thresholding_Torch,0.49471395115423217,0.34856075570281636,0.5815962416357124,0.43588690098233296,0.27867991212150156,0.4358869009823221,0.2786799121214927,0.49471395115423217,150491,251104,100613,0.599317414298458,134280,163579,62966,87525,0.002649068832397461,0.15732049942016602,0.15467143058776855
Sobel_Torch,Sauvola_Thresholding_Torch,0.32738262518122,0.3064470255436579,0.7947186210471058,0.4423297408851181,0.28396879140291476,0.4423297408851099,0.28396879140290804,0.32738262518122,150491,390273,239782,0.3856044358692505,27184,270675,30893,119598,0.002649068832397461,0.15748858451843262,0.15483951568603516
Sobel_Torch,Sobel_Torch,1.0,1.0,1.0,1.0,1.0,0.9999999999999667,0.9999999999999335,1.0,150491,150491,0,1.0,297859,0,0,150491,0.002649068832397461,0.002649068832397461,0.0
Sobel_Torch,Canny_Torch,0.9424802051968328,0.8537043340140685,1.0,0.9210792879417085,0.8537043340140685,0.9210792879416801,0.85370433401402,0.9424802051968328,150491,176280,25789,0.8537043340140685,272070,25789,0,150491,0.002649068832397461,0.002446413040161133,0.00020265579223632812
Canny_Torch,Global_Threshold_CV2,0.5160477305676369,0.4207523657463297,0.6129169503063309,0.49897245249035954,0.33242058303207445,0.498972452490348,0.33242058303206423,0.5160477305676369,176280,256790,80510,0.6864753300362164,123325,148745,68235,108045,0.002446413040161133,0.0003681182861328125,0.0020782947540283203
Canny_Torch,Adaptive_Threshold_CV2,0.385660756105721,0.3270315623484592,0.5317676423871114,0.4049952583497329,0.2539147676330452,0.4049952583497241,0.25391476763303833,0.385660756105721,176280,286639,110359,0.6149895862042499,79171,192899,82540,93740,0.002446413040161133,0.0010752677917480469,0.001371145248413086
Canny_Torch,Otsu_Thresholding_CV2,0.5512746738039478,0.4577595213220629,0.7655604719764012,0.5729369210260417,0.40147974498644906,0.5729369210260294,0.4014797449864371,0.5512746738039478,176280,294812,118532,0.5979403823453591,112211,159859,41327,134953,0.002446413040161133,0.0004265308380126953,0.0020198822021484375
Canny_Torch,Niblack_Thresholding_CV2,0.5073714731794358,0.4110746821104357,0.5846550941683685,0.4827352012665224,0.3181614716623499,0.4827352012665111,0.3181614716623401,0.5073714731794358,176280,250716,74436,0.7031063035466424,124417,147653,73217,103063,0.002446413040161133,0.001978635787963867,0.0004677772521972656
Canny_Torch,Sauvola_Thresholding_CV2,0.3682747853239656,0.36293712387611365,0.8032958928976628,0.4999788152050335,0.3333145026704234,0.4999788152050247,0.3333145026704155,0.3682747853239656,176280,390164,213884,0.4518100080991583,23511,248559,34675,141605,0.002446413040161133,0.0021708011627197266,0.00027561187744140625
Canny_Torch,Sobel_CV2,0.93058324969332,1.0,0.8234456546403449,0.9031754278443366,0.8234456546403449,0.9031754278443084,0.8234456546402982,0.93058324969332,176280,145157,31123,0.8234456546403449,272070,0,31123,145157,0.002446413040161133,0.0034241676330566406,0.0009777545928955078
Canny_Torch,Canny_CV2,0.7715512434481989,0.824822975766372,0.5319378261856138,0.6467677133447141,0.47794286296796556,0.6467677133446917,0.47794286296794114,0.7715512434481989,176280,113685,62595,0.6449115044247787,252155,19915,82510,93770,0.002446413040161133,0.0008211135864257812,0.0016252994537353516
Canny_Torch,Global_Threshold_Sklearn,0.5320553139288502,0.43851450245589835,0.6781427274790106,0.532617194896734,0.362970857396173,0.5326171948967221,0.36297085739616197,0.5320553139288502,176280,272609,96329,0.646640426398248,119004,153066,56737,119543,0.002446413040161133,0.033698320388793945,0.03125190734863281
Canny_Torch,Adaptive_Threshold_Sklearn,0.3607650273224044,0.35752862445082123,0.7852507374631268,0.49134526816091606,0.32568437150755836,0.49134526816090734,0.3256843715075507,0.3607650273224044,176280,387169,210889,0.4553050476665229,23325,248745,37856,138424,0.002446413040161133,0.03797125816345215,0.035524845123291016
Canny_Torch,Otsu_Thresholding_Sklearn,0.5675454444072711,0.4711670383140633,0.8162752439301112,0.5974667671489401,0.42599116595220615,0.5974667671489277,0.4259911659521935,0.5675454444072711,176280,305397,129117,0.5772158862071337,110566,161504,32387,143893,0.002446413040161133,0.032521963119506836,0.030075550079345703
Canny_Torch,Niblack_Thresholding_Sklearn,0.5813248578119773,0.45548278574265444,0.33179600635352846,0.3839233846749658,0.23756508882949773,0.3839233846749532,0.23756508882948807,0.5813248578119773,176280,128411,47869,0.7284490583163149,202148,69922,117791,58489,0.002446413040161133,0.04276776313781738,0.04032135009765625
Canny_Torch,Sauvola_Thresholding_Sklearn,0.3979703356752537,0.3929662210354981,0.9751304742455185,0.5601845816930416,0.38906694189436325,0.5601845816930325,0.3890669418943544,0.3979703356752537,176280,437432,261152,0.4029883501892866,6534,265536,4384,171896,0.002446413040161133,0.040842533111572266,0.03839612007141113
Canny_Torch,Sobel_Sklearn,0.9413672354187577,0.9999799997333297,0.8508906285454958,0.9194306695517319,0.8508761480120034,0.9194306695517037,0.8508761480119551,0.9413672354187577,176280,149998,26282,0.850907646925346,272067,3,26285,149995,0.002446413040161133,0.006790876388549805,0.004344463348388672
Canny_Torch,Canny_Sklearn,0.7442511430801829,0.9002377457030387,0.3930905377808033,0.5472314247017804,0.3766817606097011,0.5472314247017588,0.37668176060968056,0.7442511430801829,176280,76973,99307,0.4366519174041298,264391,7679,106986,69294,0.002446413040161133,0.020357608795166016,0.017911195755004883
Canny_Torch,Global_Threshold_Torch,0.51604550016728,0.4207476409858985,0.6128885863399137,0.4989597308462318,0.3324092904766154,0.4989597308462203,0.3324092904766051,0.51604550016728,176280,256781,80501,0.6864993905312309,123329,148741,68240,108040,0.002446413040161133,0.002567291259765625,0.00012087821960449219
Canny_Torch,Adaptive_Threshold_Torch,0.4041753094680495,0.3410940025044948,0.5531767642387111,0.4219869051379807,0.267416605421059,0.4219869051379716,0.26741660542105167,0.4041753094680495,176280,285886,109606,0.6166094177399383,83698,188372,78766,97514,0.002446413040161133,0.002750873565673828,0.0003044605255126953
Canny_Torch,Otsu_Thresholding_Torch,0.5517854354856697,0.45822993930079114,0.7678522804628999,0.5739466704546178,0.4024720945307064,0.5739466704546056,0.40247209453069444,0.5517854354856697,176280,295391,119111,0.5967683511007444,112036,160034,40923,135357,0.002446413040161133,0.002817392349243164,0.00037097930908203125
Canny_Torch,Niblack_Thresholding_Torch,0.5071261291401806,0.41099305467057473,0.5854436124347628,0.48294741965071225,0.3183458674448304,0.4829474196507009,0.3183458674448205,0.5071261291401806,176280,251104,74824,0.7020198802089971,124168,147902,73078,103202,0.002446413040161133,0.15732049942016602,0.15487408638000488
Canny_Torch,Sauvola_Thresholding_Torch,0.36836177093788336,0.36302536942089253,0.8037156796006354,0.5001438523845078,0.3334612143835584,0.5001438523844989,0.3334612143835506,0.36836177093788336,176280,390273,213993,0.45168382132507245,23476,248594,34601,141679,0.002446413040161133,0.15748858451843262,0.15504217147827148
Canny_Torch,Sobel_Torch,0.9424802051968328,1.0,0.8537043340140685,0.9210792879417085,0.8537043340140685,0.9210792879416801,0.85370433401402,0.9424802051968328,176280,150491,25789,0.8537043340140685,272070,0,25789,150491,0.002446413040161133,0.002649068832397461,0.00020265579223632812
Canny_Torch,Canny_Torch,1.0,1.0,1.0,1.0,1.0,0.9999999999999716,0.9999999999999432,1.0,176280,176280,0,1.0,272070,0,0,176280,0.002446413040161133,0.002446413040161133,0.0
