method1,method2,accuracy,precision,recall,f1_score,jaccard,dice_coefficient,intersection_over_union,pixel_agreement,area1,area2,area_difference,area_ratio,true_negative,false_positive,false_negative,true_positive,time1,time2,time_diff
Global_Threshold_CV2,Global_Threshold_CV2,1.0,1.0,1.0,1.0,1.0,0.9999999999999674,0.9999999999999347,1.0,153393,153393,0,1.0,461007,0,0,153393,0.0004949569702148438,0.0004949569702148438,0.0
Global_Threshold_CV2,Adaptive_Threshold_CV2,0.5999283854166667,0.3692910022376301,0.8510427464095494,0.5150761897997995,0.3468704496901804,0.5150761897997894,0.3468704496901711,0.5999283854166667,153393,353499,200106,0.43392767730601783,238052,222955,22849,130544,0.0004949569702148438,0.0014367103576660156,0.0009417533874511719
Global_Threshold_CV2,Otsu_Thresholding_CV2,0.8889664713541666,0.6921691966139017,1.0,0.8180850921987707,0.6921691966139017,0.8180850921987488,0.6921691966138706,0.8889664713541666,153393,221612,68219,0.6921691966139017,392788,68219,0,153393,0.0004949569702148438,0.0005745887756347656,7.963180541992188e-05
Global_Threshold_CV2,Niblack_Thresholding_CV2,0.5680289713541666,0.3341152914274882,0.7353790590183386,0.4594720645530512,0.2982562366970294,0.4594720645530418,0.2982562366970215,0.5680289713541666,153393,337614,184221,0.45434431036627626,236195,224812,40591,112802,0.0004949569702148438,0.0027801990509033203,0.0022852420806884766
Global_Threshold_CV2,Sauvola_Thresholding_CV2,0.47443196614583333,0.32175498513187833,0.9974314342897003,0.48655524584716026,0.3214886070416971,0.4865552458471525,0.32148860704169036,0.47443196614583333,153393,475514,322121,0.32258356220847334,138492,322515,394,152999,0.0004949569702148438,0.00296783447265625,0.0024728775024414062
Global_Threshold_CV2,Sobel_CV2,0.4826220703125,0.1530634628689064,0.23654273663074588,0.18585972416089333,0.10245058038575676,0.18585972416088858,0.10245058038575386,0.4826220703125,153393,237052,83659,0.6470858714543645,260239,200768,117109,36284,0.0004949569702148438,0.004855155944824219,0.004360198974609375
Global_Threshold_CV2,Canny_CV2,0.5436165364583333,0.15931610542748775,0.19360075101210616,0.17479311116081414,0.09576619079713253,0.17479311116080898,0.09576619079712943,0.5436165364583333,153393,186403,33010,0.8229105754735707,304301,156706,123696,29697,0.0004949569702148438,0.0012183189392089844,0.0007233619689941406
Global_Threshold_CV2,Global_Threshold_Sklearn,0.9494156901041667,0.9559667775077166,0.8358921202401675,0.8919062740201517,0.8049014745855279,0.8919062740201207,0.8049014745854772,0.9494156901041667,153393,134126,19267,0.8743945290854211,455101,5906,25173,128220,0.0004949569702148438,0.04297637939453125,0.042481422424316406
Global_Threshold_CV2,Adaptive_Threshold_Sklearn,0.4945149739583333,0.3229697675518723,0.9346906312543597,0.4800609388602424,0.31584222758263664,0.4800609388602344,0.3158422275826297,0.4945149739583333,153393,443927,290534,0.3455365409177635,160455,300552,10018,143375,0.0004949569702148438,0.050629615783691406,0.05013465881347656
Global_Threshold_CV2,Otsu_Thresholding_Sklearn,0.8823128255208333,0.6960644924172082,0.9383413845481867,0.7992459263084539,0.6656199998150221,0.7992459263084317,0.6656199998149912,0.8823128255208333,153393,206784,53391,0.7418030408542247,398158,62849,9458,143935,0.0004949569702148438,0.04458212852478027,0.04408717155456543
Global_Threshold_CV2,Niblack_Thresholding_Sklearn,0.7436409505208333,0.4832954360890044,0.3879772870991505,0.4304224088987571,0.27422818173440233,0.4304224088987415,0.27422818173438973,0.7436409505208333,153393,123140,30253,0.8027745725033085,397380,63627,93880,59513,0.0004949569702148438,0.0577998161315918,0.05730485916137695
Global_Threshold_CV2,Sauvola_Thresholding_Sklearn,0.2913720703125,0.2605026600623739,0.9997848663237566,0.4133130126492216,0.2604880584161796,0.41331301264921605,0.26048805841617517,0.2913720703125,153393,588708,435315,0.26055871501661265,25659,435348,33,153360,0.0004949569702148438,0.05558204650878906,0.05508708953857422
Global_Threshold_CV2,Sobel_Sklearn,0.47698893229166667,0.152884277535498,0.24111269745033997,0.18711991662197577,0.10321692997658537,0.18711991662197103,0.10321692997658248,0.47698893229166667,153393,241915,88522,0.6340780852778869,256077,204930,116408,36985,0.0004949569702148438,0.009686946868896484,0.00919198989868164
Global_Threshold_CV2,Canny_Sklearn,0.6200732421875,0.12339776769749101,0.08547978069403428,0.100997107656046,0.05318428321685413,0.10099710765604211,0.053184283216851966,0.6200732421875,153393,106258,47135,0.6927173990990463,367861,93146,140281,13112,0.0004949569702148438,0.02982020378112793,0.029325246810913086
Global_Threshold_CV2,Global_Threshold_Torch,1.0,1.0,1.0,1.0,1.0,0.9999999999999674,0.9999999999999347,1.0,153393,153393,0,1.0,461007,0,0,153393,0.0004949569702148438,0.0059850215911865234,0.00549006462097168
Global_Threshold_CV2,Adaptive_Threshold_Torch,0.6068440755208333,0.37576657723265616,0.8692117632486489,0.5247010627350128,0.35565745319910586,0.5247010627350025,0.35565745319909636,0.6068440755208333,153393,354824,201431,0.4323072847383492,239514,221493,20062,133331,0.0004949569702148438,0.0038034915924072266,0.003308534622192383
Global_Threshold_CV2,Otsu_Thresholding_Torch,0.8854085286458333,0.6854082699577297,1.0,0.8133439026912095,0.6854082699577297,0.813343902691188,0.6854082699576991,0.8854085286458333,153393,223798,70405,0.6854082699577297,390602,70405,0,153393,0.0004949569702148438,0.0035736560821533203,0.0030786991119384766
Global_Threshold_CV2,Niblack_Thresholding_Torch,0.5686149088541667,0.3348392326718027,0.7378237598847405,0.4606336628021742,0.2992358944529639,0.46063366280216483,0.29923589445295595,0.5686149088541667,153393,338004,184611,0.45382007313522915,236180,224827,40216,113177,0.0004949569702148438,0.21469855308532715,0.2142035961151123
Global_Threshold_CV2,Sauvola_Thresholding_Torch,0.47447591145833334,0.3217777534758222,0.9974705495035627,0.4865859320837282,0.32151540176554516,0.4865859320837205,0.32151540176553844,0.47447591145833334,153393,475499,322106,0.3225937383674834,138513,322494,388,153005,0.0004949569702148438,0.21512508392333984,0.214630126953125
Global_Threshold_CV2,Sobel_Torch,0.4812841796875,0.15465127939431417,0.24129523511503131,0.18849322044687758,0.10405327905721483,0.18849322044687278,0.1040532790572119,0.4812841796875,153393,239332,85939,0.640921397890796,258688,202319,116380,37013,0.0004949569702148438,0.0033740997314453125,0.0028791427612304688
Global_Threshold_CV2,Canny_Torch,0.46599446614583334,0.1535627315200406,0.25241699425658276,0.19095457560581067,0.10555543439145938,0.19095457560580595,0.10555543439145651,0.46599446614583334,153393,252138,98745,0.6083692263760322,247588,213419,114674,38719,0.0004949569702148438,0.0030739307403564453,0.0025789737701416016
Adaptive_Threshold_CV2,Global_Threshold_CV2,0.5999283854166667,0.8510427464095494,0.3692910022376301,0.5150761897997995,0.3468704496901804,0.5150761897997894,0.3468704496901711,0.5999283854166667,353499,153393,200106,0.43392767730601783,238052,22849,222955,130544,0.0014367103576660156,0.0004949569702148438,0.0009417533874511719
Adaptive_Threshold_CV2,Adaptive_Threshold_CV2,1.0,1.0,1.0,1.0,1.0,0.9999999999999858,0.9999999999999717,1.0,353499,353499,0,1.0,260901,0,0,353499,0.0014367103576660156,0.0014367103576660156,0.0
Adaptive_Threshold_CV2,Otsu_Thresholding_CV2,0.6586474609375,0.8243777412775481,0.5168105143154578,0.6353277888964044,0.4655534008292157,0.6353277888963933,0.4655534008292038,0.6586474609375,353499,221612,131887,0.626909835671388,221981,38920,170807,182692,0.0014367103576660156,0.0005745887756347656,0.00086212158203125
Adaptive_Threshold_CV2,Niblack_Thresholding_CV2,0.8495296223958333,0.8866101524225891,0.8467690149052756,0.8662317160869496,0.7640288834833746,0.866231716086937,0.7640288834833551,0.8495296223958333,353499,337614,15885,0.9550635221033157,222619,38282,54167,299332,0.0014367103576660156,0.0027801990509033203,0.0013434886932373047
Adaptive_Threshold_CV2,Sauvola_Thresholding_CV2,0.7785139973958334,0.7286136685775814,0.980104611328462,0.8358517900201806,0.7179943093626113,0.8358517900201705,0.7179943093625965,0.7785139973958334,353499,475514,122015,0.7434039796935527,131853,129048,7033,346466,0.0014367103576660156,0.00296783447265625,0.0015311241149902344
Adaptive_Threshold_CV2,Sobel_CV2,0.4536279296875,0.5375613789379545,0.3604819249842291,0.43156306567934016,0.27515487313250747,0.43156306567933284,0.27515487313250153,0.4536279296875,353499,237052,116447,0.6705874698372556,151279,109622,226069,127430,0.0014367103576660156,0.004855155944824219,0.003418445587158203
Adaptive_Threshold_CV2,Canny_CV2,0.46984700520833333,0.5744971915688052,0.3029372077431619,0.39669421487603307,0.24742268041237114,0.3966942148760257,0.2474226804123654,0.46984700520833333,353499,186403,167096,0.5273084223717748,181586,79315,246411,107088,0.0014367103576660156,0.0012183189392089844,0.00021839141845703125
Adaptive_Threshold_CV2,Global_Threshold_Sklearn,0.5516031901041667,0.7907862755916079,0.30004328159344157,0.4350269161753397,0.2779772512842017,0.43502691617533074,0.2779772512841944,0.5516031901041667,353499,134126,219373,0.37942398705512603,232840,28061,247434,106065,0.0014367103576660156,0.04297637939453125,0.041539669036865234
Adaptive_Threshold_CV2,Adaptive_Threshold_Sklearn,0.6404427083333334,0.6493342373858765,0.8154393647506782,0.7229686516366409,0.5661322664969785,0.7229686516366318,0.5661322664969672,0.6404427083333334,353499,443927,90428,0.7962998420911547,105231,155670,65242,288257,0.0014367103576660156,0.050629615783691406,0.04919290542602539
Adaptive_Threshold_CV2,Otsu_Thresholding_Sklearn,0.5702132161458333,0.7162594784896317,0.41898562655057014,0.528700674480575,0.3593427015905981,0.5287006744805656,0.3593427015905894,0.5702132161458333,353499,206784,146715,0.5849634652431831,202228,58673,205388,148111,0.0014367103576660156,0.04458212852478027,0.04314541816711426
Adaptive_Threshold_CV2,Niblack_Thresholding_Sklearn,0.5317626953125,0.7672324183855774,0.2672624250705094,0.3964300025805694,0.24721714874843653,0.39643000258056105,0.24721714874843004,0.5317626953125,353499,123140,230359,0.34834610564669205,232238,28663,259022,94477,0.0014367103576660156,0.0577998161315918,0.05636310577392578
Adaptive_Threshold_CV2,Sauvola_Thresholding_Sklearn,0.5982958984375,0.5906153814794431,0.9835954274269517,0.7380543765860368,0.5848543414963996,0.738054376586029,0.5848543414963897,0.5982958984375,353499,588708,235209,0.6004657657106749,19893,241008,5799,347700,0.0014367103576660156,0.05558204650878906,0.05414533615112305
Adaptive_Threshold_CV2,Sobel_Sklearn,0.45369791666666665,0.5368951904594589,0.3674211242464618,0.43627795113987916,0.2789996799353856,0.43627795113987183,0.2789996799353796,0.45369791666666665,353499,241915,111584,0.684344227282114,148869,112032,223616,129883,0.0014367103576660156,0.009686946868896484,0.008250236511230469
Adaptive_Threshold_CV2,Canny_Sklearn,0.44289225260416665,0.5527583805454648,0.1661532281562324,0.2555045382669541,0.14646328630349456,0.2555045382669485,0.14646328630349092,0.44289225260416665,353499,106258,247241,0.3005892520205149,213378,47523,294764,58735,0.0014367103576660156,0.02982020378112793,0.028383493423461914
Adaptive_Threshold_CV2,Global_Threshold_Torch,0.5999283854166667,0.8510427464095494,0.3692910022376301,0.5150761897997995,0.3468704496901804,0.5150761897997894,0.3468704496901711,0.5999283854166667,353499,153393,200106,0.43392767730601783,238052,22849,222955,130544,0.0014367103576660156,0.0059850215911865234,0.004548311233520508
Adaptive_Threshold_CV2,Adaptive_Threshold_Torch,0.9170263671875,0.9262958537190269,0.9297678352696895,0.928028597123064,0.8657214125604832,0.9280285971230507,0.8657214125604603,0.9170263671875,353499,354824,1325,0.9962657542894505,234749,26152,24827,328672,0.0014367103576660156,0.0038034915924072266,0.002366781234741211
Adaptive_Threshold_CV2,Otsu_Thresholding_Torch,0.6601936848958333,0.8233317545286374,0.5212461704276391,0.63835426132476,0.46881082442619904,0.6383542613247489,0.4688108244261871,0.6601936848958333,353499,223798,129701,0.6330937286951307,221363,39538,169239,184260,0.0014367103576660156,0.0035736560821533203,0.0021369457244873047
Adaptive_Threshold_CV2,Niblack_Thresholding_Torch,0.8500862630208333,0.8866699802369202,0.8478043785130934,0.8668017347719388,0.7649162210793634,0.8668017347719262,0.7649162210793439,0.8500862630208333,353499,338004,15495,0.9561667784067281,222595,38306,53801,299698,0.0014367103576660156,0.21469855308532715,0.21326184272766113
Adaptive_Threshold_CV2,Sauvola_Thresholding_Torch,0.7784733072916666,0.7285945922073442,0.9800480340821331,0.835818663012456,0.7179454234984002,0.8358186630124459,0.7179454234983853,0.7784733072916666,353499,475499,122000,0.7434274309725152,131848,129053,7053,346446,0.0014367103576660156,0.21512508392333984,0.21368837356567383
Adaptive_Threshold_CV2,Sobel_Torch,0.45472819010416665,0.5386158140156769,0.36466298348793064,0.4348895385025412,0.27786507674764993,0.43488953850253387,0.27786507674764394,0.45472819010416665,353499,239332,114167,0.6770372759187437,150477,110424,224591,128908,0.0014367103576660156,0.0033740997314453125,0.0019373893737792969
Adaptive_Threshold_CV2,Canny_Torch,0.4547802734375,0.5367179877686029,0.3828214506971731,0.4468914547823201,0.2877400012757543,0.44689145478231274,0.28774000127574817,0.4547802734375,353499,252138,101361,0.7132636867431025,144090,116811,218172,135327,0.0014367103576660156,0.0030739307403564453,0.0016372203826904297
Otsu_Thresholding_CV2,Global_Threshold_CV2,0.8889664713541666,1.0,0.6921691966139017,0.8180850921987707,0.6921691966139017,0.8180850921987488,0.6921691966138706,0.8889664713541666,221612,153393,68219,0.6921691966139017,392788,0,68219,153393,0.0005745887756347656,0.0004949569702148438,7.963180541992188e-05
Otsu_Thresholding_CV2,Adaptive_Threshold_CV2,0.6586474609375,0.5168105143154578,0.8243777412775481,0.6353277888964044,0.4655534008292157,0.6353277888963933,0.4655534008292038,0.6586474609375,221612,353499,131887,0.626909835671388,221981,170807,38920,182692,0.0005745887756347656,0.0014367103576660156,0.00086212158203125
Otsu_Thresholding_CV2,Otsu_Thresholding_CV2,1.0,1.0,1.0,1.0,1.0,0.9999999999999775,0.9999999999999548,1.0,221612,221612,0,1.0,392788,0,0,221612,0.0005745887756347656,0.0005745887756347656,0.0
Otsu_Thresholding_CV2,Niblack_Thresholding_CV2,0.6395149739583333,0.5001925275610608,0.7620164973015902,0.6039490295515587,0.43261244921276587,0.603949029551548,0.43261244921275477,0.6395149739583333,221612,337614,116002,0.656406428643362,224046,168742,52740,168872,0.0005745887756347656,0.0027801990509033203,0.0022056102752685547
Otsu_Thresholding_CV2,Sauvola_Thresholding_CV2,0.5805989583333333,0.46207472335199384,0.9914760933523455,0.6303681113600698,0.4602463746562129,0.6303681113600608,0.4602463746562032,0.5805989583333333,221612,475514,253902,0.466047266747141,136997,255791,1889,219723,0.0005745887756347656,0.00296783447265625,0.0023932456970214844
Otsu_Thresholding_CV2,Sobel_CV2,0.478564453125,0.29169549297200614,0.3120183022580005,0.301514834388572,0.17751985150840657,0.30151483438856547,0.177519851508402,0.478564453125,221612,237052,15440,0.9348666115451462,224883,167905,152465,69147,0.0005745887756347656,0.004855155944824219,0.004280567169189453
Otsu_Thresholding_CV2,Canny_CV2,0.5129736328125,0.29180324351002934,0.2454424850639857,0.2666225506415205,0.15381678741707247,0.26662255064151397,0.1538167874170681,0.5129736328125,221612,186403,35209,0.8411232243741313,260778,132010,167219,54393,0.0005745887756347656,0.0012183189392089844,0.0006437301635742188
Otsu_Thresholding_CV2,Global_Threshold_Sklearn,0.8524088541666667,0.9880932854181889,0.5980226702525134,0.7450932990009501,0.593743979857443,0.7450932990009291,0.5937439798574163,0.8524088541666667,221612,134126,87486,0.6052289587206469,391191,1597,89083,132529,0.0005745887756347656,0.04297637939453125,0.042401790618896484
Otsu_Thresholding_CV2,Adaptive_Threshold_Sklearn,0.5547932942708333,0.44151853795781737,0.8844376658303702,0.5890022973860285,0.4174367515233091,0.5890022973860196,0.41743675152330023,0.5547932942708333,221612,443927,222315,0.499208203150518,144863,247925,25610,196002,0.0005745887756347656,0.050629615783691406,0.05005502700805664
Otsu_Thresholding_CV2,Otsu_Thresholding_Sklearn,0.9043717447916667,0.8937877205199629,0.8339846217713842,0.8628511937553105,0.7587847685517808,0.8628511937552903,0.7587847685517496,0.9043717447916667,221612,206784,14828,0.9330902658700793,370825,21963,36791,184821,0.0005745887756347656,0.04458212852478027,0.04400753974914551
Otsu_Thresholding_CV2,Niblack_Thresholding_Sklearn,0.690712890625,0.6282523956472308,0.34909210692561776,0.44880377778809116,0.28932753404216327,0.4488037777880781,0.28932753404215245,0.690712890625,221612,123140,98472,0.5556558309116835,347011,45777,144249,77363,0.0005745887756347656,0.0577998161315918,0.05722522735595703
Otsu_Thresholding_CV2,Sauvola_Thresholding_Sklearn,0.4022395833333333,0.37629520916991105,0.9996209591538364,0.5467667094481192,0.3762415250207204,0.5467667094481125,0.376241525020714,0.4022395833333333,221612,588708,367096,0.3764378945079734,25608,367180,84,221528,0.0005745887756347656,0.05558204650878906,0.0550074577331543
Otsu_Thresholding_CV2,Sobel_Sklearn,0.47489095052083335,0.2912179897898022,0.3178979477645615,0.30397366280712884,0.17922697079707028,0.30397366280712224,0.17922697079706573,0.47489095052083335,221612,241915,20303,0.9160738275840687,221323,171465,151162,70450,0.0005745887756347656,0.009686946868896484,0.009112358093261719
Otsu_Thresholding_CV2,Canny_Sklearn,0.5548860677083334,0.25594308193265447,0.12271898633647997,0.1658950193674322,0.0904501220591072,0.16589501936742715,0.09045012205910419,0.5548860677083334,221612,106258,115354,0.4794776456148584,313726,79062,194416,27196,0.0005745887756347656,0.02982020378112793,0.029245615005493164
Otsu_Thresholding_CV2,Global_Threshold_Torch,0.8889664713541666,1.0,0.6921691966139017,0.8180850921987707,0.6921691966139017,0.8180850921987488,0.6921691966138706,0.8889664713541666,221612,153393,68219,0.6921691966139017,392788,0,68219,153393,0.0005745887756347656,0.0059850215911865234,0.005410432815551758
Otsu_Thresholding_CV2,Adaptive_Threshold_Torch,0.671103515625,0.527531959506685,0.84463386459217,0.6494424359339112,0.48086986679682986,0.6494424359338998,0.4808698667968175,0.671103515625,221612,354824,133212,0.6245688003066309,225145,167643,34431,187181,0.0005745887756347656,0.0038034915924072266,0.003228902816772461
Otsu_Thresholding_CV2,Otsu_Thresholding_Torch,0.9964420572916667,0.9902322630229046,1.0,0.9950921622774522,0.9902322630229046,0.9950921622774299,0.9902322630228603,0.9964420572916667,221612,223798,2186,0.9902322630229046,390602,2186,0,221612,0.0005745887756347656,0.0035736560821533203,0.0029990673065185547
Otsu_Thresholding_CV2,Niblack_Thresholding_Torch,0.6401236979166667,0.5007455533070615,0.7637402306734292,0.6048933554437328,0.43358216219816476,0.604893355443722,0.43358216219815365,0.6401236979166667,221612,338004,116392,0.6556490455734252,224038,168750,52358,169254,0.0005745887756347656,0.21469855308532715,0.21412396430969238
Otsu_Thresholding_CV2,Sauvola_Thresholding_Torch,0.5806526692708334,0.462108227356945,0.9915167048715774,0.6304074960802513,0.4602883662666351,0.6304074960802422,0.46028836626662545,0.5806526692708334,221612,475499,253887,0.46606196858458165,137021,255767,1880,219732,0.0005745887756347656,0.21512508392333984,0.21455049514770508
Otsu_Thresholding_CV2,Sobel_Torch,0.47755859375,0.2923888155365768,0.31576809920040433,0.30362907424763097,0.1789874311321189,0.30362907424762436,0.17898743113211432,0.47755859375,221612,239332,17720,0.9259605903096954,223434,169354,151634,69978,0.0005745887756347656,0.0033740997314453125,0.002799510955810547
Otsu_Thresholding_CV2,Canny_Torch,0.46728515625,0.2904163592953065,0.33041983286103643,0.3091292875989446,0.1828225454091505,0.30912928759893804,0.18282254540914591,0.46728515625,221612,252138,30526,0.8789313788480911,213875,178913,148387,73225,0.0005745887756347656,0.0030739307403564453,0.0024993419647216797
Niblack_Thresholding_CV2,Global_Threshold_CV2,0.5680289713541666,0.7353790590183386,0.3341152914274882,0.4594720645530512,0.2982562366970294,0.4594720645530418,0.2982562366970215,0.5680289713541666,337614,153393,184221,0.45434431036627626,236195,40591,224812,112802,0.0027801990509033203,0.0004949569702148438,0.0022852420806884766
Niblack_Thresholding_CV2,Adaptive_Threshold_CV2,0.8495296223958333,0.8467690149052756,0.8866101524225891,0.8662317160869496,0.7640288834833746,0.866231716086937,0.7640288834833551,0.8495296223958333,337614,353499,15885,0.9550635221033157,222619,54167,38282,299332,0.0027801990509033203,0.0014367103576660156,0.0013434886932373047
Niblack_Thresholding_CV2,Otsu_Thresholding_CV2,0.6395149739583333,0.7620164973015902,0.5001925275610608,0.6039490295515587,0.43261244921276587,0.603949029551548,0.43261244921275477,0.6395149739583333,337614,221612,116002,0.656406428643362,224046,52740,168742,168872,0.0027801990509033203,0.0005745887756347656,0.0022056102752685547
Niblack_Thresholding_CV2,Niblack_Thresholding_CV2,1.0,1.0,1.0,1.0,1.0,0.9999999999999851,0.9999999999999704,1.0,337614,337614,0,1.0,276786,0,0,337614,0.0027801990509033203,0.0027801990509033203,0.0
Niblack_Thresholding_CV2,Sauvola_Thresholding_CV2,0.7755013020833333,0.7099643753916814,0.9999526086003543,0.8303686504461782,0.7099404874561016,0.830368650446168,0.7099404874560866,0.7755013020833333,337614,475514,137900,0.7099980231917462,138870,137916,16,337598,0.0027801990509033203,0.00296783447265625,0.0001876354217529297
Niblack_Thresholding_CV2,Sobel_CV2,0.5265690104166667,0.5985817457772978,0.4202876657958497,0.4938346796225982,0.3278754814902108,0.4938346796225896,0.3278754814902032,0.5265690104166667,337614,237052,100562,0.70213912930151,181629,95157,195719,141895,0.0027801990509033203,0.004855155944824219,0.0020749568939208984
Niblack_Thresholding_CV2,Canny_CV2,0.5159423828125,0.6078550237925355,0.3356081205163293,0.4324516189360269,0.27587768528235185,0.43245161893601863,0.2758776852823451,0.5159423828125,337614,186403,151211,0.5521186917604127,203689,73097,224308,113306,0.0027801990509033203,0.0012183189392089844,0.001561880111694336
Niblack_Thresholding_CV2,Global_Threshold_Sklearn,0.5202180989583334,0.659685668699581,0.2620774020034714,0.3751261287997626,0.23086476768973463,0.3751261287997546,0.23086476768972858,0.5202180989583334,337614,134126,203488,0.3972761793053606,231141,45645,249133,88481,0.0027801990509033203,0.04297637939453125,0.04019618034362793
Niblack_Thresholding_CV2,Adaptive_Threshold_Sklearn,0.6008317057291667,0.6040317439579029,0.794238390588068,0.6861981649075353,0.522299593879956,0.6861981649075265,0.5222995938799458,0.6008317057291667,337614,443927,106313,0.7605169318378923,101005,175781,69468,268146,0.0027801990509033203,0.050629615783691406,0.047849416732788086
Niblack_Thresholding_CV2,Otsu_Thresholding_Sklearn,0.5522330729166667,0.6511383859486227,0.3988134378313696,0.4946564829407896,0.3286004007292198,0.4946564829407806,0.32860040072921176,0.5522330729166667,337614,206784,130830,0.6124864490216638,204647,72139,202969,134645,0.0027801990509033203,0.04458212852478027,0.04180192947387695
Niblack_Thresholding_CV2,Niblack_Thresholding_Sklearn,0.5898177083333334,0.8475637485788533,0.3091370618517005,0.4530356763044922,0.2928546375408617,0.4530356763044824,0.2928546375408535,0.5898177083333334,337614,123140,214474,0.36473605952359794,258015,18771,233245,104369,0.0027801990509033203,0.0577998161315918,0.05501961708068848
Niblack_Thresholding_CV2,Sauvola_Thresholding_Sklearn,0.5861881510416667,0.5708059003784559,0.9953319471348937,0.7255317265486515,0.569281904981331,0.7255317265486437,0.5692819049813214,0.5861881510416667,337614,588708,251094,0.5734829491021015,24116,252670,1576,336038,0.0027801990509033203,0.05558204650878906,0.05280184745788574
Niblack_Thresholding_CV2,Sobel_Sklearn,0.5270947265625,0.5972676353264577,0.42796803450093895,0.4986394123503742,0.3321250181017421,0.4986394123503656,0.3321250181017345,0.5270947265625,337614,241915,95699,0.71654315283134,179359,97427,193126,144488,0.0027801990509033203,0.009686946868896484,0.006906747817993164
Niblack_Thresholding_CV2,Canny_Sklearn,0.4958040364583333,0.6309830789211165,0.19859069825303452,0.302100605579987,0.17792609301399853,0.3021006055799802,0.1779260930139938,0.4958040364583333,337614,106258,231356,0.31473220897237675,237575,39211,270567,67047,0.0027801990509033203,0.02982020378112793,0.02704000473022461
Niblack_Thresholding_CV2,Global_Threshold_Torch,0.5680289713541666,0.7353790590183386,0.3341152914274882,0.4594720645530512,0.2982562366970294,0.4594720645530418,0.2982562366970215,0.5680289713541666,337614,153393,184221,0.45434431036627626,236195,40591,224812,112802,0.0027801990509033203,0.0059850215911865234,0.003204822540283203
Niblack_Thresholding_CV2,Adaptive_Threshold_Torch,0.8963248697916667,0.8859885464342886,0.9311521441646378,0.9080090925108096,0.8315170815832073,0.9080090925107965,0.8315170815831853,0.8963248697916667,337614,354824,17210,0.9514970802425992,236332,40454,23244,314370,0.0027801990509033203,0.0038034915924072266,0.0010232925415039062
Niblack_Thresholding_CV2,Otsu_Thresholding_Torch,0.6414583333333334,0.7621247732330048,0.5051982441486431,0.6076179347787365,0.436387360880133,0.6076179347787256,0.43638736088012187,0.6414583333333334,337614,223798,113816,0.6628812786199625,223550,53236,167052,170562,0.0027801990509033203,0.0035736560821533203,0.00079345703125
Niblack_Thresholding_CV2,Niblack_Thresholding_Torch,0.9920865885416666,0.9922308611732406,0.9933770518995065,0.9928036257174913,0.9857100869974136,0.9928036257174765,0.9857100869973846,0.9920865885416666,337614,338004,390,0.9988461675009763,274160,2626,2236,335378,0.0027801990509033203,0.21469855308532715,0.21191835403442383
Niblack_Thresholding_CV2,Sauvola_Thresholding_Torch,0.7755192057291667,0.7099825656836292,0.9999466846753985,0.830379049406417,0.7099556903328378,0.8303790494064068,0.7099556903328228,0.7755192057291667,337614,475499,137885,0.71002042065283,138883,137903,18,337596,0.0027801990509033203,0.21512508392333984,0.21234488487243652
Niblack_Thresholding_CV2,Sobel_Torch,0.526630859375,0.5977219928801831,0.42372058030768867,0.49590082954037296,0.32969955657168143,0.4959008295403643,0.3296995565716738,0.526630859375,337614,239332,98282,0.7088924037510292,180508,96278,194560,143054,0.0027801990509033203,0.0033740997314453125,0.0005939006805419922
Niblack_Thresholding_CV2,Canny_Torch,0.5277180989583333,0.5940833987736874,0.44367532152102696,0.5079796253340387,0.3404642684237921,0.5079796253340301,0.34046426842378436,0.5277180989583333,337614,252138,85476,0.7468232952424959,174439,102347,187823,149791,0.0027801990509033203,0.0030739307403564453,0.000293731689453125
Sauvola_Thresholding_CV2,Global_Threshold_CV2,0.47443196614583333,0.9974314342897003,0.32175498513187833,0.48655524584716026,0.3214886070416971,0.4865552458471525,0.32148860704169036,0.47443196614583333,475514,153393,322121,0.32258356220847334,138492,394,322515,152999,0.00296783447265625,0.0004949569702148438,0.0024728775024414062
Sauvola_Thresholding_CV2,Adaptive_Threshold_CV2,0.7785139973958334,0.980104611328462,0.7286136685775814,0.8358517900201806,0.7179943093626113,0.8358517900201705,0.7179943093625965,0.7785139973958334,475514,353499,122015,0.7434039796935527,131853,7033,129048,346466,0.00296783447265625,0.0014367103576660156,0.0015311241149902344
Sauvola_Thresholding_CV2,Otsu_Thresholding_CV2,0.5805989583333333,0.9914760933523455,0.46207472335199384,0.6303681113600698,0.4602463746562129,0.6303681113600608,0.4602463746562032,0.5805989583333333,475514,221612,253902,0.466047266747141,136997,1889,255791,219723,0.00296783447265625,0.0005745887756347656,0.0023932456970214844
Sauvola_Thresholding_CV2,Niblack_Thresholding_CV2,0.7755013020833333,0.9999526086003543,0.7099643753916814,0.8303686504461782,0.7099404874561016,0.830368650446168,0.7099404874560866,0.7755013020833333,475514,337614,137900,0.7099980231917462,138870,16,137916,337598,0.00296783447265625,0.0027801990509033203,0.0001876354217529297
Sauvola_Thresholding_CV2,Sauvola_Thresholding_CV2,1.0,1.0,1.0,1.0,1.0,0.9999999999999895,0.9999999999999789,1.0,475514,475514,0,1.0,138886,0,0,475514,0.00296783447265625,0.00296783447265625,0.0
Sauvola_Thresholding_CV2,Sobel_CV2,0.4261067708333333,0.7592553532558257,0.37850199994111633,0.5051686440273603,0.33794356935914216,0.5051686440273532,0.3379435693591358,0.4261067708333333,475514,237052,238462,0.498517393809646,81817,57069,295531,179983,0.00296783447265625,0.004855155944824219,0.0018873214721679688
Sauvola_Thresholding_CV2,Canny_CV2,0.4197314453125,0.8191928241498259,0.32112619186816793,0.4613871527699092,0.2998721566640548,0.4613871527699022,0.29987215666404893,0.4197314453125,475514,186403,289111,0.39200317971710613,105183,33703,322814,152700,0.00296783447265625,0.0012183189392089844,0.0017495155334472656
Sauvola_Thresholding_CV2,Global_Threshold_Sklearn,0.43454427083333336,0.9775285925174836,0.2757268976307743,0.43012925661045864,0.2739902367259596,0.4301292566104516,0.27399023672595385,0.43454427083333336,475514,134126,341388,0.2820653019679757,135872,3014,344402,131112,0.00296783447265625,0.04297637939453125,0.040008544921875
Sauvola_Thresholding_CV2,Adaptive_Threshold_Sklearn,0.7324462890625,0.8504281109281481,0.793936666428328,0.8212120190420049,0.6966579506304518,0.8212120190419959,0.6966579506304389,0.7324462890625,475514,443927,31587,0.9335729337096279,72487,66399,97986,377528,0.00296783447265625,0.050629615783691406,0.047661781311035156
Sauvola_Thresholding_CV2,Otsu_Thresholding_Sklearn,0.5278841145833333,0.9484050990405447,0.4124273943564227,0.5748661142198863,0.40337691774496437,0.5748661142198779,0.40337691774495604,0.5278841145833333,475514,206784,268730,0.43486416803711353,128217,10669,279399,196115,0.00296783447265625,0.04458212852478027,0.04161429405212402
Sauvola_Thresholding_CV2,Niblack_Thresholding_Sklearn,0.4095182291666667,0.9576985544908234,0.24800741933991427,0.39398717790242777,0.24532006997792907,0.3939871779024212,0.24532006997792397,0.4095182291666667,475514,123140,352374,0.2589618812485016,133677,5209,357583,117931,0.00296783447265625,0.0577998161315918,0.05483198165893555
Sauvola_Thresholding_CV2,Sauvola_Thresholding_Sklearn,0.80853515625,0.8039520441373312,0.9953292647535088,0.889462912813304,0.8009303994219271,0.8894629128132956,0.8009303994219136,0.80853515625,475514,588708,113194,0.8077247124210984,23471,115415,2221,473293,0.00296783447265625,0.05558204650878906,0.05261421203613281
Sauvola_Thresholding_CV2,Sobel_Sklearn,0.43002766927083336,0.7590227972635016,0.3861484625058358,0.5118806181517613,0.3439781944886757,0.5118806181517542,0.3439781944886693,0.43002766927083336,475514,241915,233599,0.5087442220418327,80590,58296,291895,183619,0.00296783447265625,0.009686946868896484,0.006719112396240234
Sauvola_Thresholding_CV2,Canny_Sklearn,0.333662109375,0.8111106928419507,0.1812501840114066,0.2962913306243683,0.17390962196192378,0.2962913306243632,0.17390962196192028,0.333662109375,475514,106258,369256,0.22345924620515906,118815,20071,389327,86187,0.00296783447265625,0.02982020378112793,0.02685236930847168
Sauvola_Thresholding_CV2,Global_Threshold_Torch,0.47443196614583333,0.9974314342897003,0.32175498513187833,0.48655524584716026,0.3214886070416971,0.4865552458471525,0.32148860704169036,0.47443196614583333,475514,153393,322121,0.32258356220847334,138492,394,322515,152999,0.00296783447265625,0.0059850215911865234,0.0030171871185302734
Sauvola_Thresholding_CV2,Adaptive_Threshold_Torch,0.7951204427083334,0.9926893333032715,0.7407352885509154,0.8484014943312241,0.7367163904389803,0.8484014943312139,0.7367163904389649,0.7951204427083334,475514,354824,120690,0.7461904381364166,136292,2594,123284,352230,0.00296783447265625,0.0038034915924072266,0.0008356571197509766
Sauvola_Thresholding_CV2,Otsu_Thresholding_Torch,0.5840104166666666,0.9913582784475286,0.4665772195981612,0.6345207861440959,0.4646872538999011,0.6345207861440868,0.4646872538998914,0.5840104166666666,475514,223798,251716,0.47064439743099046,136952,1934,253650,221864,0.00296783447265625,0.0035736560821533203,0.0006058216094970703
Sauvola_Thresholding_CV2,Niblack_Thresholding_Torch,0.7761360677083333,0.9999526632820913,0.7107845405182602,0.8309293709542998,0.7107606249868568,0.8309293709542895,0.7107606249868418,0.7761360677083333,475514,338004,137510,0.710818188318325,138870,16,137526,337988,0.00296783447265625,0.21469855308532715,0.2117307186126709
Sauvola_Thresholding_CV2,Sauvola_Thresholding_Torch,0.9969612630208333,0.9980525721400045,0.9980210887586906,0.9980368302010593,0.9960813533708337,0.9980368302010488,0.9960813533708127,0.9969612630208333,475514,475499,15,0.9999684551874393,137960,926,941,474573,0.00296783447265625,0.21512508392333984,0.2121572494506836
Sauvola_Thresholding_CV2,Sobel_Torch,0.4283268229166667,0.7596351511707586,0.3823336431734923,0.5086550110093643,0.34107132471986207,0.5086550110093572,0.3410713247198557,0.4283268229166667,475514,239332,236182,0.503312205318876,81359,57527,293709,181805,0.00296783447265625,0.0033740997314453125,0.0004062652587890625
Sauvola_Thresholding_CV2,Canny_Torch,0.4384309895833333,0.7587590922431366,0.402326745374479,0.5258337776849373,0.35669910877428496,0.5258337776849301,0.3566991087742783,0.4384309895833333,475514,252138,223376,0.5302430632957179,78060,60826,284202,191312,0.00296783447265625,0.0030739307403564453,0.00010609626770019531
Sobel_CV2,Global_Threshold_CV2,0.4826220703125,0.23654273663074588,0.1530634628689064,0.18585972416089333,0.10245058038575676,0.18585972416088858,0.10245058038575386,0.4826220703125,237052,153393,83659,0.6470858714543645,260239,117109,200768,36284,0.004855155944824219,0.0004949569702148438,0.004360198974609375
Sobel_CV2,Adaptive_Threshold_CV2,0.4536279296875,0.3604819249842291,0.5375613789379545,0.43156306567934016,0.27515487313250747,0.43156306567933284,0.27515487313250153,0.4536279296875,237052,353499,116447,0.6705874698372556,151279,226069,109622,127430,0.004855155944824219,0.0014367103576660156,0.003418445587158203
Sobel_CV2,Otsu_Thresholding_CV2,0.478564453125,0.3120183022580005,0.29169549297200614,0.301514834388572,0.17751985150840657,0.30151483438856547,0.177519851508402,0.478564453125,237052,221612,15440,0.9348666115451462,224883,152465,167905,69147,0.004855155944824219,0.0005745887756347656,0.004280567169189453
Sobel_CV2,Niblack_Thresholding_CV2,0.5265690104166667,0.4202876657958497,0.5985817457772978,0.4938346796225982,0.3278754814902108,0.4938346796225896,0.3278754814902032,0.5265690104166667,237052,337614,100562,0.70213912930151,181629,195719,95157,141895,0.004855155944824219,0.0027801990509033203,0.0020749568939208984
Sobel_CV2,Sauvola_Thresholding_CV2,0.4261067708333333,0.37850199994111633,0.7592553532558257,0.5051686440273603,0.33794356935914216,0.5051686440273532,0.3379435693591358,0.4261067708333333,237052,475514,238462,0.498517393809646,81817,295531,57069,179983,0.004855155944824219,0.00296783447265625,0.0018873214721679688
Sobel_CV2,Sobel_CV2,1.0,1.0,1.0,1.0,1.0,0.9999999999999789,0.9999999999999578,1.0,237052,237052,0,1.0,377348,0,0,237052,0.004855155944824219,0.004855155944824219,0.0
Sobel_CV2,Canny_CV2,0.7463688151041666,0.7178639828758121,0.5644837419637886,0.632001039071448,0.4619894145551593,0.632001039071433,0.4619894145551433,0.7463688151041666,237052,186403,50649,0.7863380186625719,324757,52591,103240,133812,0.004855155944824219,0.0012183189392089844,0.0036368370056152344
Sobel_CV2,Global_Threshold_Sklearn,0.4671809895833333,0.16333149426658516,0.09241432259588614,0.11804040110135838,0.0627220696822811,0.11804040110135519,0.0627220696822793,0.4671809895833333,237052,134126,102926,0.5658083458481683,265129,112219,215145,21907,0.004855155944824219,0.04297637939453125,0.03812122344970703
Sobel_CV2,Adaptive_Threshold_Sklearn,0.3659228515625,0.3282093677564104,0.6146372947707676,0.4279162793566321,0.2721968771367402,0.42791627935662585,0.27219687713673507,0.3659228515625,237052,443927,206875,0.5339886963397135,79122,298226,91351,145701,0.004855155944824219,0.050629615783691406,0.04577445983886719
Sobel_CV2,Otsu_Thresholding_Sklearn,0.46310221354166664,0.275567742185082,0.2403818571452677,0.25677502500923766,0.14729884478083408,0.2567750250092318,0.14729884478083025,0.46310221354166664,237052,206784,30268,0.8723149351197206,227547,149801,180069,56983,0.004855155944824219,0.04458212852478027,0.039726972579956055
Sobel_CV2,Niblack_Thresholding_Sklearn,0.55142578125,0.34346272535325645,0.17841654995528408,0.23484141791044777,0.1330426740652662,0.23484141791044125,0.13304267406526202,0.55142578125,237052,123140,113912,0.5194640838297082,296502,80846,194758,42294,0.004855155944824219,0.0577998161315918,0.05294466018676758
Sobel_CV2,Sauvola_Thresholding_Sklearn,0.4073177083333333,0.392058541755845,0.9736597877258998,0.5590195698508041,0.3879439013567481,0.5590195698507974,0.38794390135674156,0.4073177083333333,237052,588708,351656,0.40266481855181174,19448,357900,6244,230808,0.004855155944824219,0.05558204650878906,0.050726890563964844
Sobel_CV2,Sobel_Sklearn,0.9918896484375,0.9796498770229213,0.999746890977507,0.9895963605008278,0.9794069635292902,0.9895963605008071,0.9794069635292497,0.9918896484375,237052,241915,4863,0.9798978980220325,372425,4923,60,236992,0.004855155944824219,0.009686946868896484,0.004831790924072266
Sobel_CV2,Canny_Sklearn,0.7448893229166667,0.8779103691016206,0.393521252720922,0.5434447001252513,0.3731026897310269,0.5434447001252354,0.37310268973101196,0.7448893229166667,237052,106258,130794,0.4482476418676071,364375,12973,143767,93285,0.004855155944824219,0.02982020378112793,0.02496504783630371
Sobel_CV2,Global_Threshold_Torch,0.4826220703125,0.23654273663074588,0.1530634628689064,0.18585972416089333,0.10245058038575676,0.18585972416088858,0.10245058038575386,0.4826220703125,237052,153393,83659,0.6470858714543645,260239,117109,200768,36284,0.004855155944824219,0.0059850215911865234,0.0011298656463623047
Sobel_CV2,Adaptive_Threshold_Torch,0.4674153645833333,0.3729398236872365,0.5582235121407961,0.44714771337239556,0.28795250985751214,0.447147713372388,0.28795250985750587,0.4674153645833333,237052,354824,117772,0.6680833314544675,154852,222496,104724,132328,0.004855155944824219,0.0038034915924072266,0.0010516643524169922
Sobel_CV2,Otsu_Thresholding_Torch,0.4784212239583333,0.3136578521702607,0.2961206823819246,0.3046370836497776,0.17968841993170426,0.304637083649771,0.17968841993169968,0.4784212239583333,237052,223798,13254,0.9440882169313062,223746,153602,166856,70196,0.004855155944824219,0.0035736560821533203,0.0012814998626708984
Sobel_CV2,Niblack_Thresholding_Torch,0.5259505208333334,0.4198175169524621,0.5986028381958389,0.49351715311204475,0.32759560066119364,0.49351715311203614,0.3275956006611861,0.5259505208333334,237052,338004,100952,0.7013289783552857,181244,196104,95152,141900,0.004855155944824219,0.21469855308532715,0.20984339714050293
Sobel_CV2,Sauvola_Thresholding_Torch,0.4260660807291667,0.37847187901551843,0.7591709835816615,0.5051231420628137,0.33790284422480416,0.5051231420628066,0.3379028442247978,0.4260660807291667,237052,475499,238447,0.49853311994346994,81812,295536,57089,179963,0.004855155944824219,0.21512508392333984,0.21026992797851562
Sobel_CV2,Sobel_Torch,0.9933919270833333,0.9867548008624003,0.9962455494996878,0.9914774635588097,0.9830989667890535,0.9914774635587889,0.9830989667890125,0.9933919270833333,237052,239332,2280,0.9904734845319473,374178,3170,890,236162,0.004855155944824219,0.0033740997314453125,0.0014810562133789062
Sobel_CV2,Canny_Torch,0.9754459635416667,0.9401676859497576,1.0,0.9691612665835361,0.9401676859497576,0.9691612665835162,0.9401676859497203,0.9754459635416667,237052,252138,15086,0.9401676859497576,362262,15086,0,237052,0.004855155944824219,0.0030739307403564453,0.0017812252044677734
Canny_CV2,Global_Threshold_CV2,0.5436165364583333,0.19360075101210616,0.15931610542748775,0.17479311116081414,0.09576619079713253,0.17479311116080898,0.09576619079712943,0.5436165364583333,186403,153393,33010,0.8229105754735707,304301,123696,156706,29697,0.0012183189392089844,0.0004949569702148438,0.0007233619689941406
Canny_CV2,Adaptive_Threshold_CV2,0.46984700520833333,0.3029372077431619,0.5744971915688052,0.39669421487603307,0.24742268041237114,0.3966942148760257,0.2474226804123654,0.46984700520833333,186403,353499,167096,0.5273084223717748,181586,246411,79315,107088,0.0012183189392089844,0.0014367103576660156,0.00021839141845703125
Canny_CV2,Otsu_Thresholding_CV2,0.5129736328125,0.2454424850639857,0.29180324351002934,0.2666225506415205,0.15381678741707247,0.26662255064151397,0.1538167874170681,0.5129736328125,186403,221612,35209,0.8411232243741313,260778,167219,132010,54393,0.0012183189392089844,0.0005745887756347656,0.0006437301635742188
Canny_CV2,Niblack_Thresholding_CV2,0.5159423828125,0.3356081205163293,0.6078550237925355,0.4324516189360269,0.27587768528235185,0.43245161893601863,0.2758776852823451,0.5159423828125,186403,337614,151211,0.5521186917604127,203689,224308,73097,113306,0.0012183189392089844,0.0027801990509033203,0.001561880111694336
Canny_CV2,Sauvola_Thresholding_CV2,0.4197314453125,0.32112619186816793,0.8191928241498259,0.4613871527699092,0.2998721566640548,0.4613871527699022,0.29987215666404893,0.4197314453125,186403,475514,289111,0.39200317971710613,105183,322814,33703,152700,0.0012183189392089844,0.00296783447265625,0.0017495155334472656
Canny_CV2,Sobel_CV2,0.7463688151041666,0.5644837419637886,0.7178639828758121,0.632001039071448,0.4619894145551593,0.632001039071433,0.4619894145551433,0.7463688151041666,186403,237052,50649,0.7863380186625719,324757,103240,52591,133812,0.0012183189392089844,0.004855155944824219,0.0036368370056152344
Canny_CV2,Canny_CV2,1.0,1.0,1.0,1.0,1.0,0.9999999999999731,0.9999999999999463,1.0,186403,186403,0,1.0,427997,0,0,186403,0.0012183189392089844,0.0012183189392089844,0.0
Canny_CV2,Global_Threshold_Sklearn,0.5539729817708333,0.17330718876280513,0.12470292860093453,0.14504147830617511,0.07819122455295273,0.14504147830617056,0.07819122455295009,0.5539729817708333,186403,134126,52277,0.7195485051206257,317116,110881,163158,23245,0.0012183189392089844,0.04297637939453125,0.041758060455322266
Canny_CV2,Adaptive_Threshold_Sklearn,0.393095703125,0.2899665936066065,0.6905682848452009,0.408433677597449,0.2566237245965957,0.4084336775974425,0.2566237245965906,0.393095703125,186403,443927,257524,0.4198956134679801,112794,315203,57679,128724,0.0012183189392089844,0.050629615783691406,0.04941129684448242
Canny_CV2,Otsu_Thresholding_Sklearn,0.5213948567708333,0.2396993964716806,0.26590773753641306,0.25212430726346496,0.1442461316392188,0.2521243072634585,0.1442461316392146,0.5213948567708333,186403,206784,20381,0.9014382157226865,270779,157218,136837,49566,0.0012183189392089844,0.04458212852478027,0.04336380958557129
Canny_CV2,Niblack_Thresholding_Sklearn,0.6073518880208333,0.27732662010719505,0.18320520592479736,0.2206478582943242,0.12400460432908607,0.22064785829431707,0.12400460432908156,0.6073518880208333,186403,123140,63263,0.6606116854342473,339007,88990,152253,34150,0.0012183189392089844,0.0577998161315918,0.05658149719238281
Canny_CV2,Sauvola_Thresholding_Sklearn,0.3282014973958333,0.30775698648566013,0.9719746999780047,0.4674917527941159,0.3050500730723382,0.4674917527941099,0.3050500730723331,0.3282014973958333,186403,588708,402305,0.3166306556051557,20468,407529,5224,181179,0.0012183189392089844,0.05558204650878906,0.05436372756958008
Canny_CV2,Sobel_Sklearn,0.7447428385416667,0.5611227083893103,0.7282286229298884,0.6338468147497887,0.46396467218549836,0.6338468147497739,0.4639646721854825,0.7447428385416667,186403,241915,55512,0.770530971622264,321826,106171,50659,135744,0.0012183189392089844,0.009686946868896484,0.0084686279296875
Canny_CV2,Canny_Sklearn,0.7720979817708333,0.7182423911611361,0.4094301057386415,0.5215522396219516,0.3527701509646763,0.5215522396219339,0.35277015096465997,0.7720979817708333,186403,106258,80145,0.5700444735331512,398058,29939,110084,76319,0.0012183189392089844,0.02982020378112793,0.028601884841918945
Canny_CV2,Global_Threshold_Torch,0.5436165364583333,0.19360075101210616,0.15931610542748775,0.17479311116081414,0.09576619079713253,0.17479311116080898,0.09576619079712943,0.5436165364583333,186403,153393,33010,0.8229105754735707,304301,123696,156706,29697,0.0012183189392089844,0.0059850215911865234,0.004766702651977539
Canny_CV2,Adaptive_Threshold_Torch,0.4727392578125,0.30617714697991116,0.5828178731029007,0.40145447289215064,0.2511373408416322,0.4014544728921432,0.2511373408416264,0.4727392578125,186403,354824,168421,0.5253393231573964,181812,246185,77764,108639,0.0012183189392089844,0.0038034915924072266,0.002585172653198242
Canny_CV2,Otsu_Thresholding_Torch,0.5119938151041666,0.24658397304712285,0.2960521021657377,0.2690632153505233,0.15544369831218874,0.2690632153505167,0.15544369831218435,0.5119938151041666,186403,223798,37395,0.8329073539531184,259384,168613,131218,55185,0.0012183189392089844,0.0035736560821533203,0.002355337142944336
Canny_CV2,Niblack_Thresholding_Torch,0.5155159505208333,0.335410231831576,0.6081983659061281,0.4323740911162513,0.27581458603483383,0.43237409111624303,0.2758145860348271,0.5155159505208333,186403,338004,151601,0.5514816392705412,203363,224634,73033,113370,0.0012183189392089844,0.21469855308532715,0.21348023414611816
Canny_CV2,Sauvola_Thresholding_Torch,0.4196484375,0.3210669212763854,0.8190157883725048,0.4612978960631634,0.2997967539544611,0.46129789606315647,0.2997967539544552,0.4196484375,186403,475499,289096,0.3920155457740184,105165,322832,33736,152667,0.0012183189392089844,0.21512508392333984,0.21390676498413086
Canny_CV2,Sobel_Torch,0.7443115234375,0.5612287533635285,0.7205892609024532,0.6310028538879819,0.46092342535559255,0.6310028538879672,0.4609234253555767,0.7443115234375,186403,239332,52929,0.778846957364665,322985,105012,52083,134320,0.0012183189392089844,0.0033740997314453125,0.002155780792236328
Canny_CV2,Canny_Torch,0.7387483723958334,0.5513409323465721,0.74577125904626,0.6339840516622163,0.46411174952508455,0.6339840516622018,0.46411174952506906,0.7387483723958334,186403,252138,65735,0.7392895953803076,314873,113124,47389,139014,0.0012183189392089844,0.0030739307403564453,0.001855611801147461
Global_Threshold_Sklearn,Global_Threshold_CV2,0.9494156901041667,0.8358921202401675,0.9559667775077166,0.8919062740201517,0.8049014745855279,0.8919062740201207,0.8049014745854772,0.9494156901041667,134126,153393,19267,0.8743945290854211,455101,25173,5906,128220,0.04297637939453125,0.0004949569702148438,0.042481422424316406
Global_Threshold_Sklearn,Adaptive_Threshold_CV2,0.5516031901041667,0.30004328159344157,0.7907862755916079,0.4350269161753397,0.2779772512842017,0.43502691617533074,0.2779772512841944,0.5516031901041667,134126,353499,219373,0.37942398705512603,232840,247434,28061,106065,0.04297637939453125,0.0014367103576660156,0.041539669036865234
Global_Threshold_Sklearn,Otsu_Thresholding_CV2,0.8524088541666667,0.5980226702525134,0.9880932854181889,0.7450932990009501,0.593743979857443,0.7450932990009291,0.5937439798574163,0.8524088541666667,134126,221612,87486,0.6052289587206469,391191,89083,1597,132529,0.04297637939453125,0.0005745887756347656,0.042401790618896484
Global_Threshold_Sklearn,Niblack_Thresholding_CV2,0.5202180989583334,0.2620774020034714,0.659685668699581,0.3751261287997626,0.23086476768973463,0.3751261287997546,0.23086476768972858,0.5202180989583334,134126,337614,203488,0.3972761793053606,231141,249133,45645,88481,0.04297637939453125,0.0027801990509033203,0.04019618034362793
Global_Threshold_Sklearn,Sauvola_Thresholding_CV2,0.43454427083333336,0.2757268976307743,0.9775285925174836,0.43012925661045864,0.2739902367259596,0.4301292566104516,0.27399023672595385,0.43454427083333336,134126,475514,341388,0.2820653019679757,135872,344402,3014,131112,0.04297637939453125,0.00296783447265625,0.040008544921875
Global_Threshold_Sklearn,Sobel_CV2,0.4671809895833333,0.09241432259588614,0.16333149426658516,0.11804040110135838,0.0627220696822811,0.11804040110135519,0.0627220696822793,0.4671809895833333,134126,237052,102926,0.5658083458481683,265129,215145,112219,21907,0.04297637939453125,0.004855155944824219,0.03812122344970703
Global_Threshold_Sklearn,Canny_CV2,0.5539729817708333,0.12470292860093453,0.17330718876280513,0.14504147830617511,0.07819122455295273,0.14504147830617056,0.07819122455295009,0.5539729817708333,134126,186403,52277,0.7195485051206257,317116,163158,110881,23245,0.04297637939453125,0.0012183189392089844,0.041758060455322266
Global_Threshold_Sklearn,Global_Threshold_Sklearn,1.0,1.0,1.0,1.0,1.0,0.9999999999999627,0.9999999999999254,1.0,134126,134126,0,1.0,480274,0,0,134126,0.04297637939453125,0.04297637939453125,0.0
Global_Threshold_Sklearn,Adaptive_Threshold_Sklearn,0.48950358072916667,0.297801215064639,0.98565527936418,0.45740442485377636,0.29651610067040335,0.4574044248537685,0.2965161006703967,0.48950358072916667,134126,443927,309801,0.3021352609775932,168549,311725,1924,132202,0.04297637939453125,0.050629615783691406,0.007653236389160156
Global_Threshold_Sklearn,Otsu_Thresholding_Sklearn,0.8817415364583333,0.6486285205818632,1.0,0.7868704350121734,0.6486285205818632,0.7868704350121501,0.6486285205818318,0.8817415364583333,134126,206784,72658,0.6486285205818632,407616,72658,0,134126,0.04297637939453125,0.04458212852478027,0.0016057491302490234
Global_Threshold_Sklearn,Niblack_Thresholding_Sklearn,0.75990234375,0.44563098911807697,0.4091302208371233,0.4266012609516998,0.2711335978378485,0.4266012609516832,0.2711335978378351,0.75990234375,134126,123140,10986,0.9180919433965078,412009,68265,79251,54875,0.04297637939453125,0.0577998161315918,0.014823436737060547
Global_Threshold_Sklearn,Sauvola_Thresholding_Sklearn,0.26012044270833334,0.22783111491605346,1.0,0.371111486178016,0.22783111491605346,0.3711114861780108,0.2278311149160496,0.26012044270833334,134126,588708,454582,0.22783111491605346,25692,454582,0,134126,0.04297637939453125,0.05558204650878906,0.012605667114257812
Global_Threshold_Sklearn,Sobel_Sklearn,0.46102701822916664,0.0927929231341587,0.16736501498590878,0.11939123659388205,0.06348541967742574,0.11939123659387887,0.06348541967742394,0.46102701822916664,134126,241915,107789,0.5544344087799433,260807,219467,111678,22448,0.04297637939453125,0.009686946868896484,0.033289432525634766
Global_Threshold_Sklearn,Canny_Sklearn,0.635546875,0.0774718138869544,0.0613751248825731,0.06849041533546325,0.03545952651710948,0.06849041533546041,0.03545952651710795,0.635546875,134126,106258,27868,0.7922252210607936,382248,98026,125894,8232,0.04297637939453125,0.02982020378112793,0.01315617561340332
Global_Threshold_Sklearn,Global_Threshold_Torch,0.9494156901041667,0.8358921202401675,0.9559667775077166,0.8919062740201517,0.8049014745855279,0.8919062740201207,0.8049014745854772,0.9494156901041667,134126,153393,19267,0.8743945290854211,455101,25173,5906,128220,0.04297637939453125,0.0059850215911865234,0.03699135780334473
Global_Threshold_Sklearn,Adaptive_Threshold_Torch,0.5583821614583333,0.30665907604897075,0.8112521062284718,0.4450761836588608,0.28623664965539014,0.4450761836588517,0.2862366496553826,0.5583821614583333,134126,354824,220698,0.37800712465898584,234260,246014,25316,108810,0.04297637939453125,0.0038034915924072266,0.03917288780212402
Global_Threshold_Sklearn,Otsu_Thresholding_Torch,0.8489518229166667,0.592319859873636,0.9883244113743793,0.7407159061700249,0.5882039722404643,0.7407159061700042,0.5882039722404382,0.8489518229166667,134126,223798,89672,0.5993172414409422,389036,91238,1566,132560,0.04297637939453125,0.0035736560821533203,0.03940272331237793
Global_Threshold_Sklearn,Niblack_Thresholding_Torch,0.5207975260416666,0.2628785458160258,0.6624666358498725,0.3763963315188613,0.23182771684112755,0.3763963315188533,0.2318277168411215,0.5207975260416666,134126,338004,203878,0.39681778913859006,231124,249150,45272,88854,0.04297637939453125,0.21469855308532715,0.1717221736907959
Global_Threshold_Sklearn,Sauvola_Thresholding_Torch,0.4345947265625,0.2757524200892115,0.9775882379255327,0.4301660857084273,0.27402012518155505,0.43016608570842024,0.27402012518154933,0.4345947265625,134126,475499,341373,0.28207419994574123,135895,344379,3006,131120,0.04297637939453125,0.21512508392333984,0.1721487045288086
Global_Threshold_Sklearn,Sobel_Torch,0.4657161458333333,0.09441696054017014,0.16847591071082416,0.12101494679455253,0.06440442226408749,0.12101494679454929,0.06440442226408565,0.4657161458333333,134126,239332,105206,0.5604181638894924,263539,216735,111529,22597,0.04297637939453125,0.0033740997314453125,0.03960227966308594
Global_Threshold_Sklearn,Canny_Torch,0.44924479166666664,0.0949480046641125,0.17848888358707485,0.12395667212062217,0.06607345911394222,0.12395667212061895,0.06607345911394039,0.44924479166666664,134126,252138,118012,0.5319547232071326,252076,228198,110186,23940,0.04297637939453125,0.0030739307403564453,0.039902448654174805
Adaptive_Threshold_Sklearn,Global_Threshold_CV2,0.4945149739583333,0.9346906312543597,0.3229697675518723,0.4800609388602424,0.31584222758263664,0.4800609388602344,0.3158422275826297,0.4945149739583333,443927,153393,290534,0.3455365409177635,160455,10018,300552,143375,0.050629615783691406,0.0004949569702148438,0.05013465881347656
Adaptive_Threshold_Sklearn,Adaptive_Threshold_CV2,0.6404427083333334,0.8154393647506782,0.6493342373858765,0.7229686516366409,0.5661322664969785,0.7229686516366318,0.5661322664969672,0.6404427083333334,443927,353499,90428,0.7962998420911547,105231,65242,155670,288257,0.050629615783691406,0.0014367103576660156,0.04919290542602539
Adaptive_Threshold_Sklearn,Otsu_Thresholding_CV2,0.5547932942708333,0.8844376658303702,0.44151853795781737,0.5890022973860285,0.4174367515233091,0.5890022973860196,0.41743675152330023,0.5547932942708333,443927,221612,222315,0.499208203150518,144863,25610,247925,196002,0.050629615783691406,0.0005745887756347656,0.05005502700805664
Adaptive_Threshold_Sklearn,Niblack_Thresholding_CV2,0.6008317057291667,0.794238390588068,0.6040317439579029,0.6861981649075353,0.522299593879956,0.6861981649075265,0.5222995938799458,0.6008317057291667,443927,337614,106313,0.7605169318378923,101005,69468,175781,268146,0.050629615783691406,0.0027801990509033203,0.047849416732788086
Adaptive_Threshold_Sklearn,Sauvola_Thresholding_CV2,0.7324462890625,0.793936666428328,0.8504281109281481,0.8212120190420049,0.6966579506304518,0.8212120190419959,0.6966579506304389,0.7324462890625,443927,475514,31587,0.9335729337096279,72487,97986,66399,377528,0.050629615783691406,0.00296783447265625,0.047661781311035156
Adaptive_Threshold_Sklearn,Sobel_CV2,0.3659228515625,0.6146372947707676,0.3282093677564104,0.4279162793566321,0.2721968771367402,0.42791627935662585,0.27219687713673507,0.3659228515625,443927,237052,206875,0.5339886963397135,79122,91351,298226,145701,0.050629615783691406,0.004855155944824219,0.04577445983886719
Adaptive_Threshold_Sklearn,Canny_CV2,0.393095703125,0.6905682848452009,0.2899665936066065,0.408433677597449,0.2566237245965957,0.4084336775974425,0.2566237245965906,0.393095703125,443927,186403,257524,0.4198956134679801,112794,57679,315203,128724,0.050629615783691406,0.0012183189392089844,0.04941129684448242
Adaptive_Threshold_Sklearn,Global_Threshold_Sklearn,0.48950358072916667,0.98565527936418,0.297801215064639,0.45740442485377636,0.29651610067040335,0.4574044248537685,0.2965161006703967,0.48950358072916667,443927,134126,309801,0.3021352609775932,168549,1924,311725,132202,0.050629615783691406,0.04297637939453125,0.007653236389160156
Adaptive_Threshold_Sklearn,Adaptive_Threshold_Sklearn,1.0,1.0,1.0,1.0,1.0,0.9999999999999887,0.9999999999999775,1.0,443927,443927,0,1.0,170473,0,0,443927,0.050629615783691406,0.050629615783691406,0.0
Adaptive_Threshold_Sklearn,Otsu_Thresholding_Sklearn,0.5527099609375,0.9089097802537914,0.4233759154095155,0.5776696567293315,0.4061431013283257,0.5776696567293226,0.40614310132831694,0.5527099609375,443927,206784,237143,0.46580631500224134,151637,18836,255979,187948,0.050629615783691406,0.04458212852478027,0.006047487258911133
Adaptive_Threshold_Sklearn,Niblack_Thresholding_Sklearn,0.46409993489583334,0.9656082507714796,0.2678480921412755,0.41936843441780247,0.26531700590411506,0.4193684344177951,0.2653170059041091,0.46409993489583334,443927,123140,320787,0.27738794891952956,166238,4235,325022,118905,0.050629615783691406,0.0577998161315918,0.007170200347900391
Adaptive_Threshold_Sklearn,Sauvola_Thresholding_Sklearn,0.7362516276041666,0.7394056136488718,0.9805531089571033,0.8430742711606715,0.728719441658952,0.8430742711606634,0.7287194416589398,0.7362516276041666,443927,588708,144781,0.7540699294047304,17059,153414,8633,435294,0.050629615783691406,0.05558204650878906,0.004952430725097656
Adaptive_Threshold_Sklearn,Sobel_Sklearn,0.368359375,0.6154269061447203,0.3353727076749105,0.4341553885588809,0.27726594668886567,0.4341553885588746,0.2772659466888605,0.368359375,443927,241915,202012,0.5449432001207406,77439,93034,295046,148881,0.050629615783691406,0.009686946868896484,0.04094266891479492
Adaptive_Threshold_Sklearn,Canny_Sklearn,0.32183756510416667,0.6282915168740236,0.15038733845880065,0.24268564210220198,0.13810030118488117,0.24268564210219756,0.13810030118487832,0.32183756510416667,443927,106258,337669,0.2393591739182343,130976,39497,377166,66761,0.050629615783691406,0.02982020378112793,0.020809412002563477
Adaptive_Threshold_Sklearn,Global_Threshold_Torch,0.4945149739583333,0.9346906312543597,0.3229697675518723,0.4800609388602424,0.31584222758263664,0.4800609388602344,0.3158422275826297,0.4945149739583333,443927,153393,290534,0.3455365409177635,160455,10018,300552,143375,0.050629615783691406,0.0059850215911865234,0.04464459419250488
Adaptive_Threshold_Sklearn,Adaptive_Threshold_Torch,0.6424658203125,0.816013009266566,0.6522266048246671,0.7249843818661886,0.5686082362875827,0.7249843818661795,0.5686082362875715,0.6424658203125,443927,354824,89103,0.7992845670571963,105190,65283,154386,289541,0.050629615783691406,0.0038034915924072266,0.04682612419128418
Adaptive_Threshold_Sklearn,Otsu_Thresholding_Torch,0.5564371744791666,0.8829390789908756,0.4451182288979945,0.5918604215807406,0.42031374634405744,0.5918604215807317,0.4203137463440485,0.5564371744791666,443927,223798,220129,0.5041324361888329,144275,26198,246327,197600,0.050629615783691406,0.0035736560821533203,0.047055959701538086
Adaptive_Threshold_Sklearn,Niblack_Thresholding_Torch,0.6015966796875,0.7945941468148306,0.6050003716827316,0.6869557544079976,0.5231779178151571,0.6869557544079888,0.523177917815147,0.6015966796875,443927,338004,105923,0.7613954546580857,101045,69428,175351,268576,0.050629615783691406,0.21469855308532715,0.16406893730163574
Adaptive_Threshold_Sklearn,Sauvola_Thresholding_Torch,0.7324479166666666,0.7939469904247959,0.8504123425698369,0.8212101898358324,0.696655317814008,0.8212101898358234,0.6966553178139951,0.7324479166666666,443927,475499,31572,0.9336023840218381,72495,97978,66406,377521,0.050629615783691406,0.21512508392333984,0.16449546813964844
Adaptive_Threshold_Sklearn,Sobel_Torch,0.36660970052083336,0.6144268213193388,0.331252660910465,0.4304429213519324,0.27424483455083576,0.43044292135192613,0.27424483455083065,0.36660970052083336,443927,239332,204595,0.5391246759039211,78193,92280,296875,147052,0.050629615783691406,0.0033740997314453125,0.047255516052246094
Adaptive_Threshold_Sklearn,Canny_Torch,0.37378092447916667,0.6173524022559075,0.3506387311427329,0.4472513342863095,0.28803845990151866,0.44725133428630304,0.28803845990151333,0.37378092447916667,443927,252138,191789,0.5679717611228873,73993,96480,288269,155658,0.050629615783691406,0.0030739307403564453,0.04755568504333496
Otsu_Thresholding_Sklearn,Global_Threshold_CV2,0.8823128255208333,0.9383413845481867,0.6960644924172082,0.7992459263084539,0.6656199998150221,0.7992459263084317,0.6656199998149912,0.8823128255208333,206784,153393,53391,0.7418030408542247,398158,9458,62849,143935,0.04458212852478027,0.0004949569702148438,0.04408717155456543
Otsu_Thresholding_Sklearn,Adaptive_Threshold_CV2,0.5702132161458333,0.41898562655057014,0.7162594784896317,0.528700674480575,0.3593427015905981,0.5287006744805656,0.3593427015905894,0.5702132161458333,206784,353499,146715,0.5849634652431831,202228,205388,58673,148111,0.04458212852478027,0.0014367103576660156,0.04314541816711426
Otsu_Thresholding_Sklearn,Otsu_Thresholding_CV2,0.9043717447916667,0.8339846217713842,0.8937877205199629,0.8628511937553105,0.7587847685517808,0.8628511937552903,0.7587847685517496,0.9043717447916667,206784,221612,14828,0.9330902658700793,370825,36791,21963,184821,0.04458212852478027,0.0005745887756347656,0.04400753974914551
Otsu_Thresholding_Sklearn,Niblack_Thresholding_CV2,0.5522330729166667,0.3988134378313696,0.6511383859486227,0.4946564829407896,0.3286004007292198,0.4946564829407806,0.32860040072921176,0.5522330729166667,206784,337614,130830,0.6124864490216638,204647,202969,72139,134645,0.04458212852478027,0.0027801990509033203,0.04180192947387695
Otsu_Thresholding_Sklearn,Sauvola_Thresholding_CV2,0.5278841145833333,0.4124273943564227,0.9484050990405447,0.5748661142198863,0.40337691774496437,0.5748661142198779,0.40337691774495604,0.5278841145833333,206784,475514,268730,0.43486416803711353,128217,279399,10669,196115,0.04458212852478027,0.00296783447265625,0.04161429405212402
Otsu_Thresholding_Sklearn,Sobel_CV2,0.46310221354166664,0.2403818571452677,0.275567742185082,0.25677502500923766,0.14729884478083408,0.2567750250092318,0.14729884478083025,0.46310221354166664,206784,237052,30268,0.8723149351197206,227547,180069,149801,56983,0.04458212852478027,0.004855155944824219,0.039726972579956055
Otsu_Thresholding_Sklearn,Canny_CV2,0.5213948567708333,0.26590773753641306,0.2396993964716806,0.25212430726346496,0.1442461316392188,0.2521243072634585,0.1442461316392146,0.5213948567708333,206784,186403,20381,0.9014382157226865,270779,136837,157218,49566,0.04458212852478027,0.0012183189392089844,0.04336380958557129
Otsu_Thresholding_Sklearn,Global_Threshold_Sklearn,0.8817415364583333,1.0,0.6486285205818632,0.7868704350121734,0.6486285205818632,0.7868704350121501,0.6486285205818318,0.8817415364583333,206784,134126,72658,0.6486285205818632,407616,0,72658,134126,0.04458212852478027,0.04297637939453125,0.0016057491302490234
Otsu_Thresholding_Sklearn,Adaptive_Threshold_Sklearn,0.5527099609375,0.4233759154095155,0.9089097802537914,0.5776696567293315,0.4061431013283257,0.5776696567293226,0.40614310132831694,0.5527099609375,206784,443927,237143,0.46580631500224134,151637,255979,18836,187948,0.04458212852478027,0.050629615783691406,0.006047487258911133
Otsu_Thresholding_Sklearn,Otsu_Thresholding_Sklearn,1.0,1.0,1.0,1.0,1.0,0.9999999999999758,0.9999999999999516,1.0,206784,206784,0,1.0,407616,0,0,206784,0.04458212852478027,0.04458212852478027,0.0
Otsu_Thresholding_Sklearn,Niblack_Thresholding_Sklearn,0.70818359375,0.6116290401169401,0.364225471990096,0.4565657545374086,0.29581160057814365,0.4565657545373948,0.29581160057813205,0.70818359375,206784,123140,83644,0.5955006190034046,359792,47824,131468,75316,0.04458212852478027,0.0577998161315918,0.013217687606811523
Otsu_Thresholding_Sklearn,Sauvola_Thresholding_Sklearn,0.378251953125,0.35118428830591736,0.9998113974001857,0.5197915252447541,0.35116102502433133,0.5197915252447477,0.35116102502432534,0.378251953125,206784,588708,381924,0.35125053507001774,25653,381963,39,206745,0.04458212852478027,0.05558204650878906,0.010999917984008789
Otsu_Thresholding_Sklearn,Sobel_Sklearn,0.45897298177083334,0.2403571502387202,0.2811919684308264,0.2591759732025255,0.14888120178311268,0.2591759732025197,0.14888120178310885,0.45897298177083334,206784,241915,35131,0.8547795713370399,223847,183769,148638,58146,0.04458212852478027,0.009686946868896484,0.03489518165588379
Otsu_Thresholding_Sklearn,Canny_Sklearn,0.5667220052083334,0.22038811195392347,0.11324860724233983,0.1496157065186141,0.08085655884871419,0.14961570651860934,0.0808565588487114,0.5667220052083334,206784,106258,100526,0.513859873104302,324776,82840,183366,23418,0.04458212852478027,0.02982020378112793,0.014761924743652344
Otsu_Thresholding_Sklearn,Global_Threshold_Torch,0.8823128255208333,0.9383413845481867,0.6960644924172082,0.7992459263084539,0.6656199998150221,0.7992459263084317,0.6656199998149912,0.8823128255208333,206784,153393,53391,0.7418030408542247,398158,9458,62849,143935,0.04458212852478027,0.0059850215911865234,0.03859710693359375
Otsu_Thresholding_Sklearn,Adaptive_Threshold_Torch,0.5823828125,0.42982436362816495,0.7375425564840606,0.5431261662939274,0.37280247179146214,0.5431261662939177,0.37280247179145304,0.5823828125,206784,354824,148040,0.5827790679322706,205304,202312,54272,152512,0.04458212852478027,0.0038034915924072266,0.04077863693237305
Otsu_Thresholding_Sklearn,Otsu_Thresholding_Torch,0.903720703125,0.8298286847961108,0.8981062364593005,0.8626185023990784,0.7584249473185553,0.8626185023990584,0.7584249473185243,0.903720703125,206784,223798,17014,0.9239760855771723,369532,38084,21070,185714,0.04458212852478027,0.0035736560821533203,0.04100847244262695
Otsu_Thresholding_Sklearn,Niblack_Thresholding_Torch,0.5528743489583333,0.3995130235145146,0.6530340838749613,0.4957414627341278,0.32955868320028503,0.4957414627341187,0.329558683200277,0.5528743489583333,206784,338004,131220,0.611779742251571,204649,202967,71747,135037,0.04458212852478027,0.21469855308532715,0.17011642456054688
Otsu_Thresholding_Sklearn,Sauvola_Thresholding_Torch,0.5279215494791667,0.41244881692705976,0.948424442896936,0.5748904779981328,0.4034009099809941,0.5748904779981243,0.40340090998098577,0.5279215494791667,206784,475499,268715,0.4348778861785198,128236,279380,10665,196119,0.04458212852478027,0.21512508392333984,0.17054295539855957
Otsu_Thresholding_Sklearn,Sobel_Torch,0.461904296875,0.24131750037604666,0.2793011064685856,0.25892368800939664,0.14871472676195602,0.25892368800939086,0.1487147267619522,0.461904296875,206784,239332,32548,0.8640048133972891,226039,181577,149029,57755,0.04458212852478027,0.0033740997314453125,0.04120802879333496
Otsu_Thresholding_Sklearn,Canny_Torch,0.4508463541666667,0.24098311242256223,0.29383801454658,0.2647988111269453,0.1526040973375092,0.26479881112693954,0.15260409733750535,0.4508463541666667,206784,252138,45354,0.8201223139709207,216239,191377,146023,60761,0.04458212852478027,0.0030739307403564453,0.04150819778442383
Niblack_Thresholding_Sklearn,Global_Threshold_CV2,0.7436409505208333,0.3879772870991505,0.4832954360890044,0.4304224088987571,0.27422818173440233,0.4304224088987415,0.27422818173438973,0.7436409505208333,123140,153393,30253,0.8027745725033085,397380,93880,63627,59513,0.0577998161315918,0.0004949569702148438,0.05730485916137695
Niblack_Thresholding_Sklearn,Adaptive_Threshold_CV2,0.5317626953125,0.2672624250705094,0.7672324183855774,0.3964300025805694,0.24721714874843653,0.39643000258056105,0.24721714874843004,0.5317626953125,123140,353499,230359,0.34834610564669205,232238,259022,28663,94477,0.0577998161315918,0.0014367103576660156,0.05636310577392578
Niblack_Thresholding_Sklearn,Otsu_Thresholding_CV2,0.690712890625,0.34909210692561776,0.6282523956472308,0.44880377778809116,0.28932753404216327,0.4488037777880781,0.28932753404215245,0.690712890625,123140,221612,98472,0.5556558309116835,347011,144249,45777,77363,0.0577998161315918,0.0005745887756347656,0.05722522735595703
Niblack_Thresholding_Sklearn,Niblack_Thresholding_CV2,0.5898177083333334,0.3091370618517005,0.8475637485788533,0.4530356763044922,0.2928546375408617,0.4530356763044824,0.2928546375408535,0.5898177083333334,123140,337614,214474,0.36473605952359794,258015,233245,18771,104369,0.0577998161315918,0.0027801990509033203,0.05501961708068848
Niblack_Thresholding_Sklearn,Sauvola_Thresholding_CV2,0.4095182291666667,0.24800741933991427,0.9576985544908234,0.39398717790242777,0.24532006997792907,0.3939871779024212,0.24532006997792397,0.4095182291666667,123140,475514,352374,0.2589618812485016,133677,357583,5209,117931,0.0577998161315918,0.00296783447265625,0.05483198165893555
Niblack_Thresholding_Sklearn,Sobel_CV2,0.55142578125,0.17841654995528408,0.34346272535325645,0.23484141791044777,0.1330426740652662,0.23484141791044125,0.13304267406526202,0.55142578125,123140,237052,113912,0.5194640838297082,296502,194758,80846,42294,0.0577998161315918,0.004855155944824219,0.05294466018676758
Niblack_Thresholding_Sklearn,Canny_CV2,0.6073518880208333,0.18320520592479736,0.27732662010719505,0.2206478582943242,0.12400460432908607,0.22064785829431707,0.12400460432908156,0.6073518880208333,123140,186403,63263,0.6606116854342473,339007,152253,88990,34150,0.0577998161315918,0.0012183189392089844,0.05658149719238281
Niblack_Thresholding_Sklearn,Global_Threshold_Sklearn,0.75990234375,0.4091302208371233,0.44563098911807697,0.4266012609516998,0.2711335978378485,0.4266012609516832,0.2711335978378351,0.75990234375,123140,134126,10986,0.9180919433965078,412009,79251,68265,54875,0.0577998161315918,0.04297637939453125,0.014823436737060547
Niblack_Thresholding_Sklearn,Adaptive_Threshold_Sklearn,0.46409993489583334,0.2678480921412755,0.9656082507714796,0.41936843441780247,0.26531700590411506,0.4193684344177951,0.2653170059041091,0.46409993489583334,123140,443927,320787,0.27738794891952956,166238,325022,4235,118905,0.0577998161315918,0.050629615783691406,0.007170200347900391
Niblack_Thresholding_Sklearn,Otsu_Thresholding_Sklearn,0.70818359375,0.364225471990096,0.6116290401169401,0.4565657545374086,0.29581160057814365,0.4565657545373948,0.29581160057813205,0.70818359375,123140,206784,83644,0.5955006190034046,359792,131468,47824,75316,0.0577998161315918,0.04458212852478027,0.013217687606811523
Niblack_Thresholding_Sklearn,Niblack_Thresholding_Sklearn,1.0,1.0,1.0,1.0,1.0,0.9999999999999594,0.9999999999999188,1.0,123140,123140,0,1.0,491260,0,0,123140,0.0577998161315918,0.0577998161315918,0.0
Niblack_Thresholding_Sklearn,Sauvola_Thresholding_Sklearn,0.24223958333333334,0.2091699110594726,1.0,0.34597273575257637,0.2091699110594726,0.34597273575257154,0.20916991105946905,0.24223958333333334,123140,588708,465568,0.2091699110594726,25692,465568,0,123140,0.0577998161315918,0.05558204650878906,0.0022177696228027344
Niblack_Thresholding_Sklearn,Sobel_Sklearn,0.5461376953125,0.17816588471157224,0.350016241676141,0.23613428113571927,0.13387316200450997,0.2361342811357128,0.1338731620045058,0.5461376953125,123140,241915,118775,0.5090217638426721,292446,198814,80039,43101,0.0577998161315918,0.009686946868896484,0.04811286926269531
Niblack_Thresholding_Sklearn,Canny_Sklearn,0.6840852864583333,0.16610514031884657,0.14333279194412862,0.15388102773345888,0.08335379791072407,0.15388102773345216,0.08335379791072013,0.6840852864583333,123140,106258,16882,0.8629040116940068,402652,88608,105490,17650,0.0577998161315918,0.02982020378112793,0.027979612350463867
Niblack_Thresholding_Sklearn,Global_Threshold_Torch,0.7436409505208333,0.3879772870991505,0.4832954360890044,0.4304224088987571,0.27422818173440233,0.4304224088987415,0.27422818173438973,0.7436409505208333,123140,153393,30253,0.8027745725033085,397380,93880,63627,59513,0.0577998161315918,0.0059850215911865234,0.05181479454040527
Niblack_Thresholding_Sklearn,Adaptive_Threshold_Torch,0.5518424479166667,0.2855161995806372,0.8227058632450869,0.42391477182381937,0.26896690879741725,0.4239147718238105,0.26896690879741014,0.5518424479166667,123140,354824,231684,0.3470452956958943,237744,253516,21832,101308,0.0577998161315918,0.0038034915924072266,0.05399632453918457
Niblack_Thresholding_Sklearn,Otsu_Thresholding_Torch,0.6887760416666666,0.34790748800257376,0.6322965730063342,0.4488467680104226,0.28936326776350263,0.4488467680104097,0.28936326776349186,0.6887760416666666,123140,223798,100658,0.5502283309055488,345323,145937,45279,77861,0.0577998161315918,0.0035736560821533203,0.05422616004943848
Niblack_Thresholding_Sklearn,Niblack_Thresholding_Torch,0.5894108072916666,0.3089874676039337,0.8481322072437876,0.4529561265027844,0.2927881582820538,0.45295612650277456,0.2927881582820456,0.5894108072916666,123140,338004,214864,0.3643152152045538,257695,233565,18701,104439,0.0577998161315918,0.21469855308532715,0.15689873695373535
Niblack_Thresholding_Sklearn,Sauvola_Thresholding_Torch,0.4095328776041667,0.2480089337727314,0.957674191976612,0.393987027240123,0.24531995315272587,0.3939870272401164,0.24531995315272076,0.4095328776041667,123140,475499,352359,0.25897005041020066,133689,357571,5212,117928,0.0577998161315918,0.21512508392333984,0.15732526779174805
Niblack_Thresholding_Sklearn,Sobel_Torch,0.5481184895833333,0.17723497066836028,0.34446970927399706,0.23404842305060805,0.13253388490692194,0.23404842305060158,0.1325338849069178,0.5481184895833333,123140,239332,116192,0.5145154012000067,294346,196914,80722,42418,0.0577998161315918,0.0033740997314453125,0.054425716400146484
Niblack_Thresholding_Sklearn,Canny_Torch,0.5343001302083333,0.17679207418159898,0.36199447783011207,0.23756255362691125,0.13479204843030887,0.2375625536269049,0.1347920484303048,0.5343001302083333,123140,252138,128998,0.48838334562818775,283698,207562,78564,44576,0.0577998161315918,0.0030739307403564453,0.05472588539123535
Sauvola_Thresholding_Sklearn,Global_Threshold_CV2,0.2913720703125,0.9997848663237566,0.2605026600623739,0.4133130126492216,0.2604880584161796,0.41331301264921605,0.26048805841617517,0.2913720703125,588708,153393,435315,0.26055871501661265,25659,33,435348,153360,0.05558204650878906,0.0004949569702148438,0.05508708953857422
Sauvola_Thresholding_Sklearn,Adaptive_Threshold_CV2,0.5982958984375,0.9835954274269517,0.5906153814794431,0.7380543765860368,0.5848543414963996,0.738054376586029,0.5848543414963897,0.5982958984375,588708,353499,235209,0.6004657657106749,19893,5799,241008,347700,0.05558204650878906,0.0014367103576660156,0.05414533615112305
Sauvola_Thresholding_Sklearn,Otsu_Thresholding_CV2,0.4022395833333333,0.9996209591538364,0.37629520916991105,0.5467667094481192,0.3762415250207204,0.5467667094481125,0.376241525020714,0.4022395833333333,588708,221612,367096,0.3764378945079734,25608,84,367180,221528,0.05558204650878906,0.0005745887756347656,0.0550074577331543
Sauvola_Thresholding_Sklearn,Niblack_Thresholding_CV2,0.5861881510416667,0.9953319471348937,0.5708059003784559,0.7255317265486515,0.569281904981331,0.7255317265486437,0.5692819049813214,0.5861881510416667,588708,337614,251094,0.5734829491021015,24116,1576,252670,336038,0.05558204650878906,0.0027801990509033203,0.05280184745788574
Sauvola_Thresholding_Sklearn,Sauvola_Thresholding_CV2,0.80853515625,0.9953292647535088,0.8039520441373312,0.889462912813304,0.8009303994219271,0.8894629128132956,0.8009303994219136,0.80853515625,588708,475514,113194,0.8077247124210984,23471,2221,115415,473293,0.05558204650878906,0.00296783447265625,0.05261421203613281
Sauvola_Thresholding_Sklearn,Sobel_CV2,0.4073177083333333,0.9736597877258998,0.392058541755845,0.5590195698508041,0.3879439013567481,0.5590195698507974,0.38794390135674156,0.4073177083333333,588708,237052,351656,0.40266481855181174,19448,6244,357900,230808,0.05558204650878906,0.004855155944824219,0.050726890563964844
Sauvola_Thresholding_Sklearn,Canny_CV2,0.3282014973958333,0.9719746999780047,0.30775698648566013,0.4674917527941159,0.3050500730723382,0.4674917527941099,0.3050500730723331,0.3282014973958333,588708,186403,402305,0.3166306556051557,20468,5224,407529,181179,0.05558204650878906,0.0012183189392089844,0.05436372756958008
Sauvola_Thresholding_Sklearn,Global_Threshold_Sklearn,0.26012044270833334,1.0,0.22783111491605346,0.371111486178016,0.22783111491605346,0.3711114861780108,0.2278311149160496,0.26012044270833334,588708,134126,454582,0.22783111491605346,25692,0,454582,134126,0.05558204650878906,0.04297637939453125,0.012605667114257812
Sauvola_Thresholding_Sklearn,Adaptive_Threshold_Sklearn,0.7362516276041666,0.9805531089571033,0.7394056136488718,0.8430742711606715,0.728719441658952,0.8430742711606634,0.7287194416589398,0.7362516276041666,588708,443927,144781,0.7540699294047304,17059,8633,153414,435294,0.05558204650878906,0.050629615783691406,0.004952430725097656
Sauvola_Thresholding_Sklearn,Otsu_Thresholding_Sklearn,0.378251953125,0.9998113974001857,0.35118428830591736,0.5197915252447541,0.35116102502433133,0.5197915252447477,0.35116102502432534,0.378251953125,588708,206784,381924,0.35125053507001774,25653,39,381963,206745,0.05558204650878906,0.04458212852478027,0.010999917984008789
Sauvola_Thresholding_Sklearn,Niblack_Thresholding_Sklearn,0.24223958333333334,1.0,0.2091699110594726,0.34597273575257637,0.2091699110594726,0.34597273575257154,0.20916991105946905,0.24223958333333334,588708,123140,465568,0.2091699110594726,25692,0,465568,123140,0.05558204650878906,0.0577998161315918,0.0022177696228027344
Sauvola_Thresholding_Sklearn,Sauvola_Thresholding_Sklearn,1.0,1.0,1.0,1.0,1.0,0.9999999999999915,0.999999999999983,1.0,588708,588708,0,1.0,25692,0,0,588708,0.05558204650878906,0.05558204650878906,0.0
Sauvola_Thresholding_Sklearn,Sobel_Sklearn,0.4146533203125,0.9734534857284584,0.4000166466227739,0.5670273999154851,0.39570009913800347,0.5670273999154782,0.3957000991379968,0.4146533203125,588708,241915,346793,0.41092528044463467,19270,6422,353215,235493,0.05558204650878906,0.009686946868896484,0.04589509963989258
Sauvola_Thresholding_Sklearn,Canny_Sklearn,0.208544921875,0.9820248828323515,0.17724916257295636,0.3002967051625547,0.17667595637112313,0.3002967051625504,0.17667595637112013,0.208544921875,588708,106258,482450,0.18049355537889752,23782,1910,484360,104348,0.05558204650878906,0.02982020378112793,0.025761842727661133
Sauvola_Thresholding_Sklearn,Global_Threshold_Torch,0.2913720703125,0.9997848663237566,0.2605026600623739,0.4133130126492216,0.2604880584161796,0.41331301264921605,0.26048805841617517,0.2913720703125,588708,153393,435315,0.26055871501661265,25659,33,435348,153360,0.05558204650878906,0.0059850215911865234,0.04959702491760254
Sauvola_Thresholding_Sklearn,Adaptive_Threshold_Torch,0.6106217447916666,0.9924610511126644,0.598172608491816,0.7464484511389121,0.5954668970869977,0.7464484511389041,0.5954668970869876,0.6106217447916666,588708,354824,233884,0.6027164570551106,23017,2675,236559,352149,0.05558204650878906,0.0038034915924072266,0.051778554916381836
Sauvola_Thresholding_Sklearn,Otsu_Thresholding_Torch,0.405791015625,0.9996157248947711,0.3800050279595317,0.5506716258095324,0.37994952394215975,0.5506716258095257,0.37994952394215326,0.405791015625,588708,223798,364910,0.3801511105675479,25606,86,364996,223712,0.05558204650878906,0.0035736560821533203,0.05200839042663574
Sauvola_Thresholding_Sklearn,Niblack_Thresholding_Torch,0.5868229166666666,0.9953373332859966,0.5714683680194595,0.726068077245142,0.5699426038991401,0.7260680772451341,0.5699426038991304,0.5868229166666666,588708,338004,250704,0.5741454167431053,24116,1576,252280,336428,0.05558204650878906,0.21469855308532715,0.15911650657653809
Sauvola_Thresholding_Sklearn,Sauvola_Thresholding_Torch,0.8085139973958333,0.9953312204652376,0.8039282632476542,0.8894491391242493,0.8009080632496683,0.889449139124241,0.8009080632496548,0.8085139973958333,588708,475499,113209,0.8076992328964444,23472,2220,115429,473279,0.05558204650878906,0.21512508392333984,0.15954303741455078
Sauvola_Thresholding_Sklearn,Sobel_Torch,0.410595703125,0.9733550047632578,0.3957055110513192,0.5626660547799623,0.3914650848198157,0.5626660547799556,0.3914650848198091,0.410595703125,588708,239332,349376,0.4065377062992179,19315,6377,355753,232955,0.05558204650878906,0.0033740997314453125,0.05220794677734375
Sauvola_Thresholding_Sklearn,Canny_Torch,0.42994791666666665,0.9728918290777273,0.41668025574648215,0.5834671271552698,0.41189804934320445,0.5834671271552628,0.4118980493431975,0.42994791666666665,588708,252138,336570,0.42829042581381604,18857,6835,343405,245303,0.05558204650878906,0.0030739307403564453,0.05250811576843262
Sobel_Sklearn,Global_Threshold_CV2,0.47698893229166667,0.24111269745033997,0.152884277535498,0.18711991662197577,0.10321692997658537,0.18711991662197103,0.10321692997658248,0.47698893229166667,241915,153393,88522,0.6340780852778869,256077,116408,204930,36985,0.009686946868896484,0.0004949569702148438,0.00919198989868164
Sobel_Sklearn,Adaptive_Threshold_CV2,0.45369791666666665,0.3674211242464618,0.5368951904594589,0.43627795113987916,0.2789996799353856,0.43627795113987183,0.2789996799353796,0.45369791666666665,241915,353499,111584,0.684344227282114,148869,223616,112032,129883,0.009686946868896484,0.0014367103576660156,0.008250236511230469
Sobel_Sklearn,Otsu_Thresholding_CV2,0.47489095052083335,0.3178979477645615,0.2912179897898022,0.30397366280712884,0.17922697079707028,0.30397366280712224,0.17922697079706573,0.47489095052083335,241915,221612,20303,0.9160738275840687,221323,151162,171465,70450,0.009686946868896484,0.0005745887756347656,0.009112358093261719
Sobel_Sklearn,Niblack_Thresholding_CV2,0.5270947265625,0.42796803450093895,0.5972676353264577,0.4986394123503742,0.3321250181017421,0.4986394123503656,0.3321250181017345,0.5270947265625,241915,337614,95699,0.71654315283134,179359,193126,97427,144488,0.009686946868896484,0.0027801990509033203,0.006906747817993164
Sobel_Sklearn,Sauvola_Thresholding_CV2,0.43002766927083336,0.3861484625058358,0.7590227972635016,0.5118806181517613,0.3439781944886757,0.5118806181517542,0.3439781944886693,0.43002766927083336,241915,475514,233599,0.5087442220418327,80590,291895,58296,183619,0.009686946868896484,0.00296783447265625,0.006719112396240234
Sobel_Sklearn,Sobel_CV2,0.9918896484375,0.999746890977507,0.9796498770229213,0.9895963605008278,0.9794069635292902,0.9895963605008071,0.9794069635292497,0.9918896484375,241915,237052,4863,0.9798978980220325,372425,60,4923,236992,0.009686946868896484,0.004855155944824219,0.004831790924072266
Sobel_Sklearn,Canny_CV2,0.7447428385416667,0.7282286229298884,0.5611227083893103,0.6338468147497887,0.46396467218549836,0.6338468147497739,0.4639646721854825,0.7447428385416667,241915,186403,55512,0.770530971622264,321826,50659,106171,135744,0.009686946868896484,0.0012183189392089844,0.0084686279296875
Sobel_Sklearn,Global_Threshold_Sklearn,0.46102701822916664,0.16736501498590878,0.0927929231341587,0.11939123659388205,0.06348541967742574,0.11939123659387887,0.06348541967742394,0.46102701822916664,241915,134126,107789,0.5544344087799433,260807,111678,219467,22448,0.009686946868896484,0.04297637939453125,0.033289432525634766
Sobel_Sklearn,Adaptive_Threshold_Sklearn,0.368359375,0.3353727076749105,0.6154269061447203,0.4341553885588809,0.27726594668886567,0.4341553885588746,0.2772659466888605,0.368359375,241915,443927,202012,0.5449432001207406,77439,295046,93034,148881,0.009686946868896484,0.050629615783691406,0.04094266891479492
Sobel_Sklearn,Otsu_Thresholding_Sklearn,0.45897298177083334,0.2811919684308264,0.2403571502387202,0.2591759732025255,0.14888120178311268,0.2591759732025197,0.14888120178310885,0.45897298177083334,241915,206784,35131,0.8547795713370399,223847,148638,183769,58146,0.009686946868896484,0.04458212852478027,0.03489518165588379
Sobel_Sklearn,Niblack_Thresholding_Sklearn,0.5461376953125,0.350016241676141,0.17816588471157224,0.23613428113571927,0.13387316200450997,0.2361342811357128,0.1338731620045058,0.5461376953125,241915,123140,118775,0.5090217638426721,292446,80039,198814,43101,0.009686946868896484,0.0577998161315918,0.04811286926269531
Sobel_Sklearn,Sauvola_Thresholding_Sklearn,0.4146533203125,0.4000166466227739,0.9734534857284584,0.5670273999154851,0.39570009913800347,0.5670273999154782,0.3957000991379968,0.4146533203125,241915,588708,346793,0.41092528044463467,19270,353215,6422,235493,0.009686946868896484,0.05558204650878906,0.04589509963989258
Sobel_Sklearn,Sobel_Sklearn,1.0,1.0,1.0,1.0,1.0,0.9999999999999793,0.9999999999999586,1.0,241915,241915,0,1.0,372485,0,0,241915,0.009686946868896484,0.009686946868896484,0.0
Sobel_Sklearn,Canny_Sklearn,0.7391259765625,0.8841310771894823,0.3883430130417709,0.5396512653192522,0.3695358872189028,0.5396512653192367,0.36953588721888825,0.7391259765625,241915,106258,135657,0.439236922059401,360173,12312,147969,93946,0.009686946868896484,0.02982020378112793,0.020133256912231445
Sobel_Sklearn,Global_Threshold_Torch,0.47698893229166667,0.24111269745033997,0.152884277535498,0.18711991662197577,0.10321692997658537,0.18711991662197103,0.10321692997658248,0.47698893229166667,241915,153393,88522,0.6340780852778869,256077,116408,204930,36985,0.009686946868896484,0.0059850215911865234,0.003701925277709961
Sobel_Sklearn,Adaptive_Threshold_Torch,0.4680322265625,0.3803265844475007,0.5578364301510861,0.4522881862924997,0.2922302345221854,0.4522881862924921,0.29223023452217906,0.4680322265625,241915,354824,112909,0.6817887177868465,152610,219875,106966,134949,0.009686946868896484,0.0038034915924072266,0.005883455276489258
Sobel_Sklearn,Otsu_Thresholding_Torch,0.47479654947916666,0.31954709157365124,0.29561622884070854,0.3071161852900821,0.18141598532720782,0.3071161852900755,0.1814159853272032,0.47479654947916666,241915,223798,18117,0.9251100593183557,220201,152284,170401,71514,0.009686946868896484,0.0035736560821533203,0.006113290786743164
Sobel_Sklearn,Niblack_Thresholding_Torch,0.5264827473958333,0.4274949408882735,0.5972965711096873,0.4983282148024121,0.33184895641948997,0.49832821480240347,0.3318489564194823,0.5264827473958333,241915,338004,96089,0.7157163820546503,178976,193509,97420,144495,0.009686946868896484,0.21469855308532715,0.20501160621643066
Sobel_Sklearn,Sauvola_Thresholding_Torch,0.42999348958333333,0.38612278890176427,0.7589483909637683,0.5118411405408871,0.3439425416765796,0.51184114054088,0.3439425416765732,0.42999348958333333,241915,475499,233584,0.508760270789213,80587,291898,58314,183601,0.009686946868896484,0.21512508392333984,0.20543813705444336
Sobel_Sklearn,Sobel_Torch,0.9892008463541667,0.9915347717814584,0.9809478535849369,0.9862129010674352,0.9728008001934894,0.9862129010674147,0.9728008001934495,0.9892008463541667,241915,239332,2583,0.9893226959882604,370459,2026,4609,237306,0.009686946868896484,0.0033740997314453125,0.006312847137451172
Sobel_Sklearn,Canny_Torch,0.9833577473958334,0.9594507769554768,0.9999958663166815,0.9793038398714308,0.9594469717100488,0.979303839871411,0.9594469717100107,0.9833577473958334,241915,252138,10223,0.959454743037543,362261,10224,1,241914,0.009686946868896484,0.0030739307403564453,0.006613016128540039
Canny_Sklearn,Global_Threshold_CV2,0.6200732421875,0.08547978069403428,0.12339776769749101,0.100997107656046,0.05318428321685413,0.10099710765604211,0.053184283216851966,0.6200732421875,106258,153393,47135,0.6927173990990463,367861,140281,93146,13112,0.02982020378112793,0.0004949569702148438,0.029325246810913086
Canny_Sklearn,Adaptive_Threshold_CV2,0.44289225260416665,0.1661532281562324,0.5527583805454648,0.2555045382669541,0.14646328630349456,0.2555045382669485,0.14646328630349092,0.44289225260416665,106258,353499,247241,0.3005892520205149,213378,294764,47523,58735,0.02982020378112793,0.0014367103576660156,0.028383493423461914
Canny_Sklearn,Otsu_Thresholding_CV2,0.5548860677083334,0.12271898633647997,0.25594308193265447,0.1658950193674322,0.0904501220591072,0.16589501936742715,0.09045012205910419,0.5548860677083334,106258,221612,115354,0.4794776456148584,313726,194416,79062,27196,0.02982020378112793,0.0005745887756347656,0.029245615005493164
Canny_Sklearn,Niblack_Thresholding_CV2,0.4958040364583333,0.19859069825303452,0.6309830789211165,0.302100605579987,0.17792609301399853,0.3021006055799802,0.1779260930139938,0.4958040364583333,106258,337614,231356,0.31473220897237675,237575,270567,39211,67047,0.02982020378112793,0.0027801990509033203,0.02704000473022461
Canny_Sklearn,Sauvola_Thresholding_CV2,0.333662109375,0.1812501840114066,0.8111106928419507,0.2962913306243683,0.17390962196192378,0.2962913306243632,0.17390962196192028,0.333662109375,106258,475514,369256,0.22345924620515906,118815,389327,20071,86187,0.02982020378112793,0.00296783447265625,0.02685236930847168
Canny_Sklearn,Sobel_CV2,0.7448893229166667,0.393521252720922,0.8779103691016206,0.5434447001252513,0.3731026897310269,0.5434447001252354,0.37310268973101196,0.7448893229166667,106258,237052,130794,0.4482476418676071,364375,143767,12973,93285,0.02982020378112793,0.004855155944824219,0.02496504783630371
Canny_Sklearn,Canny_CV2,0.7720979817708333,0.4094301057386415,0.7182423911611361,0.5215522396219516,0.3527701509646763,0.5215522396219339,0.35277015096465997,0.7720979817708333,106258,186403,80145,0.5700444735331512,398058,110084,29939,76319,0.02982020378112793,0.0012183189392089844,0.028601884841918945
Canny_Sklearn,Global_Threshold_Sklearn,0.635546875,0.0613751248825731,0.0774718138869544,0.06849041533546325,0.03545952651710948,0.06849041533546041,0.03545952651710795,0.635546875,106258,134126,27868,0.7922252210607936,382248,125894,98026,8232,0.02982020378112793,0.04297637939453125,0.01315617561340332
Canny_Sklearn,Adaptive_Threshold_Sklearn,0.32183756510416667,0.15038733845880065,0.6282915168740236,0.24268564210220198,0.13810030118488117,0.24268564210219756,0.13810030118487832,0.32183756510416667,106258,443927,337669,0.2393591739182343,130976,377166,39497,66761,0.02982020378112793,0.050629615783691406,0.020809412002563477
Canny_Sklearn,Otsu_Thresholding_Sklearn,0.5667220052083334,0.11324860724233983,0.22038811195392347,0.1496157065186141,0.08085655884871419,0.14961570651860934,0.0808565588487114,0.5667220052083334,106258,206784,100526,0.513859873104302,324776,183366,82840,23418,0.02982020378112793,0.04458212852478027,0.014761924743652344
Canny_Sklearn,Niblack_Thresholding_Sklearn,0.6840852864583333,0.14333279194412862,0.16610514031884657,0.15388102773345888,0.08335379791072407,0.15388102773345216,0.08335379791072013,0.6840852864583333,106258,123140,16882,0.8629040116940068,402652,105490,88608,17650,0.02982020378112793,0.0577998161315918,0.027979612350463867
Canny_Sklearn,Sauvola_Thresholding_Sklearn,0.208544921875,0.17724916257295636,0.9820248828323515,0.3002967051625547,0.17667595637112313,0.3002967051625504,0.17667595637112013,0.208544921875,106258,588708,482450,0.18049355537889752,23782,484360,1910,104348,0.02982020378112793,0.05558204650878906,0.025761842727661133
Canny_Sklearn,Sobel_Sklearn,0.7391259765625,0.3883430130417709,0.8841310771894823,0.5396512653192522,0.3695358872189028,0.5396512653192367,0.36953588721888825,0.7391259765625,106258,241915,135657,0.439236922059401,360173,147969,12312,93946,0.02982020378112793,0.009686946868896484,0.020133256912231445
Canny_Sklearn,Canny_Sklearn,1.0,1.0,1.0,1.0,1.0,0.9999999999999529,0.999999999999906,1.0,106258,106258,0,1.0,508142,0,0,106258,0.02982020378112793,0.02982020378112793,0.0
Canny_Sklearn,Global_Threshold_Torch,0.6200732421875,0.08547978069403428,0.12339776769749101,0.100997107656046,0.05318428321685413,0.10099710765604211,0.053184283216851966,0.6200732421875,106258,153393,47135,0.6927173990990463,367861,140281,93146,13112,0.02982020378112793,0.0059850215911865234,0.023835182189941406
Canny_Sklearn,Adaptive_Threshold_Torch,0.4508365885416667,0.17427795188600545,0.5819608876508122,0.2682299460833431,0.15488773782448828,0.2682299460833373,0.1548877378244844,0.4508365885416667,106258,354824,248566,0.29946677789552,215156,292986,44420,61838,0.02982020378112793,0.0038034915924072266,0.026016712188720703
Canny_Sklearn,Otsu_Thresholding_Torch,0.5529036458333333,0.12368296410155587,0.2604980330892733,0.16772911263543155,0.09154165674524434,0.16772911263542647,0.0915416567452413,0.5529036458333333,106258,223798,117540,0.4747942340860955,312024,196118,78578,27680,0.02982020378112793,0.0035736560821533203,0.02624654769897461
Canny_Sklearn,Niblack_Thresholding_Torch,0.49516927083333334,0.19836155785138637,0.6309830789211165,0.3018354034331093,0.17774213644738412,0.3018354034331025,0.1777421364473794,0.49516927083333334,106258,338004,231746,0.3143690607211749,237185,270957,39211,67047,0.02982020378112793,0.21469855308532715,0.18487834930419922
Canny_Sklearn,Sauvola_Thresholding_Torch,0.3335888671875,0.18119281007951646,0.8108283611586893,0.2961958343432052,0.17384382566585957,0.29619583434320007,0.17384382566585604,0.3335888671875,106258,475499,369241,0.22346629540756133,118800,389342,20101,86157,0.02982020378112793,0.21512508392333984,0.18530488014221191
Canny_Sklearn,Sobel_Torch,0.7412174479166667,0.38982250597496365,0.8780233017749252,0.5399288173847623,0.3697962289877246,0.5399288173847466,0.3697962289877099,0.7412174479166667,106258,239332,133074,0.44397740377383715,362107,146035,12961,93297,0.02982020378112793,0.0033740997314453125,0.026446104049682617
Canny_Sklearn,Canny_Torch,0.72615234375,0.377063354194925,0.894727926367897,0.5305416355093249,0.3610457079491425,0.5305416355093101,0.36104570794912877,0.72615234375,106258,252138,145880,0.4214279481871039,351076,157066,11186,95072,0.02982020378112793,0.0030739307403564453,0.026746273040771484
Global_Threshold_Torch,Global_Threshold_CV2,1.0,1.0,1.0,1.0,1.0,0.9999999999999674,0.9999999999999347,1.0,153393,153393,0,1.0,461007,0,0,153393,0.0059850215911865234,0.0004949569702148438,0.00549006462097168
Global_Threshold_Torch,Adaptive_Threshold_CV2,0.5999283854166667,0.3692910022376301,0.8510427464095494,0.5150761897997995,0.3468704496901804,0.5150761897997894,0.3468704496901711,0.5999283854166667,153393,353499,200106,0.43392767730601783,238052,222955,22849,130544,0.0059850215911865234,0.0014367103576660156,0.004548311233520508
Global_Threshold_Torch,Otsu_Thresholding_CV2,0.8889664713541666,0.6921691966139017,1.0,0.8180850921987707,0.6921691966139017,0.8180850921987488,0.6921691966138706,0.8889664713541666,153393,221612,68219,0.6921691966139017,392788,68219,0,153393,0.0059850215911865234,0.0005745887756347656,0.005410432815551758
Global_Threshold_Torch,Niblack_Thresholding_CV2,0.5680289713541666,0.3341152914274882,0.7353790590183386,0.4594720645530512,0.2982562366970294,0.4594720645530418,0.2982562366970215,0.5680289713541666,153393,337614,184221,0.45434431036627626,236195,224812,40591,112802,0.0059850215911865234,0.0027801990509033203,0.003204822540283203
Global_Threshold_Torch,Sauvola_Thresholding_CV2,0.47443196614583333,0.32175498513187833,0.9974314342897003,0.48655524584716026,0.3214886070416971,0.4865552458471525,0.32148860704169036,0.47443196614583333,153393,475514,322121,0.32258356220847334,138492,322515,394,152999,0.0059850215911865234,0.00296783447265625,0.0030171871185302734
Global_Threshold_Torch,Sobel_CV2,0.4826220703125,0.1530634628689064,0.23654273663074588,0.18585972416089333,0.10245058038575676,0.18585972416088858,0.10245058038575386,0.4826220703125,153393,237052,83659,0.6470858714543645,260239,200768,117109,36284,0.0059850215911865234,0.004855155944824219,0.0011298656463623047
Global_Threshold_Torch,Canny_CV2,0.5436165364583333,0.15931610542748775,0.19360075101210616,0.17479311116081414,0.09576619079713253,0.17479311116080898,0.09576619079712943,0.5436165364583333,153393,186403,33010,0.8229105754735707,304301,156706,123696,29697,0.0059850215911865234,0.0012183189392089844,0.004766702651977539
Global_Threshold_Torch,Global_Threshold_Sklearn,0.9494156901041667,0.9559667775077166,0.8358921202401675,0.8919062740201517,0.8049014745855279,0.8919062740201207,0.8049014745854772,0.9494156901041667,153393,134126,19267,0.8743945290854211,455101,5906,25173,128220,0.0059850215911865234,0.04297637939453125,0.03699135780334473
Global_Threshold_Torch,Adaptive_Threshold_Sklearn,0.4945149739583333,0.3229697675518723,0.9346906312543597,0.4800609388602424,0.31584222758263664,0.4800609388602344,0.3158422275826297,0.4945149739583333,153393,443927,290534,0.3455365409177635,160455,300552,10018,143375,0.0059850215911865234,0.050629615783691406,0.04464459419250488
Global_Threshold_Torch,Otsu_Thresholding_Sklearn,0.8823128255208333,0.6960644924172082,0.9383413845481867,0.7992459263084539,0.6656199998150221,0.7992459263084317,0.6656199998149912,0.8823128255208333,153393,206784,53391,0.7418030408542247,398158,62849,9458,143935,0.0059850215911865234,0.04458212852478027,0.03859710693359375
Global_Threshold_Torch,Niblack_Thresholding_Sklearn,0.7436409505208333,0.4832954360890044,0.3879772870991505,0.4304224088987571,0.27422818173440233,0.4304224088987415,0.27422818173438973,0.7436409505208333,153393,123140,30253,0.8027745725033085,397380,63627,93880,59513,0.0059850215911865234,0.0577998161315918,0.05181479454040527
Global_Threshold_Torch,Sauvola_Thresholding_Sklearn,0.2913720703125,0.2605026600623739,0.9997848663237566,0.4133130126492216,0.2604880584161796,0.41331301264921605,0.26048805841617517,0.2913720703125,153393,588708,435315,0.26055871501661265,25659,435348,33,153360,0.0059850215911865234,0.05558204650878906,0.04959702491760254
Global_Threshold_Torch,Sobel_Sklearn,0.47698893229166667,0.152884277535498,0.24111269745033997,0.18711991662197577,0.10321692997658537,0.18711991662197103,0.10321692997658248,0.47698893229166667,153393,241915,88522,0.6340780852778869,256077,204930,116408,36985,0.0059850215911865234,0.009686946868896484,0.003701925277709961
Global_Threshold_Torch,Canny_Sklearn,0.6200732421875,0.12339776769749101,0.08547978069403428,0.100997107656046,0.05318428321685413,0.10099710765604211,0.053184283216851966,0.6200732421875,153393,106258,47135,0.6927173990990463,367861,93146,140281,13112,0.0059850215911865234,0.02982020378112793,0.023835182189941406
Global_Threshold_Torch,Global_Threshold_Torch,1.0,1.0,1.0,1.0,1.0,0.9999999999999674,0.9999999999999347,1.0,153393,153393,0,1.0,461007,0,0,153393,0.0059850215911865234,0.0059850215911865234,0.0
Global_Threshold_Torch,Adaptive_Threshold_Torch,0.6068440755208333,0.37576657723265616,0.8692117632486489,0.5247010627350128,0.35565745319910586,0.5247010627350025,0.35565745319909636,0.6068440755208333,153393,354824,201431,0.4323072847383492,239514,221493,20062,133331,0.0059850215911865234,0.0038034915924072266,0.002181529998779297
Global_Threshold_Torch,Otsu_Thresholding_Torch,0.8854085286458333,0.6854082699577297,1.0,0.8133439026912095,0.6854082699577297,0.813343902691188,0.6854082699576991,0.8854085286458333,153393,223798,70405,0.6854082699577297,390602,70405,0,153393,0.0059850215911865234,0.0035736560821533203,0.002411365509033203
Global_Threshold_Torch,Niblack_Thresholding_Torch,0.5686149088541667,0.3348392326718027,0.7378237598847405,0.4606336628021742,0.2992358944529639,0.46063366280216483,0.29923589445295595,0.5686149088541667,153393,338004,184611,0.45382007313522915,236180,224827,40216,113177,0.0059850215911865234,0.21469855308532715,0.20871353149414062
Global_Threshold_Torch,Sauvola_Thresholding_Torch,0.47447591145833334,0.3217777534758222,0.9974705495035627,0.4865859320837282,0.32151540176554516,0.4865859320837205,0.32151540176553844,0.47447591145833334,153393,475499,322106,0.3225937383674834,138513,322494,388,153005,0.0059850215911865234,0.21512508392333984,0.20914006233215332
Global_Threshold_Torch,Sobel_Torch,0.4812841796875,0.15465127939431417,0.24129523511503131,0.18849322044687758,0.10405327905721483,0.18849322044687278,0.1040532790572119,0.4812841796875,153393,239332,85939,0.640921397890796,258688,202319,116380,37013,0.0059850215911865234,0.0033740997314453125,0.002610921859741211
Global_Threshold_Torch,Canny_Torch,0.46599446614583334,0.1535627315200406,0.25241699425658276,0.19095457560581067,0.10555543439145938,0.19095457560580595,0.10555543439145651,0.46599446614583334,153393,252138,98745,0.6083692263760322,247588,213419,114674,38719,0.0059850215911865234,0.0030739307403564453,0.002911090850830078
Adaptive_Threshold_Torch,Global_Threshold_CV2,0.6068440755208333,0.8692117632486489,0.37576657723265616,0.5247010627350128,0.35565745319910586,0.5247010627350025,0.35565745319909636,0.6068440755208333,354824,153393,201431,0.4323072847383492,239514,20062,221493,133331,0.0038034915924072266,0.0004949569702148438,0.003308534622192383
Adaptive_Threshold_Torch,Adaptive_Threshold_CV2,0.9170263671875,0.9297678352696895,0.9262958537190269,0.928028597123064,0.8657214125604832,0.9280285971230507,0.8657214125604603,0.9170263671875,354824,353499,1325,0.9962657542894505,234749,24827,26152,328672,0.0038034915924072266,0.0014367103576660156,0.002366781234741211
Adaptive_Threshold_Torch,Otsu_Thresholding_CV2,0.671103515625,0.84463386459217,0.527531959506685,0.6494424359339112,0.48086986679682986,0.6494424359338998,0.4808698667968175,0.671103515625,354824,221612,133212,0.6245688003066309,225145,34431,167643,187181,0.0038034915924072266,0.0005745887756347656,0.003228902816772461
Adaptive_Threshold_Torch,Niblack_Thresholding_CV2,0.8963248697916667,0.9311521441646378,0.8859885464342886,0.9080090925108096,0.8315170815832073,0.9080090925107965,0.8315170815831853,0.8963248697916667,354824,337614,17210,0.9514970802425992,236332,23244,40454,314370,0.0038034915924072266,0.0027801990509033203,0.0010232925415039062
Adaptive_Threshold_Torch,Sauvola_Thresholding_CV2,0.7951204427083334,0.7407352885509154,0.9926893333032715,0.8484014943312241,0.7367163904389803,0.8484014943312139,0.7367163904389649,0.7951204427083334,354824,475514,120690,0.7461904381364166,136292,123284,2594,352230,0.0038034915924072266,0.00296783447265625,0.0008356571197509766
Adaptive_Threshold_Torch,Sobel_CV2,0.4674153645833333,0.5582235121407961,0.3729398236872365,0.44714771337239556,0.28795250985751214,0.447147713372388,0.28795250985750587,0.4674153645833333,354824,237052,117772,0.6680833314544675,154852,104724,222496,132328,0.0038034915924072266,0.004855155944824219,0.0010516643524169922
Adaptive_Threshold_Torch,Canny_CV2,0.4727392578125,0.5828178731029007,0.30617714697991116,0.40145447289215064,0.2511373408416322,0.4014544728921432,0.2511373408416264,0.4727392578125,354824,186403,168421,0.5253393231573964,181812,77764,246185,108639,0.0038034915924072266,0.0012183189392089844,0.002585172653198242
Adaptive_Threshold_Torch,Global_Threshold_Sklearn,0.5583821614583333,0.8112521062284718,0.30665907604897075,0.4450761836588608,0.28623664965539014,0.4450761836588517,0.2862366496553826,0.5583821614583333,354824,134126,220698,0.37800712465898584,234260,25316,246014,108810,0.0038034915924072266,0.04297637939453125,0.03917288780212402
Adaptive_Threshold_Torch,Adaptive_Threshold_Sklearn,0.6424658203125,0.6522266048246671,0.816013009266566,0.7249843818661886,0.5686082362875827,0.7249843818661795,0.5686082362875715,0.6424658203125,354824,443927,89103,0.7992845670571963,105190,154386,65283,289541,0.0038034915924072266,0.050629615783691406,0.04682612419128418
Adaptive_Threshold_Torch,Otsu_Thresholding_Sklearn,0.5823828125,0.7375425564840606,0.42982436362816495,0.5431261662939274,0.37280247179146214,0.5431261662939177,0.37280247179145304,0.5823828125,354824,206784,148040,0.5827790679322706,205304,54272,202312,152512,0.0038034915924072266,0.04458212852478027,0.04077863693237305
Adaptive_Threshold_Torch,Niblack_Thresholding_Sklearn,0.5518424479166667,0.8227058632450869,0.2855161995806372,0.42391477182381937,0.26896690879741725,0.4239147718238105,0.26896690879741014,0.5518424479166667,354824,123140,231684,0.3470452956958943,237744,21832,253516,101308,0.0038034915924072266,0.0577998161315918,0.05399632453918457
Adaptive_Threshold_Torch,Sauvola_Thresholding_Sklearn,0.6106217447916666,0.598172608491816,0.9924610511126644,0.7464484511389121,0.5954668970869977,0.7464484511389041,0.5954668970869876,0.6106217447916666,354824,588708,233884,0.6027164570551106,23017,236559,2675,352149,0.0038034915924072266,0.05558204650878906,0.051778554916381836
Adaptive_Threshold_Torch,Sobel_Sklearn,0.4680322265625,0.5578364301510861,0.3803265844475007,0.4522881862924997,0.2922302345221854,0.4522881862924921,0.29223023452217906,0.4680322265625,354824,241915,112909,0.6817887177868465,152610,106966,219875,134949,0.0038034915924072266,0.009686946868896484,0.005883455276489258
Adaptive_Threshold_Torch,Canny_Sklearn,0.4508365885416667,0.5819608876508122,0.17427795188600545,0.2682299460833431,0.15488773782448828,0.2682299460833373,0.1548877378244844,0.4508365885416667,354824,106258,248566,0.29946677789552,215156,44420,292986,61838,0.0038034915924072266,0.02982020378112793,0.026016712188720703
Adaptive_Threshold_Torch,Global_Threshold_Torch,0.6068440755208333,0.8692117632486489,0.37576657723265616,0.5247010627350128,0.35565745319910586,0.5247010627350025,0.35565745319909636,0.6068440755208333,354824,153393,201431,0.4323072847383492,239514,20062,221493,133331,0.0038034915924072266,0.0059850215911865234,0.002181529998779297
Adaptive_Threshold_Torch,Adaptive_Threshold_Torch,1.0,1.0,1.0,1.0,1.0,0.9999999999999859,0.9999999999999718,1.0,354824,354824,0,1.0,259576,0,0,354824,0.0038034915924072266,0.0038034915924072266,0.0
Adaptive_Threshold_Torch,Otsu_Thresholding_Torch,0.6727180989583333,0.8434838559772652,0.5320102360606949,0.6524812399113756,0.4842093922821994,0.6524812399113643,0.48420939228218696,0.6727180989583333,354824,223798,131026,0.6307296011543752,224548,35028,166054,188770,0.0038034915924072266,0.0035736560821533203,0.00022983551025390625
Adaptive_Threshold_Torch,Niblack_Thresholding_Torch,0.8971061197916667,0.9313647175773068,0.8872145063468085,0.908753687783981,0.8327667893223428,0.9087536877839679,0.8327667893223207,0.8971061197916667,354824,338004,16820,0.9525962167158929,236377,23199,40019,314805,0.0038034915924072266,0.21469855308532715,0.21089506149291992
Adaptive_Threshold_Torch,Sauvola_Thresholding_Torch,0.7951741536458333,0.7407775831284609,0.9927146979911167,0.8484384992346352,0.7367721990277859,0.848438499234625,0.7367721990277705,0.7951741536458333,354824,475499,120675,0.7462139773164612,136316,123260,2585,352239,0.0038034915924072266,0.21512508392333984,0.21132159233093262
Adaptive_Threshold_Torch,Sobel_Torch,0.4711328125,0.5624404592783246,0.37937118120533,0.4531133237735544,0.29291953362666634,0.4531133237735468,0.29291953362665996,0.4711328125,354824,239332,115492,0.6745090523752622,154854,104722,220214,134610,0.0038034915924072266,0.0033740997314453125,0.00042939186096191406
Adaptive_Threshold_Torch,Canny_Torch,0.47123046875,0.5593881128588313,0.39750129641737875,0.4647506763191106,0.30272000068681465,0.46475067631910294,0.30272000068680815,0.47123046875,354824,252138,102686,0.7106001848803915,148481,111095,213781,141043,0.0038034915924072266,0.0030739307403564453,0.0007295608520507812
Otsu_Thresholding_Torch,Global_Threshold_CV2,0.8854085286458333,1.0,0.6854082699577297,0.8133439026912095,0.6854082699577297,0.813343902691188,0.6854082699576991,0.8854085286458333,223798,153393,70405,0.6854082699577297,390602,0,70405,153393,0.0035736560821533203,0.0004949569702148438,0.0030786991119384766
Otsu_Thresholding_Torch,Adaptive_Threshold_CV2,0.6601936848958333,0.5212461704276391,0.8233317545286374,0.63835426132476,0.46881082442619904,0.6383542613247489,0.4688108244261871,0.6601936848958333,223798,353499,129701,0.6330937286951307,221363,169239,39538,184260,0.0035736560821533203,0.0014367103576660156,0.0021369457244873047
Otsu_Thresholding_Torch,Otsu_Thresholding_CV2,0.9964420572916667,1.0,0.9902322630229046,0.9950921622774522,0.9902322630229046,0.9950921622774299,0.9902322630228603,0.9964420572916667,223798,221612,2186,0.9902322630229046,390602,0,2186,221612,0.0035736560821533203,0.0005745887756347656,0.0029990673065185547
Otsu_Thresholding_Torch,Niblack_Thresholding_CV2,0.6414583333333334,0.5051982441486431,0.7621247732330048,0.6076179347787365,0.436387360880133,0.6076179347787256,0.43638736088012187,0.6414583333333334,223798,337614,113816,0.6628812786199625,223550,167052,53236,170562,0.0035736560821533203,0.0027801990509033203,0.00079345703125
Otsu_Thresholding_Torch,Sauvola_Thresholding_CV2,0.5840104166666666,0.4665772195981612,0.9913582784475286,0.6345207861440959,0.4646872538999011,0.6345207861440868,0.4646872538998914,0.5840104166666666,223798,475514,251716,0.47064439743099046,136952,253650,1934,221864,0.0035736560821533203,0.00296783447265625,0.0006058216094970703
Otsu_Thresholding_Torch,Sobel_CV2,0.4784212239583333,0.2961206823819246,0.3136578521702607,0.3046370836497776,0.17968841993170426,0.304637083649771,0.17968841993169968,0.4784212239583333,223798,237052,13254,0.9440882169313062,223746,166856,153602,70196,0.0035736560821533203,0.004855155944824219,0.0012814998626708984
Otsu_Thresholding_Torch,Canny_CV2,0.5119938151041666,0.2960521021657377,0.24658397304712285,0.2690632153505233,0.15544369831218874,0.2690632153505167,0.15544369831218435,0.5119938151041666,223798,186403,37395,0.8329073539531184,259384,131218,168613,55185,0.0035736560821533203,0.0012183189392089844,0.002355337142944336
Otsu_Thresholding_Torch,Global_Threshold_Sklearn,0.8489518229166667,0.9883244113743793,0.592319859873636,0.7407159061700249,0.5882039722404643,0.7407159061700042,0.5882039722404382,0.8489518229166667,223798,134126,89672,0.5993172414409422,389036,1566,91238,132560,0.0035736560821533203,0.04297637939453125,0.03940272331237793
Otsu_Thresholding_Torch,Adaptive_Threshold_Sklearn,0.5564371744791666,0.4451182288979945,0.8829390789908756,0.5918604215807406,0.42031374634405744,0.5918604215807317,0.4203137463440485,0.5564371744791666,223798,443927,220129,0.5041324361888329,144275,246327,26198,197600,0.0035736560821533203,0.050629615783691406,0.047055959701538086
Otsu_Thresholding_Torch,Otsu_Thresholding_Sklearn,0.903720703125,0.8981062364593005,0.8298286847961108,0.8626185023990784,0.7584249473185553,0.8626185023990584,0.7584249473185243,0.903720703125,223798,206784,17014,0.9239760855771723,369532,21070,38084,185714,0.0035736560821533203,0.04458212852478027,0.04100847244262695
Otsu_Thresholding_Torch,Niblack_Thresholding_Sklearn,0.6887760416666666,0.6322965730063342,0.34790748800257376,0.4488467680104226,0.28936326776350263,0.4488467680104097,0.28936326776349186,0.6887760416666666,223798,123140,100658,0.5502283309055488,345323,45279,145937,77861,0.0035736560821533203,0.0577998161315918,0.05422616004943848
Otsu_Thresholding_Torch,Sauvola_Thresholding_Sklearn,0.405791015625,0.3800050279595317,0.9996157248947711,0.5506716258095324,0.37994952394215975,0.5506716258095257,0.37994952394215326,0.405791015625,223798,588708,364910,0.3801511105675479,25606,364996,86,223712,0.0035736560821533203,0.05558204650878906,0.05200839042663574
Otsu_Thresholding_Torch,Sobel_Sklearn,0.47479654947916666,0.29561622884070854,0.31954709157365124,0.3071161852900821,0.18141598532720782,0.3071161852900755,0.1814159853272032,0.47479654947916666,223798,241915,18117,0.9251100593183557,220201,170401,152284,71514,0.0035736560821533203,0.009686946868896484,0.006113290786743164
Otsu_Thresholding_Torch,Canny_Sklearn,0.5529036458333333,0.2604980330892733,0.12368296410155587,0.16772911263543155,0.09154165674524434,0.16772911263542647,0.0915416567452413,0.5529036458333333,223798,106258,117540,0.4747942340860955,312024,78578,196118,27680,0.0035736560821533203,0.02982020378112793,0.02624654769897461
Otsu_Thresholding_Torch,Global_Threshold_Torch,0.8854085286458333,1.0,0.6854082699577297,0.8133439026912095,0.6854082699577297,0.813343902691188,0.6854082699576991,0.8854085286458333,223798,153393,70405,0.6854082699577297,390602,0,70405,153393,0.0035736560821533203,0.0059850215911865234,0.002411365509033203
Otsu_Thresholding_Torch,Adaptive_Threshold_Torch,0.6727180989583333,0.5320102360606949,0.8434838559772652,0.6524812399113756,0.4842093922821994,0.6524812399113643,0.48420939228218696,0.6727180989583333,223798,354824,131026,0.6307296011543752,224548,166054,35028,188770,0.0035736560821533203,0.0038034915924072266,0.00022983551025390625
Otsu_Thresholding_Torch,Otsu_Thresholding_Torch,1.0,1.0,1.0,1.0,1.0,0.9999999999999777,0.9999999999999553,1.0,223798,223798,0,1.0,390602,0,0,223798,0.0035736560821533203,0.0035736560821533203,0.0
Otsu_Thresholding_Torch,Niblack_Thresholding_Torch,0.642099609375,0.505775079584857,0.7638763527824198,0.6085916390472088,0.4373925413459964,0.6085916390471979,0.4373925413459852,0.642099609375,223798,338004,114206,0.6621164246576964,223552,167050,52844,170954,0.0035736560821533203,0.21469855308532715,0.21112489700317383
Otsu_Thresholding_Torch,Sauvola_Thresholding_Torch,0.5840673828125,0.46661296869183744,0.9914029615992994,0.6345629968382532,0.46473253278539156,0.6345629968382442,0.46473253278538185,0.5840673828125,223798,475499,251701,0.47065924428863154,136977,253625,1924,221874,0.0035736560821533203,0.21512508392333984,0.21155142784118652
Otsu_Thresholding_Torch,Sobel_Torch,0.4774251302083333,0.2967843831999064,0.31738442702794484,0.3067389285945631,0.18115276715123693,0.3067389285945564,0.1811527671512323,0.4774251302083333,223798,239332,15534,0.9350943459295038,222300,168302,152768,71030,0.0035736560821533203,0.0033740997314453125,0.0001995563507080078
Otsu_Thresholding_Torch,Canny_Torch,0.46732747395833335,0.2948028460604907,0.3321343354274837,0.3123571236468769,0.18508484705120704,0.3123571236468703,0.18508484705120243,0.46732747395833335,223798,252138,28340,0.887601234244739,212795,177807,149467,74331,0.0035736560821533203,0.0030739307403564453,0.000499725341796875
Niblack_Thresholding_Torch,Global_Threshold_CV2,0.5686149088541667,0.7378237598847405,0.3348392326718027,0.4606336628021742,0.2992358944529639,0.46063366280216483,0.29923589445295595,0.5686149088541667,338004,153393,184611,0.45382007313522915,236180,40216,224827,113177,0.21469855308532715,0.0004949569702148438,0.2142035961151123
Niblack_Thresholding_Torch,Adaptive_Threshold_CV2,0.8500862630208333,0.8478043785130934,0.8866699802369202,0.8668017347719388,0.7649162210793634,0.8668017347719262,0.7649162210793439,0.8500862630208333,338004,353499,15495,0.9561667784067281,222595,53801,38306,299698,0.21469855308532715,0.0014367103576660156,0.21326184272766113
Niblack_Thresholding_Torch,Otsu_Thresholding_CV2,0.6401236979166667,0.7637402306734292,0.5007455533070615,0.6048933554437328,0.43358216219816476,0.604893355443722,0.43358216219815365,0.6401236979166667,338004,221612,116392,0.6556490455734252,224038,52358,168750,169254,0.21469855308532715,0.0005745887756347656,0.21412396430969238
Niblack_Thresholding_Torch,Niblack_Thresholding_CV2,0.9920865885416666,0.9933770518995065,0.9922308611732406,0.9928036257174913,0.9857100869974136,0.9928036257174765,0.9857100869973846,0.9920865885416666,338004,337614,390,0.9988461675009763,274160,2236,2626,335378,0.21469855308532715,0.0027801990509033203,0.21191835403442383
Niblack_Thresholding_Torch,Sauvola_Thresholding_CV2,0.7761360677083333,0.7107845405182602,0.9999526632820913,0.8309293709542998,0.7107606249868568,0.8309293709542895,0.7107606249868418,0.7761360677083333,338004,475514,137510,0.710818188318325,138870,137526,16,337988,0.21469855308532715,0.00296783447265625,0.2117307186126709
Niblack_Thresholding_Torch,Sobel_CV2,0.5259505208333334,0.5986028381958389,0.4198175169524621,0.49351715311204475,0.32759560066119364,0.49351715311203614,0.3275956006611861,0.5259505208333334,338004,237052,100952,0.7013289783552857,181244,95152,196104,141900,0.21469855308532715,0.004855155944824219,0.20984339714050293
Niblack_Thresholding_Torch,Canny_CV2,0.5155159505208333,0.6081983659061281,0.335410231831576,0.4323740911162513,0.27581458603483383,0.43237409111624303,0.2758145860348271,0.5155159505208333,338004,186403,151601,0.5514816392705412,203363,73033,224634,113370,0.21469855308532715,0.0012183189392089844,0.21348023414611816
Niblack_Thresholding_Torch,Global_Threshold_Sklearn,0.5207975260416666,0.6624666358498725,0.2628785458160258,0.3763963315188613,0.23182771684112755,0.3763963315188533,0.2318277168411215,0.5207975260416666,338004,134126,203878,0.39681778913859006,231124,45272,249150,88854,0.21469855308532715,0.04297637939453125,0.1717221736907959
Niblack_Thresholding_Torch,Adaptive_Threshold_Sklearn,0.6015966796875,0.6050003716827316,0.7945941468148306,0.6869557544079976,0.5231779178151571,0.6869557544079888,0.523177917815147,0.6015966796875,338004,443927,105923,0.7613954546580857,101045,175351,69428,268576,0.21469855308532715,0.050629615783691406,0.16406893730163574
Niblack_Thresholding_Torch,Otsu_Thresholding_Sklearn,0.5528743489583333,0.6530340838749613,0.3995130235145146,0.4957414627341278,0.32955868320028503,0.4957414627341187,0.329558683200277,0.5528743489583333,338004,206784,131220,0.611779742251571,204649,71747,202967,135037,0.21469855308532715,0.04458212852478027,0.17011642456054688
Niblack_Thresholding_Torch,Niblack_Thresholding_Sklearn,0.5894108072916666,0.8481322072437876,0.3089874676039337,0.4529561265027844,0.2927881582820538,0.45295612650277456,0.2927881582820456,0.5894108072916666,338004,123140,214864,0.3643152152045538,257695,18701,233565,104439,0.21469855308532715,0.0577998161315918,0.15689873695373535
Niblack_Thresholding_Torch,Sauvola_Thresholding_Sklearn,0.5868229166666666,0.5714683680194595,0.9953373332859966,0.726068077245142,0.5699426038991401,0.7260680772451341,0.5699426038991304,0.5868229166666666,338004,588708,250704,0.5741454167431053,24116,252280,1576,336428,0.21469855308532715,0.05558204650878906,0.15911650657653809
Niblack_Thresholding_Torch,Sobel_Sklearn,0.5264827473958333,0.5972965711096873,0.4274949408882735,0.4983282148024121,0.33184895641948997,0.49832821480240347,0.3318489564194823,0.5264827473958333,338004,241915,96089,0.7157163820546503,178976,97420,193509,144495,0.21469855308532715,0.009686946868896484,0.20501160621643066
Niblack_Thresholding_Torch,Canny_Sklearn,0.49516927083333334,0.6309830789211165,0.19836155785138637,0.3018354034331093,0.17774213644738412,0.3018354034331025,0.1777421364473794,0.49516927083333334,338004,106258,231746,0.3143690607211749,237185,39211,270957,67047,0.21469855308532715,0.02982020378112793,0.18487834930419922
Niblack_Thresholding_Torch,Global_Threshold_Torch,0.5686149088541667,0.7378237598847405,0.3348392326718027,0.4606336628021742,0.2992358944529639,0.46063366280216483,0.29923589445295595,0.5686149088541667,338004,153393,184611,0.45382007313522915,236180,40216,224827,113177,0.21469855308532715,0.0059850215911865234,0.20871353149414062
Niblack_Thresholding_Torch,Adaptive_Threshold_Torch,0.8971061197916667,0.8872145063468085,0.9313647175773068,0.908753687783981,0.8327667893223428,0.9087536877839679,0.8327667893223207,0.8971061197916667,338004,354824,16820,0.9525962167158929,236377,40019,23199,314805,0.21469855308532715,0.0038034915924072266,0.21089506149291992
Niblack_Thresholding_Torch,Otsu_Thresholding_Torch,0.642099609375,0.7638763527824198,0.505775079584857,0.6085916390472088,0.4373925413459964,0.6085916390471979,0.4373925413459852,0.642099609375,338004,223798,114206,0.6621164246576964,223552,52844,167050,170954,0.21469855308532715,0.0035736560821533203,0.21112489700317383
Niblack_Thresholding_Torch,Niblack_Thresholding_Torch,1.0,1.0,1.0,1.0,1.0,0.9999999999999852,0.9999999999999704,1.0,338004,338004,0,1.0,276396,0,0,338004,0.21469855308532715,0.21469855308532715,0.0
Niblack_Thresholding_Torch,Sauvola_Thresholding_Torch,0.7761637369791666,0.7108090658445129,0.9999556218269606,0.8309471507787924,0.7107866435057643,0.8309471507787822,0.7107866435057493,0.7761637369791666,338004,475499,137495,0.7108406116521802,138886,137510,15,337989,0.21469855308532715,0.21512508392333984,0.0004265308380126953
Niblack_Thresholding_Torch,Sobel_Torch,0.5263053385416666,0.5981189310246854,0.42351273949420715,0.49589493812961605,0.3296943482877194,0.49589493812960744,0.32969434828771177,0.5263053385416666,338004,239332,98672,0.7080744606572703,180213,96183,194855,143149,0.21469855308532715,0.0033740997314453125,0.21132445335388184
Niblack_Thresholding_Torch,Canny_Torch,0.5273860677083333,0.5944522444058412,0.4434385391888853,0.507959101368823,0.3404458294908894,0.5079591013688145,0.3404458294908817,0.5273860677083333,338004,252138,85866,0.7459615862534171,174142,102254,188120,149884,0.21469855308532715,0.0030739307403564453,0.2116246223449707
Sauvola_Thresholding_Torch,Global_Threshold_CV2,0.47447591145833334,0.9974705495035627,0.3217777534758222,0.4865859320837282,0.32151540176554516,0.4865859320837205,0.32151540176553844,0.47447591145833334,475499,153393,322106,0.3225937383674834,138513,388,322494,153005,0.21512508392333984,0.0004949569702148438,0.214630126953125
Sauvola_Thresholding_Torch,Adaptive_Threshold_CV2,0.7784733072916666,0.9800480340821331,0.7285945922073442,0.835818663012456,0.7179454234984002,0.8358186630124459,0.7179454234983853,0.7784733072916666,475499,353499,122000,0.7434274309725152,131848,7053,129053,346446,0.21512508392333984,0.0014367103576660156,0.21368837356567383
Sauvola_Thresholding_Torch,Otsu_Thresholding_CV2,0.5806526692708334,0.9915167048715774,0.462108227356945,0.6304074960802513,0.4602883662666351,0.6304074960802422,0.46028836626662545,0.5806526692708334,475499,221612,253887,0.46606196858458165,137021,1880,255767,219732,0.21512508392333984,0.0005745887756347656,0.21455049514770508
Sauvola_Thresholding_Torch,Niblack_Thresholding_CV2,0.7755192057291667,0.9999466846753985,0.7099825656836292,0.830379049406417,0.7099556903328378,0.8303790494064068,0.7099556903328228,0.7755192057291667,475499,337614,137885,0.71002042065283,138883,18,137903,337596,0.21512508392333984,0.0027801990509033203,0.21234488487243652
Sauvola_Thresholding_Torch,Sauvola_Thresholding_CV2,0.9969612630208333,0.9980210887586906,0.9980525721400045,0.9980368302010593,0.9960813533708337,0.9980368302010488,0.9960813533708127,0.9969612630208333,475499,475514,15,0.9999684551874393,137960,941,926,474573,0.21512508392333984,0.00296783447265625,0.2121572494506836
Sauvola_Thresholding_Torch,Sobel_CV2,0.4260660807291667,0.7591709835816615,0.37847187901551843,0.5051231420628137,0.33790284422480416,0.5051231420628066,0.3379028442247978,0.4260660807291667,475499,237052,238447,0.49853311994346994,81812,57089,295536,179963,0.21512508392333984,0.004855155944824219,0.21026992797851562
Sauvola_Thresholding_Torch,Canny_CV2,0.4196484375,0.8190157883725048,0.3210669212763854,0.4612978960631634,0.2997967539544611,0.46129789606315647,0.2997967539544552,0.4196484375,475499,186403,289096,0.3920155457740184,105165,33736,322832,152667,0.21512508392333984,0.0012183189392089844,0.21390676498413086
Sauvola_Thresholding_Torch,Global_Threshold_Sklearn,0.4345947265625,0.9775882379255327,0.2757524200892115,0.4301660857084273,0.27402012518155505,0.43016608570842024,0.27402012518154933,0.4345947265625,475499,134126,341373,0.28207419994574123,135895,3006,344379,131120,0.21512508392333984,0.04297637939453125,0.1721487045288086
Sauvola_Thresholding_Torch,Adaptive_Threshold_Sklearn,0.7324479166666666,0.8504123425698369,0.7939469904247959,0.8212101898358324,0.696655317814008,0.8212101898358234,0.6966553178139951,0.7324479166666666,475499,443927,31572,0.9336023840218381,72495,66406,97978,377521,0.21512508392333984,0.050629615783691406,0.16449546813964844
Sauvola_Thresholding_Torch,Otsu_Thresholding_Sklearn,0.5279215494791667,0.948424442896936,0.41244881692705976,0.5748904779981328,0.4034009099809941,0.5748904779981243,0.40340090998098577,0.5279215494791667,475499,206784,268715,0.4348778861785198,128236,10665,279380,196119,0.21512508392333984,0.04458212852478027,0.17054295539855957
Sauvola_Thresholding_Torch,Niblack_Thresholding_Sklearn,0.4095328776041667,0.957674191976612,0.2480089337727314,0.393987027240123,0.24531995315272587,0.3939870272401164,0.24531995315272076,0.4095328776041667,475499,123140,352359,0.25897005041020066,133689,5212,357571,117928,0.21512508392333984,0.0577998161315918,0.15732526779174805
Sauvola_Thresholding_Torch,Sauvola_Thresholding_Sklearn,0.8085139973958333,0.8039282632476542,0.9953312204652376,0.8894491391242493,0.8009080632496683,0.889449139124241,0.8009080632496548,0.8085139973958333,475499,588708,113209,0.8076992328964444,23472,115429,2220,473279,0.21512508392333984,0.05558204650878906,0.15954303741455078
Sauvola_Thresholding_Torch,Sobel_Sklearn,0.42999348958333333,0.7589483909637683,0.38612278890176427,0.5118411405408871,0.3439425416765796,0.51184114054088,0.3439425416765732,0.42999348958333333,475499,241915,233584,0.508760270789213,80587,58314,291898,183601,0.21512508392333984,0.009686946868896484,0.20543813705444336
Sauvola_Thresholding_Torch,Canny_Sklearn,0.3335888671875,0.8108283611586893,0.18119281007951646,0.2961958343432052,0.17384382566585957,0.29619583434320007,0.17384382566585604,0.3335888671875,475499,106258,369241,0.22346629540756133,118800,20101,389342,86157,0.21512508392333984,0.02982020378112793,0.18530488014221191
Sauvola_Thresholding_Torch,Global_Threshold_Torch,0.47447591145833334,0.9974705495035627,0.3217777534758222,0.4865859320837282,0.32151540176554516,0.4865859320837205,0.32151540176553844,0.47447591145833334,475499,153393,322106,0.3225937383674834,138513,388,322494,153005,0.21512508392333984,0.0059850215911865234,0.20914006233215332
Sauvola_Thresholding_Torch,Adaptive_Threshold_Torch,0.7951741536458333,0.9927146979911167,0.7407775831284609,0.8484384992346352,0.7367721990277859,0.848438499234625,0.7367721990277705,0.7951741536458333,475499,354824,120675,0.7462139773164612,136316,2585,123260,352239,0.21512508392333984,0.0038034915924072266,0.21132159233093262
Sauvola_Thresholding_Torch,Otsu_Thresholding_Torch,0.5840673828125,0.9914029615992994,0.46661296869183744,0.6345629968382532,0.46473253278539156,0.6345629968382442,0.46473253278538185,0.5840673828125,475499,223798,251701,0.47065924428863154,136977,1924,253625,221874,0.21512508392333984,0.0035736560821533203,0.21155142784118652
Sauvola_Thresholding_Torch,Niblack_Thresholding_Torch,0.7761637369791666,0.9999556218269606,0.7108090658445129,0.8309471507787924,0.7107866435057643,0.8309471507787822,0.7107866435057493,0.7761637369791666,475499,338004,137495,0.7108406116521802,138886,15,137510,337989,0.21512508392333984,0.21469855308532715,0.0004265308380126953
Sauvola_Thresholding_Torch,Sauvola_Thresholding_Torch,1.0,1.0,1.0,1.0,1.0,0.9999999999999895,0.9999999999999789,1.0,475499,475499,0,1.0,138901,0,0,475499,0.21512508392333984,0.21512508392333984,0.0
Sauvola_Thresholding_Torch,Sobel_Torch,0.4283251953125,0.7596017248006953,0.38232887976630864,0.5086433017034796,0.3410607953714022,0.5086433017034725,0.3410607953713958,0.4283251953125,475499,239332,236167,0.5033280827089016,81366,57535,293702,181797,0.21512508392333984,0.0033740997314453125,0.21175098419189453
Sauvola_Thresholding_Torch,Canny_Torch,0.43841634114583333,0.7587114992583427,0.4023142004504741,0.5258116340977713,0.35667872997760736,0.525811634097764,0.3566787299776007,0.43841634114583333,475499,252138,223361,0.5302597902414096,78063,60838,284199,191300,0.21512508392333984,0.0030739307403564453,0.2120511531829834
Sobel_Torch,Global_Threshold_CV2,0.4812841796875,0.24129523511503131,0.15465127939431417,0.18849322044687758,0.10405327905721483,0.18849322044687278,0.1040532790572119,0.4812841796875,239332,153393,85939,0.640921397890796,258688,116380,202319,37013,0.0033740997314453125,0.0004949569702148438,0.0028791427612304688
Sobel_Torch,Adaptive_Threshold_CV2,0.45472819010416665,0.36466298348793064,0.5386158140156769,0.4348895385025412,0.27786507674764993,0.43488953850253387,0.27786507674764394,0.45472819010416665,239332,353499,114167,0.6770372759187437,150477,224591,110424,128908,0.0033740997314453125,0.0014367103576660156,0.0019373893737792969
Sobel_Torch,Otsu_Thresholding_CV2,0.47755859375,0.31576809920040433,0.2923888155365768,0.30362907424763097,0.1789874311321189,0.30362907424762436,0.17898743113211432,0.47755859375,239332,221612,17720,0.9259605903096954,223434,151634,169354,69978,0.0033740997314453125,0.0005745887756347656,0.002799510955810547
Sobel_Torch,Niblack_Thresholding_CV2,0.526630859375,0.42372058030768867,0.5977219928801831,0.49590082954037296,0.32969955657168143,0.4959008295403643,0.3296995565716738,0.526630859375,239332,337614,98282,0.7088924037510292,180508,194560,96278,143054,0.0033740997314453125,0.0027801990509033203,0.0005939006805419922
Sobel_Torch,Sauvola_Thresholding_CV2,0.4283268229166667,0.3823336431734923,0.7596351511707586,0.5086550110093643,0.34107132471986207,0.5086550110093572,0.3410713247198557,0.4283268229166667,239332,475514,236182,0.503312205318876,81359,293709,57527,181805,0.0033740997314453125,0.00296783447265625,0.0004062652587890625
Sobel_Torch,Sobel_CV2,0.9933919270833333,0.9962455494996878,0.9867548008624003,0.9914774635588097,0.9830989667890535,0.9914774635587889,0.9830989667890125,0.9933919270833333,239332,237052,2280,0.9904734845319473,374178,890,3170,236162,0.0033740997314453125,0.004855155944824219,0.0014810562133789062
Sobel_Torch,Canny_CV2,0.7443115234375,0.7205892609024532,0.5612287533635285,0.6310028538879819,0.46092342535559255,0.6310028538879672,0.4609234253555767,0.7443115234375,239332,186403,52929,0.778846957364665,322985,52083,105012,134320,0.0033740997314453125,0.0012183189392089844,0.002155780792236328
Sobel_Torch,Global_Threshold_Sklearn,0.4657161458333333,0.16847591071082416,0.09441696054017014,0.12101494679455253,0.06440442226408749,0.12101494679454929,0.06440442226408565,0.4657161458333333,239332,134126,105206,0.5604181638894924,263539,111529,216735,22597,0.0033740997314453125,0.04297637939453125,0.03960227966308594
Sobel_Torch,Adaptive_Threshold_Sklearn,0.36660970052083336,0.331252660910465,0.6144268213193388,0.4304429213519324,0.27424483455083576,0.43044292135192613,0.27424483455083065,0.36660970052083336,239332,443927,204595,0.5391246759039211,78193,296875,92280,147052,0.0033740997314453125,0.050629615783691406,0.047255516052246094
Sobel_Torch,Otsu_Thresholding_Sklearn,0.461904296875,0.2793011064685856,0.24131750037604666,0.25892368800939664,0.14871472676195602,0.25892368800939086,0.1487147267619522,0.461904296875,239332,206784,32548,0.8640048133972891,226039,149029,181577,57755,0.0033740997314453125,0.04458212852478027,0.04120802879333496
Sobel_Torch,Niblack_Thresholding_Sklearn,0.5481184895833333,0.34446970927399706,0.17723497066836028,0.23404842305060805,0.13253388490692194,0.23404842305060158,0.1325338849069178,0.5481184895833333,239332,123140,116192,0.5145154012000067,294346,80722,196914,42418,0.0033740997314453125,0.0577998161315918,0.054425716400146484
Sobel_Torch,Sauvola_Thresholding_Sklearn,0.410595703125,0.3957055110513192,0.9733550047632578,0.5626660547799623,0.3914650848198157,0.5626660547799556,0.3914650848198091,0.410595703125,239332,588708,349376,0.4065377062992179,19315,355753,6377,232955,0.0033740997314453125,0.05558204650878906,0.05220794677734375
Sobel_Torch,Sobel_Sklearn,0.9892008463541667,0.9809478535849369,0.9915347717814584,0.9862129010674352,0.9728008001934894,0.9862129010674147,0.9728008001934495,0.9892008463541667,239332,241915,2583,0.9893226959882604,370459,4609,2026,237306,0.0033740997314453125,0.009686946868896484,0.006312847137451172
Sobel_Torch,Canny_Sklearn,0.7412174479166667,0.8780233017749252,0.38982250597496365,0.5399288173847623,0.3697962289877246,0.5399288173847466,0.3697962289877099,0.7412174479166667,239332,106258,133074,0.44397740377383715,362107,12961,146035,93297,0.0033740997314453125,0.02982020378112793,0.026446104049682617
Sobel_Torch,Global_Threshold_Torch,0.4812841796875,0.24129523511503131,0.15465127939431417,0.18849322044687758,0.10405327905721483,0.18849322044687278,0.1040532790572119,0.4812841796875,239332,153393,85939,0.640921397890796,258688,116380,202319,37013,0.0033740997314453125,0.0059850215911865234,0.002610921859741211
Sobel_Torch,Adaptive_Threshold_Torch,0.4711328125,0.37937118120533,0.5624404592783246,0.4531133237735544,0.29291953362666634,0.4531133237735468,0.29291953362665996,0.4711328125,239332,354824,115492,0.6745090523752622,154854,220214,104722,134610,0.0033740997314453125,0.0038034915924072266,0.00042939186096191406
Sobel_Torch,Otsu_Thresholding_Torch,0.4774251302083333,0.31738442702794484,0.2967843831999064,0.3067389285945631,0.18115276715123693,0.3067389285945564,0.1811527671512323,0.4774251302083333,239332,223798,15534,0.9350943459295038,222300,152768,168302,71030,0.0033740997314453125,0.0035736560821533203,0.0001995563507080078
Sobel_Torch,Niblack_Thresholding_Torch,0.5263053385416666,0.42351273949420715,0.5981189310246854,0.49589493812961605,0.3296943482877194,0.49589493812960744,0.32969434828771177,0.5263053385416666,239332,338004,98672,0.7080744606572703,180213,194855,96183,143149,0.0033740997314453125,0.21469855308532715,0.21132445335388184
Sobel_Torch,Sauvola_Thresholding_Torch,0.4283251953125,0.38232887976630864,0.7596017248006953,0.5086433017034796,0.3410607953714022,0.5086433017034725,0.3410607953713958,0.4283251953125,239332,475499,236167,0.5033280827089016,81366,293702,57535,181797,0.0033740997314453125,0.21512508392333984,0.21175098419189453
Sobel_Torch,Sobel_Torch,1.0,1.0,1.0,1.0,1.0,0.9999999999999791,0.9999999999999581,1.0,239332,239332,0,1.0,375068,0,0,239332,0.0033740997314453125,0.0033740997314453125,0.0
Sobel_Torch,Canny_Torch,0.9791569010416666,0.9492103530606255,1.0,0.9739434756953629,0.9492103530606255,0.973943475695343,0.9492103530605879,0.9791569010416666,239332,252138,12806,0.9492103530606255,362262,12806,0,239332,0.0033740997314453125,0.0030739307403564453,0.0003001689910888672
Canny_Torch,Global_Threshold_CV2,0.46599446614583334,0.25241699425658276,0.1535627315200406,0.19095457560581067,0.10555543439145938,0.19095457560580595,0.10555543439145651,0.46599446614583334,252138,153393,98745,0.6083692263760322,247588,114674,213419,38719,0.0030739307403564453,0.0004949569702148438,0.0025789737701416016
Canny_Torch,Adaptive_Threshold_CV2,0.4547802734375,0.3828214506971731,0.5367179877686029,0.4468914547823201,0.2877400012757543,0.44689145478231274,0.28774000127574817,0.4547802734375,252138,353499,101361,0.7132636867431025,144090,218172,116811,135327,0.0030739307403564453,0.0014367103576660156,0.0016372203826904297
Canny_Torch,Otsu_Thresholding_CV2,0.46728515625,0.33041983286103643,0.2904163592953065,0.3091292875989446,0.1828225454091505,0.30912928759893804,0.18282254540914591,0.46728515625,252138,221612,30526,0.8789313788480911,213875,148387,178913,73225,0.0030739307403564453,0.0005745887756347656,0.0024993419647216797
Canny_Torch,Niblack_Thresholding_CV2,0.5277180989583333,0.44367532152102696,0.5940833987736874,0.5079796253340387,0.3404642684237921,0.5079796253340301,0.34046426842378436,0.5277180989583333,252138,337614,85476,0.7468232952424959,174439,187823,102347,149791,0.0030739307403564453,0.0027801990509033203,0.000293731689453125
Canny_Torch,Sauvola_Thresholding_CV2,0.4384309895833333,0.402326745374479,0.7587590922431366,0.5258337776849373,0.35669910877428496,0.5258337776849301,0.3566991087742783,0.4384309895833333,252138,475514,223376,0.5302430632957179,78060,284202,60826,191312,0.0030739307403564453,0.00296783447265625,0.00010609626770019531
Canny_Torch,Sobel_CV2,0.9754459635416667,1.0,0.9401676859497576,0.9691612665835361,0.9401676859497576,0.9691612665835162,0.9401676859497203,0.9754459635416667,252138,237052,15086,0.9401676859497576,362262,0,15086,237052,0.0030739307403564453,0.004855155944824219,0.0017812252044677734
Canny_Torch,Canny_CV2,0.7387483723958334,0.74577125904626,0.5513409323465721,0.6339840516622163,0.46411174952508455,0.6339840516622018,0.46411174952506906,0.7387483723958334,252138,186403,65735,0.7392895953803076,314873,47389,113124,139014,0.0030739307403564453,0.0012183189392089844,0.001855611801147461
Canny_Torch,Global_Threshold_Sklearn,0.44924479166666664,0.17848888358707485,0.0949480046641125,0.12395667212062217,0.06607345911394222,0.12395667212061895,0.06607345911394039,0.44924479166666664,252138,134126,118012,0.5319547232071326,252076,110186,228198,23940,0.0030739307403564453,0.04297637939453125,0.039902448654174805
Canny_Torch,Adaptive_Threshold_Sklearn,0.37378092447916667,0.3506387311427329,0.6173524022559075,0.4472513342863095,0.28803845990151866,0.44725133428630304,0.28803845990151333,0.37378092447916667,252138,443927,191789,0.5679717611228873,73993,288269,96480,155658,0.0030739307403564453,0.050629615783691406,0.04755568504333496
Canny_Torch,Otsu_Thresholding_Sklearn,0.4508463541666667,0.29383801454658,0.24098311242256223,0.2647988111269453,0.1526040973375092,0.26479881112693954,0.15260409733750535,0.4508463541666667,252138,206784,45354,0.8201223139709207,216239,146023,191377,60761,0.0030739307403564453,0.04458212852478027,0.04150819778442383
Canny_Torch,Niblack_Thresholding_Sklearn,0.5343001302083333,0.36199447783011207,0.17679207418159898,0.23756255362691125,0.13479204843030887,0.2375625536269049,0.1347920484303048,0.5343001302083333,252138,123140,128998,0.48838334562818775,283698,78564,207562,44576,0.0030739307403564453,0.0577998161315918,0.05472588539123535
Canny_Torch,Sauvola_Thresholding_Sklearn,0.42994791666666665,0.41668025574648215,0.9728918290777273,0.5834671271552698,0.41189804934320445,0.5834671271552628,0.4118980493431975,0.42994791666666665,252138,588708,336570,0.42829042581381604,18857,343405,6835,245303,0.0030739307403564453,0.05558204650878906,0.05250811576843262
Canny_Torch,Sobel_Sklearn,0.9833577473958334,0.9999958663166815,0.9594507769554768,0.9793038398714308,0.9594469717100488,0.979303839871411,0.9594469717100107,0.9833577473958334,252138,241915,10223,0.959454743037543,362261,1,10224,241914,0.0030739307403564453,0.009686946868896484,0.006613016128540039
Canny_Torch,Canny_Sklearn,0.72615234375,0.894727926367897,0.377063354194925,0.5305416355093249,0.3610457079491425,0.5305416355093101,0.36104570794912877,0.72615234375,252138,106258,145880,0.4214279481871039,351076,11186,157066,95072,0.0030739307403564453,0.02982020378112793,0.026746273040771484
Canny_Torch,Global_Threshold_Torch,0.46599446614583334,0.25241699425658276,0.1535627315200406,0.19095457560581067,0.10555543439145938,0.19095457560580595,0.10555543439145651,0.46599446614583334,252138,153393,98745,0.6083692263760322,247588,114674,213419,38719,0.0030739307403564453,0.0059850215911865234,0.002911090850830078
Canny_Torch,Adaptive_Threshold_Torch,0.47123046875,0.39750129641737875,0.5593881128588313,0.4647506763191106,0.30272000068681465,0.46475067631910294,0.30272000068680815,0.47123046875,252138,354824,102686,0.7106001848803915,148481,213781,111095,141043,0.0030739307403564453,0.0038034915924072266,0.0007295608520507812
Canny_Torch,Otsu_Thresholding_Torch,0.46732747395833335,0.3321343354274837,0.2948028460604907,0.3123571236468769,0.18508484705120704,0.3123571236468703,0.18508484705120243,0.46732747395833335,252138,223798,28340,0.887601234244739,212795,149467,177807,74331,0.0030739307403564453,0.0035736560821533203,0.000499725341796875
Canny_Torch,Niblack_Thresholding_Torch,0.5273860677083333,0.4434385391888853,0.5944522444058412,0.507959101368823,0.3404458294908894,0.5079591013688145,0.3404458294908817,0.5273860677083333,252138,338004,85866,0.7459615862534171,174142,188120,102254,149884,0.0030739307403564453,0.21469855308532715,0.2116246223449707
Canny_Torch,Sauvola_Thresholding_Torch,0.43841634114583333,0.4023142004504741,0.7587114992583427,0.5258116340977713,0.35667872997760736,0.525811634097764,0.3566787299776007,0.43841634114583333,252138,475499,223361,0.5302597902414096,78063,284199,60838,191300,0.0030739307403564453,0.21512508392333984,0.2120511531829834
Canny_Torch,Sobel_Torch,0.9791569010416666,1.0,0.9492103530606255,0.9739434756953629,0.9492103530606255,0.973943475695343,0.9492103530605879,0.9791569010416666,252138,239332,12806,0.9492103530606255,362262,0,12806,239332,0.0030739307403564453,0.0033740997314453125,0.0003001689910888672
Canny_Torch,Canny_Torch,1.0,1.0,1.0,1.0,1.0,0.9999999999999801,0.9999999999999603,1.0,252138,252138,0,1.0,362262,0,0,252138,0.0030739307403564453,0.0030739307403564453,0.0
