method1,method2,accuracy,precision,recall,f1_score,jaccard,dice_coefficient,intersection_over_union,pixel_agreement,area1,area2,area_difference,area_ratio,true_negative,false_positive,false_negative,true_positive,time1,time2,time_diff
Global_Threshold_CV2,Global_Threshold_CV2,1.0,1.0,1.0,1.0,1.0,0.999999999999991,0.999999999999982,1.0,555926,555926,0,1.0,256618,0,0,555926,0.0005738735198974609,0.0005738735198974609,0.0
Global_Threshold_CV2,Adaptive_Threshold_CV2,0.7764773353812224,0.8226691861547692,0.8583120775067186,0.8401127526326261,0.7243055344728134,0.8401127526326186,0.7243055344728023,0.7764773353812224,555926,580012,24086,0.9584732729667662,153764,102854,78768,477158,0.0005738735198974609,0.0020492076873779297,0.0014753341674804688
Global_Threshold_CV2,Otsu_Thresholding_CV2,0.9595554209987398,0.9441854382469781,1.0,0.9712915441834867,0.9441854382469781,0.9712915441834782,0.9441854382469621,0.9595554209987398,555926,588789,32863,0.9441854382469781,223755,32863,0,555926,0.0005738735198974609,0.0007126331329345703,0.00013875961303710938
Global_Threshold_CV2,Niblack_Thresholding_CV2,0.6964742832388153,0.8167621841062804,0.7172861136194385,0.7637988629920778,0.6178596994666757,0.7637988629920704,0.6178596994666662,0.6964742832388153,555926,488218,67708,0.8782068116979598,167158,89460,157168,398758,0.0005738735198974609,0.003532886505126953,0.002959012985229492
Global_Threshold_CV2,Sauvola_Thresholding_CV2,0.8625206758034026,0.8356256497666884,0.9947313131603847,0.9082632696669628,0.8319434937303014,0.9082632696669554,0.8319434937302889,0.8625206758034026,555926,661776,105850,0.8400516186745969,147839,108779,2929,552997,0.0005738735198974609,0.0037543773651123047,0.0031805038452148438
Global_Threshold_CV2,Sobel_CV2,0.2599133093100189,0.38893208346169456,0.14307120012375749,0.20919036278301534,0.11681328849006448,0.2091903627830126,0.11681328849006276,0.2599133093100189,555926,204501,351425,0.3678565132769469,131654,124964,476389,79537,0.0005738735198974609,0.006189823150634766,0.005615949630737305
Global_Threshold_CV2,Canny_CV2,0.3195888468809074,0.5110533535484802,0.12732989642506376,0.20386615901249358,0.11350276597450493,0.20386615901249067,0.11350276597450311,0.3195888468809074,555926,138510,417416,0.24915186553606056,188894,67724,485140,70786,0.0005738735198974609,0.0012450218200683594,0.0006711483001708984
Global_Threshold_CV2,Global_Threshold_Sklearn,0.9577549031190926,0.9707241354414844,0.9674309170645014,0.9690747284151046,0.9400048239435389,0.9690747284150959,0.9400048239435225,0.9577549031190926,555926,554040,1886,0.9966074621442422,240398,16220,18106,537820,0.0005738735198974609,0.05437326431274414,0.05379939079284668
Global_Threshold_CV2,Adaptive_Threshold_Sklearn,0.8092275618304978,0.7893878258107825,0.9835931400941852,0.8758542424002159,0.7791287174986036,0.8758542424002089,0.7791287174985925,0.8092275618304978,555926,692695,136769,0.8025552371534369,110728,145890,9121,546805,0.0005738735198974609,0.06428813934326172,0.06371426582336426
Global_Threshold_CV2,Otsu_Thresholding_Sklearn,0.9313920230781348,0.9267382078972919,0.9769537672280124,0.9511836949145122,0.9069116205596959,0.9511836949145038,0.9069116205596807,0.9313920230781348,555926,586049,30123,0.9485998611037644,213683,42935,12812,543114,0.0005738735198974609,0.05965995788574219,0.05908608436584473
Global_Threshold_CV2,Niblack_Thresholding_Sklearn,0.5960907963137996,0.8816626556100047,0.4731511028446232,0.6158184550984,0.44489717217128333,0.6158184550983928,0.4448971721712758,0.5960907963137996,555926,298342,257584,0.5366577566078938,221313,35305,292889,263037,0.0005738735198974609,0.07916665077209473,0.07859277725219727
Global_Threshold_CV2,Sauvola_Thresholding_Sklearn,0.8115905107908002,0.7852417900978433,0.997402531991668,0.8786970456913525,0.7836392852751589,0.8786970456913457,0.7836392852751478,0.8115905107908002,555926,706129,150203,0.7872867422241545,104971,151647,1444,554482,0.0005738735198974609,0.07814764976501465,0.07757377624511719
Global_Threshold_CV2,Sobel_Sklearn,0.25981608380592314,0.3902475495870958,0.14552836168842614,0.21199940254547076,0.11856785889628994,0.21199940254546795,0.11856785889628821,0.25981608380592314,555926,207312,348614,0.3729129416505074,130209,126409,475023,80903,0.0005738735198974609,0.013311624526977539,0.012737751007080078
Global_Threshold_CV2,Canny_Sklearn,0.2967027016383113,0.4062794121196033,0.06056561484801934,0.1054164057608015,0.05564093665823872,0.10541640576079984,0.055640936658237806,0.2967027016383113,555926,82874,473052,0.1490737975917658,207414,49204,522256,33670,0.0005738735198974609,0.04290938377380371,0.04233551025390625
Global_Threshold_CV2,Global_Threshold_Torch,1.0,1.0,1.0,1.0,1.0,0.999999999999991,0.999999999999982,1.0,555926,555926,0,1.0,256618,0,0,555926,0.0005738735198974609,0.007273674011230469,0.006699800491333008
Global_Threshold_CV2,Adaptive_Threshold_Torch,0.7937563996534341,0.8368655535662239,0.8676982188276857,0.8520030309078417,0.7421648783459854,0.8520030309078341,0.742164878345974,0.7937563996534341,555926,576408,20482,0.9644661420382784,162586,94032,73550,482376,0.0005738735198974609,0.0051462650299072266,0.004572391510009766
Global_Threshold_CV2,Otsu_Thresholding_Torch,0.9581388823251418,0.942343289148049,1.0,0.9703159008121368,0.942343289148049,0.9703159008121284,0.942343289148033,0.9581388823251418,555926,589940,34014,0.942343289148049,222604,34014,0,555926,0.0005738735198974609,0.004928112030029297,0.004354238510131836
Global_Threshold_CV2,Niblack_Thresholding_Torch,0.6964287472432262,0.8166471104995116,0.7173598644423899,0.7637903478338312,0.6178485554577792,0.7637903478338238,0.6178485554577696,0.6964287472432262,555926,488337,67589,0.8784208689645744,167080,89538,157127,398799,0.0005738735198974609,0.2840580940246582,0.28348422050476074
Global_Threshold_CV2,Sauvola_Thresholding_Torch,0.8625785188248267,0.8356768846005637,0.9947457035648629,0.9082995324681298,0.8320043450394634,0.9082995324681222,0.8320043450394509,0.8625785188248267,555926,661745,105819,0.8400909715978209,147878,108740,2921,553005,0.0005738735198974609,0.28453922271728516,0.2839653491973877
Global_Threshold_CV2,Sobel_Torch,0.2626097786704474,0.39473735465399373,0.14582516378079097,0.21297310645765521,0.11917733707716507,0.2129731064576524,0.11917733707716333,0.2626097786704474,555926,205372,350554,0.3694232685645212,132314,124304,474858,81068,0.0005738735198974609,0.0044786930084228516,0.0039048194885253906
Global_Threshold_CV2,Canny_Torch,0.262593779536862,0.4070453715047177,0.17033382140788522,0.24016658191313037,0.13647120201536891,0.2401665819131273,0.13647120201536694,0.262593779536862,555926,232635,323291,0.4184639682259869,118676,137942,461233,94693,0.0005738735198974609,0.004233360290527344,0.003659486770629883
Adaptive_Threshold_CV2,Global_Threshold_CV2,0.7764773353812224,0.8583120775067186,0.8226691861547692,0.8401127526326261,0.7243055344728134,0.8401127526326186,0.7243055344728023,0.7764773353812224,580012,555926,24086,0.9584732729667662,153764,78768,102854,477158,0.0020492076873779297,0.0005738735198974609,0.0014753341674804688
Adaptive_Threshold_CV2,Adaptive_Threshold_CV2,1.0,1.0,1.0,1.0,1.0,0.9999999999999913,0.9999999999999828,1.0,580012,580012,0,1.0,232532,0,0,580012,0.0020492076873779297,0.0020492076873779297,0.0
Adaptive_Threshold_CV2,Otsu_Thresholding_CV2,0.7984195317422811,0.8534534442729059,0.8663682820355441,0.8598623717809961,0.7541741895881267,0.8598623717809887,0.7541741895881153,0.7984195317422811,580012,588789,8777,0.9850931318350037,146247,86285,77508,502504,0.0020492076873779297,0.0007126331329345703,0.0013365745544433594
Adaptive_Threshold_CV2,Niblack_Thresholding_CV2,0.794723731884058,0.9231880020810376,0.7770821982993456,0.8438575962105539,0.7298907067543517,0.843857596210546,0.7298907067543399,0.794723731884058,580012,488218,91794,0.8417377571498521,195031,37501,129295,450717,0.0020492076873779297,0.003532886505126953,0.0014836788177490234
Adaptive_Threshold_CV2,Sauvola_Thresholding_CV2,0.8509422258979206,0.8467155049442712,0.96607656393316,0.9024664435475298,0.8222677459307479,0.9024664435475226,0.8222677459307358,0.8509422258979206,580012,661776,81764,0.8764476197384009,131092,101440,19676,560336,0.0020492076873779297,0.0037543773651123047,0.001705169677734375
Adaptive_Threshold_CV2,Sobel_CV2,0.2948677240863264,0.5172639742592946,0.18237726116011393,0.2696730328241852,0.15585091022671688,0.26967303282418176,0.15585091022671457,0.2948677240863264,580012,204501,375511,0.35258063626269803,133812,98720,474231,105781,0.0020492076873779297,0.006189823150634766,0.004140615463256836
Adaptive_Threshold_CV2,Canny_CV2,0.31521246849401385,0.5851635260991986,0.13974021227147024,0.22560478315208163,0.127144607362531,0.2256047831520785,0.127144607362529,0.31521246849401385,580012,138510,441502,0.2388054040261236,175073,57459,498961,81051,0.0020492076873779297,0.0012450218200683594,0.0008041858673095703
Adaptive_Threshold_CV2,Global_Threshold_Sklearn,0.7417395242596093,0.8340589127138834,0.7967111025289132,0.8149573388169149,0.6877029540888459,0.8149573388169077,0.6877029540888356,0.7417395242596093,580012,554040,25972,0.9552216161044944,140594,91938,117910,462102,0.0020492076873779297,0.05437326431274414,0.05232405662536621
Adaptive_Threshold_CV2,Adaptive_Threshold_Sklearn,0.7952689331285444,0.7985866795631555,0.9537337158541548,0.8692919894366888,0.7688032465637291,0.8692919894366821,0.7688032465637185,0.7952689331285444,580012,692695,112683,0.8373266733555172,93014,139518,26835,553177,0.0020492076873779297,0.06428813934326172,0.06223893165588379
Adaptive_Threshold_CV2,Otsu_Thresholding_Sklearn,0.762869456915564,0.8304612754223623,0.8391050529989035,0.8347607886722908,0.7163857691684944,0.8347607886722835,0.7163857691684837,0.762869456915564,580012,586049,6037,0.9896988135804344,133174,99358,93321,486691,0.0020492076873779297,0.05965995788574219,0.05761075019836426
Adaptive_Threshold_CV2,Niblack_Thresholding_Sklearn,0.5638956167296786,0.8781867789315617,0.4517147921077495,0.5965704032770387,0.42508039211232507,0.5965704032770318,0.42508039211231813,0.5638956167296786,580012,298342,281670,0.5143721164389702,196190,36342,318012,262000,0.0020492076873779297,0.07916665077209473,0.0771174430847168
Adaptive_Threshold_CV2,Sauvola_Thresholding_Sklearn,0.787515506852552,0.7884451707832422,0.959883588615408,0.8657588864673469,0.763293515054216,0.8657588864673401,0.7632935150542055,0.787515506852552,580012,706129,126117,0.8213966569847719,83147,149385,23268,556744,0.0020492076873779297,0.07814764976501465,0.07609844207763672
Adaptive_Threshold_CV2,Sobel_Sklearn,0.2947581915563957,0.5168152350081038,0.18472376433591028,0.27216749394150314,0.1575196050468845,0.27216749394149964,0.1575196050468822,0.2947581915563957,580012,207312,372700,0.3574270877154266,132362,100170,472870,107142,0.0020492076873779297,0.013311624526977539,0.01126241683959961
Adaptive_Threshold_CV2,Canny_Sklearn,0.3011135396975425,0.5732195863600165,0.08190347785907878,0.14332781202197664,0.07719607852696135,0.14332781202197448,0.07719607852696009,0.3011135396975425,580012,82874,497138,0.142883250691365,197163,35369,532507,47505,0.0020492076873779297,0.04290938377380371,0.04086017608642578
Adaptive_Threshold_CV2,Global_Threshold_Torch,0.7764773353812224,0.8583120775067186,0.8226691861547692,0.8401127526326261,0.7243055344728134,0.8401127526326186,0.7243055344728023,0.7764773353812224,580012,555926,24086,0.9584732729667662,153764,78768,102854,477158,0.0020492076873779297,0.007273674011230469,0.005224466323852539
Adaptive_Threshold_CV2,Adaptive_Threshold_Torch,0.9350435176433523,0.9573427155764667,0.9513941090873982,0.9543591428719669,0.9127026132980482,0.9543591428719587,0.9127026132980331,0.9350435176433523,580012,576408,3604,0.9937863354551285,207944,24588,28192,551820,0.0020492076873779297,0.0051462650299072266,0.003097057342529297
Adaptive_Threshold_CV2,Otsu_Thresholding_Torch,0.7992157963137996,0.8533122012408042,0.8679182499672421,0.8605532534668089,0.7552377994716067,0.8605532534668016,0.7552377994715954,0.7992157963137996,580012,589940,9928,0.9831711699494864,145995,86537,76609,503403,0.0020492076873779297,0.004928112030029297,0.002878904342651367
Adaptive_Threshold_CV2,Niblack_Thresholding_Torch,0.7947717292848141,0.9231248093017732,0.7772184023778819,0.8439114933415953,0.7299713546853468,0.8439114933415874,0.729971354685335,0.7947717292848141,580012,488337,91675,0.8419429253187866,194991,37541,129216,450796,0.0020492076873779297,0.2840580940246582,0.2820088863372803
Adaptive_Threshold_CV2,Sauvola_Thresholding_Torch,0.8508696144454947,0.8466871680178921,0.9659989793314621,0.9024164953368493,0.8221848191986101,0.9024164953368421,0.822184819198598,0.8508696144454947,580012,661745,81733,0.876488677662846,131078,101454,19721,560291,0.0020492076873779297,0.28453922271728516,0.2824900150299072
Adaptive_Threshold_CV2,Sobel_Torch,0.29715067737870193,0.5217069512883937,0.1847272125404302,0.27284487588237094,0.1579735786742156,0.27284487588236744,0.15797357867421327,0.29715067737870193,580012,205372,374640,0.3540823293311173,134304,98228,472868,107144,0.0020492076873779297,0.0044786930084228516,0.002429485321044922
Adaptive_Threshold_CV2,Canny_Torch,0.2980749350189036,0.5207771831409719,0.20887671289559526,0.29816390142337323,0.17520130268287887,0.29816390142336957,0.17520130268287631,0.2980749350189036,580012,232635,347377,0.40108652924422256,121048,111484,458861,121151,0.0020492076873779297,0.004233360290527344,0.002184152603149414
Otsu_Thresholding_CV2,Global_Threshold_CV2,0.9595554209987398,1.0,0.9441854382469781,0.9712915441834867,0.9441854382469781,0.9712915441834782,0.9441854382469621,0.9595554209987398,588789,555926,32863,0.9441854382469781,223755,0,32863,555926,0.0007126331329345703,0.0005738735198974609,0.00013875961303710938
Otsu_Thresholding_CV2,Adaptive_Threshold_CV2,0.7984195317422811,0.8663682820355441,0.8534534442729059,0.8598623717809961,0.7541741895881267,0.8598623717809887,0.7541741895881153,0.7984195317422811,588789,580012,8777,0.9850931318350037,146247,77508,86285,502504,0.0007126331329345703,0.0020492076873779297,0.0013365745544433594
Otsu_Thresholding_CV2,Otsu_Thresholding_CV2,1.0,1.0,1.0,1.0,1.0,0.9999999999999915,0.999999999999983,1.0,588789,588789,0,1.0,223755,0,0,588789,0.0007126331329345703,0.0007126331329345703,0.0
Otsu_Thresholding_CV2,Niblack_Thresholding_CV2,0.7046498405009451,0.8572215690531688,0.7107996243136335,0.7771741502144368,0.6355558727767519,0.7771741502144296,0.6355558727767422,0.7046498405009451,588789,488218,100571,0.8291900833745196,154048,69707,170278,418511,0.0007126331329345703,0.003532886505126953,0.002820253372192383
Otsu_Thresholding_CV2,Sauvola_Thresholding_CV2,0.8959797869407687,0.880995986557385,0.9902053197325358,0.9324137489854586,0.8733849355022822,0.9324137489854512,0.8733849355022691,0.8959797869407687,588789,661776,72987,0.889710415608907,145001,78754,5767,583022,0.0007126331329345703,0.0037543773651123047,0.0030417442321777344
Otsu_Thresholding_CV2,Sobel_CV2,0.24484335617517328,0.43934259490173644,0.15259456273809463,0.2265148936706627,0.12772303125764098,0.22651489367065983,0.12772303125763915,0.24484335617517328,588789,204501,384288,0.34732476320039946,109100,114655,498943,89846,0.0007126331329345703,0.006189823150634766,0.005477190017700195
Otsu_Thresholding_CV2,Canny_CV2,0.2961796530403277,0.5610208649195004,0.13197766941977518,0.21368653057408302,0.11962431803347331,0.21368653057408007,0.11962431803347147,0.2961796530403277,588789,138510,450279,0.2352455633512175,162952,60803,511082,77707,0.0007126331329345703,0.0012450218200683594,0.0005323886871337891
Otsu_Thresholding_CV2,Global_Threshold_Sklearn,0.9363197562224322,0.9846635621976753,0.9265509376024348,0.9547237600725917,0.9133698094380247,0.9547237600725834,0.9133698094380094,0.9363197562224322,588789,554040,34749,0.94098225340487,215258,8497,43246,545543,0.0007126331329345703,0.05437326431274414,0.05366063117980957
Otsu_Thresholding_CV2,Adaptive_Threshold_Sklearn,0.8430977276307499,0.8329741083738154,0.9799724519309974,0.9005137793370811,0.8190314370598748,0.900513779337074,0.8190314370598631,0.8430977276307499,588789,692695,103906,0.8499974736355828,108057,115698,11792,576997,0.0007126331329345703,0.06428813934326172,0.06357550621032715
Otsu_Thresholding_CV2,Otsu_Thresholding_Sklearn,0.9599775519848771,0.9745925681982224,0.970057185171598,0.9723195878921179,0.9461303109765289,0.9723195878921096,0.9461303109765132,0.9599775519848771,588789,586049,2740,0.9953463804520805,208865,14890,17630,571159,0.0007126331329345703,0.05965995788574219,0.05894732475280762
Otsu_Thresholding_CV2,Niblack_Thresholding_Sklearn,0.5799870530088217,0.9148091787277688,0.4635378718012735,0.6153003333216853,0.4443565259156145,0.6153003333216783,0.44435652591560726,0.5799870530088217,588789,298342,290447,0.5067044391114643,198339,25416,315863,272926,0.0007126331329345703,0.07916665077209473,0.07845401763916016
Otsu_Thresholding_CV2,Sauvola_Thresholding_Sklearn,0.8510062224322621,0.8311894852073771,0.9968375767889686,0.9065083657806904,0.8290034760328874,0.9065083657806834,0.8290034760328757,0.8510062224322621,588789,706129,117340,0.8338263971597257,104553,119202,1862,586927,0.0007126331329345703,0.07814764976501465,0.07743501663208008
Otsu_Thresholding_CV2,Sobel_Sklearn,0.24493319746376813,0.44034112834761135,0.15504365740528442,0.22933773478490793,0.1295208800064698,0.22933773478490507,0.12952088000646797,0.24493319746376813,588789,207312,381477,0.35209896924025413,107731,116024,497501,91288,0.0007126331329345703,0.013311624526977539,0.012598991394042969
Otsu_Thresholding_CV2,Canny_Sklearn,0.27062780600189035,0.47672370104013323,0.0671004383573742,0.1176423295611043,0.06249733055975196,0.11764232956110256,0.06249733055975097,0.27062780600189035,588789,82874,505915,0.1407533089103227,180389,43366,549281,39508,0.0007126331329345703,0.04290938377380371,0.04219675064086914
Otsu_Thresholding_CV2,Global_Threshold_Torch,0.9595554209987398,1.0,0.9441854382469781,0.9712915441834867,0.9441854382469781,0.9712915441834782,0.9441854382469621,0.9595554209987398,588789,555926,32863,0.9441854382469781,223755,0,32863,555926,0.0007126331329345703,0.007273674011230469,0.0065610408782958984
Otsu_Thresholding_CV2,Adaptive_Threshold_Torch,0.8159767347983616,0.8810339204174821,0.8625076215758107,0.8716723438182556,0.7725347677535361,0.8716723438182481,0.7725347677535244,0.8159767347983616,588789,576408,12381,0.9789720935683242,155182,68573,80954,507835,0.0007126331329345703,0.0051462650299072266,0.004433631896972656
Otsu_Thresholding_CV2,Otsu_Thresholding_Torch,0.998583461326402,0.9980489541309285,1.0,0.9990235244912105,0.9980489541309285,0.9990235244912019,0.9980489541309117,0.998583461326402,588789,589940,1151,0.9980489541309285,222604,1151,0,588789,0.0007126331329345703,0.004928112030029297,0.0042154788970947266
Otsu_Thresholding_CV2,Niblack_Thresholding_Torch,0.7047569116257089,0.8572235976385161,0.7109745596470043,0.7772795383269924,0.6356968437932794,0.7772795383269852,0.6356968437932697,0.7047569116257089,588789,488337,100452,0.829392193128608,154032,69723,170175,418614,0.0007126331329345703,0.2840580940246582,0.28334546089172363
Otsu_Thresholding_CV2,Sauvola_Thresholding_Torch,0.8960376299621928,0.8810493468027715,0.9902189069428946,0.9324496575063133,0.8734479493755842,0.9324496575063058,0.8734479493755711,0.8960376299621928,588789,661745,72956,0.8897520948401575,145040,78715,5759,583030,0.0007126331329345703,0.28453922271728516,0.2838265895843506
Otsu_Thresholding_CV2,Sobel_Torch,0.24805672062066791,0.44595660557427497,0.1555514793924479,0.23065096372146202,0.13035922194672733,0.2306509637214591,0.13035922194672547,0.24805672062066791,588789,205372,383417,0.3488040707282235,109970,113785,497202,91587,0.0007126331329345703,0.0044786930084228516,0.0037660598754882812
Otsu_Thresholding_CV2,Canny_Torch,0.24979570337114052,0.4553270144217336,0.17990315715816702,0.2579057831278365,0.14804353325441405,0.2579057831278334,0.14804353325441197,0.24979570337114052,588789,232635,356154,0.395107585230023,97045,126710,482864,105925,0.0007126331329345703,0.004233360290527344,0.0035207271575927734
Niblack_Thresholding_CV2,Global_Threshold_CV2,0.6964742832388153,0.7172861136194385,0.8167621841062804,0.7637988629920778,0.6178596994666757,0.7637988629920704,0.6178596994666662,0.6964742832388153,488218,555926,67708,0.8782068116979598,167158,157168,89460,398758,0.003532886505126953,0.0005738735198974609,0.002959012985229492
Niblack_Thresholding_CV2,Adaptive_Threshold_CV2,0.794723731884058,0.7770821982993456,0.9231880020810376,0.8438575962105539,0.7298907067543517,0.843857596210546,0.7298907067543399,0.794723731884058,488218,580012,91794,0.8417377571498521,195031,129295,37501,450717,0.003532886505126953,0.0020492076873779297,0.0014836788177490234
Niblack_Thresholding_CV2,Otsu_Thresholding_CV2,0.7046498405009451,0.7107996243136335,0.8572215690531688,0.7771741502144368,0.6355558727767519,0.7771741502144296,0.6355558727767422,0.7046498405009451,488218,588789,100571,0.8291900833745196,154048,170278,69707,418511,0.003532886505126953,0.0007126331329345703,0.002820253372192383
Niblack_Thresholding_CV2,Niblack_Thresholding_CV2,1.0,1.0,1.0,1.0,1.0,0.9999999999999898,0.9999999999999795,1.0,488218,488218,0,1.0,324326,0,0,488218,0.003532886505126953,0.003532886505126953,0.0
Niblack_Thresholding_CV2,Sauvola_Thresholding_CV2,0.77856706836799,0.7329292691182515,0.9934803714733992,0.8435435315314689,0.7294209116652305,0.8435435315314616,0.7294209116652195,0.77856706836799,488218,661776,173558,0.737739053697928,147585,176741,3183,485035,0.003532886505126953,0.0037543773651123047,0.00022149085998535156
Niblack_Thresholding_CV2,Sobel_CV2,0.4314806336641462,0.5642319597459181,0.236341142686259,0.3331394115074078,0.199860392529095,0.33313941150740295,0.19986039252909152,0.4314806336641462,488218,204501,283717,0.41887230704316514,235211,89115,372832,115386,0.003532886505126953,0.006189823150634766,0.0026569366455078125
Niblack_Thresholding_CV2,Canny_CV2,0.43787413358538124,0.6135874666089091,0.17407797336435774,0.2712117537432507,0.1568796839812456,0.27121175374324635,0.15687968398124272,0.43787413358538124,488218,138510,349708,0.28370523004067855,270804,53522,403230,84988,0.003532886505126953,0.0012450218200683594,0.0022878646850585938
Niblack_Thresholding_CV2,Global_Threshold_Sklearn,0.6612663437303088,0.692208143816331,0.785532282709773,0.7359233510320861,0.582182537453681,0.7359233510320791,0.5821825374536722,0.6612663437303088,488218,554040,65822,0.8811963035159917,153797,170529,104707,383511,0.003532886505126953,0.05437326431274414,0.05084037780761719
Niblack_Thresholding_CV2,Adaptive_Threshold_Sklearn,0.6804714575456837,0.6649983037267484,0.9435149871573765,0.7801438378610448,0.6395375635870894,0.7801438378610381,0.6395375635870805,0.6804714575456837,488218,692695,204477,0.7048094760320198,92272,232054,27577,460641,0.003532886505126953,0.06428813934326172,0.060755252838134766
Niblack_Thresholding_CV2,Otsu_Thresholding_Sklearn,0.6696141993541272,0.6874971205479405,0.825260436935959,0.75010588615307,0.6001355457578647,0.750105886153063,0.6001355457578557,0.6696141993541272,488218,586049,97831,0.8330668595970644,141184,183142,85311,402907,0.003532886505126953,0.05965995788574219,0.056127071380615234
Niblack_Thresholding_CV2,Niblack_Thresholding_Sklearn,0.7127589398235665,0.9270635713375924,0.5665133198694026,0.703269934906428,0.542341042162603,0.7032699349064191,0.5423410421625925,0.7127589398235665,488218,298342,189876,0.6110835733217538,302566,21760,211636,276582,0.003532886505126953,0.07916665077209473,0.07563376426696777
Niblack_Thresholding_CV2,Sauvola_Thresholding_Sklearn,0.7082557990705735,0.6778449829988572,0.9803940043177433,0.801519156493046,0.6687792807331553,0.8015191564930393,0.668779280733146,0.7082557990705735,488218,706129,217911,0.6914005797807483,96843,227483,9572,478646,0.003532886505126953,0.07814764976501465,0.0746147632598877
Niblack_Thresholding_CV2,Sobel_Sklearn,0.43136863972904854,0.563141545110751,0.23912678352703096,0.33570370796371113,0.20170910045889312,0.3357037079637063,0.20170910045888965,0.43136863972904854,488218,207312,280906,0.4246299808692019,233760,90566,371472,116746,0.003532886505126953,0.013311624526977539,0.009778738021850586
Niblack_Thresholding_CV2,Canny_Sklearn,0.42672889098928796,0.6352052513454159,0.10782478319111545,0.18435558543982405,0.10153727456842511,0.18435558543982083,0.10153727456842315,0.42672889098928796,488218,82874,405344,0.16974794046921662,294094,30232,435576,52642,0.003532886505126953,0.04290938377380371,0.03937649726867676
Niblack_Thresholding_CV2,Global_Threshold_Torch,0.6964742832388153,0.7172861136194385,0.8167621841062804,0.7637988629920778,0.6178596994666757,0.7637988629920704,0.6178596994666662,0.6964742832388153,488218,555926,67708,0.8782068116979598,167158,157168,89460,398758,0.003532886505126953,0.007273674011230469,0.0037407875061035156
Niblack_Thresholding_CV2,Adaptive_Threshold_Torch,0.8375152607120353,0.8089755867371723,0.9551061206264415,0.8759883752604201,0.7793410281351638,0.8759883752604118,0.7793410281351507,0.8375152607120353,488218,576408,88190,0.8470007355900682,214218,110108,21918,466300,0.003532886505126953,0.0051462650299072266,0.0016133785247802734
Niblack_Thresholding_CV2,Otsu_Thresholding_Torch,0.704747066005041,0.7104553005390378,0.8584812522274885,0.7774853036382423,0.63597215309727,0.7774853036382351,0.6359721530972603,0.704747066005041,488218,589940,101722,0.8275722954876767,153512,170814,69092,419126,0.003532886505126953,0.004928112030029297,0.0013952255249023438
Niblack_Thresholding_CV2,Niblack_Thresholding_Torch,0.9840168655482041,0.9865809881290993,0.9868214609047598,0.9867012098652918,0.9737514931149966,0.9867012098652816,0.9737514931149769,0.9840168655482041,488218,488337,119,0.9997563158228846,317773,6553,6434,481784,0.003532886505126953,0.2840580940246582,0.28052520751953125
Niblack_Thresholding_CV2,Sauvola_Thresholding_Torch,0.778494456915564,0.7328956017801419,0.9933881995338149,0.843488007875036,0.7293378828914858,0.8434880078750286,0.7293378828914748,0.778494456915564,488218,661745,173527,0.7377736137031636,147571,176755,3228,484990,0.003532886505126953,0.28453922271728516,0.2810063362121582
Niblack_Thresholding_CV2,Sobel_Torch,0.4320726016068053,0.5651305922910621,0.2377257700453486,0.3346703383843481,0.20096341649236055,0.3346703383843433,0.20096341649235705,0.4320726016068053,488218,205372,282846,0.42065634614045366,235016,89310,372156,116062,0.003532886505126953,0.0044786930084228516,0.0009458065032958984
Niblack_Thresholding_CV2,Canny_Torch,0.43262764847195967,0.5584671266146538,0.26610858264136106,0.3604590672439457,0.219853655399757,0.3604590672439407,0.21985365539975327,0.43262764847195967,488218,232635,255583,0.4764982036713108,221610,102716,358299,129919,0.003532886505126953,0.004233360290527344,0.0007004737854003906
Sauvola_Thresholding_CV2,Global_Threshold_CV2,0.8625206758034026,0.9947313131603847,0.8356256497666884,0.9082632696669628,0.8319434937303014,0.9082632696669554,0.8319434937302889,0.8625206758034026,661776,555926,105850,0.8400516186745969,147839,2929,108779,552997,0.0037543773651123047,0.0005738735198974609,0.0031805038452148438
Sauvola_Thresholding_CV2,Adaptive_Threshold_CV2,0.8509422258979206,0.96607656393316,0.8467155049442712,0.9024664435475298,0.8222677459307479,0.9024664435475226,0.8222677459307358,0.8509422258979206,661776,580012,81764,0.8764476197384009,131092,19676,101440,560336,0.0037543773651123047,0.0020492076873779297,0.001705169677734375
Sauvola_Thresholding_CV2,Otsu_Thresholding_CV2,0.8959797869407687,0.9902053197325358,0.880995986557385,0.9324137489854586,0.8733849355022822,0.9324137489854512,0.8733849355022691,0.8959797869407687,661776,588789,72987,0.889710415608907,145001,5767,78754,583022,0.0037543773651123047,0.0007126331329345703,0.0030417442321777344
Sauvola_Thresholding_CV2,Niblack_Thresholding_CV2,0.77856706836799,0.9934803714733992,0.7329292691182515,0.8435435315314689,0.7294209116652305,0.8435435315314616,0.7294209116652195,0.77856706836799,661776,488218,173558,0.737739053697928,147585,3183,176741,485035,0.0037543773651123047,0.003532886505126953,0.00022149085998535156
Sauvola_Thresholding_CV2,Sauvola_Thresholding_CV2,1.0,1.0,1.0,1.0,1.0,0.9999999999999925,0.9999999999999849,1.0,661776,661776,0,1.0,150768,0,0,661776,0.0037543773651123047,0.0037543773651123047,0.0
Sauvola_Thresholding_CV2,Sobel_CV2,0.24208289028040328,0.6123099642544535,0.18921508184038102,0.2890945967629292,0.16897170130853278,0.2890945967629258,0.1689717013085305,0.24208289028040328,661776,204501,457275,0.3090184594182926,71485,79283,536558,125218,0.0037543773651123047,0.006189823150634766,0.002435445785522461
Sauvola_Thresholding_CV2,Canny_CV2,0.2762533475110271,0.7660457728683849,0.16033370808249317,0.2651677025463397,0.15284918486677107,0.26516770254633637,0.15284918486676885,0.2762533475110271,661776,138510,523266,0.20930042793936318,118363,32405,555671,106105,0.0037543773651123047,0.0012450218200683594,0.0025093555450439453
Sauvola_Thresholding_CV2,Global_Threshold_Sklearn,0.8357135121298047,0.9767579958125767,0.817743466067068,0.8902054258210124,0.8021353199348406,0.890205425821005,0.8021353199348287,0.8357135121298047,661776,554040,107736,0.8372017117574527,137891,12877,120613,541163,0.0037543773651123047,0.05437326431274414,0.050618886947631836
Sauvola_Thresholding_CV2,Adaptive_Threshold_Sklearn,0.8918347806395716,0.9142421989475887,0.9569567346050627,0.9351119366896744,0.8781316730913226,0.9351119366896675,0.8781316730913103,0.8918347806395716,661776,692695,30919,0.9553641934762053,91364,59404,28485,633291,0.0037543773651123047,0.06428813934326172,0.060533761978149414
Sauvola_Thresholding_CV2,Otsu_Thresholding_Sklearn,0.8643359621140516,0.9705604821439845,0.859499286767728,0.9116598882054775,0.8376608362823974,0.9116598882054702,0.837660836282385,0.8643359621140516,661776,586049,75727,0.8855700418268417,133515,17253,92980,568796,0.0037543773651123047,0.05965995788574219,0.05590558052062988
Sauvola_Thresholding_CV2,Niblack_Thresholding_Sklearn,0.5394194037492124,0.9818865597200528,0.44265431203307465,0.6102124947141914,0.43906891693396083,0.610212494714185,0.4390689169339543,0.5394194037492124,661776,298342,363434,0.45082021711273906,145364,5404,368838,292938,0.0037543773651123047,0.07916665077209473,0.07541227340698242
Sauvola_Thresholding_CV2,Sauvola_Thresholding_Sklearn,0.9239265812066793,0.9248253506087415,0.9868082251396243,0.9548119204184501,0.9135311998589932,0.9548119204184431,0.9135311998589803,0.9239265812066793,661776,706129,44353,0.9371885307075619,97685,53083,8730,653046,0.0037543773651123047,0.07814764976501465,0.07439327239990234
Sauvola_Thresholding_CV2,Sobel_Sklearn,0.24305883742911152,0.6126996990043991,0.1919380575904838,0.29230641776206784,0.1711702970617248,0.29230641776206445,0.1711702970617225,0.24305883742911152,661776,207312,454464,0.31326612025821426,70476,80292,534756,127020,0.0037543773651123047,0.013311624526977539,0.009557247161865234
Sauvola_Thresholding_CV2,Canny_Sklearn,0.23625305214240705,0.7485580519825277,0.09374168903072944,0.16661787416907273,0.0908800581294846,0.16661787416907048,0.09088005812948327,0.23625305214240705,661776,82874,578902,0.12522968496893208,129930,20838,599740,62036,0.0037543773651123047,0.04290938377380371,0.039155006408691406
Sauvola_Thresholding_CV2,Global_Threshold_Torch,0.8625206758034026,0.9947313131603847,0.8356256497666884,0.9082632696669628,0.8319434937303014,0.9082632696669554,0.8319434937302889,0.8625206758034026,661776,555926,105850,0.8400516186745969,147839,2929,108779,552997,0.0037543773651123047,0.007273674011230469,0.003519296646118164
Sauvola_Thresholding_CV2,Adaptive_Threshold_Torch,0.8760657884373031,0.986698657895102,0.8594161770750224,0.9186695999948311,0.8495734513618037,0.9186695999948237,0.8495734513617911,0.8760657884373031,661776,576408,85368,0.8710016682381954,143101,7667,93035,568741,0.0037543773651123047,0.0051462650299072266,0.0013918876647949219
Sauvola_Thresholding_CV2,Otsu_Thresholding_Torch,0.8970566517013232,0.9899905075092382,0.8825267159884915,0.9331749374458743,0.8747216110687589,0.9331749374458669,0.8747216110687458,0.8970566517013232,661776,589940,71836,0.8914496748144387,144863,5905,77741,584035,0.0037543773651123047,0.004928112030029297,0.0011737346649169922
Sauvola_Thresholding_CV2,Niblack_Thresholding_Torch,0.7785978359325771,0.9933857151925821,0.7330380672614298,0.8435814567785948,0.7294776287732743,0.8435814567785874,0.7294776287732633,0.7785978359325771,661776,488337,173439,0.7379188728512367,147538,3230,176669,485107,0.0037543773651123047,0.2840580940246582,0.2803037166595459
Sauvola_Thresholding_CV2,Sauvola_Thresholding_Torch,0.9989625177221172,0.9993864706193474,0.9993396557143203,0.9993630626185758,0.9987269360991389,0.9993630626185682,0.9987269360991238,0.9989625177221172,661776,661745,31,0.9999531563550205,150362,406,437,661339,0.0037543773651123047,0.28453922271728516,0.28078484535217285
Sauvola_Thresholding_CV2,Sobel_Torch,0.24483104914933837,0.6172701244570827,0.19156028626000338,0.2923837683993966,0.1712233480735516,0.2923837683993933,0.1712233480735493,0.24483104914933837,661776,205372,456404,0.31033461473368634,72166,78602,535006,126770,0.0037543773651123047,0.0044786930084228516,0.0007243156433105469
Sauvola_Thresholding_CV2,Canny_Torch,0.25684639847195967,0.6245104992799879,0.21953500882473828,0.32486854477415866,0.19393614976345833,0.324868544774155,0.19393614976345572,0.25684639847195967,661776,232635,429141,0.3515313338652354,63416,87352,516493,145283,0.0037543773651123047,0.004233360290527344,0.00047898292541503906
Sobel_CV2,Global_Threshold_CV2,0.2599133093100189,0.14307120012375749,0.38893208346169456,0.20919036278301534,0.11681328849006448,0.2091903627830126,0.11681328849006276,0.2599133093100189,204501,555926,351425,0.3678565132769469,131654,476389,124964,79537,0.006189823150634766,0.0005738735198974609,0.005615949630737305
Sobel_CV2,Adaptive_Threshold_CV2,0.2948677240863264,0.18237726116011393,0.5172639742592946,0.2696730328241852,0.15585091022671688,0.26967303282418176,0.15585091022671457,0.2948677240863264,204501,580012,375511,0.35258063626269803,133812,474231,98720,105781,0.006189823150634766,0.0020492076873779297,0.004140615463256836
Sobel_CV2,Otsu_Thresholding_CV2,0.24484335617517328,0.15259456273809463,0.43934259490173644,0.2265148936706627,0.12772303125764098,0.22651489367065983,0.12772303125763915,0.24484335617517328,204501,588789,384288,0.34732476320039946,109100,498943,114655,89846,0.006189823150634766,0.0007126331329345703,0.005477190017700195
Sobel_CV2,Niblack_Thresholding_CV2,0.4314806336641462,0.236341142686259,0.5642319597459181,0.3331394115074078,0.199860392529095,0.33313941150740295,0.19986039252909152,0.4314806336641462,204501,488218,283717,0.41887230704316514,235211,372832,89115,115386,0.006189823150634766,0.003532886505126953,0.0026569366455078125
Sobel_CV2,Sauvola_Thresholding_CV2,0.24208289028040328,0.18921508184038102,0.6123099642544535,0.2890945967629292,0.16897170130853278,0.2890945967629258,0.1689717013085305,0.24208289028040328,204501,661776,457275,0.3090184594182926,71485,536558,79283,125218,0.006189823150634766,0.0037543773651123047,0.002435445785522461
Sobel_CV2,Sobel_CV2,1.0,1.0,1.0,1.0,1.0,0.9999999999999756,0.999999999999951,1.0,204501,204501,0,1.0,608043,0,0,204501,0.006189823150634766,0.006189823150634766,0.0
Sobel_CV2,Canny_CV2,0.7876213472747322,0.6152768753158616,0.4167314585258752,0.49690534705884065,0.33058819422085506,0.49690534705882616,0.3305881942208422,0.7876213472747322,204501,138510,65991,0.6773072014317778,554755,53288,119279,85222,0.006189823150634766,0.0012450218200683594,0.004944801330566406
Sobel_CV2,Global_Threshold_Sklearn,0.2504147467706364,0.13489098260053425,0.365450535694202,0.1970493355006519,0.10929269412669676,0.19704933550064932,0.10929269412669515,0.2504147467706364,204501,554040,349539,0.3691087286116526,128738,479305,129766,74735,0.006189823150634766,0.05437326431274414,0.048183441162109375
Sobel_CV2,Adaptive_Threshold_Sklearn,0.2231534538437303,0.19198492843170514,0.6502999985330145,0.2964502739646632,0.1740191492117994,0.29645027396465995,0.17401914921179712,0.2231534538437303,204501,692695,488194,0.29522517125141656,48335,559708,71514,132987,0.006189823150634766,0.06428813934326172,0.05809831619262695
Sobel_CV2,Otsu_Thresholding_Sklearn,0.23933965422180214,0.1471549307310481,0.4217094292937443,0.21817721839225857,0.12244608198094589,0.2181772183922558,0.12244608198094414,0.23933965422180214,204501,586049,381548,0.3489486374006269,108234,499809,118261,86240,0.006189823150634766,0.05965995788574219,0.05347013473510742
Sobel_CV2,Niblack_Thresholding_Sklearn,0.5495296254725898,0.22929389760744381,0.3345118116781825,0.27208492511579163,0.15746429270201526,0.2720849251157862,0.15746429270201162,0.5495296254725898,204501,298342,93841,0.6854582995354325,378109,229934,136093,68408,0.006189823150634766,0.07916665077209473,0.07297682762145996
Sobel_CV2,Sauvola_Thresholding_Sklearn,0.26653325850661624,0.22280348208330206,0.7693263113627806,0.3455366065251529,0.20885116460596148,0.3455366065251491,0.2088511646059587,0.26653325850661624,204501,706129,501628,0.289608555943744,59242,548801,47173,157328,0.006189823150634766,0.07814764976501465,0.07195782661437988
Sobel_CV2,Sobel_Sklearn,0.9957356155482041,0.9848633943042371,0.9984009858142503,0.991585986843543,0.983312383511768,0.991585986843519,0.9833123835117206,0.9957356155482041,204501,207312,2811,0.9864407270201435,604905,3138,327,204174,0.006189823150634766,0.013311624526977539,0.0071218013763427734
Sobel_CV2,Canny_Sklearn,0.8218964142249527,0.8606921350483867,0.3487953604138855,0.4964175728577642,0.330156540736695,0.49641757285774696,0.33015654073667966,0.8218964142249527,204501,82874,121627,0.4052498520789629,596498,11545,133172,71329,0.006189823150634766,0.04290938377380371,0.036719560623168945
Sobel_CV2,Global_Threshold_Torch,0.2599133093100189,0.14307120012375749,0.38893208346169456,0.20919036278301534,0.11681328849006448,0.2091903627830126,0.11681328849006276,0.2599133093100189,204501,555926,351425,0.3678565132769469,131654,476389,124964,79537,0.006189823150634766,0.007273674011230469,0.0010838508605957031
Sobel_CV2,Adaptive_Threshold_Torch,0.2986410582073094,0.18305089450528098,0.5159485772685708,0.2702286694096239,0.15622219228098436,0.2702286694096204,0.15622219228098205,0.2986410582073094,204501,576408,371907,0.35478515218386975,137147,470896,98989,105512,0.006189823150634766,0.0051462650299072266,0.001043558120727539
Sobel_CV2,Otsu_Thresholding_Torch,0.2444507620510397,0.1530020002034105,0.4413768147833018,0.22723399220332283,0.12818047683898554,0.22723399220331997,0.12818047683898373,0.2444507620510397,204501,589940,385439,0.3466471166559311,108365,499678,114239,90262,0.006189823150634766,0.004928112030029297,0.0012617111206054688
Sobel_CV2,Niblack_Thresholding_Torch,0.43139325378071836,0.23633269647804692,0.5643493185852392,0.3331514726386255,0.1998690745859224,0.33315147263862066,0.19986907458591893,0.43139325378071836,204501,488337,283836,0.4187702344897069,235116,372927,89091,115410,0.006189823150634766,0.2840580940246582,0.27786827087402344
Sobel_CV2,Sauvola_Thresholding_Torch,0.24211611925015752,0.1892209234674988,0.6123001843511767,0.2891003248499849,0.16897561502233377,0.28910032484998155,0.1689756150223315,0.24211611925015752,204501,661745,457244,0.3090329356474171,71514,536529,79285,125216,0.006189823150634766,0.28453922271728516,0.2783493995666504
Sobel_CV2,Sobel_Torch,0.9935523491650914,0.985124554467016,0.9893203456217818,0.9872179919145686,0.9747586193605581,0.9872179919145445,0.9747586193605111,0.9935523491650914,204501,205372,871,0.995758915528894,604988,3055,2184,202317,0.006189823150634766,0.0044786930084228516,0.001711130142211914
Sobel_CV2,Canny_Torch,0.965375413516068,0.8790637694242053,1.0,0.9356401669045789,0.8790637694242053,0.9356401669045574,0.8790637694241674,0.965375413516068,204501,232635,28134,0.8790637694242053,579909,28134,0,204501,0.006189823150634766,0.004233360290527344,0.001956462860107422
Canny_CV2,Global_Threshold_CV2,0.3195888468809074,0.12732989642506376,0.5110533535484802,0.20386615901249358,0.11350276597450493,0.20386615901249067,0.11350276597450311,0.3195888468809074,138510,555926,417416,0.24915186553606056,188894,485140,67724,70786,0.0012450218200683594,0.0005738735198974609,0.0006711483001708984
Canny_CV2,Adaptive_Threshold_CV2,0.31521246849401385,0.13974021227147024,0.5851635260991986,0.22560478315208163,0.127144607362531,0.2256047831520785,0.127144607362529,0.31521246849401385,138510,580012,441502,0.2388054040261236,175073,498961,57459,81051,0.0012450218200683594,0.0020492076873779297,0.0008041858673095703
Canny_CV2,Otsu_Thresholding_CV2,0.2961796530403277,0.13197766941977518,0.5610208649195004,0.21368653057408302,0.11962431803347331,0.21368653057408007,0.11962431803347147,0.2961796530403277,138510,588789,450279,0.2352455633512175,162952,511082,60803,77707,0.0012450218200683594,0.0007126331329345703,0.0005323886871337891
Canny_CV2,Niblack_Thresholding_CV2,0.43787413358538124,0.17407797336435774,0.6135874666089091,0.2712117537432507,0.1568796839812456,0.27121175374324635,0.15687968398124272,0.43787413358538124,138510,488218,349708,0.28370523004067855,270804,403230,53522,84988,0.0012450218200683594,0.003532886505126953,0.0022878646850585938
Canny_CV2,Sauvola_Thresholding_CV2,0.2762533475110271,0.16033370808249317,0.7660457728683849,0.2651677025463397,0.15284918486677107,0.26516770254633637,0.15284918486676885,0.2762533475110271,138510,661776,523266,0.20930042793936318,118363,555671,32405,106105,0.0012450218200683594,0.0037543773651123047,0.0025093555450439453
Canny_CV2,Sobel_CV2,0.7876213472747322,0.4167314585258752,0.6152768753158616,0.49690534705884065,0.33058819422085506,0.49690534705882616,0.3305881942208422,0.7876213472747322,138510,204501,65991,0.6773072014317778,554755,119279,53288,85222,0.0012450218200683594,0.006189823150634766,0.004944801330566406
Canny_CV2,Canny_CV2,1.0,1.0,1.0,1.0,1.0,0.9999999999999638,0.9999999999999277,1.0,138510,138510,0,1.0,674034,0,0,138510,0.0012450218200683594,0.0012450218200683594,0.0
Canny_CV2,Global_Threshold_Sklearn,0.32147674464398235,0.12744567179265034,0.5097826871706014,0.20391307486824056,0.11353185194713317,0.20391307486823762,0.11353185194713133,0.32147674464398235,138510,554040,415530,0.25,190604,483430,67900,70610,0.0012450218200683594,0.05437326431274414,0.05312824249267578
Canny_CV2,Adaptive_Threshold_Sklearn,0.2460679052457467,0.1577909469535654,0.7891199191394123,0.26299408689793735,0.15140655821272633,0.2629940868979342,0.15140655821272425,0.2460679052457467,138510,692695,554185,0.19995813453251432,90640,583394,29209,109301,0.0012450218200683594,0.06428813934326172,0.06304311752319336
Canny_CV2,Otsu_Thresholding_Sklearn,0.29689099913358535,0.13075015911638788,0.5532163742690058,0.2115107258346111,0.11826222773033632,0.2115107258346082,0.11826222773033448,0.29689099913358535,138510,586049,447539,0.2363454250412508,164611,509423,61884,76626,0.0012450218200683594,0.05965995788574219,0.05841493606567383
Canny_CV2,Niblack_Thresholding_Sklearn,0.580554406899811,0.1609461624578504,0.34666811060573244,0.21983188814518417,0.12348939781655457,0.21983188814517915,0.1234893978165514,0.580554406899811,138510,298342,159832,0.4642658425565291,423709,250325,90493,48017,0.0012450218200683594,0.07916665077209473,0.07792162895202637
Canny_CV2,Sauvola_Thresholding_Sklearn,0.2537327209357278,0.16871138276433909,0.8600967439174066,0.2820897448495748,0.16420516962620624,0.28208974484957144,0.16420516962620396,0.2537327209357278,138510,706129,567619,0.19615396053695572,87037,586997,19378,119132,0.0012450218200683594,0.07814764976501465,0.07690262794494629
Canny_CV2,Sobel_Sklearn,0.7867069352551985,0.41606853438295904,0.6227420402859,0.4988462272498569,0.3323085458033795,0.4988462272498424,0.33230854580336666,0.7867069352551985,138510,207312,68802,0.6681234081963418,552978,121056,52254,86256,0.0012450218200683594,0.013311624526977539,0.01206660270690918
Canny_CV2,Canny_Sklearn,0.8905634648708255,0.7991770639766392,0.4781676413255361,0.5983359231019405,0.4268754068564578,0.5983359231019134,0.4268754068564303,0.8905634648708255,138510,82874,55636,0.5983250306837051,657391,16643,72279,66231,0.0012450218200683594,0.04290938377380371,0.04166436195373535
Canny_CV2,Global_Threshold_Torch,0.3195888468809074,0.12732989642506376,0.5110533535484802,0.20386615901249358,0.11350276597450493,0.20386615901249067,0.11350276597450311,0.3195888468809074,138510,555926,417416,0.24915186553606056,188894,485140,67724,70786,0.0012450218200683594,0.007273674011230469,0.006028652191162109
Canny_CV2,Adaptive_Threshold_Torch,0.31754341918714557,0.13913061581379857,0.5789906865930258,0.2243502051983584,0.1263482280431433,0.22435020519835527,0.1263482280431413,0.31754341918714557,138510,576408,437898,0.24029853853520422,177822,496212,58314,80196,0.0012450218200683594,0.0051462650299072266,0.003901243209838867
Canny_CV2,Otsu_Thresholding_Torch,0.29550645872715814,0.13223209139912534,0.5632012129088152,0.2141780492827236,0.11993247658127332,0.21417804928272063,0.11993247658127147,0.29550645872715814,138510,589940,451430,0.23478658846662373,162103,511931,60501,78009,0.0012450218200683594,0.004928112030029297,0.0036830902099609375
Canny_CV2,Niblack_Thresholding_Torch,0.43784582742596095,0.17413384609398838,0.6139340119846942,0.2713134145971824,0.1569477179311605,0.27131341459717806,0.1569477179311576,0.43784582742596095,138510,488337,349827,0.28363609556515273,270733,403301,53474,85036,0.0012450218200683594,0.2840580940246582,0.28281307220458984
Canny_CV2,Sauvola_Thresholding_Torch,0.2763062677221172,0.1603502859862938,0.766089091040358,0.26519296974089507,0.15286597593582887,0.2651929697408918,0.15286597593582668,0.2763062677221172,138510,661745,523235,0.20931023279359875,118400,555634,32399,106111,0.0012450218200683594,0.28453922271728516,0.2832942008972168
Canny_CV2,Sobel_Torch,0.7852473219911783,0.41238825156301734,0.6114576564868962,0.4925701257989659,0.32676155238069515,0.4925701257989516,0.32676155238068255,0.7852473219911783,138510,205372,66862,0.6744346843776172,553355,120679,53817,84693,0.0012450218200683594,0.0044786930084228516,0.003233671188354492
Canny_CV2,Canny_Torch,0.7766262503938248,0.4075998882369377,0.6845859504728901,0.5109701060232523,0.34315637858593023,0.5109701060232386,0.3431563785859178,0.7766262503938248,138510,232635,94125,0.5953962215487781,536221,137813,43688,94822,0.0012450218200683594,0.004233360290527344,0.0029883384704589844
Global_Threshold_Sklearn,Global_Threshold_CV2,0.9577549031190926,0.9674309170645014,0.9707241354414844,0.9690747284151046,0.9400048239435389,0.9690747284150959,0.9400048239435225,0.9577549031190926,554040,555926,1886,0.9966074621442422,240398,18106,16220,537820,0.05437326431274414,0.0005738735198974609,0.05379939079284668
Global_Threshold_Sklearn,Adaptive_Threshold_CV2,0.7417395242596093,0.7967111025289132,0.8340589127138834,0.8149573388169149,0.6877029540888459,0.8149573388169077,0.6877029540888356,0.7417395242596093,554040,580012,25972,0.9552216161044944,140594,117910,91938,462102,0.05437326431274414,0.0020492076873779297,0.05232405662536621
Global_Threshold_Sklearn,Otsu_Thresholding_CV2,0.9363197562224322,0.9265509376024348,0.9846635621976753,0.9547237600725917,0.9133698094380247,0.9547237600725834,0.9133698094380094,0.9363197562224322,554040,588789,34749,0.94098225340487,215258,43246,8497,545543,0.05437326431274414,0.0007126331329345703,0.05366063117980957
Global_Threshold_Sklearn,Niblack_Thresholding_CV2,0.6612663437303088,0.785532282709773,0.692208143816331,0.7359233510320861,0.582182537453681,0.7359233510320791,0.5821825374536722,0.6612663437303088,554040,488218,65822,0.8811963035159917,153797,104707,170529,383511,0.05437326431274414,0.003532886505126953,0.05084037780761719
Global_Threshold_Sklearn,Sauvola_Thresholding_CV2,0.8357135121298047,0.817743466067068,0.9767579958125767,0.8902054258210124,0.8021353199348406,0.890205425821005,0.8021353199348287,0.8357135121298047,554040,661776,107736,0.8372017117574527,137891,120613,12877,541163,0.05437326431274414,0.0037543773651123047,0.050618886947631836
Global_Threshold_Sklearn,Sobel_CV2,0.2504147467706364,0.365450535694202,0.13489098260053425,0.1970493355006519,0.10929269412669676,0.19704933550064932,0.10929269412669515,0.2504147467706364,554040,204501,349539,0.3691087286116526,128738,129766,479305,74735,0.05437326431274414,0.006189823150634766,0.048183441162109375
Global_Threshold_Sklearn,Canny_CV2,0.32147674464398235,0.5097826871706014,0.12744567179265034,0.20391307486824056,0.11353185194713317,0.20391307486823762,0.11353185194713133,0.32147674464398235,554040,138510,415530,0.25,190604,67900,483430,70610,0.05437326431274414,0.0012450218200683594,0.05312824249267578
Global_Threshold_Sklearn,Global_Threshold_Sklearn,1.0,1.0,1.0,1.0,1.0,0.999999999999991,0.9999999999999819,1.0,554040,554040,0,1.0,258504,0,0,554040,0.05437326431274414,0.05437326431274414,0.0
Global_Threshold_Sklearn,Adaptive_Threshold_Sklearn,0.8183027626811594,0.7933491652170147,0.9918940870695256,0.8815810898065748,0.7882387196530051,0.8815810898065677,0.7882387196529937,0.8183027626811594,554040,692695,138655,0.7998325381300573,115358,143146,4491,549549,0.05437326431274414,0.06428813934326172,0.009914875030517578
Global_Threshold_Sklearn,Otsu_Thresholding_Sklearn,0.960606441005041,0.9453817001650032,1.0,0.9719241217133049,0.9453817001650032,0.9719241217132963,0.9453817001649871,0.960606441005041,554040,586049,32009,0.9453817001650032,226495,32009,0,554040,0.05437326431274414,0.05965995788574219,0.005286693572998047
Global_Threshold_Sklearn,Niblack_Thresholding_Sklearn,0.5939272211720227,0.8755555704527019,0.4714731788318533,0.6129059506183847,0.44186329751153225,0.6129059506183775,0.4418632975115248,0.5939272211720227,554040,298342,255698,0.5384845859504729,221377,37127,292825,261215,0.05437326431274414,0.07916665077209473,0.024793386459350586
Global_Threshold_Sklearn,Sauvola_Thresholding_Sklearn,0.8126489150126024,0.7845152939477065,0.9998718504079128,0.8791979488465436,0.7844364202775418,0.8791979488465366,0.7844364202775307,0.8126489150126024,554040,706129,152089,0.7846158421478229,106344,152160,71,553969,0.05437326431274414,0.07814764976501465,0.023774385452270508
Global_Threshold_Sklearn,Sobel_Sklearn,0.2503519809388784,0.36715192560006177,0.13738177748898997,0.1999469365024325,0.11107835683128611,0.1999469365024299,0.11107835683128449,0.2503519809388784,554040,207312,346728,0.3741823695040069,127307,131197,477925,76115,0.05437326431274414,0.013311624526977539,0.0410616397857666
Global_Threshold_Sklearn,Canny_Sklearn,0.2990164224952741,0.40624321258778384,0.060766370659158186,0.1057191394756592,0.055809643479370806,0.10571913947565753,0.055809643479369876,0.2990164224952741,554040,82874,471166,0.14958125767092628,209297,49207,520373,33667,0.05437326431274414,0.04290938377380371,0.01146388053894043
Global_Threshold_Sklearn,Global_Threshold_Torch,0.9577549031190926,0.9674309170645014,0.9707241354414844,0.9690747284151046,0.9400048239435389,0.9690747284150959,0.9400048239435225,0.9577549031190926,554040,555926,1886,0.9966074621442422,240398,18106,16220,537820,0.05437326431274414,0.007273674011230469,0.04709959030151367
Global_Threshold_Sklearn,Adaptive_Threshold_Torch,0.759299188720857,0.8109429431930161,0.84368276658725,0.826988945975401,0.7050137704482862,0.8269889459753936,0.7050137704482755,0.759299188720857,554040,576408,22368,0.9611941541408169,149530,108974,86606,467434,0.05437326431274414,0.0051462650299072266,0.049226999282836914
Global_Threshold_Sklearn,Otsu_Thresholding_Torch,0.9351985861688721,0.924946604739465,0.984880153057541,0.9539729715554468,0.9119964834694652,0.9539729715554385,0.91199648346945,0.9351985861688721,554040,589940,35900,0.9391463538664949,214227,44277,8377,545663,0.05437326431274414,0.004928112030029297,0.049445152282714844
Global_Threshold_Sklearn,Niblack_Thresholding_Torch,0.6613118797258979,0.7855005866850147,0.6923489278752437,0.735988994384949,0.5822647042751234,0.7359889943849419,0.5822647042751146,0.6613118797258979,554040,488337,65703,0.8814110894520252,153756,104748,170451,383589,0.05437326431274414,0.2840580940246582,0.22968482971191406
Global_Threshold_Sklearn,Sauvola_Thresholding_Torch,0.8357738165563957,0.8177953743511474,0.9767742401270666,0.8902429294653249,0.8021962221303177,0.8902429294653176,0.8021962221303057,0.8357738165563957,554040,661745,107705,0.837240931174395,137931,120573,12868,541172,0.05437326431274414,0.28453922271728516,0.23016595840454102
Global_Threshold_Sklearn,Sobel_Torch,0.2531776740705734,0.37148686286348676,0.13770305393112411,0.20092650629697714,0.1116833231106147,0.20092650629697448,0.11168332311061306,0.2531776740705734,554040,205372,348668,0.37068081726951124,129425,129079,477747,76293,0.05437326431274414,0.0044786930084228516,0.04989457130432129
Global_Threshold_Sklearn,Canny_Torch,0.25353580852236923,0.3871730393105079,0.16256948956754025,0.22898909969174056,0.12929852642458783,0.22898909969173764,0.12929852642458597,0.25353580852236923,554040,232635,321405,0.41988845570716915,115939,142565,463970,90070,0.05437326431274414,0.004233360290527344,0.0501399040222168
Adaptive_Threshold_Sklearn,Global_Threshold_CV2,0.8092275618304978,0.9835931400941852,0.7893878258107825,0.8758542424002159,0.7791287174986036,0.8758542424002089,0.7791287174985925,0.8092275618304978,692695,555926,136769,0.8025552371534369,110728,9121,145890,546805,0.06428813934326172,0.0005738735198974609,0.06371426582336426
Adaptive_Threshold_Sklearn,Adaptive_Threshold_CV2,0.7952689331285444,0.9537337158541548,0.7985866795631555,0.8692919894366888,0.7688032465637291,0.8692919894366821,0.7688032465637185,0.7952689331285444,692695,580012,112683,0.8373266733555172,93014,26835,139518,553177,0.06428813934326172,0.0020492076873779297,0.06223893165588379
Adaptive_Threshold_Sklearn,Otsu_Thresholding_CV2,0.8430977276307499,0.9799724519309974,0.8329741083738154,0.9005137793370811,0.8190314370598748,0.900513779337074,0.8190314370598631,0.8430977276307499,692695,588789,103906,0.8499974736355828,108057,11792,115698,576997,0.06428813934326172,0.0007126331329345703,0.06357550621032715
Adaptive_Threshold_Sklearn,Niblack_Thresholding_CV2,0.6804714575456837,0.9435149871573765,0.6649983037267484,0.7801438378610448,0.6395375635870894,0.7801438378610381,0.6395375635870805,0.6804714575456837,692695,488218,204477,0.7048094760320198,92272,27577,232054,460641,0.06428813934326172,0.003532886505126953,0.060755252838134766
Adaptive_Threshold_Sklearn,Sauvola_Thresholding_CV2,0.8918347806395716,0.9569567346050627,0.9142421989475887,0.9351119366896744,0.8781316730913226,0.9351119366896675,0.8781316730913103,0.8918347806395716,692695,661776,30919,0.9553641934762053,91364,28485,59404,633291,0.06428813934326172,0.0037543773651123047,0.060533761978149414
Adaptive_Threshold_Sklearn,Sobel_CV2,0.2231534538437303,0.6502999985330145,0.19198492843170514,0.2964502739646632,0.1740191492117994,0.29645027396465995,0.17401914921179712,0.2231534538437303,692695,204501,488194,0.29522517125141656,48335,71514,559708,132987,0.06428813934326172,0.006189823150634766,0.05809831619262695
Adaptive_Threshold_Sklearn,Canny_CV2,0.2460679052457467,0.7891199191394123,0.1577909469535654,0.26299408689793735,0.15140655821272633,0.2629940868979342,0.15140655821272425,0.2460679052457467,692695,138510,554185,0.19995813453251432,90640,29209,583394,109301,0.06428813934326172,0.0012450218200683594,0.06304311752319336
Adaptive_Threshold_Sklearn,Global_Threshold_Sklearn,0.8183027626811594,0.9918940870695256,0.7933491652170147,0.8815810898065748,0.7882387196530051,0.8815810898065677,0.7882387196529937,0.8183027626811594,692695,554040,138655,0.7998325381300573,115358,4491,143146,549549,0.06428813934326172,0.05437326431274414,0.009914875030517578
Adaptive_Threshold_Sklearn,Adaptive_Threshold_Sklearn,1.0,1.0,1.0,1.0,1.0,0.9999999999999928,0.9999999999999856,1.0,692695,692695,0,1.0,119849,0,0,692695,0.06428813934326172,0.06428813934326172,0.0
Adaptive_Threshold_Sklearn,Otsu_Thresholding_Sklearn,0.8510160680529301,0.9877058061697913,0.8356405055616108,0.9053321071301215,0.827038148306901,0.9053321071301144,0.8270381483068892,0.8510160680529301,692695,586049,106646,0.84604190877659,112644,7205,113851,578844,0.06428813934326172,0.05965995788574219,0.004628181457519531
Adaptive_Threshold_Sklearn,Niblack_Thresholding_Sklearn,0.5078260377284184,0.9906818349411078,0.42668418279329284,0.5964701620625668,0.4249786117401776,0.5964701620625608,0.4249786117401715,0.5078260377284184,692695,298342,394353,0.4306974931246797,117069,2780,397133,295562,0.06428813934326172,0.07916665077209473,0.014878511428833008
Adaptive_Threshold_Sklearn,Sauvola_Thresholding_Sklearn,0.9151110586011342,0.941646639636667,0.9599087621536174,0.9506900081782983,0.9060144433846573,0.9506900081782915,0.906014443384645,0.9151110586011342,692695,706129,13434,0.9809751476005093,78644,41205,27771,664924,0.06428813934326172,0.07814764976501465,0.01385951042175293
Adaptive_Threshold_Sklearn,Sobel_Sklearn,0.2245158416036547,0.6509319286871961,0.194813012942204,0.2998776676181408,0.17638593523915086,0.2998776676181374,0.17638593523914856,0.2245158416036547,692695,207312,485383,0.2992832343239088,47483,72366,557749,134946,0.06428813934326172,0.013311624526977539,0.05097651481628418
Adaptive_Threshold_Sklearn,Canny_Sklearn,0.19643859286389415,0.7399184303883003,0.08852380918008647,0.15812906395175672,0.08585241281401865,0.15812906395175466,0.08585241281401744,0.19643859286389415,692695,82874,609821,0.11963995697962307,98295,21554,631375,61320,0.06428813934326172,0.04290938377380371,0.021378755569458008
Adaptive_Threshold_Sklearn,Global_Threshold_Torch,0.8092275618304978,0.9835931400941852,0.7893878258107825,0.8758542424002159,0.7791287174986036,0.8758542424002089,0.7791287174985925,0.8092275618304978,692695,555926,136769,0.8025552371534369,110728,9121,145890,546805,0.06428813934326172,0.007273674011230469,0.05701446533203125
Adaptive_Threshold_Sklearn,Adaptive_Threshold_Torch,0.7985844458884688,0.9589075793535135,0.7979298248146731,0.8710435638399721,0.7715475424390094,0.8710435638399652,0.7715475424389986,0.7985844458884688,692695,576408,116287,0.8321238062928129,96163,23686,139973,552722,0.06428813934326172,0.0051462650299072266,0.05914187431335449
Adaptive_Threshold_Sklearn,Otsu_Thresholding_Torch,0.8442361275204789,0.9798199816930535,0.834472603382441,0.9013242270794107,0.820373261424922,0.9013242270794037,0.8203732614249103,0.8442361275204789,692695,589940,102755,0.8516590996037217,107944,11905,114660,578035,0.06428813934326172,0.004928112030029297,0.05936002731323242
Adaptive_Threshold_Sklearn,Niblack_Thresholding_Torch,0.6806179111531191,0.9435287516612503,0.6651700965071208,0.7802667497578389,0.6397027789501744,0.7802667497578323,0.6397027789501655,0.6806179111531191,692695,488337,204358,0.7049812688123922,92272,27577,231935,460760,0.06428813934326172,0.2840580940246582,0.21976995468139648
Adaptive_Threshold_Sklearn,Sauvola_Thresholding_Torch,0.8918089358853182,0.9569622739877143,0.9142046643905326,0.9350949469891616,0.8781017090165355,0.9350949469891546,0.8781017090165233,0.8918089358853182,692695,661745,30950,0.9553194407350999,91369,28480,59430,633265,0.06428813934326172,0.28453922271728516,0.22025108337402344
Adaptive_Threshold_Sklearn,Sobel_Torch,0.22550778788594833,0.6543199657207409,0.19399447087101826,0.2992627498839173,0.17596060171169378,0.299262749883914,0.17596060171169148,0.22550778788594833,692695,205372,487323,0.2964825789127971,48856,70993,558316,134379,0.06428813934326172,0.0044786930084228516,0.05980944633483887
Adaptive_Threshold_Sklearn,Canny_Torch,0.2422810333963453,0.6655275431469899,0.22351106908523954,0.33463737261301374,0.20093964348057441,0.33463737261301013,0.2009396434805718,0.2422810333963453,692695,232635,460060,0.33584044925977524,42039,77810,537870,154825,0.06428813934326172,0.004233360290527344,0.060054779052734375
Otsu_Thresholding_Sklearn,Global_Threshold_CV2,0.9313920230781348,0.9769537672280124,0.9267382078972919,0.9511836949145122,0.9069116205596959,0.9511836949145038,0.9069116205596807,0.9313920230781348,586049,555926,30123,0.9485998611037644,213683,12812,42935,543114,0.05965995788574219,0.0005738735198974609,0.05908608436584473
Otsu_Thresholding_Sklearn,Adaptive_Threshold_CV2,0.762869456915564,0.8391050529989035,0.8304612754223623,0.8347607886722908,0.7163857691684944,0.8347607886722835,0.7163857691684837,0.762869456915564,586049,580012,6037,0.9896988135804344,133174,93321,99358,486691,0.05965995788574219,0.0020492076873779297,0.05761075019836426
Otsu_Thresholding_Sklearn,Otsu_Thresholding_CV2,0.9599775519848771,0.970057185171598,0.9745925681982224,0.9723195878921179,0.9461303109765289,0.9723195878921096,0.9461303109765132,0.9599775519848771,586049,588789,2740,0.9953463804520805,208865,17630,14890,571159,0.05965995788574219,0.0007126331329345703,0.05894732475280762
Otsu_Thresholding_Sklearn,Niblack_Thresholding_CV2,0.6696141993541272,0.825260436935959,0.6874971205479405,0.75010588615307,0.6001355457578647,0.750105886153063,0.6001355457578557,0.6696141993541272,586049,488218,97831,0.8330668595970644,141184,85311,183142,402907,0.05965995788574219,0.003532886505126953,0.056127071380615234
Otsu_Thresholding_Sklearn,Sauvola_Thresholding_CV2,0.8643359621140516,0.859499286767728,0.9705604821439845,0.9116598882054775,0.8376608362823974,0.9116598882054702,0.837660836282385,0.8643359621140516,586049,661776,75727,0.8855700418268417,133515,92980,17253,568796,0.05965995788574219,0.0037543773651123047,0.05590558052062988
Otsu_Thresholding_Sklearn,Sobel_CV2,0.23933965422180214,0.4217094292937443,0.1471549307310481,0.21817721839225857,0.12244608198094589,0.2181772183922558,0.12244608198094414,0.23933965422180214,586049,204501,381548,0.3489486374006269,108234,118261,499809,86240,0.05965995788574219,0.006189823150634766,0.05347013473510742
Otsu_Thresholding_Sklearn,Canny_CV2,0.29689099913358535,0.5532163742690058,0.13075015911638788,0.2115107258346111,0.11826222773033632,0.2115107258346082,0.11826222773033448,0.29689099913358535,586049,138510,447539,0.2363454250412508,164611,61884,509423,76626,0.05965995788574219,0.0012450218200683594,0.05841493606567383
Otsu_Thresholding_Sklearn,Global_Threshold_Sklearn,0.960606441005041,1.0,0.9453817001650032,0.9719241217133049,0.9453817001650032,0.9719241217132963,0.9453817001649871,0.960606441005041,586049,554040,32009,0.9453817001650032,226495,0,32009,554040,0.05965995788574219,0.05437326431274414,0.005286693572998047
Otsu_Thresholding_Sklearn,Adaptive_Threshold_Sklearn,0.8510160680529301,0.8356405055616108,0.9877058061697913,0.9053321071301215,0.827038148306901,0.9053321071301144,0.8270381483068892,0.8510160680529301,586049,692695,106646,0.84604190877659,112644,113851,7205,578844,0.05965995788574219,0.06428813934326172,0.004628181457519531
Otsu_Thresholding_Sklearn,Otsu_Thresholding_Sklearn,1.0,1.0,1.0,1.0,1.0,0.9999999999999915,0.9999999999999829,1.0,586049,586049,0,1.0,226495,0,0,586049,0.05965995788574219,0.05965995788574219,0.0
Otsu_Thresholding_Sklearn,Niblack_Thresholding_Sklearn,0.5804473357750473,0.9108439307908374,0.463686483553423,0.6145313554751236,0.44355486347788614,0.6145313554751166,0.4435548634778789,0.5804473357750473,586049,298342,287707,0.509073473378506,199896,26599,314306,271743,0.05965995788574219,0.07916665077209473,0.01950669288635254
Otsu_Thresholding_Sklearn,Sauvola_Thresholding_Sklearn,0.8512277488972905,0.8293767852616165,0.9993140505316108,0.9064494210549939,0.828904888815919,0.9064494210549869,0.8289048888159072,0.8512277488972905,586049,706129,120080,0.829946086338332,106013,120482,402,585647,0.05965995788574219,0.07814764976501465,0.01848769187927246
Otsu_Thresholding_Sklearn,Sobel_Sklearn,0.23943195691556396,0.42295187929304623,0.14961718218101216,0.22104187122886051,0.12425355473742981,0.2210418712288577,0.12425355473742805,0.23943195691556396,586049,207312,378737,0.35374516465346756,106866,119629,498366,87683,0.05965995788574219,0.013311624526977539,0.04634833335876465
Otsu_Thresholding_Sklearn,Canny_Sklearn,0.27188312263705106,0.4663465019185752,0.06594670411518491,0.1155529111721379,0.0613192654000238,0.11555291117213617,0.061319265400022825,0.27188312263705106,586049,82874,503175,0.14141138368975972,182269,44226,547401,38648,0.05965995788574219,0.04290938377380371,0.016750574111938477
Otsu_Thresholding_Sklearn,Global_Threshold_Torch,0.9313920230781348,0.9769537672280124,0.9267382078972919,0.9511836949145122,0.9069116205596959,0.9511836949145038,0.9069116205596807,0.9313920230781348,586049,555926,30123,0.9485998611037644,213683,12812,42935,543114,0.05965995788574219,0.007273674011230469,0.05238628387451172
Otsu_Thresholding_Sklearn,Adaptive_Threshold_Torch,0.7804488126181475,0.8536158415566751,0.8395731414949944,0.8465362589756008,0.7339079928284404,0.8465362589755935,0.7339079928284294,0.7804488126181475,586049,576408,9641,0.9835491571523883,142118,84377,94018,492031,0.05965995788574219,0.0051462650299072266,0.05451369285583496
Otsu_Thresholding_Sklearn,Otsu_Thresholding_Torch,0.9606212094360429,0.9695833474590636,0.9760207764197192,0.9727914121645695,0.9470242204793764,0.9727914121645613,0.9470242204793607,0.9606212094360429,586049,589940,3891,0.9934044140082042,208551,17944,14053,571996,0.05965995788574219,0.004928112030029297,0.05473184585571289
Otsu_Thresholding_Sklearn,Niblack_Thresholding_Torch,0.6697458845305608,0.8252907316054282,0.6876899371895524,0.7502331564260889,0.600298495902384,0.7502331564260819,0.6002984959023752,0.6697458845305608,586049,488337,97712,0.8332699142904433,141178,85317,183029,403020,0.05965995788574219,0.2840580940246582,0.22439813613891602
Otsu_Thresholding_Sklearn,Sauvola_Thresholding_Torch,0.8643765752993069,0.8595410618893985,0.9705621884859457,0.911684140170573,0.8377017866058318,0.9116841401705658,0.8377017866058195,0.8643765752993069,586049,661745,75696,0.885611527098807,133547,92948,17252,568797,0.05965995788574219,0.28453922271728516,0.22487926483154297
Otsu_Thresholding_Sklearn,Sobel_Torch,0.2427228556238185,0.4287341994040083,0.15024340968076047,0.22251115398757426,0.12518286935344222,0.22251115398757143,0.12518286935344042,0.2427228556238185,586049,205372,380677,0.3504348612488034,109173,117322,497999,88050,0.05965995788574219,0.0044786930084228516,0.055181264877319336
Otsu_Thresholding_Sklearn,Canny_Torch,0.24438061200378072,0.439981086250994,0.17465263143525542,0.25004763742787206,0.1428882538610052,0.250047637427869,0.1428882538610032,0.24438061200378072,586049,232635,353414,0.39695486213610126,96215,130280,483694,102355,0.05965995788574219,0.004233360290527344,0.055426597595214844
Niblack_Thresholding_Sklearn,Global_Threshold_CV2,0.5960907963137996,0.4731511028446232,0.8816626556100047,0.6158184550984,0.44489717217128333,0.6158184550983928,0.4448971721712758,0.5960907963137996,298342,555926,257584,0.5366577566078938,221313,292889,35305,263037,0.07916665077209473,0.0005738735198974609,0.07859277725219727
Niblack_Thresholding_Sklearn,Adaptive_Threshold_CV2,0.5638956167296786,0.4517147921077495,0.8781867789315617,0.5965704032770387,0.42508039211232507,0.5965704032770318,0.42508039211231813,0.5638956167296786,298342,580012,281670,0.5143721164389702,196190,318012,36342,262000,0.07916665077209473,0.0020492076873779297,0.0771174430847168
Niblack_Thresholding_Sklearn,Otsu_Thresholding_CV2,0.5799870530088217,0.4635378718012735,0.9148091787277688,0.6153003333216853,0.4443565259156145,0.6153003333216783,0.44435652591560726,0.5799870530088217,298342,588789,290447,0.5067044391114643,198339,315863,25416,272926,0.07916665077209473,0.0007126331329345703,0.07845401763916016
Niblack_Thresholding_Sklearn,Niblack_Thresholding_CV2,0.7127589398235665,0.5665133198694026,0.9270635713375924,0.703269934906428,0.542341042162603,0.7032699349064191,0.5423410421625925,0.7127589398235665,298342,488218,189876,0.6110835733217538,302566,211636,21760,276582,0.07916665077209473,0.003532886505126953,0.07563376426696777
Niblack_Thresholding_Sklearn,Sauvola_Thresholding_CV2,0.5394194037492124,0.44265431203307465,0.9818865597200528,0.6102124947141914,0.43906891693396083,0.610212494714185,0.4390689169339543,0.5394194037492124,298342,661776,363434,0.45082021711273906,145364,368838,5404,292938,0.07916665077209473,0.0037543773651123047,0.07541227340698242
Niblack_Thresholding_Sklearn,Sobel_CV2,0.5495296254725898,0.3345118116781825,0.22929389760744381,0.27208492511579163,0.15746429270201526,0.2720849251157862,0.15746429270201162,0.5495296254725898,298342,204501,93841,0.6854582995354325,378109,136093,229934,68408,0.07916665077209473,0.006189823150634766,0.07297682762145996
Niblack_Thresholding_Sklearn,Canny_CV2,0.580554406899811,0.34666811060573244,0.1609461624578504,0.21983188814518417,0.12348939781655457,0.21983188814517915,0.1234893978165514,0.580554406899811,298342,138510,159832,0.4642658425565291,423709,90493,250325,48017,0.07916665077209473,0.0012450218200683594,0.07792162895202637
Niblack_Thresholding_Sklearn,Global_Threshold_Sklearn,0.5939272211720227,0.4714731788318533,0.8755555704527019,0.6129059506183847,0.44186329751153225,0.6129059506183775,0.4418632975115248,0.5939272211720227,298342,554040,255698,0.5384845859504729,221377,292825,37127,261215,0.07916665077209473,0.05437326431274414,0.024793386459350586
Niblack_Thresholding_Sklearn,Adaptive_Threshold_Sklearn,0.5078260377284184,0.42668418279329284,0.9906818349411078,0.5964701620625668,0.4249786117401776,0.5964701620625608,0.4249786117401715,0.5078260377284184,298342,692695,394353,0.4306974931246797,117069,397133,2780,295562,0.07916665077209473,0.06428813934326172,0.014878511428833008
Niblack_Thresholding_Sklearn,Otsu_Thresholding_Sklearn,0.5804473357750473,0.463686483553423,0.9108439307908374,0.6145313554751236,0.44355486347788614,0.6145313554751166,0.4435548634778789,0.5804473357750473,298342,586049,287707,0.509073473378506,199896,314306,26599,271743,0.07916665077209473,0.05965995788574219,0.01950669288635254
Niblack_Thresholding_Sklearn,Niblack_Thresholding_Sklearn,1.0,1.0,1.0,1.0,1.0,0.9999999999999832,0.9999999999999665,1.0,298342,298342,0,1.0,514202,0,0,298342,0.07916665077209473,0.07916665077209473,0.0
Niblack_Thresholding_Sklearn,Sauvola_Thresholding_Sklearn,0.49813548558601134,0.422503536889152,1.0,0.5940281003632758,0.422503536889152,0.5940281003632699,0.422503536889146,0.49813548558601134,298342,706129,407787,0.422503536889152,106415,407787,0,298342,0.07916665077209473,0.07814764976501465,0.0010190010070800781
Niblack_Thresholding_Sklearn,Sobel_Sklearn,0.548369072936358,0.33448136142625606,0.23242453291859677,0.27426659336225956,0.15892755642751058,0.2742665933622541,0.15892755642750694,0.548369072936358,298342,207312,91030,0.6948803721903051,376232,137970,229000,69342,0.07916665077209473,0.013311624526977539,0.06585502624511719
Niblack_Thresholding_Sklearn,Canny_Sklearn,0.5928786625708885,0.30414846634650194,0.084486931105912,0.13223998992697053,0.07080138198365214,0.13223998992696706,0.07080138198365016,0.5928786625708885,298342,82874,215468,0.2777818744930315,456534,57668,273136,25206,0.07916665077209473,0.04290938377380371,0.036257266998291016
Niblack_Thresholding_Sklearn,Global_Threshold_Torch,0.5960907963137996,0.4731511028446232,0.8816626556100047,0.6158184550984,0.44489717217128333,0.6158184550983928,0.4448971721712758,0.5960907963137996,298342,555926,257584,0.5366577566078938,221313,292889,35305,263037,0.07916665077209473,0.007273674011230469,0.07189297676086426
Niblack_Thresholding_Sklearn,Adaptive_Threshold_Torch,0.5999872006931317,0.47685146632246606,0.9212950238317099,0.6284332666476136,0.4581864311564306,0.6284332666476065,0.45818643115642294,0.5999872006931317,298342,576408,278066,0.5175882361105328,212655,301547,23481,274861,0.07916665077209473,0.0051462650299072266,0.0740203857421875
Niblack_Thresholding_Sklearn,Otsu_Thresholding_Torch,0.579205556868305,0.46307082076143335,0.915673958074961,0.6150839485658833,0.444130853945225,0.6150839485658764,0.4441308539452178,0.579205556868305,298342,589940,291598,0.5057158355086958,197446,316756,25158,273184,0.07916665077209473,0.004928112030029297,0.07423853874206543
Niblack_Thresholding_Sklearn,Niblack_Thresholding_Torch,0.7129324688878387,0.5666414791424774,0.9274993128691233,0.7034940553898096,0.5426076589269502,0.7034940553898006,0.5426076589269395,0.7129324688878387,298342,488337,189995,0.6109346619240401,302577,211625,21630,276712,0.07916665077209473,0.2840580940246582,0.20489144325256348
Niblack_Thresholding_Sklearn,Sauvola_Thresholding_Torch,0.5394674011499685,0.44268109317032994,0.9818999671517923,0.6102405302852763,0.4390979472228676,0.6102405302852699,0.439097947222861,0.5394674011499685,298342,661745,363403,0.45084133616423244,145399,368803,5400,292942,0.07916665077209473,0.28453922271728516,0.20537257194519043
Niblack_Thresholding_Sklearn,Sobel_Torch,0.5487727433837429,0.3337163780846464,0.22972293542310504,0.27212267278654156,0.15748957897687843,0.2721226727865362,0.1574895789768748,0.5487727433837429,298342,205372,92970,0.6883777677966897,377366,136836,229806,68536,0.07916665077209473,0.0044786930084228516,0.07468795776367188
Niblack_Thresholding_Sklearn,Canny_Torch,0.5383622302299937,0.33502267500591054,0.26123710372659564,0.29356450467722706,0.17203375426839632,0.29356450467722156,0.1720337542683925,0.5383622302299937,298342,232635,65707,0.779759470674595,359505,154697,220404,77938,0.07916665077209473,0.004233360290527344,0.07493329048156738
Sauvola_Thresholding_Sklearn,Global_Threshold_CV2,0.8115905107908002,0.997402531991668,0.7852417900978433,0.8786970456913525,0.7836392852751589,0.8786970456913457,0.7836392852751478,0.8115905107908002,706129,555926,150203,0.7872867422241545,104971,1444,151647,554482,0.07814764976501465,0.0005738735198974609,0.07757377624511719
Sauvola_Thresholding_Sklearn,Adaptive_Threshold_CV2,0.787515506852552,0.959883588615408,0.7884451707832422,0.8657588864673469,0.763293515054216,0.8657588864673401,0.7632935150542055,0.787515506852552,706129,580012,126117,0.8213966569847719,83147,23268,149385,556744,0.07814764976501465,0.0020492076873779297,0.07609844207763672
Sauvola_Thresholding_Sklearn,Otsu_Thresholding_CV2,0.8510062224322621,0.9968375767889686,0.8311894852073771,0.9065083657806904,0.8290034760328874,0.9065083657806834,0.8290034760328757,0.8510062224322621,706129,588789,117340,0.8338263971597257,104553,1862,119202,586927,0.07814764976501465,0.0007126331329345703,0.07743501663208008
Sauvola_Thresholding_Sklearn,Niblack_Thresholding_CV2,0.7082557990705735,0.9803940043177433,0.6778449829988572,0.801519156493046,0.6687792807331553,0.8015191564930393,0.668779280733146,0.7082557990705735,706129,488218,217911,0.6914005797807483,96843,9572,227483,478646,0.07814764976501465,0.003532886505126953,0.0746147632598877
Sauvola_Thresholding_Sklearn,Sauvola_Thresholding_CV2,0.9239265812066793,0.9868082251396243,0.9248253506087415,0.9548119204184501,0.9135311998589932,0.9548119204184431,0.9135311998589803,0.9239265812066793,706129,661776,44353,0.9371885307075619,97685,8730,53083,653046,0.07814764976501465,0.0037543773651123047,0.07439327239990234
Sauvola_Thresholding_Sklearn,Sobel_CV2,0.26653325850661624,0.7693263113627806,0.22280348208330206,0.3455366065251529,0.20885116460596148,0.3455366065251491,0.2088511646059587,0.26653325850661624,706129,204501,501628,0.289608555943744,59242,47173,548801,157328,0.07814764976501465,0.006189823150634766,0.07195782661437988
Sauvola_Thresholding_Sklearn,Canny_CV2,0.2537327209357278,0.8600967439174066,0.16871138276433909,0.2820897448495748,0.16420516962620624,0.28208974484957144,0.16420516962620396,0.2537327209357278,706129,138510,567619,0.19615396053695572,87037,19378,586997,119132,0.07814764976501465,0.0012450218200683594,0.07690262794494629
Sauvola_Thresholding_Sklearn,Global_Threshold_Sklearn,0.8126489150126024,0.9998718504079128,0.7845152939477065,0.8791979488465436,0.7844364202775418,0.8791979488465366,0.7844364202775307,0.8126489150126024,706129,554040,152089,0.7846158421478229,106344,71,152160,553969,0.07814764976501465,0.05437326431274414,0.023774385452270508
Sauvola_Thresholding_Sklearn,Adaptive_Threshold_Sklearn,0.9151110586011342,0.9599087621536174,0.941646639636667,0.9506900081782983,0.9060144433846573,0.9506900081782915,0.906014443384645,0.9151110586011342,706129,692695,13434,0.9809751476005093,78644,27771,41205,664924,0.07814764976501465,0.06428813934326172,0.01385951042175293
Sauvola_Thresholding_Sklearn,Otsu_Thresholding_Sklearn,0.8512277488972905,0.9993140505316108,0.8293767852616165,0.9064494210549939,0.828904888815919,0.9064494210549869,0.8289048888159072,0.8512277488972905,706129,586049,120080,0.829946086338332,106013,402,120482,585647,0.07814764976501465,0.05965995788574219,0.01848769187927246
Sauvola_Thresholding_Sklearn,Niblack_Thresholding_Sklearn,0.49813548558601134,1.0,0.422503536889152,0.5940281003632758,0.422503536889152,0.5940281003632699,0.422503536889146,0.49813548558601134,706129,298342,407787,0.422503536889152,106415,0,407787,298342,0.07814764976501465,0.07916665077209473,0.0010190010070800781
Sauvola_Thresholding_Sklearn,Sauvola_Thresholding_Sklearn,1.0,1.0,1.0,1.0,1.0,0.9999999999999929,0.9999999999999858,1.0,706129,706129,0,1.0,106415,0,0,706129,0.07814764976501465,0.07814764976501465,0.0
Sauvola_Thresholding_Sklearn,Sobel_Sklearn,0.26828454828292375,0.7691064675464999,0.2258015178529702,0.3491084810075309,0.21146663908031343,0.34910848100752706,0.2114666390803106,0.26828454828292375,706129,207312,498817,0.2935894149652542,58548,47867,546684,159445,0.07814764976501465,0.013311624526977539,0.06483602523803711
Sauvola_Thresholding_Sklearn,Canny_Sklearn,0.20702017367674858,0.8728431112290947,0.10244020568479698,0.18336051954175078,0.10093390654236906,0.18336051954174848,0.10093390654236764,0.20702017367674858,706129,82874,623255,0.11736382445700431,95877,10538,633793,72336,0.07814764976501465,0.04290938377380371,0.03523826599121094
Sauvola_Thresholding_Sklearn,Global_Threshold_Torch,0.8115905107908002,0.997402531991668,0.7852417900978433,0.8786970456913525,0.7836392852751589,0.8786970456913457,0.7836392852751478,0.8115905107908002,706129,555926,150203,0.7872867422241545,104971,1444,151647,554482,0.07814764976501465,0.007273674011230469,0.07087397575378418
Sauvola_Thresholding_Sklearn,Adaptive_Threshold_Torch,0.8063009510869565,0.9759996391444948,0.7967014525674487,0.8772830725351394,0.7813929326923744,0.8772830725351325,0.7813929326923637,0.8063009510869565,706129,576408,129721,0.8162927736999896,92581,13834,143555,562574,0.07814764976501465,0.0051462650299072266,0.07300138473510742
Sauvola_Thresholding_Sklearn,Otsu_Thresholding_Torch,0.8523686101921865,0.996806454893718,0.8327883432064113,0.9074455140891419,0.830572319999774,0.9074455140891349,0.8305723199997622,0.8523686101921865,706129,589940,116189,0.8354564109390777,104531,1884,118073,588056,0.07814764976501465,0.004928112030029297,0.07321953773498535
Sauvola_Thresholding_Sklearn,Niblack_Thresholding_Torch,0.7084785562381852,0.9804622627406894,0.678057408773751,0.8016904625163044,0.6690178434194531,0.8016904625162976,0.6690178434194437,0.7084785562381852,706129,488337,217792,0.6915691042288307,96874,9541,227333,478796,0.07814764976501465,0.2840580940246582,0.20591044425964355
Sauvola_Thresholding_Sklearn,Sauvola_Thresholding_Torch,0.923893352236925,0.9868106294720776,0.9247842816255953,0.9547911576651066,0.9134931881481191,0.9547911576650996,0.9134931881481063,0.923893352236925,706129,661745,44384,0.9371446293807505,97687,8728,53112,653017,0.07814764976501465,0.28453922271728516,0.2063915729522705
Sauvola_Thresholding_Sklearn,Sobel_Torch,0.2687989819628229,0.7726661862376566,0.22472381108834222,0.34818173540127767,0.21078695087916452,0.34818173540127384,0.21078695087916172,0.2687989819628229,706129,205372,500757,0.2908420416099608,59727,46688,547445,158684,0.07814764976501465,0.0044786930084228516,0.0736689567565918
Sauvola_Thresholding_Sklearn,Canny_Torch,0.28694323015122875,0.7723988221892665,0.25446766808897525,0.382816128441227,0.23671775063662842,0.38281612844122287,0.2367177506366253,0.28694323015122875,706129,232635,473494,0.32945113428282935,53467,52948,526442,179687,0.07814764976501465,0.004233360290527344,0.0739142894744873
Sobel_Sklearn,Global_Threshold_CV2,0.25981608380592314,0.14552836168842614,0.3902475495870958,0.21199940254547076,0.11856785889628994,0.21199940254546795,0.11856785889628821,0.25981608380592314,207312,555926,348614,0.3729129416505074,130209,475023,126409,80903,0.013311624526977539,0.0005738735198974609,0.012737751007080078
Sobel_Sklearn,Adaptive_Threshold_CV2,0.2947581915563957,0.18472376433591028,0.5168152350081038,0.27216749394150314,0.1575196050468845,0.27216749394149964,0.1575196050468822,0.2947581915563957,207312,580012,372700,0.3574270877154266,132362,472870,100170,107142,0.013311624526977539,0.0020492076873779297,0.01126241683959961
Sobel_Sklearn,Otsu_Thresholding_CV2,0.24493319746376813,0.15504365740528442,0.44034112834761135,0.22933773478490793,0.1295208800064698,0.22933773478490507,0.12952088000646797,0.24493319746376813,207312,588789,381477,0.35209896924025413,107731,497501,116024,91288,0.013311624526977539,0.0007126331329345703,0.012598991394042969
Sobel_Sklearn,Niblack_Thresholding_CV2,0.43136863972904854,0.23912678352703096,0.563141545110751,0.33570370796371113,0.20170910045889312,0.3357037079637063,0.20170910045888965,0.43136863972904854,207312,488218,280906,0.4246299808692019,233760,371472,90566,116746,0.013311624526977539,0.003532886505126953,0.009778738021850586
Sobel_Sklearn,Sauvola_Thresholding_CV2,0.24305883742911152,0.1919380575904838,0.6126996990043991,0.29230641776206784,0.1711702970617248,0.29230641776206445,0.1711702970617225,0.24305883742911152,207312,661776,454464,0.31326612025821426,70476,534756,80292,127020,0.013311624526977539,0.0037543773651123047,0.009557247161865234
Sobel_Sklearn,Sobel_CV2,0.9957356155482041,0.9984009858142503,0.9848633943042371,0.991585986843543,0.983312383511768,0.991585986843519,0.9833123835117206,0.9957356155482041,207312,204501,2811,0.9864407270201435,604905,327,3138,204174,0.013311624526977539,0.006189823150634766,0.0071218013763427734
Sobel_Sklearn,Canny_CV2,0.7867069352551985,0.6227420402859,0.41606853438295904,0.4988462272498569,0.3323085458033795,0.4988462272498424,0.33230854580336666,0.7867069352551985,207312,138510,68802,0.6681234081963418,552978,52254,121056,86256,0.013311624526977539,0.0012450218200683594,0.01206660270690918
Sobel_Sklearn,Global_Threshold_Sklearn,0.2503519809388784,0.13738177748898997,0.36715192560006177,0.1999469365024325,0.11107835683128611,0.1999469365024299,0.11107835683128449,0.2503519809388784,207312,554040,346728,0.3741823695040069,127307,477925,131197,76115,0.013311624526977539,0.05437326431274414,0.0410616397857666
Sobel_Sklearn,Adaptive_Threshold_Sklearn,0.2245158416036547,0.194813012942204,0.6509319286871961,0.2998776676181408,0.17638593523915086,0.2998776676181374,0.17638593523914856,0.2245158416036547,207312,692695,485383,0.2992832343239088,47483,557749,72366,134946,0.013311624526977539,0.06428813934326172,0.05097651481628418
Sobel_Sklearn,Otsu_Thresholding_Sklearn,0.23943195691556396,0.14961718218101216,0.42295187929304623,0.22104187122886051,0.12425355473742981,0.2210418712288577,0.12425355473742805,0.23943195691556396,207312,586049,378737,0.35374516465346756,106866,498366,119629,87683,0.013311624526977539,0.05965995788574219,0.04634833335876465
Sobel_Sklearn,Niblack_Thresholding_Sklearn,0.548369072936358,0.23242453291859677,0.33448136142625606,0.27426659336225956,0.15892755642751058,0.2742665933622541,0.15892755642750694,0.548369072936358,207312,298342,91030,0.6948803721903051,376232,229000,137970,69342,0.013311624526977539,0.07916665077209473,0.06585502624511719
Sobel_Sklearn,Sauvola_Thresholding_Sklearn,0.26828454828292375,0.2258015178529702,0.7691064675464999,0.3491084810075309,0.21146663908031343,0.34910848100752706,0.2114666390803106,0.26828454828292375,207312,706129,498817,0.2935894149652542,58548,546684,47867,159445,0.013311624526977539,0.07814764976501465,0.06483602523803711
Sobel_Sklearn,Sobel_Sklearn,1.0,1.0,1.0,1.0,1.0,0.9999999999999759,0.9999999999999517,1.0,207312,207312,0,1.0,605232,0,0,207312,0.013311624526977539,0.013311624526977539,0.0
Sobel_Sklearn,Canny_Sklearn,0.8195371573724007,0.8660858652894756,0.3462221193177433,0.4946896128689875,0.32862964149993135,0.4946896128689704,0.32862964149991625,0.8195371573724007,207312,82874,124438,0.39975495870957783,594134,11098,135536,71776,0.013311624526977539,0.04290938377380371,0.029597759246826172
Sobel_Sklearn,Global_Threshold_Torch,0.25981608380592314,0.14552836168842614,0.3902475495870958,0.21199940254547076,0.11856785889628994,0.21199940254546795,0.11856785889628821,0.25981608380592314,207312,555926,348614,0.3729129416505074,130209,475023,126409,80903,0.013311624526977539,0.007273674011230469,0.00603795051574707
Sobel_Sklearn,Adaptive_Threshold_Torch,0.2985241414618778,0.18540686458203218,0.5155032029019063,0.27272495278926145,0.1578931816502918,0.272724952789258,0.15789318165028945,0.2985241414618778,207312,576408,369096,0.35966190614981053,135694,469538,100442,106870,0.013311624526977539,0.0051462650299072266,0.008165359497070312
Sobel_Sklearn,Otsu_Thresholding_Torch,0.2445479875551355,0.155451401837475,0.44236223662884927,0.23005774836563597,0.12998036978505978,0.23005774836563306,0.12998036978505792,0.2445479875551355,207312,589940,382628,0.3514120080008136,106999,498233,115605,91707,0.013311624526977539,0.004928112030029297,0.008383512496948242
Sobel_Sklearn,Niblack_Thresholding_Torch,0.43127141422495274,0.23910946743744585,0.5632380180597361,0.3357037816485038,0.20170915366317546,0.33570378164849896,0.20170915366317196,0.43127141422495274,207312,488337,281025,0.42452650526173524,233661,371571,90546,116766,0.013311624526977539,0.2840580940246582,0.27074646949768066
Sobel_Sklearn,Sauvola_Thresholding_Torch,0.24309452780403276,0.19194553793379626,0.6126948753569499,0.29231454323479356,0.17117586969939544,0.2923145432347902,0.17117586969939314,0.24309452780403276,207312,661745,454433,0.3132807954725763,70506,534726,80293,127019,0.013311624526977539,0.28453922271728516,0.2712275981903076
Sobel_Sklearn,Sobel_Torch,0.9899402370825456,0.9848226632647099,0.9756068148491163,0.9801930775120916,0.9611555441502835,0.9801930775120677,0.9611555441502377,0.9899402370825456,207312,205372,1940,0.9906421239484449,602115,3117,5057,202255,0.013311624526977539,0.0044786930084228516,0.008832931518554688
Sobel_Sklearn,Canny_Torch,0.968820150047259,0.8911212844155006,0.9999710581153045,0.94241351799194,0.8910983016751132,0.9424135179919185,0.8910983016750748,0.968820150047259,207312,232635,25323,0.8911470758914178,579903,25329,6,207306,0.013311624526977539,0.004233360290527344,0.009078264236450195
Canny_Sklearn,Global_Threshold_CV2,0.2967027016383113,0.06056561484801934,0.4062794121196033,0.1054164057608015,0.05564093665823872,0.10541640576079984,0.055640936658237806,0.2967027016383113,82874,555926,473052,0.1490737975917658,207414,522256,49204,33670,0.04290938377380371,0.0005738735198974609,0.04233551025390625
Canny_Sklearn,Adaptive_Threshold_CV2,0.3011135396975425,0.08190347785907878,0.5732195863600165,0.14332781202197664,0.07719607852696135,0.14332781202197448,0.07719607852696009,0.3011135396975425,82874,580012,497138,0.142883250691365,197163,532507,35369,47505,0.04290938377380371,0.0020492076873779297,0.04086017608642578
Canny_Sklearn,Otsu_Thresholding_CV2,0.27062780600189035,0.0671004383573742,0.47672370104013323,0.1176423295611043,0.06249733055975196,0.11764232956110256,0.06249733055975097,0.27062780600189035,82874,588789,505915,0.1407533089103227,180389,549281,43366,39508,0.04290938377380371,0.0007126331329345703,0.04219675064086914
Canny_Sklearn,Niblack_Thresholding_CV2,0.42672889098928796,0.10782478319111545,0.6352052513454159,0.18435558543982405,0.10153727456842511,0.18435558543982083,0.10153727456842315,0.42672889098928796,82874,488218,405344,0.16974794046921662,294094,435576,30232,52642,0.04290938377380371,0.003532886505126953,0.03937649726867676
Canny_Sklearn,Sauvola_Thresholding_CV2,0.23625305214240705,0.09374168903072944,0.7485580519825277,0.16661787416907273,0.0908800581294846,0.16661787416907048,0.09088005812948327,0.23625305214240705,82874,661776,578902,0.12522968496893208,129930,599740,20838,62036,0.04290938377380371,0.0037543773651123047,0.039155006408691406
Canny_Sklearn,Sobel_CV2,0.8218964142249527,0.3487953604138855,0.8606921350483867,0.4964175728577642,0.330156540736695,0.49641757285774696,0.33015654073667966,0.8218964142249527,82874,204501,121627,0.4052498520789629,596498,133172,11545,71329,0.04290938377380371,0.006189823150634766,0.036719560623168945
Canny_Sklearn,Canny_CV2,0.8905634648708255,0.4781676413255361,0.7991770639766392,0.5983359231019405,0.4268754068564578,0.5983359231019134,0.4268754068564303,0.8905634648708255,82874,138510,55636,0.5983250306837051,657391,72279,16643,66231,0.04290938377380371,0.0012450218200683594,0.04166436195373535
Canny_Sklearn,Global_Threshold_Sklearn,0.2990164224952741,0.060766370659158186,0.40624321258778384,0.1057191394756592,0.055809643479370806,0.10571913947565753,0.055809643479369876,0.2990164224952741,82874,554040,471166,0.14958125767092628,209297,520373,49207,33667,0.04290938377380371,0.05437326431274414,0.01146388053894043
Canny_Sklearn,Adaptive_Threshold_Sklearn,0.19643859286389415,0.08852380918008647,0.7399184303883003,0.15812906395175672,0.08585241281401865,0.15812906395175466,0.08585241281401744,0.19643859286389415,82874,692695,609821,0.11963995697962307,98295,631375,21554,61320,0.04290938377380371,0.06428813934326172,0.021378755569458008
Canny_Sklearn,Otsu_Thresholding_Sklearn,0.27188312263705106,0.06594670411518491,0.4663465019185752,0.1155529111721379,0.0613192654000238,0.11555291117213617,0.061319265400022825,0.27188312263705106,82874,586049,503175,0.14141138368975972,182269,547401,44226,38648,0.04290938377380371,0.05965995788574219,0.016750574111938477
Canny_Sklearn,Niblack_Thresholding_Sklearn,0.5928786625708885,0.084486931105912,0.30414846634650194,0.13223998992697053,0.07080138198365214,0.13223998992696706,0.07080138198365016,0.5928786625708885,82874,298342,215468,0.2777818744930315,456534,273136,57668,25206,0.04290938377380371,0.07916665077209473,0.036257266998291016
Canny_Sklearn,Sauvola_Thresholding_Sklearn,0.20702017367674858,0.10244020568479698,0.8728431112290947,0.18336051954175078,0.10093390654236906,0.18336051954174848,0.10093390654236764,0.20702017367674858,82874,706129,623255,0.11736382445700431,95877,633793,10538,72336,0.04290938377380371,0.07814764976501465,0.03523826599121094
Canny_Sklearn,Sobel_Sklearn,0.8195371573724007,0.3462221193177433,0.8660858652894756,0.4946896128689875,0.32862964149993135,0.4946896128689704,0.32862964149991625,0.8195371573724007,82874,207312,124438,0.39975495870957783,594134,135536,11098,71776,0.04290938377380371,0.013311624526977539,0.029597759246826172
Canny_Sklearn,Canny_Sklearn,1.0,1.0,1.0,1.0,1.0,0.9999999999999396,0.9999999999998793,1.0,82874,82874,0,1.0,729670,0,0,82874,0.04290938377380371,0.04290938377380371,0.0
Canny_Sklearn,Global_Threshold_Torch,0.2967027016383113,0.06056561484801934,0.4062794121196033,0.1054164057608015,0.05564093665823872,0.10541640576079984,0.055640936658237806,0.2967027016383113,82874,555926,473052,0.1490737975917658,207414,522256,49204,33670,0.04290938377380371,0.007273674011230469,0.03563570976257324
Canny_Sklearn,Adaptive_Threshold_Torch,0.30519208805923126,0.0821640227061387,0.5714699423220793,0.14367144863654704,0.07739548504547965,0.14367144863654485,0.07739548504547838,0.30519208805923126,82874,576408,493534,0.14377663044232558,200622,529048,35514,47360,0.04290938377380371,0.0051462650299072266,0.037763118743896484
Canny_Sklearn,Otsu_Thresholding_Torch,0.2698413870510397,0.06740346475912805,0.4798127277553877,0.11820205881566079,0.06281336387331174,0.11820205881565904,0.06281336387331075,0.2698413870510397,82874,589940,507066,0.1404786927484151,179494,550176,43110,39764,0.04290938377380371,0.004928112030029297,0.037981271743774414
Canny_Sklearn,Niblack_Thresholding_Torch,0.42662181986452424,0.10783127225665882,0.6353983155151194,0.18437320009593652,0.10154796134628476,0.1843732000959333,0.1015479613462828,0.42662181986452424,82874,488337,405463,0.16970657558202634,293991,435679,30216,52658,0.04290938377380371,0.2840580940246582,0.2411487102508545
Canny_Sklearn,Sauvola_Thresholding_Torch,0.23631089516383114,0.09375816968771959,0.7486545840673794,0.16664629830826236,0.09089697102882467,0.1666462983082601,0.09089697102882334,0.23631089516383114,82874,661745,578871,0.12523555145864343,129969,599701,20830,62044,0.04290938377380371,0.28453922271728516,0.24162983894348145
Canny_Sklearn,Sobel_Torch,0.8199211365784499,0.34552908867810606,0.8562637256558149,0.49237109968568515,0.32658640304854475,0.49237109968566806,0.3265864030485297,0.8199211365784499,82874,205372,122498,0.4035311532243928,595260,134410,11912,70962,0.04290938377380371,0.0044786930084228516,0.03843069076538086
Canny_Sklearn,Canny_Torch,0.7968909991335854,0.3234122122638468,0.9078480584984434,0.476924588522039,0.3131326163681161,0.47692458852202385,0.3131326163681031,0.7968909991335854,82874,232635,149761,0.35624046252713476,572272,157398,7637,75237,0.04290938377380371,0.004233360290527344,0.03867602348327637
Global_Threshold_Torch,Global_Threshold_CV2,1.0,1.0,1.0,1.0,1.0,0.999999999999991,0.999999999999982,1.0,555926,555926,0,1.0,256618,0,0,555926,0.007273674011230469,0.0005738735198974609,0.006699800491333008
Global_Threshold_Torch,Adaptive_Threshold_CV2,0.7764773353812224,0.8226691861547692,0.8583120775067186,0.8401127526326261,0.7243055344728134,0.8401127526326186,0.7243055344728023,0.7764773353812224,555926,580012,24086,0.9584732729667662,153764,102854,78768,477158,0.007273674011230469,0.0020492076873779297,0.005224466323852539
Global_Threshold_Torch,Otsu_Thresholding_CV2,0.9595554209987398,0.9441854382469781,1.0,0.9712915441834867,0.9441854382469781,0.9712915441834782,0.9441854382469621,0.9595554209987398,555926,588789,32863,0.9441854382469781,223755,32863,0,555926,0.007273674011230469,0.0007126331329345703,0.0065610408782958984
Global_Threshold_Torch,Niblack_Thresholding_CV2,0.6964742832388153,0.8167621841062804,0.7172861136194385,0.7637988629920778,0.6178596994666757,0.7637988629920704,0.6178596994666662,0.6964742832388153,555926,488218,67708,0.8782068116979598,167158,89460,157168,398758,0.007273674011230469,0.003532886505126953,0.0037407875061035156
Global_Threshold_Torch,Sauvola_Thresholding_CV2,0.8625206758034026,0.8356256497666884,0.9947313131603847,0.9082632696669628,0.8319434937303014,0.9082632696669554,0.8319434937302889,0.8625206758034026,555926,661776,105850,0.8400516186745969,147839,108779,2929,552997,0.007273674011230469,0.0037543773651123047,0.003519296646118164
Global_Threshold_Torch,Sobel_CV2,0.2599133093100189,0.38893208346169456,0.14307120012375749,0.20919036278301534,0.11681328849006448,0.2091903627830126,0.11681328849006276,0.2599133093100189,555926,204501,351425,0.3678565132769469,131654,124964,476389,79537,0.007273674011230469,0.006189823150634766,0.0010838508605957031
Global_Threshold_Torch,Canny_CV2,0.3195888468809074,0.5110533535484802,0.12732989642506376,0.20386615901249358,0.11350276597450493,0.20386615901249067,0.11350276597450311,0.3195888468809074,555926,138510,417416,0.24915186553606056,188894,67724,485140,70786,0.007273674011230469,0.0012450218200683594,0.006028652191162109
Global_Threshold_Torch,Global_Threshold_Sklearn,0.9577549031190926,0.9707241354414844,0.9674309170645014,0.9690747284151046,0.9400048239435389,0.9690747284150959,0.9400048239435225,0.9577549031190926,555926,554040,1886,0.9966074621442422,240398,16220,18106,537820,0.007273674011230469,0.05437326431274414,0.04709959030151367
Global_Threshold_Torch,Adaptive_Threshold_Sklearn,0.8092275618304978,0.7893878258107825,0.9835931400941852,0.8758542424002159,0.7791287174986036,0.8758542424002089,0.7791287174985925,0.8092275618304978,555926,692695,136769,0.8025552371534369,110728,145890,9121,546805,0.007273674011230469,0.06428813934326172,0.05701446533203125
Global_Threshold_Torch,Otsu_Thresholding_Sklearn,0.9313920230781348,0.9267382078972919,0.9769537672280124,0.9511836949145122,0.9069116205596959,0.9511836949145038,0.9069116205596807,0.9313920230781348,555926,586049,30123,0.9485998611037644,213683,42935,12812,543114,0.007273674011230469,0.05965995788574219,0.05238628387451172
Global_Threshold_Torch,Niblack_Thresholding_Sklearn,0.5960907963137996,0.8816626556100047,0.4731511028446232,0.6158184550984,0.44489717217128333,0.6158184550983928,0.4448971721712758,0.5960907963137996,555926,298342,257584,0.5366577566078938,221313,35305,292889,263037,0.007273674011230469,0.07916665077209473,0.07189297676086426
Global_Threshold_Torch,Sauvola_Thresholding_Sklearn,0.8115905107908002,0.7852417900978433,0.997402531991668,0.8786970456913525,0.7836392852751589,0.8786970456913457,0.7836392852751478,0.8115905107908002,555926,706129,150203,0.7872867422241545,104971,151647,1444,554482,0.007273674011230469,0.07814764976501465,0.07087397575378418
Global_Threshold_Torch,Sobel_Sklearn,0.25981608380592314,0.3902475495870958,0.14552836168842614,0.21199940254547076,0.11856785889628994,0.21199940254546795,0.11856785889628821,0.25981608380592314,555926,207312,348614,0.3729129416505074,130209,126409,475023,80903,0.007273674011230469,0.013311624526977539,0.00603795051574707
Global_Threshold_Torch,Canny_Sklearn,0.2967027016383113,0.4062794121196033,0.06056561484801934,0.1054164057608015,0.05564093665823872,0.10541640576079984,0.055640936658237806,0.2967027016383113,555926,82874,473052,0.1490737975917658,207414,49204,522256,33670,0.007273674011230469,0.04290938377380371,0.03563570976257324
Global_Threshold_Torch,Global_Threshold_Torch,1.0,1.0,1.0,1.0,1.0,0.999999999999991,0.999999999999982,1.0,555926,555926,0,1.0,256618,0,0,555926,0.007273674011230469,0.007273674011230469,0.0
Global_Threshold_Torch,Adaptive_Threshold_Torch,0.7937563996534341,0.8368655535662239,0.8676982188276857,0.8520030309078417,0.7421648783459854,0.8520030309078341,0.742164878345974,0.7937563996534341,555926,576408,20482,0.9644661420382784,162586,94032,73550,482376,0.007273674011230469,0.0051462650299072266,0.002127408981323242
Global_Threshold_Torch,Otsu_Thresholding_Torch,0.9581388823251418,0.942343289148049,1.0,0.9703159008121368,0.942343289148049,0.9703159008121284,0.942343289148033,0.9581388823251418,555926,589940,34014,0.942343289148049,222604,34014,0,555926,0.007273674011230469,0.004928112030029297,0.002345561981201172
Global_Threshold_Torch,Niblack_Thresholding_Torch,0.6964287472432262,0.8166471104995116,0.7173598644423899,0.7637903478338312,0.6178485554577792,0.7637903478338238,0.6178485554577696,0.6964287472432262,555926,488337,67589,0.8784208689645744,167080,89538,157127,398799,0.007273674011230469,0.2840580940246582,0.27678442001342773
Global_Threshold_Torch,Sauvola_Thresholding_Torch,0.8625785188248267,0.8356768846005637,0.9947457035648629,0.9082995324681298,0.8320043450394634,0.9082995324681222,0.8320043450394509,0.8625785188248267,555926,661745,105819,0.8400909715978209,147878,108740,2921,553005,0.007273674011230469,0.28453922271728516,0.2772655487060547
Global_Threshold_Torch,Sobel_Torch,0.2626097786704474,0.39473735465399373,0.14582516378079097,0.21297310645765521,0.11917733707716507,0.2129731064576524,0.11917733707716333,0.2626097786704474,555926,205372,350554,0.3694232685645212,132314,124304,474858,81068,0.007273674011230469,0.0044786930084228516,0.002794981002807617
Global_Threshold_Torch,Canny_Torch,0.262593779536862,0.4070453715047177,0.17033382140788522,0.24016658191313037,0.13647120201536891,0.2401665819131273,0.13647120201536694,0.262593779536862,555926,232635,323291,0.4184639682259869,118676,137942,461233,94693,0.007273674011230469,0.004233360290527344,0.003040313720703125
Adaptive_Threshold_Torch,Global_Threshold_CV2,0.7937563996534341,0.8676982188276857,0.8368655535662239,0.8520030309078417,0.7421648783459854,0.8520030309078341,0.742164878345974,0.7937563996534341,576408,555926,20482,0.9644661420382784,162586,73550,94032,482376,0.0051462650299072266,0.0005738735198974609,0.004572391510009766
Adaptive_Threshold_Torch,Adaptive_Threshold_CV2,0.9350435176433523,0.9513941090873982,0.9573427155764667,0.9543591428719669,0.9127026132980482,0.9543591428719587,0.9127026132980331,0.9350435176433523,576408,580012,3604,0.9937863354551285,207944,28192,24588,551820,0.0051462650299072266,0.0020492076873779297,0.003097057342529297
Adaptive_Threshold_Torch,Otsu_Thresholding_CV2,0.8159767347983616,0.8625076215758107,0.8810339204174821,0.8716723438182556,0.7725347677535361,0.8716723438182481,0.7725347677535244,0.8159767347983616,576408,588789,12381,0.9789720935683242,155182,80954,68573,507835,0.0051462650299072266,0.0007126331329345703,0.004433631896972656
Adaptive_Threshold_Torch,Niblack_Thresholding_CV2,0.8375152607120353,0.9551061206264415,0.8089755867371723,0.8759883752604201,0.7793410281351638,0.8759883752604118,0.7793410281351507,0.8375152607120353,576408,488218,88190,0.8470007355900682,214218,21918,110108,466300,0.0051462650299072266,0.003532886505126953,0.0016133785247802734
Adaptive_Threshold_Torch,Sauvola_Thresholding_CV2,0.8760657884373031,0.8594161770750224,0.986698657895102,0.9186695999948311,0.8495734513618037,0.9186695999948237,0.8495734513617911,0.8760657884373031,576408,661776,85368,0.8710016682381954,143101,93035,7667,568741,0.0051462650299072266,0.0037543773651123047,0.0013918876647949219
Adaptive_Threshold_Torch,Sobel_CV2,0.2986410582073094,0.5159485772685708,0.18305089450528098,0.2702286694096239,0.15622219228098436,0.2702286694096204,0.15622219228098205,0.2986410582073094,576408,204501,371907,0.35478515218386975,137147,98989,470896,105512,0.0051462650299072266,0.006189823150634766,0.001043558120727539
Adaptive_Threshold_Torch,Canny_CV2,0.31754341918714557,0.5789906865930258,0.13913061581379857,0.2243502051983584,0.1263482280431433,0.22435020519835527,0.1263482280431413,0.31754341918714557,576408,138510,437898,0.24029853853520422,177822,58314,496212,80196,0.0051462650299072266,0.0012450218200683594,0.003901243209838867
Adaptive_Threshold_Torch,Global_Threshold_Sklearn,0.759299188720857,0.84368276658725,0.8109429431930161,0.826988945975401,0.7050137704482862,0.8269889459753936,0.7050137704482755,0.759299188720857,576408,554040,22368,0.9611941541408169,149530,86606,108974,467434,0.0051462650299072266,0.05437326431274414,0.049226999282836914
Adaptive_Threshold_Torch,Adaptive_Threshold_Sklearn,0.7985844458884688,0.7979298248146731,0.9589075793535135,0.8710435638399721,0.7715475424390094,0.8710435638399652,0.7715475424389986,0.7985844458884688,576408,692695,116287,0.8321238062928129,96163,139973,23686,552722,0.0051462650299072266,0.06428813934326172,0.05914187431335449
Adaptive_Threshold_Torch,Otsu_Thresholding_Sklearn,0.7804488126181475,0.8395731414949944,0.8536158415566751,0.8465362589756008,0.7339079928284404,0.8465362589755935,0.7339079928284294,0.7804488126181475,576408,586049,9641,0.9835491571523883,142118,94018,84377,492031,0.0051462650299072266,0.05965995788574219,0.05451369285583496
Adaptive_Threshold_Torch,Niblack_Thresholding_Sklearn,0.5999872006931317,0.9212950238317099,0.47685146632246606,0.6284332666476136,0.4581864311564306,0.6284332666476065,0.45818643115642294,0.5999872006931317,576408,298342,278066,0.5175882361105328,212655,23481,301547,274861,0.0051462650299072266,0.07916665077209473,0.0740203857421875
Adaptive_Threshold_Torch,Sauvola_Thresholding_Sklearn,0.8063009510869565,0.7967014525674487,0.9759996391444948,0.8772830725351394,0.7813929326923744,0.8772830725351325,0.7813929326923637,0.8063009510869565,576408,706129,129721,0.8162927736999896,92581,143555,13834,562574,0.0051462650299072266,0.07814764976501465,0.07300138473510742
Adaptive_Threshold_Torch,Sobel_Sklearn,0.2985241414618778,0.5155032029019063,0.18540686458203218,0.27272495278926145,0.1578931816502918,0.272724952789258,0.15789318165028945,0.2985241414618778,576408,207312,369096,0.35966190614981053,135694,100442,469538,106870,0.0051462650299072266,0.013311624526977539,0.008165359497070312
Adaptive_Threshold_Torch,Canny_Sklearn,0.30519208805923126,0.5714699423220793,0.0821640227061387,0.14367144863654704,0.07739548504547965,0.14367144863654485,0.07739548504547838,0.30519208805923126,576408,82874,493534,0.14377663044232558,200622,35514,529048,47360,0.0051462650299072266,0.04290938377380371,0.037763118743896484
Adaptive_Threshold_Torch,Global_Threshold_Torch,0.7937563996534341,0.8676982188276857,0.8368655535662239,0.8520030309078417,0.7421648783459854,0.8520030309078341,0.742164878345974,0.7937563996534341,576408,555926,20482,0.9644661420382784,162586,73550,94032,482376,0.0051462650299072266,0.007273674011230469,0.002127408981323242
Adaptive_Threshold_Torch,Adaptive_Threshold_Torch,1.0,1.0,1.0,1.0,1.0,0.9999999999999913,0.9999999999999827,1.0,576408,576408,0,1.0,236136,0,0,576408,0.0051462650299072266,0.0051462650299072266,0.0
Adaptive_Threshold_Torch,Otsu_Thresholding_Torch,0.8167459239130435,0.8623300674644879,0.8825744958432221,0.8723348434600994,0.7735761262117468,0.8723348434600919,0.773576126211735,0.8167459239130435,576408,589940,13532,0.9770620741092314,154919,81217,67685,508723,0.0051462650299072266,0.004928112030029297,0.0002181529998779297
Adaptive_Threshold_Torch,Niblack_Thresholding_Torch,0.8377010968021424,0.9551498248136021,0.8092097958390585,0.876144053270971,0.7795875048052013,0.8761440532709628,0.7795875048051882,0.8377010968021424,576408,488337,88071,0.8472071865761752,214234,21902,109973,466435,0.0051462650299072266,0.2840580940246582,0.278911828994751
Adaptive_Threshold_Torch,Sauvola_Thresholding_Torch,0.8760424050882167,0.8594186582444899,0.9866552858391973,0.9186522182638172,0.8495437210671056,0.9186522182638097,0.849543721067093,0.8760424050882167,576408,661745,85337,0.871042471042471,143107,93029,7692,568716,0.0051462650299072266,0.28453922271728516,0.27939295768737793
Adaptive_Threshold_Torch,Sobel_Torch,0.3023442422810334,0.5232066688740432,0.18641656604349696,0.274890634193763,0.1593467867269341,0.2748906341937594,0.1593467867269317,0.3023442422810334,576408,205372,371036,0.35629623461159454,138216,97920,468956,107452,0.0051462650299072266,0.0044786930084228516,0.000667572021484375
Adaptive_Threshold_Torch,Canny_Torch,0.302466081836799,0.5206998087132203,0.21015148991686444,0.29944761897698885,0.1760884418019799,0.29944761897698513,0.17608844180197736,0.302466081836799,576408,232635,343773,0.4035943290169463,124634,111502,455275,121133,0.0051462650299072266,0.004233360290527344,0.0009129047393798828
Otsu_Thresholding_Torch,Global_Threshold_CV2,0.9581388823251418,1.0,0.942343289148049,0.9703159008121368,0.942343289148049,0.9703159008121284,0.942343289148033,0.9581388823251418,589940,555926,34014,0.942343289148049,222604,0,34014,555926,0.004928112030029297,0.0005738735198974609,0.004354238510131836
Otsu_Thresholding_Torch,Adaptive_Threshold_CV2,0.7992157963137996,0.8679182499672421,0.8533122012408042,0.8605532534668089,0.7552377994716067,0.8605532534668016,0.7552377994715954,0.7992157963137996,589940,580012,9928,0.9831711699494864,145995,76609,86537,503403,0.004928112030029297,0.0020492076873779297,0.002878904342651367
Otsu_Thresholding_Torch,Otsu_Thresholding_CV2,0.998583461326402,1.0,0.9980489541309285,0.9990235244912105,0.9980489541309285,0.9990235244912019,0.9980489541309117,0.998583461326402,589940,588789,1151,0.9980489541309285,222604,0,1151,588789,0.004928112030029297,0.0007126331329345703,0.0042154788970947266
Otsu_Thresholding_Torch,Niblack_Thresholding_CV2,0.704747066005041,0.8584812522274885,0.7104553005390378,0.7774853036382423,0.63597215309727,0.7774853036382351,0.6359721530972603,0.704747066005041,589940,488218,101722,0.8275722954876767,153512,69092,170814,419126,0.004928112030029297,0.003532886505126953,0.0013952255249023438
Otsu_Thresholding_Torch,Sauvola_Thresholding_CV2,0.8970566517013232,0.8825267159884915,0.9899905075092382,0.9331749374458743,0.8747216110687589,0.9331749374458669,0.8747216110687458,0.8970566517013232,589940,661776,71836,0.8914496748144387,144863,77741,5905,584035,0.004928112030029297,0.0037543773651123047,0.0011737346649169922
Otsu_Thresholding_Torch,Sobel_CV2,0.2444507620510397,0.4413768147833018,0.1530020002034105,0.22723399220332283,0.12818047683898554,0.22723399220331997,0.12818047683898373,0.2444507620510397,589940,204501,385439,0.3466471166559311,108365,114239,499678,90262,0.004928112030029297,0.006189823150634766,0.0012617111206054688
Otsu_Thresholding_Torch,Canny_CV2,0.29550645872715814,0.5632012129088152,0.13223209139912534,0.2141780492827236,0.11993247658127332,0.21417804928272063,0.11993247658127147,0.29550645872715814,589940,138510,451430,0.23478658846662373,162103,60501,511931,78009,0.004928112030029297,0.0012450218200683594,0.0036830902099609375
Otsu_Thresholding_Torch,Global_Threshold_Sklearn,0.9351985861688721,0.984880153057541,0.924946604739465,0.9539729715554468,0.9119964834694652,0.9539729715554385,0.91199648346945,0.9351985861688721,589940,554040,35900,0.9391463538664949,214227,8377,44277,545663,0.004928112030029297,0.05437326431274414,0.049445152282714844
Otsu_Thresholding_Torch,Adaptive_Threshold_Sklearn,0.8442361275204789,0.834472603382441,0.9798199816930535,0.9013242270794107,0.820373261424922,0.9013242270794037,0.8203732614249103,0.8442361275204789,589940,692695,102755,0.8516590996037217,107944,114660,11905,578035,0.004928112030029297,0.06428813934326172,0.05936002731323242
Otsu_Thresholding_Torch,Otsu_Thresholding_Sklearn,0.9606212094360429,0.9760207764197192,0.9695833474590636,0.9727914121645695,0.9470242204793764,0.9727914121645613,0.9470242204793607,0.9606212094360429,589940,586049,3891,0.9934044140082042,208551,14053,17944,571996,0.004928112030029297,0.05965995788574219,0.05473184585571289
Otsu_Thresholding_Torch,Niblack_Thresholding_Sklearn,0.579205556868305,0.915673958074961,0.46307082076143335,0.6150839485658833,0.444130853945225,0.6150839485658764,0.4441308539452178,0.579205556868305,589940,298342,291598,0.5057158355086958,197446,25158,316756,273184,0.004928112030029297,0.07916665077209473,0.07423853874206543
Otsu_Thresholding_Torch,Sauvola_Thresholding_Sklearn,0.8523686101921865,0.8327883432064113,0.996806454893718,0.9074455140891419,0.830572319999774,0.9074455140891349,0.8305723199997622,0.8523686101921865,589940,706129,116189,0.8354564109390777,104531,118073,1884,588056,0.004928112030029297,0.07814764976501465,0.07321953773498535
Otsu_Thresholding_Torch,Sobel_Sklearn,0.2445479875551355,0.44236223662884927,0.155451401837475,0.23005774836563597,0.12998036978505978,0.23005774836563306,0.12998036978505792,0.2445479875551355,589940,207312,382628,0.3514120080008136,106999,115605,498233,91707,0.004928112030029297,0.013311624526977539,0.008383512496948242
Otsu_Thresholding_Torch,Canny_Sklearn,0.2698413870510397,0.4798127277553877,0.06740346475912805,0.11820205881566079,0.06281336387331174,0.11820205881565904,0.06281336387331075,0.2698413870510397,589940,82874,507066,0.1404786927484151,179494,43110,550176,39764,0.004928112030029297,0.04290938377380371,0.037981271743774414
Otsu_Thresholding_Torch,Global_Threshold_Torch,0.9581388823251418,1.0,0.942343289148049,0.9703159008121368,0.942343289148049,0.9703159008121284,0.942343289148033,0.9581388823251418,589940,555926,34014,0.942343289148049,222604,0,34014,555926,0.004928112030029297,0.007273674011230469,0.002345561981201172
Otsu_Thresholding_Torch,Adaptive_Threshold_Torch,0.8167459239130435,0.8825744958432221,0.8623300674644879,0.8723348434600994,0.7735761262117468,0.8723348434600919,0.773576126211735,0.8167459239130435,589940,576408,13532,0.9770620741092314,154919,67685,81217,508723,0.004928112030029297,0.0051462650299072266,0.0002181529998779297
Otsu_Thresholding_Torch,Otsu_Thresholding_Torch,1.0,1.0,1.0,1.0,1.0,0.9999999999999916,0.999999999999983,1.0,589940,589940,0,1.0,222604,0,0,589940,0.004928112030029297,0.004928112030029297,0.0
Otsu_Thresholding_Torch,Niblack_Thresholding_Torch,0.7048639827504726,0.8584911649127549,0.7106366749160932,0.7775979641594878,0.636122929576781,0.7775979641594806,0.6361229295767713,0.7048639827504726,589940,488337,101603,0.8277740109163644,153500,69104,170707,419233,0.004928112030029297,0.2840580940246582,0.2791299819946289
Otsu_Thresholding_Torch,Sauvola_Thresholding_Torch,0.8971144947227473,0.8825801479421832,0.9900040682103265,0.9332108317987353,0.8747846899985321,0.9332108317987279,0.874784689998519,0.8971144947227473,589940,661745,71805,0.8914914355227467,144902,77702,5897,584043,0.004928112030029297,0.28453922271728516,0.27961111068725586
Otsu_Thresholding_Torch,Sobel_Torch,0.24769858616887208,0.4480503671386557,0.15597687900464455,0.23139849518176514,0.1308369887458321,0.23139849518176223,0.13083698874583025,0.24769858616887208,589940,205372,384568,0.3481235379869139,109249,113355,497923,92017,0.004928112030029297,0.0044786930084228516,0.0004494190216064453
Otsu_Thresholding_Torch,Canny_Torch,0.24950402685885317,0.4572914651707611,0.18032681289622673,0.2586560496003404,0.14853817336946884,0.2586560496003372,0.14853817336946676,0.24950402685885317,589940,232635,357305,0.39433671220802113,96351,126253,483558,106382,0.004928112030029297,0.004233360290527344,0.0006947517395019531
Niblack_Thresholding_Torch,Global_Threshold_CV2,0.6964287472432262,0.7173598644423899,0.8166471104995116,0.7637903478338312,0.6178485554577792,0.7637903478338238,0.6178485554577696,0.6964287472432262,488337,555926,67589,0.8784208689645744,167080,157127,89538,398799,0.2840580940246582,0.0005738735198974609,0.28348422050476074
Niblack_Thresholding_Torch,Adaptive_Threshold_CV2,0.7947717292848141,0.7772184023778819,0.9231248093017732,0.8439114933415953,0.7299713546853468,0.8439114933415874,0.729971354685335,0.7947717292848141,488337,580012,91675,0.8419429253187866,194991,129216,37541,450796,0.2840580940246582,0.0020492076873779297,0.2820088863372803
Niblack_Thresholding_Torch,Otsu_Thresholding_CV2,0.7047569116257089,0.7109745596470043,0.8572235976385161,0.7772795383269924,0.6356968437932794,0.7772795383269852,0.6356968437932697,0.7047569116257089,488337,588789,100452,0.829392193128608,154032,170175,69723,418614,0.2840580940246582,0.0007126331329345703,0.28334546089172363
Niblack_Thresholding_Torch,Niblack_Thresholding_CV2,0.9840168655482041,0.9868214609047598,0.9865809881290993,0.9867012098652918,0.9737514931149966,0.9867012098652816,0.9737514931149769,0.9840168655482041,488337,488218,119,0.9997563158228846,317773,6434,6553,481784,0.2840580940246582,0.003532886505126953,0.28052520751953125
Niblack_Thresholding_Torch,Sauvola_Thresholding_CV2,0.7785978359325771,0.7330380672614298,0.9933857151925821,0.8435814567785948,0.7294776287732743,0.8435814567785874,0.7294776287732633,0.7785978359325771,488337,661776,173439,0.7379188728512367,147538,176669,3230,485107,0.2840580940246582,0.0037543773651123047,0.2803037166595459
Niblack_Thresholding_Torch,Sobel_CV2,0.43139325378071836,0.5643493185852392,0.23633269647804692,0.3331514726386255,0.1998690745859224,0.33315147263862066,0.19986907458591893,0.43139325378071836,488337,204501,283836,0.4187702344897069,235116,89091,372927,115410,0.2840580940246582,0.006189823150634766,0.27786827087402344
Niblack_Thresholding_Torch,Canny_CV2,0.43784582742596095,0.6139340119846942,0.17413384609398838,0.2713134145971824,0.1569477179311605,0.27131341459717806,0.1569477179311576,0.43784582742596095,488337,138510,349827,0.28363609556515273,270733,53474,403301,85036,0.2840580940246582,0.0012450218200683594,0.28281307220458984
Niblack_Thresholding_Torch,Global_Threshold_Sklearn,0.6613118797258979,0.6923489278752437,0.7855005866850147,0.735988994384949,0.5822647042751234,0.7359889943849419,0.5822647042751146,0.6613118797258979,488337,554040,65703,0.8814110894520252,153756,170451,104748,383589,0.2840580940246582,0.05437326431274414,0.22968482971191406
Niblack_Thresholding_Torch,Adaptive_Threshold_Sklearn,0.6806179111531191,0.6651700965071208,0.9435287516612503,0.7802667497578389,0.6397027789501744,0.7802667497578323,0.6397027789501655,0.6806179111531191,488337,692695,204358,0.7049812688123922,92272,231935,27577,460760,0.2840580940246582,0.06428813934326172,0.21976995468139648
Niblack_Thresholding_Torch,Otsu_Thresholding_Sklearn,0.6697458845305608,0.6876899371895524,0.8252907316054282,0.7502331564260889,0.600298495902384,0.7502331564260819,0.6002984959023752,0.6697458845305608,488337,586049,97712,0.8332699142904433,141178,183029,85317,403020,0.2840580940246582,0.05965995788574219,0.22439813613891602
Niblack_Thresholding_Torch,Niblack_Thresholding_Sklearn,0.7129324688878387,0.9274993128691233,0.5666414791424774,0.7034940553898096,0.5426076589269502,0.7034940553898006,0.5426076589269395,0.7129324688878387,488337,298342,189995,0.6109346619240401,302577,21630,211625,276712,0.2840580940246582,0.07916665077209473,0.20489144325256348
Niblack_Thresholding_Torch,Sauvola_Thresholding_Sklearn,0.7084785562381852,0.678057408773751,0.9804622627406894,0.8016904625163044,0.6690178434194531,0.8016904625162976,0.6690178434194437,0.7084785562381852,488337,706129,217792,0.6915691042288307,96874,227333,9541,478796,0.2840580940246582,0.07814764976501465,0.20591044425964355
Niblack_Thresholding_Torch,Sobel_Sklearn,0.43127141422495274,0.5632380180597361,0.23910946743744585,0.3357037816485038,0.20170915366317546,0.33570378164849896,0.20170915366317196,0.43127141422495274,488337,207312,281025,0.42452650526173524,233661,90546,371571,116766,0.2840580940246582,0.013311624526977539,0.27074646949768066
Niblack_Thresholding_Torch,Canny_Sklearn,0.42662181986452424,0.6353983155151194,0.10783127225665882,0.18437320009593652,0.10154796134628476,0.1843732000959333,0.1015479613462828,0.42662181986452424,488337,82874,405463,0.16970657558202634,293991,30216,435679,52658,0.2840580940246582,0.04290938377380371,0.2411487102508545
Niblack_Thresholding_Torch,Global_Threshold_Torch,0.6964287472432262,0.7173598644423899,0.8166471104995116,0.7637903478338312,0.6178485554577792,0.7637903478338238,0.6178485554577696,0.6964287472432262,488337,555926,67589,0.8784208689645744,167080,157127,89538,398799,0.2840580940246582,0.007273674011230469,0.27678442001342773
Niblack_Thresholding_Torch,Adaptive_Threshold_Torch,0.8377010968021424,0.8092097958390585,0.9551498248136021,0.876144053270971,0.7795875048052013,0.8761440532709628,0.7795875048051882,0.8377010968021424,488337,576408,88071,0.8472071865761752,214234,109973,21902,466435,0.2840580940246582,0.0051462650299072266,0.278911828994751
Niblack_Thresholding_Torch,Otsu_Thresholding_Torch,0.7048639827504726,0.7106366749160932,0.8584911649127549,0.7775979641594878,0.636122929576781,0.7775979641594806,0.6361229295767713,0.7048639827504726,488337,589940,101603,0.8277740109163644,153500,170707,69104,419233,0.2840580940246582,0.004928112030029297,0.2791299819946289
Niblack_Thresholding_Torch,Niblack_Thresholding_Torch,1.0,1.0,1.0,1.0,1.0,0.9999999999999898,0.9999999999999795,1.0,488337,488337,0,1.0,324207,0,0,488337,0.2840580940246582,0.2840580940246582,0.0
Niblack_Thresholding_Torch,Sauvola_Thresholding_Torch,0.7787836720226843,0.7331630764116087,0.993508581164237,0.8437085355652901,0.7296677018867074,0.8437085355652828,0.7296677018866964,0.7787836720226843,488337,661745,173408,0.7379534412802514,147629,176578,3170,485167,0.2840580940246582,0.28453922271728516,0.0004811286926269531
Niblack_Thresholding_Torch,Sobel_Torch,0.4320221428008822,0.5653204915957385,0.2377477029182716,0.3347253675532536,0.20100310245010458,0.3347253675532488,0.20100310245010108,0.4320221428008822,488337,205372,282965,0.42055383884489606,234936,89271,372236,116101,0.2840580940246582,0.0044786930084228516,0.27957940101623535
Niblack_Thresholding_Torch,Canny_Torch,0.43260672652804033,0.5586863541599502,0.26614817226628334,0.3605410473638366,0.21991465341910857,0.3605410473638316,0.21991465341910485,0.43260672652804033,488337,232635,255702,0.47638208859865216,221542,102665,358367,129970,0.2840580940246582,0.004233360290527344,0.27982473373413086
Sauvola_Thresholding_Torch,Global_Threshold_CV2,0.8625785188248267,0.9947457035648629,0.8356768846005637,0.9082995324681298,0.8320043450394634,0.9082995324681222,0.8320043450394509,0.8625785188248267,661745,555926,105819,0.8400909715978209,147878,2921,108740,553005,0.28453922271728516,0.0005738735198974609,0.2839653491973877
Sauvola_Thresholding_Torch,Adaptive_Threshold_CV2,0.8508696144454947,0.9659989793314621,0.8466871680178921,0.9024164953368493,0.8221848191986101,0.9024164953368421,0.822184819198598,0.8508696144454947,661745,580012,81733,0.876488677662846,131078,19721,101454,560291,0.28453922271728516,0.0020492076873779297,0.2824900150299072
Sauvola_Thresholding_Torch,Otsu_Thresholding_CV2,0.8960376299621928,0.9902189069428946,0.8810493468027715,0.9324496575063133,0.8734479493755842,0.9324496575063058,0.8734479493755711,0.8960376299621928,661745,588789,72956,0.8897520948401575,145040,5759,78715,583030,0.28453922271728516,0.0007126331329345703,0.2838265895843506
Sauvola_Thresholding_Torch,Niblack_Thresholding_CV2,0.778494456915564,0.9933881995338149,0.7328956017801419,0.843488007875036,0.7293378828914858,0.8434880078750286,0.7293378828914748,0.778494456915564,661745,488218,173527,0.7377736137031636,147571,3228,176755,484990,0.28453922271728516,0.003532886505126953,0.2810063362121582
Sauvola_Thresholding_Torch,Sauvola_Thresholding_CV2,0.9989625177221172,0.9993396557143203,0.9993864706193474,0.9993630626185758,0.9987269360991389,0.9993630626185682,0.9987269360991238,0.9989625177221172,661745,661776,31,0.9999531563550205,150362,437,406,661339,0.28453922271728516,0.0037543773651123047,0.28078484535217285
Sauvola_Thresholding_Torch,Sobel_CV2,0.24211611925015752,0.6123001843511767,0.1892209234674988,0.2891003248499849,0.16897561502233377,0.28910032484998155,0.1689756150223315,0.24211611925015752,661745,204501,457244,0.3090329356474171,71514,79285,536529,125216,0.28453922271728516,0.006189823150634766,0.2783493995666504
Sauvola_Thresholding_Torch,Canny_CV2,0.2763062677221172,0.766089091040358,0.1603502859862938,0.26519296974089507,0.15286597593582887,0.2651929697408918,0.15286597593582668,0.2763062677221172,661745,138510,523235,0.20931023279359875,118400,32399,555634,106111,0.28453922271728516,0.0012450218200683594,0.2832942008972168
Sauvola_Thresholding_Torch,Global_Threshold_Sklearn,0.8357738165563957,0.9767742401270666,0.8177953743511474,0.8902429294653249,0.8021962221303177,0.8902429294653176,0.8021962221303057,0.8357738165563957,661745,554040,107705,0.837240931174395,137931,12868,120573,541172,0.28453922271728516,0.05437326431274414,0.23016595840454102
Sauvola_Thresholding_Torch,Adaptive_Threshold_Sklearn,0.8918089358853182,0.9142046643905326,0.9569622739877143,0.9350949469891616,0.8781017090165355,0.9350949469891546,0.8781017090165233,0.8918089358853182,661745,692695,30950,0.9553194407350999,91369,59430,28480,633265,0.28453922271728516,0.06428813934326172,0.22025108337402344
Sauvola_Thresholding_Torch,Otsu_Thresholding_Sklearn,0.8643765752993069,0.9705621884859457,0.8595410618893985,0.911684140170573,0.8377017866058318,0.9116841401705658,0.8377017866058195,0.8643765752993069,661745,586049,75696,0.885611527098807,133547,17252,92948,568797,0.28453922271728516,0.05965995788574219,0.22487926483154297
Sauvola_Thresholding_Torch,Niblack_Thresholding_Sklearn,0.5394674011499685,0.9818999671517923,0.44268109317032994,0.6102405302852763,0.4390979472228676,0.6102405302852699,0.439097947222861,0.5394674011499685,661745,298342,363403,0.45084133616423244,145399,5400,368803,292942,0.28453922271728516,0.07916665077209473,0.20537257194519043
Sauvola_Thresholding_Torch,Sauvola_Thresholding_Sklearn,0.923893352236925,0.9247842816255953,0.9868106294720776,0.9547911576651066,0.9134931881481191,0.9547911576650996,0.9134931881481063,0.923893352236925,661745,706129,44384,0.9371446293807505,97687,53112,8728,653017,0.28453922271728516,0.07814764976501465,0.2063915729522705
Sauvola_Thresholding_Torch,Sobel_Sklearn,0.24309452780403276,0.6126948753569499,0.19194553793379626,0.29231454323479356,0.17117586969939544,0.2923145432347902,0.17117586969939314,0.24309452780403276,661745,207312,454433,0.3132807954725763,70506,80293,534726,127019,0.28453922271728516,0.013311624526977539,0.2712275981903076
Sauvola_Thresholding_Torch,Canny_Sklearn,0.23631089516383114,0.7486545840673794,0.09375816968771959,0.16664629830826236,0.09089697102882467,0.1666462983082601,0.09089697102882334,0.23631089516383114,661745,82874,578871,0.12523555145864343,129969,20830,599701,62044,0.28453922271728516,0.04290938377380371,0.24162983894348145
Sauvola_Thresholding_Torch,Global_Threshold_Torch,0.8625785188248267,0.9947457035648629,0.8356768846005637,0.9082995324681298,0.8320043450394634,0.9082995324681222,0.8320043450394509,0.8625785188248267,661745,555926,105819,0.8400909715978209,147878,2921,108740,553005,0.28453922271728516,0.007273674011230469,0.2772655487060547
Sauvola_Thresholding_Torch,Adaptive_Threshold_Torch,0.8760424050882167,0.9866552858391973,0.8594186582444899,0.9186522182638172,0.8495437210671056,0.9186522182638097,0.849543721067093,0.8760424050882167,661745,576408,85337,0.871042471042471,143107,7692,93029,568716,0.28453922271728516,0.0051462650299072266,0.27939295768737793
Sauvola_Thresholding_Torch,Otsu_Thresholding_Torch,0.8971144947227473,0.9900040682103265,0.8825801479421832,0.9332108317987353,0.8747846899985321,0.9332108317987279,0.874784689998519,0.8971144947227473,661745,589940,71805,0.8914914355227467,144902,5897,77702,584043,0.28453922271728516,0.004928112030029297,0.27961111068725586
Sauvola_Thresholding_Torch,Niblack_Thresholding_Torch,0.7787836720226843,0.993508581164237,0.7331630764116087,0.8437085355652901,0.7296677018867074,0.8437085355652828,0.7296677018866964,0.7787836720226843,661745,488337,173408,0.7379534412802514,147629,3170,176578,485167,0.28453922271728516,0.2840580940246582,0.0004811286926269531
Sauvola_Thresholding_Torch,Sauvola_Thresholding_Torch,1.0,1.0,1.0,1.0,1.0,0.9999999999999925,0.9999999999999849,1.0,661745,661745,0,1.0,150799,0,0,661745,0.28453922271728516,0.28453922271728516,0.0
Sauvola_Thresholding_Torch,Sobel_Torch,0.24487412373976056,0.6172798628829635,0.1915722823746307,0.2923988342980244,0.1712336815943918,0.292398834298021,0.17123368159438948,0.24487412373976056,661745,205372,456373,0.3103491526192113,72199,78600,534973,126772,0.28453922271728516,0.0044786930084228516,0.2800605297088623
Sauvola_Thresholding_Torch,Canny_Torch,0.2569091643037177,0.6245534850731833,0.21956040468760626,0.32490216686419643,0.19396011411224598,0.32490216686419277,0.19396011411224337,0.2569091643037177,661745,232635,429110,0.351547801645649,63457,87342,516452,145293,0.28453922271728516,0.004233360290527344,0.2803058624267578
Sobel_Torch,Global_Threshold_CV2,0.2626097786704474,0.14582516378079097,0.39473735465399373,0.21297310645765521,0.11917733707716507,0.2129731064576524,0.11917733707716333,0.2626097786704474,205372,555926,350554,0.3694232685645212,132314,474858,124304,81068,0.0044786930084228516,0.0005738735198974609,0.0039048194885253906
Sobel_Torch,Adaptive_Threshold_CV2,0.29715067737870193,0.1847272125404302,0.5217069512883937,0.27284487588237094,0.1579735786742156,0.27284487588236744,0.15797357867421327,0.29715067737870193,205372,580012,374640,0.3540823293311173,134304,472868,98228,107144,0.0044786930084228516,0.0020492076873779297,0.002429485321044922
Sobel_Torch,Otsu_Thresholding_CV2,0.24805672062066791,0.1555514793924479,0.44595660557427497,0.23065096372146202,0.13035922194672733,0.2306509637214591,0.13035922194672547,0.24805672062066791,205372,588789,383417,0.3488040707282235,109970,497202,113785,91587,0.0044786930084228516,0.0007126331329345703,0.0037660598754882812
Sobel_Torch,Niblack_Thresholding_CV2,0.4320726016068053,0.2377257700453486,0.5651305922910621,0.3346703383843481,0.20096341649236055,0.3346703383843433,0.20096341649235705,0.4320726016068053,205372,488218,282846,0.42065634614045366,235016,372156,89310,116062,0.0044786930084228516,0.003532886505126953,0.0009458065032958984
Sobel_Torch,Sauvola_Thresholding_CV2,0.24483104914933837,0.19156028626000338,0.6172701244570827,0.2923837683993966,0.1712233480735516,0.2923837683993933,0.1712233480735493,0.24483104914933837,205372,661776,456404,0.31033461473368634,72166,535006,78602,126770,0.0044786930084228516,0.0037543773651123047,0.0007243156433105469
Sobel_Torch,Sobel_CV2,0.9935523491650914,0.9893203456217818,0.985124554467016,0.9872179919145686,0.9747586193605581,0.9872179919145445,0.9747586193605111,0.9935523491650914,205372,204501,871,0.995758915528894,604988,2184,3055,202317,0.0044786930084228516,0.006189823150634766,0.001711130142211914
Sobel_Torch,Canny_CV2,0.7852473219911783,0.6114576564868962,0.41238825156301734,0.4925701257989659,0.32676155238069515,0.4925701257989516,0.32676155238068255,0.7852473219911783,205372,138510,66862,0.6744346843776172,553355,53817,120679,84693,0.0044786930084228516,0.0012450218200683594,0.003233671188354492
Sobel_Torch,Global_Threshold_Sklearn,0.2531776740705734,0.13770305393112411,0.37148686286348676,0.20092650629697714,0.1116833231106147,0.20092650629697448,0.11168332311061306,0.2531776740705734,205372,554040,348668,0.37068081726951124,129425,477747,129079,76293,0.0044786930084228516,0.05437326431274414,0.04989457130432129
Sobel_Torch,Adaptive_Threshold_Sklearn,0.22550778788594833,0.19399447087101826,0.6543199657207409,0.2992627498839173,0.17596060171169378,0.299262749883914,0.17596060171169148,0.22550778788594833,205372,692695,487323,0.2964825789127971,48856,558316,70993,134379,0.0044786930084228516,0.06428813934326172,0.05980944633483887
Sobel_Torch,Otsu_Thresholding_Sklearn,0.2427228556238185,0.15024340968076047,0.4287341994040083,0.22251115398757426,0.12518286935344222,0.22251115398757143,0.12518286935344042,0.2427228556238185,205372,586049,380677,0.3504348612488034,109173,497999,117322,88050,0.0044786930084228516,0.05965995788574219,0.055181264877319336
Sobel_Torch,Niblack_Thresholding_Sklearn,0.5487727433837429,0.22972293542310504,0.3337163780846464,0.27212267278654156,0.15748957897687843,0.2721226727865362,0.1574895789768748,0.5487727433837429,205372,298342,92970,0.6883777677966897,377366,229806,136836,68536,0.0044786930084228516,0.07916665077209473,0.07468795776367188
Sobel_Torch,Sauvola_Thresholding_Sklearn,0.2687989819628229,0.22472381108834222,0.7726661862376566,0.34818173540127767,0.21078695087916452,0.34818173540127384,0.21078695087916172,0.2687989819628229,205372,706129,500757,0.2908420416099608,59727,547445,46688,158684,0.0044786930084228516,0.07814764976501465,0.0736689567565918
Sobel_Torch,Sobel_Sklearn,0.9899402370825456,0.9756068148491163,0.9848226632647099,0.9801930775120916,0.9611555441502835,0.9801930775120677,0.9611555441502377,0.9899402370825456,205372,207312,1940,0.9906421239484449,602115,5057,3117,202255,0.0044786930084228516,0.013311624526977539,0.008832931518554688
Sobel_Torch,Canny_Sklearn,0.8199211365784499,0.8562637256558149,0.34552908867810606,0.49237109968568515,0.32658640304854475,0.49237109968566806,0.3265864030485297,0.8199211365784499,205372,82874,122498,0.4035311532243928,595260,11912,134410,70962,0.0044786930084228516,0.04290938377380371,0.03843069076538086
Sobel_Torch,Global_Threshold_Torch,0.2626097786704474,0.14582516378079097,0.39473735465399373,0.21297310645765521,0.11917733707716507,0.2129731064576524,0.11917733707716333,0.2626097786704474,205372,555926,350554,0.3694232685645212,132314,474858,124304,81068,0.0044786930084228516,0.007273674011230469,0.002794981002807617
Sobel_Torch,Adaptive_Threshold_Torch,0.3023442422810334,0.18641656604349696,0.5232066688740432,0.274890634193763,0.1593467867269341,0.2748906341937594,0.1593467867269317,0.3023442422810334,205372,576408,371036,0.35629623461159454,138216,468956,97920,107452,0.0044786930084228516,0.0051462650299072266,0.000667572021484375
Sobel_Torch,Otsu_Thresholding_Torch,0.24769858616887208,0.15597687900464455,0.4480503671386557,0.23139849518176514,0.1308369887458321,0.23139849518176223,0.13083698874583025,0.24769858616887208,205372,589940,384568,0.3481235379869139,109249,497923,113355,92017,0.0044786930084228516,0.004928112030029297,0.0004494190216064453
Sobel_Torch,Niblack_Thresholding_Torch,0.4320221428008822,0.2377477029182716,0.5653204915957385,0.3347253675532536,0.20100310245010458,0.3347253675532488,0.20100310245010108,0.4320221428008822,205372,488337,282965,0.42055383884489606,234936,372236,89271,116101,0.0044786930084228516,0.2840580940246582,0.27957940101623535
Sobel_Torch,Sauvola_Thresholding_Torch,0.24487412373976056,0.1915722823746307,0.6172798628829635,0.2923988342980244,0.1712336815943918,0.292398834298021,0.17123368159438948,0.24487412373976056,205372,661745,456373,0.3103491526192113,72199,534973,78600,126772,0.0044786930084228516,0.28453922271728516,0.2800605297088623
Sobel_Torch,Sobel_Torch,1.0,1.0,1.0,1.0,1.0,0.9999999999999756,0.9999999999999513,1.0,205372,205372,0,1.0,607172,0,0,205372,0.0044786930084228516,0.0044786930084228516,0.0
Sobel_Torch,Canny_Torch,0.9664473554662886,0.8828078320115202,1.0,0.9377567025184529,0.8828078320115202,0.9377567025184315,0.8828078320114822,0.9664473554662886,205372,232635,27263,0.8828078320115202,579909,27263,0,205372,0.0044786930084228516,0.004233360290527344,0.0002453327178955078
Canny_Torch,Global_Threshold_CV2,0.262593779536862,0.17033382140788522,0.4070453715047177,0.24016658191313037,0.13647120201536891,0.2401665819131273,0.13647120201536694,0.262593779536862,232635,555926,323291,0.4184639682259869,118676,461233,137942,94693,0.004233360290527344,0.0005738735198974609,0.003659486770629883
Canny_Torch,Adaptive_Threshold_CV2,0.2980749350189036,0.20887671289559526,0.5207771831409719,0.29816390142337323,0.17520130268287887,0.29816390142336957,0.17520130268287631,0.2980749350189036,232635,580012,347377,0.40108652924422256,121048,458861,111484,121151,0.004233360290527344,0.0020492076873779297,0.002184152603149414
Canny_Torch,Otsu_Thresholding_CV2,0.24979570337114052,0.17990315715816702,0.4553270144217336,0.2579057831278365,0.14804353325441405,0.2579057831278334,0.14804353325441197,0.24979570337114052,232635,588789,356154,0.395107585230023,97045,482864,126710,105925,0.004233360290527344,0.0007126331329345703,0.0035207271575927734
Canny_Torch,Niblack_Thresholding_CV2,0.43262764847195967,0.26610858264136106,0.5584671266146538,0.3604590672439457,0.219853655399757,0.3604590672439407,0.21985365539975327,0.43262764847195967,232635,488218,255583,0.4764982036713108,221610,358299,102716,129919,0.004233360290527344,0.003532886505126953,0.0007004737854003906
Canny_Torch,Sauvola_Thresholding_CV2,0.25684639847195967,0.21953500882473828,0.6245104992799879,0.32486854477415866,0.19393614976345833,0.324868544774155,0.19393614976345572,0.25684639847195967,232635,661776,429141,0.3515313338652354,63416,516493,87352,145283,0.004233360290527344,0.0037543773651123047,0.00047898292541503906
Canny_Torch,Sobel_CV2,0.965375413516068,1.0,0.8790637694242053,0.9356401669045789,0.8790637694242053,0.9356401669045574,0.8790637694241674,0.965375413516068,232635,204501,28134,0.8790637694242053,579909,0,28134,204501,0.004233360290527344,0.006189823150634766,0.001956462860107422
Canny_Torch,Canny_CV2,0.7766262503938248,0.6845859504728901,0.4075998882369377,0.5109701060232523,0.34315637858593023,0.5109701060232386,0.3431563785859178,0.7766262503938248,232635,138510,94125,0.5953962215487781,536221,43688,137813,94822,0.004233360290527344,0.0012450218200683594,0.0029883384704589844
Canny_Torch,Global_Threshold_Sklearn,0.25353580852236923,0.16256948956754025,0.3871730393105079,0.22898909969174056,0.12929852642458783,0.22898909969173764,0.12929852642458597,0.25353580852236923,232635,554040,321405,0.41988845570716915,115939,463970,142565,90070,0.004233360290527344,0.05437326431274414,0.0501399040222168
Canny_Torch,Adaptive_Threshold_Sklearn,0.2422810333963453,0.22351106908523954,0.6655275431469899,0.33463737261301374,0.20093964348057441,0.33463737261301013,0.2009396434805718,0.2422810333963453,232635,692695,460060,0.33584044925977524,42039,537870,77810,154825,0.004233360290527344,0.06428813934326172,0.060054779052734375
Canny_Torch,Otsu_Thresholding_Sklearn,0.24438061200378072,0.17465263143525542,0.439981086250994,0.25004763742787206,0.1428882538610052,0.250047637427869,0.1428882538610032,0.24438061200378072,232635,586049,353414,0.39695486213610126,96215,483694,130280,102355,0.004233360290527344,0.05965995788574219,0.055426597595214844
Canny_Torch,Niblack_Thresholding_Sklearn,0.5383622302299937,0.26123710372659564,0.33502267500591054,0.29356450467722706,0.17203375426839632,0.29356450467722156,0.1720337542683925,0.5383622302299937,232635,298342,65707,0.779759470674595,359505,220404,154697,77938,0.004233360290527344,0.07916665077209473,0.07493329048156738
Canny_Torch,Sauvola_Thresholding_Sklearn,0.28694323015122875,0.25446766808897525,0.7723988221892665,0.382816128441227,0.23671775063662842,0.38281612844122287,0.2367177506366253,0.28694323015122875,232635,706129,473494,0.32945113428282935,53467,526442,52948,179687,0.004233360290527344,0.07814764976501465,0.0739142894744873
Canny_Torch,Sobel_Sklearn,0.968820150047259,0.9999710581153045,0.8911212844155006,0.94241351799194,0.8910983016751132,0.9424135179919185,0.8910983016750748,0.968820150047259,232635,207312,25323,0.8911470758914178,579903,6,25329,207306,0.004233360290527344,0.013311624526977539,0.009078264236450195
Canny_Torch,Canny_Sklearn,0.7968909991335854,0.9078480584984434,0.3234122122638468,0.476924588522039,0.3131326163681161,0.47692458852202385,0.3131326163681031,0.7968909991335854,232635,82874,149761,0.35624046252713476,572272,7637,157398,75237,0.004233360290527344,0.04290938377380371,0.03867602348327637
Canny_Torch,Global_Threshold_Torch,0.262593779536862,0.17033382140788522,0.4070453715047177,0.24016658191313037,0.13647120201536891,0.2401665819131273,0.13647120201536694,0.262593779536862,232635,555926,323291,0.4184639682259869,118676,461233,137942,94693,0.004233360290527344,0.007273674011230469,0.003040313720703125
Canny_Torch,Adaptive_Threshold_Torch,0.302466081836799,0.21015148991686444,0.5206998087132203,0.29944761897698885,0.1760884418019799,0.29944761897698513,0.17608844180197736,0.302466081836799,232635,576408,343773,0.4035943290169463,124634,455275,111502,121133,0.004233360290527344,0.0051462650299072266,0.0009129047393798828
Canny_Torch,Otsu_Thresholding_Torch,0.24950402685885317,0.18032681289622673,0.4572914651707611,0.2586560496003404,0.14853817336946884,0.2586560496003372,0.14853817336946676,0.24950402685885317,232635,589940,357305,0.39433671220802113,96351,483558,126253,106382,0.004233360290527344,0.004928112030029297,0.0006947517395019531
Canny_Torch,Niblack_Thresholding_Torch,0.43260672652804033,0.26614817226628334,0.5586863541599502,0.3605410473638366,0.21991465341910857,0.3605410473638316,0.21991465341910485,0.43260672652804033,232635,488337,255702,0.47638208859865216,221542,358367,102665,129970,0.004233360290527344,0.2840580940246582,0.27982473373413086
Canny_Torch,Sauvola_Thresholding_Torch,0.2569091643037177,0.21956040468760626,0.6245534850731833,0.32490216686419643,0.19396011411224598,0.32490216686419277,0.19396011411224337,0.2569091643037177,232635,661745,429110,0.351547801645649,63457,516452,87342,145293,0.004233360290527344,0.28453922271728516,0.2803058624267578
Canny_Torch,Sobel_Torch,0.9664473554662886,1.0,0.8828078320115202,0.9377567025184529,0.8828078320115202,0.9377567025184315,0.8828078320114822,0.9664473554662886,232635,205372,27263,0.8828078320115202,579909,0,27263,205372,0.004233360290527344,0.0044786930084228516,0.0002453327178955078
Canny_Torch,Canny_Torch,1.0,1.0,1.0,1.0,1.0,0.9999999999999785,0.9999999999999569,1.0,232635,232635,0,1.0,579909,0,0,232635,0.004233360290527344,0.004233360290527344,0.0
