method1,method2,accuracy,precision,recall,f1_score,jaccard,dice_coefficient,intersection_over_union,pixel_agreement,area1,area2,area_difference,area_ratio,true_negative,false_positive,false_negative,true_positive,time1,time2,time_diff
Global_Threshold_CV2,Global_Threshold_CV2,1.0,1.0,1.0,1.0,1.0,0.9999999999999382,0.9999999999998764,1.0,80917,80917,0,1.0,48683,0,0,80917,0.0001609325408935547,0.0001609325408935547,0.0
Global_Threshold_CV2,Adaptive_Threshold_CV2,0.691604938271605,0.6937643729830505,0.9059653719243175,0.7857908502336749,0.6471626822981037,0.7857908502336327,0.6471626822980466,0.691604938271605,80917,105667,24750,0.765773609546973,16324,32359,7609,73308,0.0001609325408935547,0.0003821849822998047,0.00022125244140625
Global_Threshold_CV2,Otsu_Thresholding_CV2,0.8598919753086419,1.0,0.7755972169012691,0.8736184192210251,0.7755972169012691,0.8736184192209642,0.7755972169011733,0.8598919753086419,80917,62759,18158,0.7755972169012691,48683,0,18158,62759,0.0001609325408935547,0.00016951560974121094,8.58306884765625e-06
Global_Threshold_CV2,Niblack_Thresholding_CV2,0.6210725308641976,0.6936017918878122,0.7041536389139489,0.6988378867322846,0.5370874848002112,0.6988378867322418,0.5370874848001606,0.6210725308641976,80917,82148,1231,0.985014851244096,23513,25170,23939,56978,0.0001609325408935547,0.0005667209625244141,0.0004057884216308594
Global_Threshold_CV2,Sauvola_Thresholding_CV2,0.673233024691358,0.6593639984794143,0.9860350729760124,0.7902715391510625,0.6532635750311129,0.7902715391510233,0.6532635750310594,0.673233024691358,80917,121006,40089,0.6687023783944598,7464,41219,1130,79787,0.0001609325408935547,0.0006101131439208984,0.00044918060302734375
Global_Threshold_CV2,Sobel_CV2,0.398016975308642,0.5843415542112611,0.12415190874599899,0.20479262860695757,0.11407742184572409,0.2047926286069367,0.11407742184571114,0.398016975308642,80917,17192,63725,0.2124646242445963,41537,7146,70871,10046,0.0001609325408935547,0.0010063648223876953,0.0008454322814941406
Global_Threshold_CV2,Canny_CV2,0.38141975308641973,0.5308560599818736,0.0796248007217272,0.1384787327788166,0.07439008901871587,0.1384787327788017,0.07439008901870728,0.38141975308641973,80917,12137,68780,0.1499932029116255,42989,5694,74474,6443,0.0001609325408935547,0.00030922889709472656,0.00014829635620117188
Global_Threshold_CV2,Global_Threshold_Sklearn,0.9785648148148148,0.9762656491899602,0.9897302173832445,0.982951825713409,0.9664751882602819,0.9829518257133486,0.9664751882601653,0.9785648148148148,80917,82033,1116,0.9863957187960942,46736,1947,831,80086,0.0001609325408935547,0.009784221649169922,0.009623289108276367
Global_Threshold_CV2,Adaptive_Threshold_Sklearn,0.6671990740740741,0.6572739078316463,0.9757776487017561,0.7854659404610908,0.64672203656379,0.7854659404610517,0.6467220365637371,0.6671990740740741,80917,120128,39211,0.6735898375066596,7512,41171,1960,78957,0.0001609325408935547,0.010640621185302734,0.01047968864440918
Global_Threshold_CV2,Otsu_Thresholding_Sklearn,0.8594212962962963,0.9972716601630659,0.7769689929186697,0.8734431331142894,0.7753209436545031,0.8734431331142287,0.7753209436544075,0.8594212962962963,80917,63042,17875,0.7790946278285157,48511,172,18047,62870,0.0001609325408935547,0.010266780853271484,0.01010584831237793
Global_Threshold_CV2,Niblack_Thresholding_Sklearn,0.5958179012345679,0.8016703668463897,0.4685665558535289,0.5914422986927901,0.4198921337364475,0.5914422986927439,0.419892133736401,0.5958179012345679,80917,47295,33622,0.5844878084951246,39303,9380,43002,37915,0.0001609325408935547,0.012294769287109375,0.01213383674621582
Global_Threshold_CV2,Sauvola_Thresholding_Sklearn,0.643587962962963,0.6367703820401733,0.9990236909425708,0.7777857957251512,0.6363743712065749,0.7777857957251137,0.6363743712065248,0.643587962962963,80917,126950,46033,0.637392674281213,2571,46112,79,80838,0.0001609325408935547,0.01199793815612793,0.011837005615234375
Global_Threshold_CV2,Sobel_Sklearn,0.3979012345679012,0.5825937589464644,0.1257461349283834,0.20684678091520806,0.11535365673926105,0.20684678091518705,0.11535365673924798,0.3979012345679012,80917,17465,63452,0.2158384517468517,41393,7290,70742,10175,0.0001609325408935547,0.002012014389038086,0.0018510818481445312
Global_Threshold_CV2,Canny_Sklearn,0.386195987654321,0.594868238557559,0.05300493097865714,0.09733679803011563,0.05115818602542999,0.09733679803010459,0.051158186025423893,0.386195987654321,80917,7210,73707,0.08910364941853999,45762,2921,76628,4289,0.0001609325408935547,0.004342555999755859,0.004181623458862305
Global_Threshold_CV2,Global_Threshold_Torch,1.0,1.0,1.0,1.0,1.0,0.9999999999999382,0.9999999999998764,1.0,80917,80917,0,1.0,48683,0,0,80917,0.0001609325408935547,0.003970623016357422,0.003809690475463867
Global_Threshold_CV2,Adaptive_Threshold_Torch,0.6973148148148148,0.6989985393376421,0.9048531210993982,0.7887150982419855,0.6511392134891415,0.788715098241943,0.6511392134890835,0.6973148148148148,80917,104747,23830,0.7724994510582642,17154,31529,7699,73218,0.0001609325408935547,0.0010955333709716797,0.000934600830078125
Global_Threshold_CV2,Otsu_Thresholding_Torch,0.8602314814814814,1.0,0.7761409839712298,0.8739632618981352,0.7761409839712298,0.8739632618980744,0.7761409839711338,0.8602314814814814,80917,62803,18114,0.7761409839712298,48683,0,18114,62803,0.0001609325408935547,0.0012612342834472656,0.001100301742553711
Global_Threshold_CV2,Niblack_Thresholding_Torch,0.6249922839506172,0.695551144890352,0.7102586601085062,0.7028279678375983,0.5418155421266486,0.7028279678375552,0.5418155421265975,0.6249922839506172,80917,82628,1711,0.9792927336980201,23527,25156,23445,57472,0.0001609325408935547,0.04640507698059082,0.046244144439697266
Global_Threshold_CV2,Sauvola_Thresholding_Torch,0.6732407407407407,0.6593747159114387,0.9860103562910143,0.7902712982497846,0.6532632458058019,0.7902712982497454,0.6532632458057483,0.6732407407407407,80917,121001,40084,0.6687300104957811,7467,41216,1132,79785,0.0001609325408935547,0.0467379093170166,0.04657697677612305
Global_Threshold_CV2,Sobel_Torch,0.39597993827160494,0.5920776861813609,0.10473695267990657,0.17798826012537933,0.09768776799299184,0.17798826012536065,0.09768776799298058,0.39597993827160494,80917,14314,66603,0.17689731453217494,42844,5839,72442,8475,0.0001609325408935547,0.0012538433074951172,0.0010929107666015625
Global_Threshold_CV2,Canny_Torch,0.39791666666666664,0.5797998783791254,0.12961429613060296,0.2118659475183322,0.11848437605910662,0.21186594751831084,0.11848437605909325,0.39791666666666664,80917,18089,62828,0.2235500574662926,41082,7601,70429,10488,0.0001609325408935547,0.0011305809020996094,0.0009696483612060547
Adaptive_Threshold_CV2,Global_Threshold_CV2,0.691604938271605,0.9059653719243175,0.6937643729830505,0.7857908502336749,0.6471626822981037,0.7857908502336327,0.6471626822980466,0.691604938271605,105667,80917,24750,0.765773609546973,16324,7609,32359,73308,0.0003821849822998047,0.0001609325408935547,0.00022125244140625
Adaptive_Threshold_CV2,Adaptive_Threshold_CV2,1.0,1.0,1.0,1.0,1.0,0.9999999999999526,0.9999999999999054,1.0,105667,105667,0,1.0,23933,0,0,105667,0.0003821849822998047,0.0003821849822998047,0.0
Adaptive_Threshold_CV2,Otsu_Thresholding_CV2,0.6351234567901235,0.96510460651062,0.5732063936706824,0.7192357474499187,0.5615676312154055,0.719235747449876,0.5615676312153536,0.6351234567901235,105667,62759,42908,0.5939318803410715,21743,2190,45098,60569,0.0003821849822998047,0.00016951560974121094,0.00021266937255859375
Adaptive_Threshold_CV2,Niblack_Thresholding_CV2,0.7672453703703703,0.9595486195646882,0.7459755647458526,0.8393898250938423,0.7232314891274428,0.8393898250937976,0.7232314891273766,0.7672453703703703,105667,82148,23519,0.7774234150680913,20610,3323,26842,78825,0.0003821849822998047,0.0005667209625244141,0.00018453598022460938
Adaptive_Threshold_CV2,Sauvola_Thresholding_CV2,0.8732021604938272,0.8687172536898997,0.9948233601786746,0.9275034962258407,0.86480794385988,0.9275034962257998,0.864807943859809,0.8732021604938272,105667,121006,15339,0.8732376906930235,8047,15886,547,105120,0.0003821849822998047,0.0006101131439208984,0.00022792816162109375
Adaptive_Threshold_CV2,Sobel_CV2,0.19321759259259258,0.5322242903676129,0.0865927867735433,0.14895123678363,0.0804685644935757,0.1489512367836179,0.08046856449356864,0.19321759259259258,105667,17192,88475,0.16269980220882585,15891,8042,96517,9150,0.0003821849822998047,0.0010063648223876953,0.0006241798400878906
Adaptive_Threshold_CV2,Canny_CV2,0.20089506172839505,0.5866359067314822,0.06738149091012331,0.12087874775050084,0.0643272740414152,0.12087874775049057,0.0643272740414094,0.20089506172839505,105667,12137,93530,0.114860836401147,18916,5017,98547,7120,0.0003821849822998047,0.00030922889709472656,7.295608520507812e-05
Adaptive_Threshold_CV2,Global_Threshold_Sklearn,0.6726388888888889,0.8854607292187291,0.6874142352863241,0.7739690996270645,0.631280255164562,0.7739690996270232,0.6312802551645071,0.6726388888888889,105667,82033,23634,0.7763350904255822,14537,9396,33030,72637,0.0003821849822998047,0.009784221649169922,0.009402036666870117
Adaptive_Threshold_CV2,Adaptive_Threshold_Sklearn,0.8553780864197531,0.8617974160895046,0.9797382342642452,0.9169910759759959,0.8467068512869166,0.9169910759759553,0.8467068512868473,0.8553780864197531,105667,120128,14461,0.8796200719232818,7331,16602,2141,103526,0.0003821849822998047,0.010640621185302734,0.01025843620300293
Adaptive_Threshold_CV2,Otsu_Thresholding_Sklearn,0.6161805555555555,0.9435455727927413,0.5629288235683799,0.7051550302592037,0.5445864537747422,0.7051550302591618,0.5445864537746924,0.6161805555555555,105667,63042,42625,0.596610105330898,20374,3559,46184,59483,0.0003821849822998047,0.010266780853271484,0.00988459587097168
Adaptive_Threshold_CV2,Niblack_Thresholding_Sklearn,0.49780864197530866,0.9290411248546357,0.41582518667133544,0.574508701507564,0.40302504976014236,0.5745087015075264,0.4030250497601054,0.49780864197530866,105667,47295,58372,0.4475853388475115,20577,3356,61728,43939,0.0003821849822998047,0.012294769287109375,0.01191258430480957
Adaptive_Threshold_CV2,Sauvola_Thresholding_Sklearn,0.8288503086419753,0.8288144938952343,0.9957508020479431,0.9046458341393793,0.8258934528528481,0.9046458341393404,0.8258934528527834,0.8288503086419753,105667,126950,21283,0.8323513194170934,2201,21732,449,105218,0.0003821849822998047,0.01199793815612793,0.011615753173828125
Adaptive_Threshold_CV2,Sobel_Sklearn,0.1933641975308642,0.5322645290581163,0.08797448588490257,0.15099243088717798,0.08166133736252153,0.15099243088716574,0.08166133736251435,0.1933641975308642,105667,17465,88202,0.1652833902732168,15764,8169,96371,9296,0.0003821849822998047,0.002012014389038086,0.0016298294067382812
Adaptive_Threshold_CV2,Canny_Sklearn,0.1922608024691358,0.5682385575589459,0.038772748350951576,0.07259229072353092,0.03766317337745909,0.0725922907235245,0.03766317337745563,0.1922608024691358,105667,7210,98457,0.0682332232390434,20820,3113,101570,4097,0.0003821849822998047,0.004342555999755859,0.003960371017456055
Adaptive_Threshold_CV2,Global_Threshold_Torch,0.691604938271605,0.9059653719243175,0.6937643729830505,0.7857908502336749,0.6471626822981037,0.7857908502336327,0.6471626822980466,0.691604938271605,105667,80917,24750,0.765773609546973,16324,7609,32359,73308,0.0003821849822998047,0.003970623016357422,0.003588438034057617
Adaptive_Threshold_CV2,Adaptive_Threshold_Torch,0.9435956790123456,0.9694979331150295,0.9610569051832644,0.9652589656581786,0.9328507651889548,0.9652589656581327,0.9328507651888691,0.9435956790123456,105667,104747,920,0.9912934028599278,20738,3195,4115,101552,0.0003821849822998047,0.0010955333709716797,0.000713348388671875
Adaptive_Threshold_CV2,Otsu_Thresholding_Torch,0.6352314814814815,0.9648902122510071,0.5734808407544456,0.7193921766486615,0.5617583803025809,0.7193921766486188,0.5617583803025288,0.6352314814814815,105667,62803,42864,0.594348282812988,21728,2205,45069,60598,0.0003821849822998047,0.0012612342834472656,0.0008790493011474609
Adaptive_Threshold_CV2,Niblack_Thresholding_Torch,0.7709799382716049,0.9598078133320425,0.7505370645518469,0.8423696858652646,0.7276672661210408,0.8423696858652199,0.7276672661209741,0.7709799382716049,105667,82628,23039,0.7819659874889985,20612,3321,26360,79307,0.0003821849822998047,0.04640507698059082,0.046022891998291016
Adaptive_Threshold_CV2,Sauvola_Thresholding_Torch,0.8732407407407408,0.8687531508004066,0.9948233601786746,0.9275239557414369,0.8648435186099319,0.9275239557413959,0.8648435186098608,0.8732407407407408,105667,121001,15334,0.8732737745969041,8052,15881,547,105120,0.0003821849822998047,0.0467379093170166,0.0463557243347168
Adaptive_Threshold_CV2,Sobel_Torch,0.1983564814814815,0.5619673047366215,0.07612594282036965,0.134087897250398,0.07186185086253875,0.1340878972503868,0.07186185086253233,0.1983564814814815,105667,14314,91353,0.13546329506846982,17663,6270,97623,8044,0.0003821849822998047,0.0012538433074951172,0.0008716583251953125
Adaptive_Threshold_CV2,Canny_Torch,0.200570987654321,0.5569683232903975,0.09534670237633319,0.16282038850641586,0.08862518802614333,0.1628203885064027,0.08862518802613553,0.200570987654321,105667,18089,87578,0.17118873442039614,15919,8014,95592,10075,0.0003821849822998047,0.0011305809020996094,0.0007483959197998047
Otsu_Thresholding_CV2,Global_Threshold_CV2,0.8598919753086419,0.7755972169012691,1.0,0.8736184192210251,0.7755972169012691,0.8736184192209642,0.7755972169011733,0.8598919753086419,62759,80917,18158,0.7755972169012691,48683,18158,0,62759,0.00016951560974121094,0.0001609325408935547,8.58306884765625e-06
Otsu_Thresholding_CV2,Adaptive_Threshold_CV2,0.6351234567901235,0.5732063936706824,0.96510460651062,0.7192357474499187,0.5615676312154055,0.719235747449876,0.5615676312153536,0.6351234567901235,62759,105667,42908,0.5939318803410715,21743,45098,2190,60569,0.00016951560974121094,0.0003821849822998047,0.00021266937255859375
Otsu_Thresholding_CV2,Otsu_Thresholding_CV2,1.0,1.0,1.0,1.0,1.0,0.9999999999999204,0.9999999999998407,1.0,62759,62759,0,1.0,66841,0,0,62759,0.00016951560974121094,0.00016951560974121094,0.0
Otsu_Thresholding_CV2,Niblack_Thresholding_CV2,0.5680015432098765,0.5412182889419097,0.7084242897433037,0.6136349520727087,0.4426214819755692,0.6136349520726663,0.44262148197552514,0.5680015432098765,62759,82148,19389,0.7639747772313386,29153,37688,18299,44460,0.00016951560974121094,0.0005667209625244141,0.0003972053527832031
Otsu_Thresholding_CV2,Sauvola_Thresholding_CV2,0.5501774691358025,0.5184371022924483,0.9996016507592537,0.6827633118384894,0.5183300146243525,0.6827633118384522,0.5183300146243096,0.5501774691358025,62759,121006,58247,0.5186437036180024,8569,58272,25,62734,0.00016951560974121094,0.0006101131439208984,0.0004405975341796875
Otsu_Thresholding_CV2,Sobel_CV2,0.4615817901234568,0.295835272219637,0.08104016953743687,0.12722792710535202,0.06793561744473385,0.12722792710533612,0.06793561744472479,0.4615817901234568,62759,17192,45567,0.273936805876448,54735,12106,57673,5086,0.00016951560974121094,0.0010063648223876953,0.0008368492126464844
Otsu_Thresholding_CV2,Canny_CV2,0.46459876543209877,0.22690945044080085,0.0438821523606176,0.07354197820978424,0.03817471098666519,0.07354197820977441,0.0381747109866599,0.46459876543209877,62759,12137,50622,0.19339058939753662,57458,9383,60005,2754,0.00016951560974121094,0.00030922889709472656,0.00013971328735351562
Otsu_Thresholding_CV2,Global_Threshold_Sklearn,0.850108024691358,0.7641193178355052,0.9987890183081312,0.8658351290126526,0.7634120498361934,0.8658351290125927,0.7634120498361004,0.850108024691358,62759,82033,19274,0.7650457742615776,47491,19350,76,62683,0.00016951560974121094,0.009784221649169922,0.009614706039428711
Otsu_Thresholding_CV2,Adaptive_Threshold_Sklearn,0.550625,0.5188132658497603,0.9930687232110136,0.6815574644452586,0.5169413501654736,0.6815574644452213,0.5169413501654307,0.550625,62759,120128,57369,0.5224344033031433,9037,57804,435,62324,0.00016951560974121094,0.010640621185302734,0.010471105575561523
Otsu_Thresholding_CV2,Otsu_Thresholding_Sklearn,0.9795138888888889,0.9766980742996733,0.9811023120189933,0.9788952393065238,0.9586628884598617,0.978895239306446,0.9586628884597125,0.9795138888888889,62759,63042,283,0.9955109292217886,65372,1469,1186,61573,0.00016951560974121094,0.010266780853271484,0.010097265243530273
Otsu_Thresholding_CV2,Niblack_Thresholding_Sklearn,0.6056944444444444,0.6232371286605349,0.4696696888095731,0.5356643102476966,0.36580704410633175,0.5356643102476479,0.3658070441062864,0.6056944444444444,62759,47295,15464,0.7535970936439396,49022,17819,33283,29476,0.00016951560974121094,0.012294769287109375,0.012125253677368164
Otsu_Thresholding_CV2,Sauvola_Thresholding_Sklearn,0.5046990740740741,0.49435998424576605,1.0,0.6616343979463283,0.49435998424576605,0.6616343979462934,0.49435998424572714,0.5046990740740741,62759,126950,64191,0.49435998424576605,2650,64191,0,62759,0.00016951560974121094,0.01199793815612793,0.011828422546386719
Otsu_Thresholding_CV2,Sobel_Sklearn,0.46044753086419754,0.29481820784425994,0.08204400962411766,0.12836557638611887,0.06858474858474858,0.12836557638610288,0.06858474858473945,0.46044753086419754,62759,17465,45294,0.2782867795853981,54525,12316,57610,5149,0.00016951560974121094,0.002012014389038086,0.001842498779296875
Otsu_Thresholding_CV2,Canny_Sklearn,0.49202932098765434,0.2868238557558946,0.03295144919453784,0.05911189240949563,0.030456105211999825,0.059111892409487186,0.03045610521199534,0.49202932098765434,62759,7210,55549,0.11488392103124652,61699,5142,60691,2068,0.00016951560974121094,0.004342555999755859,0.0041730403900146484
Otsu_Thresholding_CV2,Global_Threshold_Torch,0.8598919753086419,0.7755972169012691,1.0,0.8736184192210251,0.7755972169012691,0.8736184192209642,0.7755972169011733,0.8598919753086419,62759,80917,18158,0.7755972169012691,48683,18158,0,62759,0.00016951560974121094,0.003970623016357422,0.003801107406616211
Otsu_Thresholding_CV2,Adaptive_Threshold_Torch,0.6445833333333333,0.5797015666319799,0.9675425038639877,0.7250128353611214,0.5686432424333233,0.7250128353610781,0.5686432424332701,0.6445833333333333,62759,104747,41988,0.599148424298548,22816,44025,2037,60722,0.00016951560974121094,0.0010955333709716797,0.0009260177612304688
Otsu_Thresholding_CV2,Otsu_Thresholding_Torch,0.9996604938271605,0.9992993965256437,1.0,0.9996495755085137,0.9992993965256437,0.9996495755084341,0.9992993965254846,0.9996604938271605,62759,62803,44,0.9992993965256437,66797,44,0,62759,0.00016951560974121094,0.0012612342834472656,0.0010917186737060547
Otsu_Thresholding_CV2,Niblack_Thresholding_Torch,0.5717206790123457,0.5438955317809944,0.7160885291352634,0.618225838623811,0.44741453119088864,0.6182258386237683,0.4474145311908441,0.5717206790123457,62759,82628,19869,0.7595367187878201,29154,37687,17818,44941,0.00016951560974121094,0.04640507698059082,0.04623556137084961
Otsu_Thresholding_CV2,Sauvola_Thresholding_Torch,0.5502314814814815,0.518466789530665,0.9996175847288835,0.6827927731824118,0.5183639743854576,0.6827927731823746,0.5183639743854147,0.5502314814814815,62759,121001,58242,0.5186651349988843,8575,58266,24,62735,0.00016951560974121094,0.0467379093170166,0.04656839370727539
Otsu_Thresholding_CV2,Sobel_Torch,0.4786188271604938,0.33191281263099065,0.0757022897114358,0.1232857161392446,0.06569232045573961,0.12328571613922862,0.06569232045573054,0.4786188271604938,62759,14314,48445,0.2280788412817285,57278,9563,58008,4751,0.00016951560974121094,0.0012538433074951172,0.0010843276977539062
Otsu_Thresholding_CV2,Canny_Torch,0.4631327160493827,0.3115152855326441,0.08978791886422664,0.1393973876904809,0.0749205589459269,0.13939738769046367,0.07492055894591694,0.4631327160493827,62759,18089,44670,0.28822957663442694,54387,12454,57124,5635,0.00016951560974121094,0.0011305809020996094,0.0009610652923583984
Niblack_Thresholding_CV2,Global_Threshold_CV2,0.6210725308641976,0.7041536389139489,0.6936017918878122,0.6988378867322846,0.5370874848002112,0.6988378867322418,0.5370874848001606,0.6210725308641976,82148,80917,1231,0.985014851244096,23513,23939,25170,56978,0.0005667209625244141,0.0001609325408935547,0.0004057884216308594
Niblack_Thresholding_CV2,Adaptive_Threshold_CV2,0.7672453703703703,0.7459755647458526,0.9595486195646882,0.8393898250938423,0.7232314891274428,0.8393898250937976,0.7232314891273766,0.7672453703703703,82148,105667,23519,0.7774234150680913,20610,26842,3323,78825,0.0005667209625244141,0.0003821849822998047,0.00018453598022460938
Niblack_Thresholding_CV2,Otsu_Thresholding_CV2,0.5680015432098765,0.7084242897433037,0.5412182889419097,0.6136349520727087,0.4426214819755692,0.6136349520726663,0.44262148197552514,0.5680015432098765,82148,62759,19389,0.7639747772313386,29153,18299,37688,44460,0.0005667209625244141,0.00016951560974121094,0.0003972053527832031
Niblack_Thresholding_CV2,Niblack_Thresholding_CV2,1.0,1.0,1.0,1.0,1.0,0.999999999999939,0.9999999999998783,1.0,82148,82148,0,1.0,47452,0,0,82148,0.0005667209625244141,0.0005667209625244141,0.0
Niblack_Thresholding_CV2,Sauvola_Thresholding_CV2,0.7001388888888889,0.6788588995586996,0.9999756536982033,0.8087066954133317,0.678847679492265,0.8087066954132919,0.6788476794922089,0.7001388888888889,82148,121006,38858,0.6788754276647438,8592,38860,2,82146,0.0005667209625244141,0.0006101131439208984,4.3392181396484375e-05
Niblack_Thresholding_CV2,Sobel_CV2,0.3863117283950617,0.5760237319683573,0.12055071334664265,0.19937588081336824,0.11072598588950881,0.19937588081334817,0.11072598588949643,0.3863117283950617,82148,17192,64956,0.2092808102449238,40163,7289,72245,9903,0.0005667209625244141,0.0010063648223876953,0.00043964385986328125
Niblack_Thresholding_CV2,Canny_CV2,0.38343364197530866,0.5923210018950317,0.0875127818084433,0.15249509465980804,0.08254110406907321,0.15249509465979186,0.08254110406906373,0.38343364197530866,82148,12137,70011,0.1477455324536203,42504,4948,74959,7189,0.0005667209625244141,0.00030922889709472656,0.0002574920654296875
Niblack_Thresholding_CV2,Global_Threshold_Sklearn,0.6027854938271605,0.6869308692843125,0.6859692262745289,0.6864497109897004,0.5225911156449967,0.6864497109896586,0.5225911156449483,0.6027854938271605,82148,82033,115,0.9986000876466865,21770,25682,25797,56351,0.0005667209625244141,0.009784221649169922,0.009217500686645508
Niblack_Thresholding_CV2,Adaptive_Threshold_Sklearn,0.6810648148148148,0.6698771310602024,0.9795856259434192,0.7956554410805039,0.6606543245351176,0.7956554410804645,0.6606543245350633,0.6810648148148148,82148,120128,37980,0.6838372402770378,7795,39657,1677,80471,0.0005667209625244141,0.010640621185302734,0.01007390022277832
Niblack_Thresholding_CV2,Otsu_Thresholding_Sklearn,0.5505864197530864,0.6895878937850957,0.5292033890052101,0.5988428955162202,0.4273916847724569,0.5988428955161789,0.4273916847724149,0.5505864197530864,82148,63042,19106,0.7674197789355797,27883,19569,38675,43473,0.0005667209625244141,0.010266780853271484,0.00970005989074707
Niblack_Thresholding_CV2,Niblack_Thresholding_Sklearn,0.6758256172839506,0.9243048948091764,0.5321492915226177,0.6754324297180999,0.5099267450541247,0.6754324297180477,0.5099267450540652,0.6758256172839506,82148,47295,34853,0.5757291717388129,43872,3580,38433,43715,0.0005667209625244141,0.012294769287109375,0.011728048324584961
Niblack_Thresholding_CV2,Sauvola_Thresholding_Sklearn,0.6508487654320988,0.6453249310752265,0.9972732141987632,0.7835942954978049,0.6441882774781009,0.7835942954977674,0.6441882774780502,0.6508487654320988,82148,126950,44802,0.6470894052776683,2426,45026,224,81924,0.0005667209625244141,0.01199793815612793,0.011431217193603516
Niblack_Thresholding_CV2,Sobel_Sklearn,0.38656635802469136,0.5757801316919553,0.12241320543409456,0.20190135825645247,0.11228603012606496,0.2019013582564322,0.11228603012605243,0.38656635802469136,82148,17465,64683,0.21260408044018114,40043,7409,72092,10056,0.0005667209625244141,0.002012014389038086,0.0014452934265136719
Niblack_Thresholding_CV2,Canny_Sklearn,0.3810802469135802,0.6342579750346741,0.055667819058285044,0.10235233554913942,0.05393642743409801,0.10235233554912797,0.053936427434091654,0.3810802469135802,82148,7210,74938,0.08776841797730925,44815,2637,77575,4573,0.0005667209625244141,0.004342555999755859,0.0037758350372314453
Niblack_Thresholding_CV2,Global_Threshold_Torch,0.6210725308641976,0.7041536389139489,0.6936017918878122,0.6988378867322846,0.5370874848002112,0.6988378867322418,0.5370874848001606,0.6210725308641976,82148,80917,1231,0.985014851244096,23513,23939,25170,56978,0.0005667209625244141,0.003970623016357422,0.003403902053833008
Niblack_Thresholding_CV2,Adaptive_Threshold_Torch,0.7887268518518519,0.7614251482142687,0.9708939962019769,0.8534952780973274,0.7444324142694468,0.8534952780972817,0.7444324142693775,0.7887268518518519,82148,104747,22599,0.7842515776108147,22462,24990,2391,79757,0.0005667209625244141,0.0010955333709716797,0.0005288124084472656
Niblack_Thresholding_CV2,Otsu_Thresholding_Torch,0.5680787037037037,0.7083578809929462,0.541546964016166,0.6138212223441025,0.44281533683707597,0.6138212223440601,0.4428153368370319,0.5680787037037037,82148,62803,19345,0.7645103958708672,29136,18316,37661,44487,0.0005667209625244141,0.0012612342834472656,0.0006945133209228516
Niblack_Thresholding_CV2,Niblack_Thresholding_Torch,0.975216049382716,0.9776589049716803,0.9833714758728149,0.9805068699325145,0.9617591732742815,0.9805068699324548,0.961759173274167,0.975216049382716,82148,82628,480,0.9941908311952364,45606,1846,1366,80782,0.0005667209625244141,0.04640507698059082,0.045838356018066406
Niblack_Thresholding_CV2,Sauvola_Thresholding_Torch,0.7002083333333333,0.6789034801365278,1.0,0.8087462896691591,0.6789034801365278,0.8087462896691192,0.6789034801364717,0.7002083333333333,82148,121001,38853,0.6789034801365278,8599,38853,0,82148,0.0005667209625244141,0.0467379093170166,0.04617118835449219
Niblack_Thresholding_CV2,Sobel_Torch,0.38160493827160497,0.5700013972334778,0.09932073817987047,0.16916505981630073,0.09239776678029059,0.1691650598162832,0.09239776678028012,0.38160493827160497,82148,14314,67834,0.17424648195939038,41297,6155,73989,8159,0.0005667209625244141,0.0012538433074951172,0.0006871223449707031
Niblack_Thresholding_CV2,Canny_Torch,0.3852854938271605,0.5685775885897507,0.12520085698982325,0.2052136436645151,0.11433875844895056,0.20521364366449463,0.11433875844893784,0.3852854938271605,82148,18089,64059,0.22020012660076935,39648,7804,71863,10285,0.0005667209625244141,0.0011305809020996094,0.0005638599395751953
Sauvola_Thresholding_CV2,Global_Threshold_CV2,0.673233024691358,0.9860350729760124,0.6593639984794143,0.7902715391510625,0.6532635750311129,0.7902715391510233,0.6532635750310594,0.673233024691358,121006,80917,40089,0.6687023783944598,7464,1130,41219,79787,0.0006101131439208984,0.0001609325408935547,0.00044918060302734375
Sauvola_Thresholding_CV2,Adaptive_Threshold_CV2,0.8732021604938272,0.9948233601786746,0.8687172536898997,0.9275034962258407,0.86480794385988,0.9275034962257998,0.864807943859809,0.8732021604938272,121006,105667,15339,0.8732376906930235,8047,547,15886,105120,0.0006101131439208984,0.0003821849822998047,0.00022792816162109375
Sauvola_Thresholding_CV2,Otsu_Thresholding_CV2,0.5501774691358025,0.9996016507592537,0.5184371022924483,0.6827633118384894,0.5183300146243525,0.6827633118384522,0.5183300146243096,0.5501774691358025,121006,62759,58247,0.5186437036180024,8569,25,58272,62734,0.0006101131439208984,0.00016951560974121094,0.0004405975341796875
Sauvola_Thresholding_CV2,Niblack_Thresholding_CV2,0.7001388888888889,0.9999756536982033,0.6788588995586996,0.8087066954133317,0.678847679492265,0.8087066954132919,0.6788476794922089,0.7001388888888889,121006,82148,38858,0.6788754276647438,8592,2,38860,82146,0.0006101131439208984,0.0005667209625244141,4.3392181396484375e-05
Sauvola_Thresholding_CV2,Sauvola_Thresholding_CV2,1.0,1.0,1.0,1.0,1.0,0.9999999999999586,0.9999999999999174,1.0,121006,121006,0,1.0,8594,0,0,121006,0.0006101131439208984,0.0006101131439208984,0.0
Sauvola_Thresholding_CV2,Sobel_CV2,0.13137345679012347,0.7452303396928804,0.1058790473199676,0.18541512901778606,0.10218046671877243,0.18541512901777266,0.10218046671876428,0.13137345679012347,121006,17192,103814,0.14207559955704677,4214,4380,108194,12812,0.0006101131439208984,0.0010063648223876953,0.0003962516784667969
Sauvola_Thresholding_CV2,Canny_CV2,0.13224537037037037,0.8520227403806542,0.08545857230219989,0.1553367432009193,0.08420872624224361,0.15533674320090762,0.08420872624223676,0.13224537037037037,121006,12137,108869,0.10030081153000678,6798,1796,110665,10341,0.0006101131439208984,0.00030922889709472656,0.0003008842468261719
Sauvola_Thresholding_CV2,Global_Threshold_Sklearn,0.6678472222222223,0.9751685297380323,0.6610911855610465,0.7879865444569762,0.6501466966832733,0.7879865444569374,0.6501466966832204,0.6678472222222223,121006,82033,38973,0.677925061567195,6557,2037,41010,79996,0.0006101131439208984,0.009784221649169922,0.009174108505249023
Sauvola_Thresholding_CV2,Adaptive_Threshold_Sklearn,0.9449691358024691,0.9739694326052211,0.9669024676462324,0.9704230842602038,0.9425454955571846,0.9704230842601635,0.9425454955571088,0.9449691358024691,121006,120128,878,0.9927441614465399,5467,3127,4005,117001,0.0006101131439208984,0.010640621185302734,0.010030508041381836
Sauvola_Thresholding_CV2,Otsu_Thresholding_Sklearn,0.5397222222222222,0.986612099869928,0.5140075698725683,0.6758888985482048,0.5104472712351251,0.675888898548168,0.5104472712350833,0.5397222222222222,121006,63042,57964,0.5209824306232749,7750,844,58808,62198,0.0006101131439208984,0.010266780853271484,0.009656667709350586
Sauvola_Thresholding_CV2,Niblack_Thresholding_Sklearn,0.42233796296296294,0.9877999788561159,0.38608002908946665,0.5551719835295096,0.38424779780067936,0.5551719835294766,0.3842477978006478,0.42233796296296294,121006,47295,73711,0.39084838768325536,8017,577,74288,46718,0.0006101131439208984,0.012294769287109375,0.011684656143188477
Sauvola_Thresholding_CV2,Sauvola_Thresholding_Sklearn,0.9500617283950618,0.9510988578180386,0.9978182900021486,0.9738985949120005,0.949125096294433,0.9738985949119612,0.9491250962943584,0.9500617283950618,121006,126950,5944,0.953178416699488,2386,6208,264,120742,0.0006101131439208984,0.01199793815612793,0.011387825012207031
Sauvola_Thresholding_CV2,Sobel_Sklearn,0.1326929012345679,0.7462925851703407,0.10771366709088806,0.18825602472719918,0.10390873506222247,0.18825602472718558,0.1039087350622142,0.1326929012345679,121006,17465,103541,0.1443316860320976,4163,4431,107972,13034,0.0006101131439208984,0.002012014389038086,0.0014019012451171875
Sauvola_Thresholding_CV2,Canny_Sklearn,0.10504629629629629,0.848127600554785,0.050534684230534026,0.0953859112747239,0.05008148991408752,0.09538591127471646,0.05008148991408342,0.10504629629629629,121006,7210,113796,0.059583822289803814,7499,1095,114891,6115,0.0006101131439208984,0.004342555999755859,0.003732442855834961
Sauvola_Thresholding_CV2,Global_Threshold_Torch,0.673233024691358,0.9860350729760124,0.6593639984794143,0.7902715391510625,0.6532635750311129,0.7902715391510233,0.6532635750310594,0.673233024691358,121006,80917,40089,0.6687023783944598,7464,1130,41219,79787,0.0006101131439208984,0.003970623016357422,0.0033605098724365234
Sauvola_Thresholding_CV2,Adaptive_Threshold_Torch,0.8716126543209877,0.998186105568656,0.8640645918384212,0.9262955531044992,0.862709990428727,0.9262955531044581,0.8627099904286558,0.8716126543209877,121006,104747,16259,0.8656347619126324,8404,190,16449,104557,0.0006101131439208984,0.0010955333709716797,0.00048542022705078125
Sauvola_Thresholding_CV2,Otsu_Thresholding_Torch,0.550516975308642,0.9996019298441158,0.5188007206254235,0.6830786305349574,0.5186935578488155,0.6830786305349202,0.5186935578487728,0.550516975308642,121006,62803,58203,0.5190073219509777,8569,25,58228,62778,0.0006101131439208984,0.0012612342834472656,0.0006511211395263672
Sauvola_Thresholding_CV2,Niblack_Thresholding_Torch,0.7038425925925926,0.9999757951299801,0.6828256450093384,0.8115147765107988,0.6828143593811979,0.8115147765107589,0.6828143593811415,0.7038425925925926,121006,82628,38378,0.6828421731153828,8592,2,38380,82626,0.0006101131439208984,0.04640507698059082,0.04579496383666992
Sauvola_Thresholding_CV2,Sauvola_Thresholding_Torch,0.9990663580246913,0.99952066511847,0.9994793646596036,0.9995000144623916,0.9990005286460054,0.9995000144623503,0.9990005286459229,0.9990663580246913,121006,121001,5,0.9999586797348892,8536,58,63,120943,0.0006101131439208984,0.0467379093170166,0.0461277961730957
Sauvola_Thresholding_CV2,Sobel_Torch,0.1237962962962963,0.760234735224256,0.08992942498719071,0.16083357966302098,0.08744917147495138,0.1608335796630091,0.08744917147494435,0.1237962962962963,121006,14314,106692,0.11829165495925822,5162,3432,110124,10882,0.0006101131439208984,0.0012538433074951172,0.0006437301635742188
Sauvola_Thresholding_CV2,Canny_Torch,0.139375,0.7617336502847034,0.11387038659240038,0.19812358460045293,0.10995403619649526,0.19812358460043866,0.10995403619648648,0.139375,121006,18089,102917,0.14948845511792805,4284,4310,107227,13779,0.0006101131439208984,0.0011305809020996094,0.0005204677581787109
Sobel_CV2,Global_Threshold_CV2,0.398016975308642,0.12415190874599899,0.5843415542112611,0.20479262860695757,0.11407742184572409,0.2047926286069367,0.11407742184571114,0.398016975308642,17192,80917,63725,0.2124646242445963,41537,70871,7146,10046,0.0010063648223876953,0.0001609325408935547,0.0008454322814941406
Sobel_CV2,Adaptive_Threshold_CV2,0.19321759259259258,0.0865927867735433,0.5322242903676129,0.14895123678363,0.0804685644935757,0.1489512367836179,0.08046856449356864,0.19321759259259258,17192,105667,88475,0.16269980220882585,15891,96517,8042,9150,0.0010063648223876953,0.0003821849822998047,0.0006241798400878906
Sobel_CV2,Otsu_Thresholding_CV2,0.4615817901234568,0.08104016953743687,0.295835272219637,0.12722792710535202,0.06793561744473385,0.12722792710533612,0.06793561744472479,0.4615817901234568,17192,62759,45567,0.273936805876448,54735,57673,12106,5086,0.0010063648223876953,0.00016951560974121094,0.0008368492126464844
Sobel_CV2,Niblack_Thresholding_CV2,0.3863117283950617,0.12055071334664265,0.5760237319683573,0.19937588081336824,0.11072598588950881,0.19937588081334817,0.11072598588949643,0.3863117283950617,17192,82148,64956,0.2092808102449238,40163,72245,7289,9903,0.0010063648223876953,0.0005667209625244141,0.00043964385986328125
Sobel_CV2,Sauvola_Thresholding_CV2,0.13137345679012347,0.1058790473199676,0.7452303396928804,0.18541512901778606,0.10218046671877243,0.18541512901777266,0.10218046671876428,0.13137345679012347,17192,121006,103814,0.14207559955704677,4214,108194,4380,12812,0.0010063648223876953,0.0006101131439208984,0.0003962516784667969
Sobel_CV2,Sobel_CV2,1.0,1.0,1.0,1.0,1.0,0.9999999999997092,0.9999999999994182,1.0,17192,17192,0,1.0,112408,0,0,17192,0.0010063648223876953,0.0010063648223876953,0.0
Sobel_CV2,Canny_CV2,0.9054861111111111,0.7036335173436599,0.496742671009772,0.582358757543728,0.4107941699937467,0.5823587575435295,0.41079416999354906,0.9054861111111111,17192,12137,5055,0.7059678920428106,108811,3597,8652,8540,0.0010063648223876953,0.00030922889709472656,0.0006971359252929688
Sobel_CV2,Global_Threshold_Sklearn,0.3977391975308642,0.12904562797898406,0.6157515123313169,0.21337364575459813,0.11942824264714177,0.21337364575457662,0.11942824264712831,0.3977391975308642,17192,82033,64841,0.20957419575049066,40961,71447,6606,10586,0.0010063648223876953,0.009784221649169922,0.008777856826782227
Sobel_CV2,Adaptive_Threshold_Sklearn,0.13745370370370372,0.1062783031433138,0.7426128431828758,0.18594523740168947,0.10250254911563753,0.18594523740167593,0.1025025491156293,0.13745370370370372,17192,120128,102936,0.1431140117208311,5047,107361,4425,12767,0.0010063648223876953,0.010640621185302734,0.009634256362915039
Sobel_CV2,Otsu_Thresholding_Sklearn,0.46469135802469136,0.08611719171346087,0.3157864122847836,0.13532916220056335,0.07257536260945124,0.1353291622005465,0.07257536260944154,0.46469135802469136,17192,63042,45850,0.2727070841661115,54795,57613,11763,5429,0.0010063648223876953,0.010266780853271484,0.009260416030883789
Sobel_CV2,Niblack_Thresholding_Sklearn,0.6101620370370371,0.14762659900623745,0.4061191251744998,0.21653976770511887,0.12141552908442745,0.2165397677050853,0.12141552908440634,0.6101620370370371,17192,47295,30103,0.3635056559890052,72095,40313,10210,6982,0.0010063648223876953,0.012294769287109375,0.01128840446472168
Sobel_CV2,Sauvola_Thresholding_Sklearn,0.13493827160493826,0.1261520283576211,0.9315379246161005,0.22221143039502714,0.12499317083830887,0.2222114303950117,0.12499317083829911,0.13493827160493826,17192,126950,109758,0.1354233950374163,1473,110935,1177,16015,0.0010063648223876953,0.01199793815612793,0.010991573333740234
Sobel_CV2,Sobel_Sklearn,0.9977546296296296,0.9838534211279703,0.9994765006979991,0.9916034278789277,0.9833466865056656,0.9916034278786418,0.9833466865051028,0.9977546296296296,17192,17465,273,0.9843687374749499,112126,282,9,17183,0.0010063648223876953,0.002012014389038086,0.0010056495666503906
Sobel_CV2,Canny_Sklearn,0.9134722222222222,0.9145631067961165,0.38355048859934854,0.540447504302926,0.37028301886792453,0.5404475043027045,0.3702830188677166,0.9134722222222222,17192,7210,9982,0.4193811074918567,111792,616,10598,6594,0.0010063648223876953,0.004342555999755859,0.003336191177368164
Sobel_CV2,Global_Threshold_Torch,0.398016975308642,0.12415190874599899,0.5843415542112611,0.20479262860695757,0.11407742184572409,0.2047926286069367,0.11407742184571114,0.398016975308642,17192,80917,63725,0.2124646242445963,41537,70871,7146,10046,0.0010063648223876953,0.003970623016357422,0.0029642581939697266
Sobel_CV2,Adaptive_Threshold_Torch,0.2019675925925926,0.08837484605764366,0.5384481154025128,0.1518300133673394,0.08215154150618555,0.15183001336732696,0.08215154150617826,0.2019675925925926,17192,104747,87555,0.16412880559825102,16918,95490,7935,9257,0.0010063648223876953,0.0010955333709716797,8.916854858398438e-05
Sobel_CV2,Otsu_Thresholding_Torch,0.46131944444444445,0.08106300654427337,0.2961261051651931,0.12728295518469904,0.06796699775712912,0.12728295518468313,0.06796699775712005,0.46131944444444445,17192,62803,45611,0.2737448847984969,54696,57712,12101,5091,0.0010063648223876953,0.0012612342834472656,0.0002548694610595703
Sobel_CV2,Niblack_Thresholding_Torch,0.3824845679012346,0.11975359442319795,0.5755583992554677,0.19825686235223403,0.11003614122880177,0.19825686235221415,0.11003614122878955,0.3824845679012346,17192,82628,65436,0.20806506269061334,39675,72733,7297,9895,0.0010063648223876953,0.04640507698059082,0.045398712158203125
Sobel_CV2,Sauvola_Thresholding_Torch,0.13138117283950618,0.10586689366203585,0.745114006514658,0.18539289254882665,0.10216696043323258,0.18539289254881322,0.10216696043322443,0.13138117283950618,17192,121001,103809,0.14208147040107105,4217,108191,4382,12810,0.0010063648223876953,0.0467379093170166,0.045731544494628906
Sobel_CV2,Sobel_Torch,0.9558950617283951,0.9008662847561828,0.7500581665891112,0.8185742398273345,0.6928698081779593,0.8185742398270747,0.6928698081775869,0.9558950617283951,17192,14314,2878,0.8325965565379246,110989,1419,4297,12895,0.0010063648223876953,0.0012538433074951172,0.0002474784851074219
Sobel_CV2,Canny_Torch,0.9850231481481482,0.921554535905799,0.969637040483946,0.9449845525920467,0.8957068400408361,0.9449845525917789,0.8957068400403547,0.9850231481481482,17192,18089,897,0.9504118525070485,110989,1419,522,16670,0.0010063648223876953,0.0011305809020996094,0.00012421607971191406
Canny_CV2,Global_Threshold_CV2,0.38141975308641973,0.0796248007217272,0.5308560599818736,0.1384787327788166,0.07439008901871587,0.1384787327788017,0.07439008901870728,0.38141975308641973,12137,80917,68780,0.1499932029116255,42989,74474,5694,6443,0.00030922889709472656,0.0001609325408935547,0.00014829635620117188
Canny_CV2,Adaptive_Threshold_CV2,0.20089506172839505,0.06738149091012331,0.5866359067314822,0.12087874775050084,0.0643272740414152,0.12087874775049057,0.0643272740414094,0.20089506172839505,12137,105667,93530,0.114860836401147,18916,98547,5017,7120,0.00030922889709472656,0.0003821849822998047,7.295608520507812e-05
Canny_CV2,Otsu_Thresholding_CV2,0.46459876543209877,0.0438821523606176,0.22690945044080085,0.07354197820978424,0.03817471098666519,0.07354197820977441,0.0381747109866599,0.46459876543209877,12137,62759,50622,0.19339058939753662,57458,60005,9383,2754,0.00030922889709472656,0.00016951560974121094,0.00013971328735351562
Canny_CV2,Niblack_Thresholding_CV2,0.38343364197530866,0.0875127818084433,0.5923210018950317,0.15249509465980804,0.08254110406907321,0.15249509465979186,0.08254110406906373,0.38343364197530866,12137,82148,70011,0.1477455324536203,42504,74959,4948,7189,0.00030922889709472656,0.0005667209625244141,0.0002574920654296875
Canny_CV2,Sauvola_Thresholding_CV2,0.13224537037037037,0.08545857230219989,0.8520227403806542,0.1553367432009193,0.08420872624224361,0.15533674320090762,0.08420872624223676,0.13224537037037037,12137,121006,108869,0.10030081153000678,6798,110665,1796,10341,0.00030922889709472656,0.0006101131439208984,0.0003008842468261719
Canny_CV2,Sobel_CV2,0.9054861111111111,0.496742671009772,0.7036335173436599,0.582358757543728,0.4107941699937467,0.5823587575435295,0.41079416999354906,0.9054861111111111,12137,17192,5055,0.7059678920428106,108811,8652,3597,8540,0.00030922889709472656,0.0010063648223876953,0.0006971359252929688
Canny_CV2,Canny_CV2,1.0,1.0,1.0,1.0,1.0,0.999999999999588,0.999999999999176,1.0,12137,12137,0,1.0,117463,0,0,12137,0.00030922889709472656,0.00030922889709472656,0.0
Canny_CV2,Global_Threshold_Sklearn,0.3761574074074074,0.08118683944266332,0.548735272307819,0.14144632048423064,0.07610558793280768,0.14144632048421563,0.07610558793279898,0.3761574074074074,12137,82033,69896,0.14795265320054124,42090,75373,5477,6660,0.00030922889709472656,0.009784221649169922,0.009474992752075195
Canny_CV2,Adaptive_Threshold_Sklearn,0.12922067901234568,0.08079714970697922,0.799703386339293,0.14676596227271008,0.0791945103990731,0.14676596227269897,0.07919451039906664,0.12922067901234568,12137,120128,107991,0.10103389717634523,7041,110422,2431,9706,0.00030922889709472656,0.010640621185302734,0.010331392288208008
Canny_CV2,Otsu_Thresholding_Sklearn,0.4651466049382716,0.04649281431426668,0.2414929554255582,0.07797390228654279,0.04056859705458975,0.07797390228653242,0.040568597054584134,0.4651466049382716,12137,63042,50905,0.19252244535389107,57352,60111,9206,2931,0.00030922889709472656,0.010266780853271484,0.009957551956176758
Canny_CV2,Niblack_Thresholding_Sklearn,0.6060339506172839,0.08852944285865313,0.34497816593886466,0.14090052496971328,0.0757896642230066,0.14090052496968958,0.0757896642229929,0.6060339506172839,12137,47295,35158,0.25662332170419705,74355,43108,7950,4187,0.00030922889709472656,0.012294769287109375,0.011985540390014648
Canny_CV2,Sauvola_Thresholding_Sklearn,0.10631944444444444,0.09163450177235131,0.9584740875010299,0.1672765966625206,0.09127214524455882,0.16727659666250855,0.09127214524455166,0.10631944444444444,12137,126950,114813,0.0956045687278456,2146,115317,504,11633,0.00030922889709472656,0.01199793815612793,0.011688709259033203
Canny_CV2,Sobel_Sklearn,0.9047376543209876,0.49401660463784713,0.7108840734942737,0.5829335855685427,0.41136645370458663,0.5829335855683457,0.4113664537043905,0.9047376543209876,12137,17465,5328,0.6949327225880332,108626,8837,3509,8628,0.00030922889709472656,0.002012014389038086,0.0017027854919433594
Canny_CV2,Canny_Sklearn,0.9371373456790123,0.7766990291262136,0.46139902776633435,0.5789011216209231,0.4073616061686186,0.5789011216206239,0.40736160616832223,0.9371373456790123,12137,7210,4927,0.5940512482491555,115853,1610,6537,5600,0.00030922889709472656,0.004342555999755859,0.004033327102661133
Canny_CV2,Global_Threshold_Torch,0.38141975308641973,0.0796248007217272,0.5308560599818736,0.1384787327788166,0.07439008901871587,0.1384787327788017,0.07439008901870728,0.38141975308641973,12137,80917,68780,0.1499932029116255,42989,74474,5694,6443,0.00030922889709472656,0.003970623016357422,0.0036613941192626953
Canny_CV2,Adaptive_Threshold_Torch,0.2063425925925926,0.06695179814219022,0.577819889593804,0.11999931556072688,0.06382939993264829,0.11999931556071661,0.06382939993264249,0.2063425925925926,12137,104747,92610,0.11586966691170153,19729,97734,5124,7013,0.00030922889709472656,0.0010955333709716797,0.0007863044738769531
Canny_CV2,Otsu_Thresholding_Torch,0.4642901234567901,0.04388325398468226,0.22707423580786026,0.07355217507339205,0.03818020613986479,0.07355217507338223,0.0381802061398595,0.4642901234567901,12137,62803,50666,0.19325509927869688,57416,60047,9381,2756,0.00030922889709472656,0.0012612342834472656,0.0009520053863525391
Canny_CV2,Niblack_Thresholding_Torch,0.3794367283950617,0.08677445902115506,0.5907555409079673,0.15132169049754657,0.0818539870997203,0.1513216904975306,0.08185398709971096,0.3794367283950617,12137,82628,70491,0.14688725371544756,42005,75458,4967,7170,0.00030922889709472656,0.04640507698059082,0.046095848083496094
Canny_CV2,Sauvola_Thresholding_Torch,0.1322222222222222,0.08542904604094181,0.8516931696465354,0.1552824888461596,0.08417683895082288,0.15528248884614795,0.08417683895081603,0.1322222222222222,12137,121001,108864,0.10030495615738713,6799,110664,1800,10337,0.00030922889709472656,0.0467379093170166,0.046428680419921875
Canny_CV2,Sobel_Torch,0.9057947530864198,0.4974849797401146,0.586718299415012,0.5384295489773544,0.3683911019141231,0.5384295489771508,0.36839110191393254,0.9057947530864198,12137,14314,2177,0.8479111359508174,110270,7193,5016,7121,0.00030922889709472656,0.0012538433074951172,0.0009446144104003906
Canny_CV2,Canny_Torch,0.896033950617284,0.46304383879705896,0.6901211172447886,0.5542248395421161,0.38334096109839816,0.5542248395419327,0.3833409610982227,0.896033950617284,12137,18089,5952,0.6709602520869037,107750,9713,3761,8376,0.00030922889709472656,0.0011305809020996094,0.0008213520050048828
Global_Threshold_Sklearn,Global_Threshold_CV2,0.9785648148148148,0.9897302173832445,0.9762656491899602,0.982951825713409,0.9664751882602819,0.9829518257133486,0.9664751882601653,0.9785648148148148,82033,80917,1116,0.9863957187960942,46736,831,1947,80086,0.009784221649169922,0.0001609325408935547,0.009623289108276367
Global_Threshold_Sklearn,Adaptive_Threshold_CV2,0.6726388888888889,0.6874142352863241,0.8854607292187291,0.7739690996270645,0.631280255164562,0.7739690996270232,0.6312802551645071,0.6726388888888889,82033,105667,23634,0.7763350904255822,14537,33030,9396,72637,0.009784221649169922,0.0003821849822998047,0.009402036666870117
Global_Threshold_Sklearn,Otsu_Thresholding_CV2,0.850108024691358,0.9987890183081312,0.7641193178355052,0.8658351290126526,0.7634120498361934,0.8658351290125927,0.7634120498361004,0.850108024691358,82033,62759,19274,0.7650457742615776,47491,76,19350,62683,0.009784221649169922,0.00016951560974121094,0.009614706039428711
Global_Threshold_Sklearn,Niblack_Thresholding_CV2,0.6027854938271605,0.6859692262745289,0.6869308692843125,0.6864497109897004,0.5225911156449967,0.6864497109896586,0.5225911156449483,0.6027854938271605,82033,82148,115,0.9986000876466865,21770,25797,25682,56351,0.009784221649169922,0.0005667209625244141,0.009217500686645508
Global_Threshold_Sklearn,Sauvola_Thresholding_CV2,0.6678472222222223,0.6610911855610465,0.9751685297380323,0.7879865444569762,0.6501466966832733,0.7879865444569374,0.6501466966832204,0.6678472222222223,82033,121006,38973,0.677925061567195,6557,41010,2037,79996,0.009784221649169922,0.0006101131439208984,0.009174108505249023
Global_Threshold_Sklearn,Sobel_CV2,0.3977391975308642,0.6157515123313169,0.12904562797898406,0.21337364575459813,0.11942824264714177,0.21337364575457662,0.11942824264712831,0.3977391975308642,82033,17192,64841,0.20957419575049066,40961,6606,71447,10586,0.009784221649169922,0.0010063648223876953,0.008777856826782227
Global_Threshold_Sklearn,Canny_CV2,0.3761574074074074,0.548735272307819,0.08118683944266332,0.14144632048423064,0.07610558793280768,0.14144632048421563,0.07610558793279898,0.3761574074074074,82033,12137,69896,0.14795265320054124,42090,5477,75373,6660,0.009784221649169922,0.00030922889709472656,0.009474992752075195
Global_Threshold_Sklearn,Global_Threshold_Sklearn,1.0,1.0,1.0,1.0,1.0,0.9999999999999389,0.9999999999998781,1.0,82033,82033,0,1.0,47567,0,0,82033,0.009784221649169922,0.009784221649169922,0.0
Global_Threshold_Sklearn,Adaptive_Threshold_Sklearn,0.6718287037037037,0.6644162892914225,0.972962100618044,0.7896181756125069,0.6523711441322152,0.7896181756124677,0.6523711441321619,0.6718287037037037,82033,120128,38095,0.6828799280767182,7254,40313,2218,79815,0.009784221649169922,0.010640621185302734,0.0008563995361328125
Global_Threshold_Sklearn,Otsu_Thresholding_Sklearn,0.8534645061728395,1.0,0.7684956054270842,0.8690952955367913,0.7684956054270842,0.8690952955367314,0.7684956054269906,0.8534645061728395,82033,63042,18991,0.7684956054270842,47567,0,18991,63042,0.009784221649169922,0.010266780853271484,0.0004825592041015625
Global_Threshold_Sklearn,Niblack_Thresholding_Sklearn,0.5907407407407408,0.8065123163125066,0.46498360415930173,0.5898799950513424,0.41831900333391825,0.5898799950512967,0.41831900333387234,0.5907407407407408,82033,47295,34738,0.5765362719881023,38416,9151,43889,38144,0.009784221649169922,0.012294769287109375,0.002510547637939453
Global_Threshold_Sklearn,Sauvola_Thresholding_Sklearn,0.6533873456790124,0.6461677825915715,0.999975619567735,0.7850495016341043,0.646157602873527,0.7850495016340666,0.6461576028734761,0.6533873456790124,82033,126950,44917,0.6461835368255219,2648,44919,2,82031,0.009784221649169922,0.01199793815612793,0.002213716506958008
Global_Threshold_Sklearn,Sobel_Sklearn,0.3976851851851852,0.6137417692527913,0.13066692672461083,0.2154616173189411,0.12073801236778968,0.21546161731891944,0.12073801236777608,0.3976851851851852,82033,17465,64568,0.2129021247546719,40821,6746,71314,10719,0.009784221649169922,0.002012014389038086,0.007772207260131836
Global_Threshold_Sklearn,Canny_Sklearn,0.3802391975308642,0.6187239944521498,0.054380554167225384,0.09997422767051757,0.05261730084215989,0.09997422767050637,0.052617300842153686,0.3802391975308642,82033,7210,74823,0.08789145831555593,44818,2749,77572,4461,0.009784221649169922,0.004342555999755859,0.0054416656494140625
Global_Threshold_Sklearn,Global_Threshold_Torch,0.9785648148148148,0.9897302173832445,0.9762656491899602,0.982951825713409,0.9664751882602819,0.9829518257133486,0.9664751882601653,0.9785648148148148,82033,80917,1116,0.9863957187960942,46736,831,1947,80086,0.009784221649169922,0.003970623016357422,0.0058135986328125
Global_Threshold_Sklearn,Adaptive_Threshold_Torch,0.6791049382716049,0.6930604217781894,0.8849609303572953,0.7773423278723632,0.6357808449520073,0.7773423278723215,0.6357808449519516,0.6791049382716049,82033,104747,22714,0.7831536941392117,15416,32151,9437,72596,0.009784221649169922,0.0010955333709716797,0.008688688278198242
Global_Threshold_Sklearn,Otsu_Thresholding_Torch,0.8504320987654321,0.9987739439198764,0.7646434971292041,0.8661658703637217,0.7639264401412739,0.8661658703636619,0.7639264401411809,0.8504320987654321,82033,62803,19230,0.7655821437714091,47490,77,19307,62726,0.009784221649169922,0.0012612342834472656,0.008522987365722656
Global_Threshold_Sklearn,Niblack_Thresholding_Torch,0.6066743827160493,0.6879387132691097,0.6929284556215182,0.6904245692665537,0.5272125248103285,0.6904245692665117,0.5272125248102796,0.6066743827160493,82033,82628,595,0.9927990511690952,21782,25785,25190,56843,0.009784221649169922,0.04640507698059082,0.0366208553314209
Global_Threshold_Sklearn,Sauvola_Thresholding_Torch,0.6678549382716049,0.6611019743638482,0.9751441493057672,0.7879862486086074,0.6501462938881665,0.7879862486085686,0.6501462938881136,0.6678549382716049,82033,121001,38968,0.6779530747679772,6560,41007,2039,79994,0.009784221649169922,0.0467379093170166,0.03695368766784668
Global_Threshold_Sklearn,Sobel_Torch,0.39343364197530867,0.6195333240184435,0.10810283666329404,0.18408461083375716,0.10137290092479338,0.18408461083373806,0.1013729009247818,0.39343364197530867,82033,14314,67719,0.17449075372106349,42121,5446,73165,8868,0.009784221649169922,0.0012538433074951172,0.008530378341674805
Global_Threshold_Sklearn,Canny_Torch,0.39739197530864195,0.6087677594117972,0.13423866005144272,0.21997163460578095,0.12357760071821344,0.21997163460575897,0.12357760071819958,0.39739197530864195,82033,18089,63944,0.2205088196213719,40490,7077,71021,11012,0.009784221649169922,0.0011305809020996094,0.008653640747070312
Adaptive_Threshold_Sklearn,Global_Threshold_CV2,0.6671990740740741,0.9757776487017561,0.6572739078316463,0.7854659404610908,0.64672203656379,0.7854659404610517,0.6467220365637371,0.6671990740740741,120128,80917,39211,0.6735898375066596,7512,1960,41171,78957,0.010640621185302734,0.0001609325408935547,0.01047968864440918
Adaptive_Threshold_Sklearn,Adaptive_Threshold_CV2,0.8553780864197531,0.9797382342642452,0.8617974160895046,0.9169910759759959,0.8467068512869166,0.9169910759759553,0.8467068512868473,0.8553780864197531,120128,105667,14461,0.8796200719232818,7331,2141,16602,103526,0.010640621185302734,0.0003821849822998047,0.01025843620300293
Adaptive_Threshold_Sklearn,Otsu_Thresholding_CV2,0.550625,0.9930687232110136,0.5188132658497603,0.6815574644452586,0.5169413501654736,0.6815574644452213,0.5169413501654307,0.550625,120128,62759,57369,0.5224344033031433,9037,435,57804,62324,0.010640621185302734,0.00016951560974121094,0.010471105575561523
Adaptive_Threshold_Sklearn,Niblack_Thresholding_CV2,0.6810648148148148,0.9795856259434192,0.6698771310602024,0.7956554410805039,0.6606543245351176,0.7956554410804645,0.6606543245350633,0.6810648148148148,120128,82148,37980,0.6838372402770378,7795,1677,39657,80471,0.010640621185302734,0.0005667209625244141,0.01007390022277832
Adaptive_Threshold_Sklearn,Sauvola_Thresholding_CV2,0.9449691358024691,0.9669024676462324,0.9739694326052211,0.9704230842602038,0.9425454955571846,0.9704230842601635,0.9425454955571088,0.9449691358024691,120128,121006,878,0.9927441614465399,5467,4005,3127,117001,0.010640621185302734,0.0006101131439208984,0.010030508041381836
Adaptive_Threshold_Sklearn,Sobel_CV2,0.13745370370370372,0.7426128431828758,0.1062783031433138,0.18594523740168947,0.10250254911563753,0.18594523740167593,0.1025025491156293,0.13745370370370372,120128,17192,102936,0.1431140117208311,5047,4425,107361,12767,0.010640621185302734,0.0010063648223876953,0.009634256362915039
Adaptive_Threshold_Sklearn,Canny_CV2,0.12922067901234568,0.799703386339293,0.08079714970697922,0.14676596227271008,0.0791945103990731,0.14676596227269897,0.07919451039906664,0.12922067901234568,120128,12137,107991,0.10103389717634523,7041,2431,110422,9706,0.010640621185302734,0.00030922889709472656,0.010331392288208008
Adaptive_Threshold_Sklearn,Global_Threshold_Sklearn,0.6718287037037037,0.972962100618044,0.6644162892914225,0.7896181756125069,0.6523711441322152,0.7896181756124677,0.6523711441321619,0.6718287037037037,120128,82033,38095,0.6828799280767182,7254,2218,40313,79815,0.010640621185302734,0.009784221649169922,0.0008563995361328125
Adaptive_Threshold_Sklearn,Adaptive_Threshold_Sklearn,1.0,1.0,1.0,1.0,1.0,0.9999999999999584,0.9999999999999167,1.0,120128,120128,0,1.0,9472,0,0,120128,0.010640621185302734,0.010640621185302734,0.0
Adaptive_Threshold_Sklearn,Otsu_Thresholding_Sklearn,0.5507253086419753,0.9909584086799277,0.520045285029302,0.6821204345689796,0.5175893552502941,0.6821204345689423,0.5175893552502513,0.5507253086419753,120128,63042,57086,0.5247902237613212,8902,570,57656,62472,0.010640621185302734,0.010266780853271484,0.00037384033203125
Adaptive_Threshold_Sklearn,Niblack_Thresholding_Sklearn,0.4363194444444444,0.9976741727455334,0.392789358018114,0.5636621013839198,0.39243001380595155,0.5636621013838861,0.3924300138059189,0.4363194444444444,120128,47295,72833,0.3937050479488546,9362,110,72943,47185,0.010640621185302734,0.012294769287109375,0.0016541481018066406
Adaptive_Threshold_Sklearn,Sauvola_Thresholding_Sklearn,0.9443518518518519,0.9447262701851122,0.9983767314864145,0.9708108370635994,0.9432773604939243,0.97081083706356,0.9432773604938501,0.9443518518518519,120128,126950,6822,0.9462623079952738,2455,7017,195,119933,0.010640621185302734,0.01199793815612793,0.0013573169708251953
Adaptive_Threshold_Sklearn,Sobel_Sklearn,0.13864969135802468,0.7432579444603493,0.10805973628129995,0.18868692448016977,0.10417134786376914,0.18868692448015606,0.10417134786376078,0.13864969135802468,120128,17465,102663,0.14538658763985082,4988,4484,107147,12981,0.010640621185302734,0.002012014389038086,0.008628606796264648
Adaptive_Threshold_Sklearn,Canny_Sklearn,0.10612654320987654,0.7969486823855756,0.04783231220031966,0.0902480013821483,0.04725639844726627,0.09024800138214122,0.047256398447262385,0.10612654320987654,120128,7210,112918,0.06001931273308471,8008,1464,114382,5746,0.010640621185302734,0.004342555999755859,0.006298065185546875
Adaptive_Threshold_Sklearn,Global_Threshold_Torch,0.6671990740740741,0.9757776487017561,0.6572739078316463,0.7854659404610908,0.64672203656379,0.7854659404610517,0.6467220365637371,0.6671990740740741,120128,80917,39211,0.6735898375066596,7512,1960,41171,78957,0.010640621185302734,0.003970623016357422,0.0066699981689453125
Adaptive_Threshold_Sklearn,Adaptive_Threshold_Torch,0.8531558641975309,0.9825770666463002,0.8567694459243473,0.9153707615341856,0.843948078358056,0.9153707615341449,0.8439480783579868,0.8531558641975309,120128,104747,15381,0.8719615743207245,7647,1825,17206,102922,0.010640621185302734,0.0010955333709716797,0.009545087814331055
Adaptive_Threshold_Sklearn,Otsu_Thresholding_Torch,0.5508256172839506,0.9929302740314954,0.519104621736814,0.6817761888362278,0.5171930464784527,0.6817761888361905,0.5171930464784098,0.5508256172839506,120128,62803,57325,0.5228006792754395,9028,444,57769,62359,0.010640621185302734,0.0012612342834472656,0.009379386901855469
Adaptive_Threshold_Sklearn,Niblack_Thresholding_Torch,0.6847376543209877,0.9796800116183376,0.6738562200319659,0.7984868511905936,0.6645677177830502,0.7984868511905542,0.6645677177829957,0.6847376543209877,120128,82628,37500,0.6878329781566329,7793,1679,39179,80949,0.010640621185302734,0.04640507698059082,0.035764455795288086
Adaptive_Threshold_Sklearn,Sauvola_Thresholding_Torch,0.944945987654321,0.9669093643854183,0.9739361347895578,0.9704100294862916,0.9425208648857668,0.9704100294862513,0.9425208648856909,0.944945987654321,120128,121001,873,0.992785183593524,5468,4004,3131,116997,0.010640621185302734,0.0467379093170166,0.03609728813171387
Adaptive_Threshold_Sklearn,Sobel_Torch,0.12986111111111112,0.7570210982255134,0.09020378263185935,0.16119962511715089,0.08766564729867482,0.1611996251171389,0.08766564729866773,0.12986111111111112,120128,14314,105814,0.11915623335109217,5994,3478,109292,10836,0.010640621185302734,0.0012538433074951172,0.009386777877807617
Adaptive_Threshold_Sklearn,Canny_Torch,0.14502314814814815,0.7576980485377854,0.11409496537027171,0.1983258209916291,0.11007862759113653,0.19832582099161475,0.11007862759112769,0.14502314814814815,120128,18089,102039,0.15058104688332447,5089,4383,106422,13706,0.010640621185302734,0.0011305809020996094,0.009510040283203125
Otsu_Thresholding_Sklearn,Global_Threshold_CV2,0.8594212962962963,0.7769689929186697,0.9972716601630659,0.8734431331142894,0.7753209436545031,0.8734431331142287,0.7753209436544075,0.8594212962962963,63042,80917,17875,0.7790946278285157,48511,18047,172,62870,0.010266780853271484,0.0001609325408935547,0.01010584831237793
Otsu_Thresholding_Sklearn,Adaptive_Threshold_CV2,0.6161805555555555,0.5629288235683799,0.9435455727927413,0.7051550302592037,0.5445864537747422,0.7051550302591618,0.5445864537746924,0.6161805555555555,63042,105667,42625,0.596610105330898,20374,46184,3559,59483,0.010266780853271484,0.0003821849822998047,0.00988459587097168
Otsu_Thresholding_Sklearn,Otsu_Thresholding_CV2,0.9795138888888889,0.9811023120189933,0.9766980742996733,0.9788952393065238,0.9586628884598617,0.978895239306446,0.9586628884597125,0.9795138888888889,63042,62759,283,0.9955109292217886,65372,1186,1469,61573,0.010266780853271484,0.00016951560974121094,0.010097265243530273
Otsu_Thresholding_Sklearn,Niblack_Thresholding_CV2,0.5505864197530864,0.5292033890052101,0.6895878937850957,0.5988428955162202,0.4273916847724569,0.5988428955161789,0.4273916847724149,0.5505864197530864,63042,82148,19106,0.7674197789355797,27883,38675,19569,43473,0.010266780853271484,0.0005667209625244141,0.00970005989074707
Otsu_Thresholding_Sklearn,Sauvola_Thresholding_CV2,0.5397222222222222,0.5140075698725683,0.986612099869928,0.6758888985482048,0.5104472712351251,0.675888898548168,0.5104472712350833,0.5397222222222222,63042,121006,57964,0.5209824306232749,7750,58808,844,62198,0.010266780853271484,0.0006101131439208984,0.009656667709350586
Otsu_Thresholding_Sklearn,Sobel_CV2,0.46469135802469136,0.3157864122847836,0.08611719171346087,0.13532916220056335,0.07257536260945124,0.1353291622005465,0.07257536260944154,0.46469135802469136,63042,17192,45850,0.2727070841661115,54795,11763,57613,5429,0.010266780853271484,0.0010063648223876953,0.009260416030883789
Otsu_Thresholding_Sklearn,Canny_CV2,0.4651466049382716,0.2414929554255582,0.04649281431426668,0.07797390228654279,0.04056859705458975,0.07797390228653242,0.040568597054584134,0.4651466049382716,63042,12137,50905,0.19252244535389107,57352,9206,60111,2931,0.010266780853271484,0.00030922889709472656,0.009957551956176758
Otsu_Thresholding_Sklearn,Global_Threshold_Sklearn,0.8534645061728395,0.7684956054270842,1.0,0.8690952955367913,0.7684956054270842,0.8690952955367314,0.7684956054269906,0.8534645061728395,63042,82033,18991,0.7684956054270842,47567,18991,0,63042,0.010266780853271484,0.009784221649169922,0.0004825592041015625
Otsu_Thresholding_Sklearn,Adaptive_Threshold_Sklearn,0.5507253086419753,0.520045285029302,0.9909584086799277,0.6821204345689796,0.5175893552502941,0.6821204345689423,0.5175893552502513,0.5507253086419753,63042,120128,57086,0.5247902237613212,8902,57656,570,62472,0.010266780853271484,0.010640621185302734,0.00037384033203125
Otsu_Thresholding_Sklearn,Otsu_Thresholding_Sklearn,1.0,1.0,1.0,1.0,1.0,0.9999999999999207,0.9999999999998415,1.0,63042,63042,0,1.0,66558,0,0,63042,0.010266780853271484,0.010266780853271484,0.0
Otsu_Thresholding_Sklearn,Niblack_Thresholding_Sklearn,0.6012885802469136,0.6201924093455968,0.46527711684273976,0.5316802160653271,0.36210110487006975,0.5316802160652789,0.36210110487002506,0.6012885802469136,63042,47295,15747,0.7502141429523175,48595,17963,33710,29332,0.010266780853271484,0.012294769287109375,0.0020279884338378906
Otsu_Thresholding_Sklearn,Sauvola_Thresholding_Sklearn,0.5068827160493827,0.496589208349744,1.0,0.6636279422291465,0.496589208349744,0.6636279422291115,0.4965892083497049,0.5068827160493827,63042,126950,63908,0.496589208349744,2650,63908,0,63042,0.010266780853271484,0.01199793815612793,0.0017311573028564453
Otsu_Thresholding_Sklearn,Sobel_Sklearn,0.4635416666666667,0.31440022902948755,0.08710066305003014,0.1364104984659719,0.07319771782019836,0.13641049846595496,0.07319771782018861,0.4635416666666667,63042,17465,45577,0.27703753053519875,54584,11974,57551,5491,0.010266780853271484,0.002012014389038086,0.008254766464233398
Otsu_Thresholding_Sklearn,Canny_Sklearn,0.4920833333333333,0.30693481276005546,0.03510358173915802,0.06300176507430394,0.032525463337203665,0.06300176507429497,0.032525463337198884,0.4920833333333333,63042,7210,55832,0.1143681989784588,61561,4997,60829,2213,0.010266780853271484,0.004342555999755859,0.005924224853515625
Otsu_Thresholding_Sklearn,Global_Threshold_Torch,0.8594212962962963,0.7769689929186697,0.9972716601630659,0.8734431331142894,0.7753209436545031,0.8734431331142287,0.7753209436544075,0.8594212962962963,63042,80917,17875,0.7790946278285157,48511,18047,172,62870,0.010266780853271484,0.003970623016357422,0.0062961578369140625
Otsu_Thresholding_Sklearn,Adaptive_Threshold_Torch,0.6263657407407407,0.5697824281363667,0.9467180609752228,0.7114053960629123,0.5520785155310528,0.7114053960628699,0.5520785155310018,0.6263657407407407,63042,104747,41705,0.601850172319971,21494,45064,3359,59683,0.010266780853271484,0.0010955333709716797,0.009171247482299805
Otsu_Thresholding_Sklearn,Otsu_Thresholding_Torch,0.9794058641975308,0.9806537904240243,0.9769360109133594,0.9787913703365251,0.9584636693278553,0.9787913703364474,0.9584636693277062,0.9794058641975308,63042,62803,239,0.9962088766219346,65343,1215,1454,61588,0.010266780853271484,0.0012612342834472656,0.009005546569824219
Otsu_Thresholding_Sklearn,Niblack_Thresholding_Torch,0.554320987654321,0.5319625308612093,0.6972335903048761,0.6034873343859408,0.4321388192498648,0.6034873343858993,0.43213881924982234,0.554320987654321,63042,82628,19586,0.7629617078956286,27885,38673,19087,43955,0.010266780853271484,0.04640507698059082,0.036138296127319336
Otsu_Thresholding_Sklearn,Sauvola_Thresholding_Torch,0.539729938271605,0.5140122808902405,0.9865803749881031,0.6758855267519004,0.5104434249509631,0.6758855267518636,0.5104434249509212,0.539729938271605,63042,121001,57959,0.5210039586449698,7753,58805,846,62196,0.010266780853271484,0.0467379093170166,0.03647112846374512
Otsu_Thresholding_Sklearn,Sobel_Torch,0.48098765432098767,0.352522006427274,0.08004187684400875,0.13046176120792183,0.06978287926981054,0.13046176120790495,0.0697828792698009,0.48098765432098767,63042,14314,48728,0.2270549792202024,57290,9268,57996,5046,0.010266780853271484,0.0012538433074951172,0.009012937545776367
Otsu_Thresholding_Sklearn,Canny_Torch,0.46627314814814813,0.3305876499530101,0.09485739665619745,0.14741590760621712,0.07957312610610637,0.14741590760619894,0.07957312610609579,0.46627314814814813,63042,18089,44953,0.2869356936645411,54449,12109,57062,5980,0.010266780853271484,0.0011305809020996094,0.009136199951171875
Niblack_Thresholding_Sklearn,Global_Threshold_CV2,0.5958179012345679,0.4685665558535289,0.8016703668463897,0.5914422986927901,0.4198921337364475,0.5914422986927439,0.419892133736401,0.5958179012345679,47295,80917,33622,0.5844878084951246,39303,43002,9380,37915,0.012294769287109375,0.0001609325408935547,0.01213383674621582
Niblack_Thresholding_Sklearn,Adaptive_Threshold_CV2,0.49780864197530866,0.41582518667133544,0.9290411248546357,0.574508701507564,0.40302504976014236,0.5745087015075264,0.4030250497601054,0.49780864197530866,47295,105667,58372,0.4475853388475115,20577,61728,3356,43939,0.012294769287109375,0.0003821849822998047,0.01191258430480957
Niblack_Thresholding_Sklearn,Otsu_Thresholding_CV2,0.6056944444444444,0.4696696888095731,0.6232371286605349,0.5356643102476966,0.36580704410633175,0.5356643102476479,0.3658070441062864,0.6056944444444444,47295,62759,15464,0.7535970936439396,49022,33283,17819,29476,0.012294769287109375,0.00016951560974121094,0.012125253677368164
Niblack_Thresholding_Sklearn,Niblack_Thresholding_CV2,0.6758256172839506,0.5321492915226177,0.9243048948091764,0.6754324297180999,0.5099267450541247,0.6754324297180477,0.5099267450540652,0.6758256172839506,47295,82148,34853,0.5757291717388129,43872,38433,3580,43715,0.012294769287109375,0.0005667209625244141,0.011728048324584961
Niblack_Thresholding_Sklearn,Sauvola_Thresholding_CV2,0.42233796296296294,0.38608002908946665,0.9877999788561159,0.5551719835295096,0.38424779780067936,0.5551719835294766,0.3842477978006478,0.42233796296296294,47295,121006,73711,0.39084838768325536,8017,74288,577,46718,0.012294769287109375,0.0006101131439208984,0.011684656143188477
Niblack_Thresholding_Sklearn,Sobel_CV2,0.6101620370370371,0.4061191251744998,0.14762659900623745,0.21653976770511887,0.12141552908442745,0.2165397677050853,0.12141552908440634,0.6101620370370371,47295,17192,30103,0.3635056559890052,72095,10210,40313,6982,0.012294769287109375,0.0010063648223876953,0.01128840446472168
Niblack_Thresholding_Sklearn,Canny_CV2,0.6060339506172839,0.34497816593886466,0.08852944285865313,0.14090052496971328,0.0757896642230066,0.14090052496968958,0.0757896642229929,0.6060339506172839,47295,12137,35158,0.25662332170419705,74355,7950,43108,4187,0.012294769287109375,0.00030922889709472656,0.011985540390014648
Niblack_Thresholding_Sklearn,Global_Threshold_Sklearn,0.5907407407407408,0.46498360415930173,0.8065123163125066,0.5898799950513424,0.41831900333391825,0.5898799950512967,0.41831900333387234,0.5907407407407408,47295,82033,34738,0.5765362719881023,38416,43889,9151,38144,0.012294769287109375,0.009784221649169922,0.002510547637939453
Niblack_Thresholding_Sklearn,Adaptive_Threshold_Sklearn,0.4363194444444444,0.392789358018114,0.9976741727455334,0.5636621013839198,0.39243001380595155,0.5636621013838861,0.3924300138059189,0.4363194444444444,47295,120128,72833,0.3937050479488546,9362,72943,110,47185,0.012294769287109375,0.010640621185302734,0.0016541481018066406
Niblack_Thresholding_Sklearn,Otsu_Thresholding_Sklearn,0.6012885802469136,0.46527711684273976,0.6201924093455968,0.5316802160653271,0.36210110487006975,0.5316802160652789,0.36210110487002506,0.6012885802469136,47295,63042,15747,0.7502141429523175,48595,33710,17963,29332,0.012294769287109375,0.010266780853271484,0.0020279884338378906
Niblack_Thresholding_Sklearn,Niblack_Thresholding_Sklearn,1.0,1.0,1.0,1.0,1.0,0.9999999999998943,0.9999999999997886,1.0,47295,47295,0,1.0,82305,0,0,47295,0.012294769287109375,0.012294769287109375,0.0
Niblack_Thresholding_Sklearn,Sauvola_Thresholding_Sklearn,0.3853780864197531,0.372548247341473,1.0,0.5428563229934862,0.372548247341473,0.542856322993455,0.3725482473414437,0.3853780864197531,47295,126950,79655,0.372548247341473,2650,79655,0,47295,0.012294769287109375,0.01199793815612793,0.0002968311309814453
Niblack_Thresholding_Sklearn,Sobel_Sklearn,0.609537037037037,0.40526767821357,0.14965641188286288,0.218591723285979,0.12270725702992268,0.21859172328594526,0.12270725702990141,0.609537037037037,47295,17465,29830,0.36927793635690875,71918,10387,40217,7078,0.012294769287109375,0.002012014389038086,0.010282754898071289
Niblack_Thresholding_Sklearn,Canny_Sklearn,0.6239737654320988,0.40027739251040223,0.06102124960355217,0.10589854141821851,0.055909645673104864,0.10589854141819909,0.05590964567309404,0.6239737654320988,47295,7210,40085,0.15244740458822287,77981,4324,44409,2886,0.012294769287109375,0.004342555999755859,0.007952213287353516
Niblack_Thresholding_Sklearn,Global_Threshold_Torch,0.5958179012345679,0.4685665558535289,0.8016703668463897,0.5914422986927901,0.4198921337364475,0.5914422986927439,0.419892133736401,0.5958179012345679,47295,80917,33622,0.5844878084951246,39303,43002,9380,37915,0.012294769287109375,0.003970623016357422,0.008324146270751953
Niblack_Thresholding_Sklearn,Adaptive_Threshold_Torch,0.5204783950617284,0.4291101415792338,0.9503753039433344,0.5912576787992792,0.41970605262666444,0.5912576787992402,0.41970605262662525,0.5204783950617284,47295,104747,57452,0.4515165112127316,22506,59799,2347,44948,0.012294769287109375,0.0010955333709716797,0.011199235916137695
Niblack_Thresholding_Sklearn,Otsu_Thresholding_Torch,0.6056944444444444,0.4696909383309715,0.6237022941114283,0.5358498791985322,0.3659801488833747,0.5358498791984836,0.3659801488833293,0.6056944444444444,47295,62803,15508,0.7530691209018677,49000,33305,17797,29498,0.012294769287109375,0.0012612342834472656,0.01103353500366211
Niblack_Thresholding_Sklearn,Niblack_Thresholding_Torch,0.6752391975308641,0.5315026383308321,0.9285759594037425,0.6760465814366972,0.5106271655465898,0.6760465814366451,0.5106271655465304,0.6752391975308641,47295,82628,35333,0.5723846637943554,43594,38711,3378,43917,0.012294769287109375,0.04640507698059082,0.034110307693481445
Niblack_Thresholding_Sklearn,Sauvola_Thresholding_Torch,0.422391975308642,0.38610424707233826,0.9878211227402474,0.5552003612682417,0.38427498622272305,0.5552003612682086,0.38427498622269146,0.422391975308642,47295,121001,73706,0.3908645383096008,8023,74282,576,46719,0.012294769287109375,0.0467379093170166,0.03444314002990723
Niblack_Thresholding_Sklearn,Sobel_Torch,0.6170293209876543,0.4183317032276093,0.12660957817951157,0.19438718369069455,0.10765717984214596,0.194387183690663,0.1076571798421266,0.6170293209876543,47295,14314,32981,0.30265355745850514,73979,8326,41307,5988,0.012294769287109375,0.0012538433074951172,0.011040925979614258
Niblack_Thresholding_Sklearn,Canny_Torch,0.609429012345679,0.40814859859583175,0.15610529654297495,0.22583506668298053,0.12729090877743487,0.225835066682946,0.12729090877741292,0.609429012345679,47295,18089,29206,0.3824717200549741,71599,10706,39912,7383,0.012294769287109375,0.0011305809020996094,0.011164188385009766
Sauvola_Thresholding_Sklearn,Global_Threshold_CV2,0.643587962962963,0.9990236909425708,0.6367703820401733,0.7777857957251512,0.6363743712065749,0.7777857957251137,0.6363743712065248,0.643587962962963,126950,80917,46033,0.637392674281213,2571,79,46112,80838,0.01199793815612793,0.0001609325408935547,0.011837005615234375
Sauvola_Thresholding_Sklearn,Adaptive_Threshold_CV2,0.8288503086419753,0.9957508020479431,0.8288144938952343,0.9046458341393793,0.8258934528528481,0.9046458341393404,0.8258934528527834,0.8288503086419753,126950,105667,21283,0.8323513194170934,2201,449,21732,105218,0.01199793815612793,0.0003821849822998047,0.011615753173828125
Sauvola_Thresholding_Sklearn,Otsu_Thresholding_CV2,0.5046990740740741,1.0,0.49435998424576605,0.6616343979463283,0.49435998424576605,0.6616343979462934,0.49435998424572714,0.5046990740740741,126950,62759,64191,0.49435998424576605,2650,0,64191,62759,0.01199793815612793,0.00016951560974121094,0.011828422546386719
Sauvola_Thresholding_Sklearn,Niblack_Thresholding_CV2,0.6508487654320988,0.9972732141987632,0.6453249310752265,0.7835942954978049,0.6441882774781009,0.7835942954977674,0.6441882774780502,0.6508487654320988,126950,82148,44802,0.6470894052776683,2426,224,45026,81924,0.01199793815612793,0.0005667209625244141,0.011431217193603516
Sauvola_Thresholding_Sklearn,Sauvola_Thresholding_CV2,0.9500617283950618,0.9978182900021486,0.9510988578180386,0.9738985949120005,0.949125096294433,0.9738985949119612,0.9491250962943584,0.9500617283950618,126950,121006,5944,0.953178416699488,2386,264,6208,120742,0.01199793815612793,0.0006101131439208984,0.011387825012207031
Sauvola_Thresholding_Sklearn,Sobel_CV2,0.13493827160493826,0.9315379246161005,0.1261520283576211,0.22221143039502714,0.12499317083830887,0.2222114303950117,0.12499317083829911,0.13493827160493826,126950,17192,109758,0.1354233950374163,1473,1177,110935,16015,0.01199793815612793,0.0010063648223876953,0.010991573333740234
Sauvola_Thresholding_Sklearn,Canny_CV2,0.10631944444444444,0.9584740875010299,0.09163450177235131,0.1672765966625206,0.09127214524455882,0.16727659666250855,0.09127214524455166,0.10631944444444444,126950,12137,114813,0.0956045687278456,2146,504,115317,11633,0.01199793815612793,0.00030922889709472656,0.011688709259033203
Sauvola_Thresholding_Sklearn,Global_Threshold_Sklearn,0.6533873456790124,0.999975619567735,0.6461677825915715,0.7850495016341043,0.646157602873527,0.7850495016340666,0.6461576028734761,0.6533873456790124,126950,82033,44917,0.6461835368255219,2648,2,44919,82031,0.01199793815612793,0.009784221649169922,0.002213716506958008
Sauvola_Thresholding_Sklearn,Adaptive_Threshold_Sklearn,0.9443518518518519,0.9983767314864145,0.9447262701851122,0.9708108370635994,0.9432773604939243,0.97081083706356,0.9432773604938501,0.9443518518518519,126950,120128,6822,0.9462623079952738,2455,195,7017,119933,0.01199793815612793,0.010640621185302734,0.0013573169708251953
Sauvola_Thresholding_Sklearn,Otsu_Thresholding_Sklearn,0.5068827160493827,1.0,0.496589208349744,0.6636279422291465,0.496589208349744,0.6636279422291115,0.4965892083497049,0.5068827160493827,126950,63042,63908,0.496589208349744,2650,0,63908,63042,0.01199793815612793,0.010266780853271484,0.0017311573028564453
Sauvola_Thresholding_Sklearn,Niblack_Thresholding_Sklearn,0.3853780864197531,1.0,0.372548247341473,0.5428563229934862,0.372548247341473,0.542856322993455,0.3725482473414437,0.3853780864197531,126950,47295,79655,0.372548247341473,2650,0,79655,47295,0.01199793815612793,0.012294769287109375,0.0002968311309814453
Sauvola_Thresholding_Sklearn,Sauvola_Thresholding_Sklearn,1.0,1.0,1.0,1.0,1.0,0.9999999999999606,0.9999999999999213,1.0,126950,126950,0,1.0,2650,0,0,126950,0.01199793815612793,0.01199793815612793,0.0
Sauvola_Thresholding_Sklearn,Sobel_Sklearn,0.13681327160493828,0.9317492127111365,0.12818432453721937,0.22536440120486098,0.1269919308267391,0.22536440120484535,0.1269919308267292,0.13681327160493828,126950,17465,109485,0.13757384797164238,1458,1192,110677,16273,0.01199793815612793,0.002012014389038086,0.009985923767089844
Sauvola_Thresholding_Sklearn,Canny_Sklearn,0.07140432098765433,0.9579750346740638,0.05440724694761717,0.10296660703637447,0.05427769875759314,0.1029666070363668,0.05427769875758888,0.07140432098765433,126950,7210,119740,0.05679401339109886,2347,303,120043,6907,0.01199793815612793,0.004342555999755859,0.00765538215637207
Sauvola_Thresholding_Sklearn,Global_Threshold_Torch,0.643587962962963,0.9990236909425708,0.6367703820401733,0.7777857957251512,0.6363743712065749,0.7777857957251137,0.6363743712065248,0.643587962962963,126950,80917,46033,0.637392674281213,2571,79,46112,80838,0.01199793815612793,0.003970623016357422,0.008027315139770508
Sauvola_Thresholding_Sklearn,Adaptive_Threshold_Torch,0.823695987654321,0.9969163794667151,0.8225600630169358,0.9013841353146567,0.8204725275588696,0.9013841353146177,0.8204725275588051,0.823695987654321,126950,104747,22203,0.8251043717999212,2327,323,22526,104424,0.01199793815612793,0.0010955333709716797,0.01090240478515625
Sauvola_Thresholding_Sklearn,Otsu_Thresholding_Torch,0.5050385802469136,1.0,0.49470657739267426,0.6619447386866084,0.49470657739267426,0.6619447386865734,0.49470657739263535,0.5050385802469136,126950,62803,64147,0.49470657739267426,2650,0,64147,62803,0.01199793815612793,0.0012612342834472656,0.010736703872680664
Sauvola_Thresholding_Sklearn,Niblack_Thresholding_Torch,0.654537037037037,0.9972769521227671,0.6490980701063411,0.7863707068490013,0.6479496756437979,0.7863707068489637,0.647949675643747,0.654537037037037,126950,82628,44322,0.6508704214257581,2425,225,44547,82403,0.01199793815612793,0.04640507698059082,0.03440713882446289
Sauvola_Thresholding_Sklearn,Sauvola_Thresholding_Torch,0.9499614197530865,0.9977851422715515,0.9510279637652619,0.9738456388560643,0.949024509110346,0.9738456388560249,0.9490245091102715,0.9499614197530865,126950,121001,5949,0.9531390311146121,2382,268,6217,120733,0.01199793815612793,0.0467379093170166,0.03473997116088867
Sauvola_Thresholding_Sklearn,Sobel_Torch,0.11587962962962962,0.9320245913092078,0.10508861756597085,0.18888039415562352,0.10428929903144861,0.18888039415561012,0.10428929903144045,0.11587962962962962,126950,14314,112636,0.11275305238282789,1677,973,113609,13341,0.01199793815612793,0.0012538433074951172,0.010744094848632812
Sauvola_Thresholding_Sklearn,Canny_Torch,0.141875,0.934988114323622,0.13322567940133911,0.23322003047456202,0.13200287217270498,0.23322003047454593,0.13200287217269469,0.141875,126950,18089,108861,0.1424891689641591,1474,1176,110037,16913,0.01199793815612793,0.0011305809020996094,0.01086735725402832
Sobel_Sklearn,Global_Threshold_CV2,0.3979012345679012,0.1257461349283834,0.5825937589464644,0.20684678091520806,0.11535365673926105,0.20684678091518705,0.11535365673924798,0.3979012345679012,17465,80917,63452,0.2158384517468517,41393,70742,7290,10175,0.002012014389038086,0.0001609325408935547,0.0018510818481445312
Sobel_Sklearn,Adaptive_Threshold_CV2,0.1933641975308642,0.08797448588490257,0.5322645290581163,0.15099243088717798,0.08166133736252153,0.15099243088716574,0.08166133736251435,0.1933641975308642,17465,105667,88202,0.1652833902732168,15764,96371,8169,9296,0.002012014389038086,0.0003821849822998047,0.0016298294067382812
Sobel_Sklearn,Otsu_Thresholding_CV2,0.46044753086419754,0.08204400962411766,0.29481820784425994,0.12836557638611887,0.06858474858474858,0.12836557638610288,0.06858474858473945,0.46044753086419754,17465,62759,45294,0.2782867795853981,54525,57610,12316,5149,0.002012014389038086,0.00016951560974121094,0.001842498779296875
Sobel_Sklearn,Niblack_Thresholding_CV2,0.38656635802469136,0.12241320543409456,0.5757801316919553,0.20190135825645247,0.11228603012606496,0.2019013582564322,0.11228603012605243,0.38656635802469136,17465,82148,64683,0.21260408044018114,40043,72092,7409,10056,0.002012014389038086,0.0005667209625244141,0.0014452934265136719
Sobel_Sklearn,Sauvola_Thresholding_CV2,0.1326929012345679,0.10771366709088806,0.7462925851703407,0.18825602472719918,0.10390873506222247,0.18825602472718558,0.1039087350622142,0.1326929012345679,17465,121006,103541,0.1443316860320976,4163,107972,4431,13034,0.002012014389038086,0.0006101131439208984,0.0014019012451171875
Sobel_Sklearn,Sobel_CV2,0.9977546296296296,0.9994765006979991,0.9838534211279703,0.9916034278789277,0.9833466865056656,0.9916034278786418,0.9833466865051028,0.9977546296296296,17465,17192,273,0.9843687374749499,112126,9,282,17183,0.002012014389038086,0.0010063648223876953,0.0010056495666503906
Sobel_Sklearn,Canny_CV2,0.9047376543209876,0.7108840734942737,0.49401660463784713,0.5829335855685427,0.41136645370458663,0.5829335855683457,0.4113664537043905,0.9047376543209876,17465,12137,5328,0.6949327225880332,108626,3509,8837,8628,0.002012014389038086,0.00030922889709472656,0.0017027854919433594
Sobel_Sklearn,Global_Threshold_Sklearn,0.3976851851851852,0.13066692672461083,0.6137417692527913,0.2154616173189411,0.12073801236778968,0.21546161731891944,0.12073801236777608,0.3976851851851852,17465,82033,64568,0.2129021247546719,40821,71314,6746,10719,0.002012014389038086,0.009784221649169922,0.007772207260131836
Sobel_Sklearn,Adaptive_Threshold_Sklearn,0.13864969135802468,0.10805973628129995,0.7432579444603493,0.18868692448016977,0.10417134786376914,0.18868692448015606,0.10417134786376078,0.13864969135802468,17465,120128,102663,0.14538658763985082,4988,107147,4484,12981,0.002012014389038086,0.010640621185302734,0.008628606796264648
Sobel_Sklearn,Otsu_Thresholding_Sklearn,0.4635416666666667,0.08710066305003014,0.31440022902948755,0.1364104984659719,0.07319771782019836,0.13641049846595496,0.07319771782018861,0.4635416666666667,17465,63042,45577,0.27703753053519875,54584,57551,11974,5491,0.002012014389038086,0.010266780853271484,0.008254766464233398
Sobel_Sklearn,Niblack_Thresholding_Sklearn,0.609537037037037,0.14965641188286288,0.40526767821357,0.218591723285979,0.12270725702992268,0.21859172328594526,0.12270725702990141,0.609537037037037,17465,47295,29830,0.36927793635690875,71918,40217,10387,7078,0.002012014389038086,0.012294769287109375,0.010282754898071289
Sobel_Sklearn,Sauvola_Thresholding_Sklearn,0.13681327160493828,0.12818432453721937,0.9317492127111365,0.22536440120486098,0.1269919308267391,0.22536440120484535,0.1269919308267292,0.13681327160493828,17465,126950,109485,0.13757384797164238,1458,110677,1192,16273,0.002012014389038086,0.01199793815612793,0.009985923767089844
Sobel_Sklearn,Sobel_Sklearn,1.0,1.0,1.0,1.0,1.0,0.9999999999997138,0.9999999999994273,1.0,17465,17465,0,1.0,112135,0,0,17465,0.002012014389038086,0.002012014389038086,0.0
Sobel_Sklearn,Canny_Sklearn,0.9118595679012346,0.919001386962552,0.37938734612081304,0.5370618034447822,0.3671117513435647,0.5370618034445644,0.3671117513433613,0.9118595679012346,17465,7210,10255,0.41282565130260523,111551,584,10839,6626,0.002012014389038086,0.004342555999755859,0.0023305416107177734
Sobel_Sklearn,Global_Threshold_Torch,0.3979012345679012,0.1257461349283834,0.5825937589464644,0.20684678091520806,0.11535365673926105,0.20684678091518705,0.11535365673924798,0.3979012345679012,17465,80917,63452,0.2158384517468517,41393,70742,7290,10175,0.002012014389038086,0.003970623016357422,0.001958608627319336
Sobel_Sklearn,Adaptive_Threshold_Torch,0.20217592592592593,0.08980686797712584,0.5386200973375322,0.15394560272313684,0.08339169363060148,0.15394560272312424,0.0833916936305941,0.20217592592592593,17465,104747,87282,0.1667350854917086,16795,95340,8058,9407,0.002012014389038086,0.0010955333709716797,0.0009164810180664062
Sobel_Sklearn,Otsu_Thresholding_Torch,0.4601851851851852,0.08206614333710173,0.2951044947036931,0.1284197936911347,0.06861570412972282,0.1284197936911187,0.06861570412971368,0.4601851851851852,17465,62803,45338,0.27809181090075313,54486,57649,12311,5154,0.002012014389038086,0.0012612342834472656,0.0007507801055908203
Sobel_Sklearn,Niblack_Thresholding_Torch,0.38272376543209874,0.1215931645447064,0.5752648153449756,0.20075329943152867,0.11157630544388424,0.20075329943150863,0.11157630544387184,0.38272376543209874,17465,82628,65163,0.21136902744832262,39554,72581,7418,10047,0.002012014389038086,0.04640507698059082,0.044393062591552734
Sobel_Sklearn,Sauvola_Thresholding_Torch,0.1327006172839506,0.10770158924306411,0.7461780704265675,0.18823393468432684,0.10389527560310602,0.18823393468431324,0.10389527560309773,0.1327006172839506,17465,121001,103536,0.14433765010206528,4166,107969,4433,13032,0.002012014389038086,0.0467379093170166,0.044725894927978516
Sobel_Sklearn,Sobel_Torch,0.9539274691358025,0.9014950398211541,0.7388491268250788,0.8121086251927373,0.6836556291390729,0.8121086251924817,0.6836556291387106,0.9539274691358025,17465,14314,3151,0.8195820211852276,110725,1410,4561,12904,0.002012014389038086,0.0012538433074951172,0.0007581710815429688
Sobel_Sklearn,Canny_Torch,0.9830555555555556,0.9220520758472,0.9549957056971085,0.9382347977724026,0.8836556291390728,0.9382347977721387,0.8836556291386046,0.9830555555555556,17465,18089,624,0.9655038973962077,110725,1410,786,16679,0.002012014389038086,0.0011305809020996094,0.0008814334869384766
Canny_Sklearn,Global_Threshold_CV2,0.386195987654321,0.05300493097865714,0.594868238557559,0.09733679803011563,0.05115818602542999,0.09733679803010459,0.051158186025423893,0.386195987654321,7210,80917,73707,0.08910364941853999,45762,76628,2921,4289,0.004342555999755859,0.0001609325408935547,0.004181623458862305
Canny_Sklearn,Adaptive_Threshold_CV2,0.1922608024691358,0.038772748350951576,0.5682385575589459,0.07259229072353092,0.03766317337745909,0.0725922907235245,0.03766317337745563,0.1922608024691358,7210,105667,98457,0.0682332232390434,20820,101570,3113,4097,0.004342555999755859,0.0003821849822998047,0.003960371017456055
Canny_Sklearn,Otsu_Thresholding_CV2,0.49202932098765434,0.03295144919453784,0.2868238557558946,0.05911189240949563,0.030456105211999825,0.059111892409487186,0.03045610521199534,0.49202932098765434,7210,62759,55549,0.11488392103124652,61699,60691,5142,2068,0.004342555999755859,0.00016951560974121094,0.0041730403900146484
Canny_Sklearn,Niblack_Thresholding_CV2,0.3810802469135802,0.055667819058285044,0.6342579750346741,0.10235233554913942,0.05393642743409801,0.10235233554912797,0.053936427434091654,0.3810802469135802,7210,82148,74938,0.08776841797730925,44815,77575,2637,4573,0.004342555999755859,0.0005667209625244141,0.0037758350372314453
Canny_Sklearn,Sauvola_Thresholding_CV2,0.10504629629629629,0.050534684230534026,0.848127600554785,0.0953859112747239,0.05008148991408752,0.09538591127471646,0.05008148991408342,0.10504629629629629,7210,121006,113796,0.059583822289803814,7499,114891,1095,6115,0.004342555999755859,0.0006101131439208984,0.003732442855834961
Canny_Sklearn,Sobel_CV2,0.9134722222222222,0.38355048859934854,0.9145631067961165,0.540447504302926,0.37028301886792453,0.5404475043027045,0.3702830188677166,0.9134722222222222,7210,17192,9982,0.4193811074918567,111792,10598,616,6594,0.004342555999755859,0.0010063648223876953,0.003336191177368164
Canny_Sklearn,Canny_CV2,0.9371373456790123,0.46139902776633435,0.7766990291262136,0.5789011216209231,0.4073616061686186,0.5789011216206239,0.40736160616832223,0.9371373456790123,7210,12137,4927,0.5940512482491555,115853,6537,1610,5600,0.004342555999755859,0.00030922889709472656,0.004033327102661133
Canny_Sklearn,Global_Threshold_Sklearn,0.3802391975308642,0.054380554167225384,0.6187239944521498,0.09997422767051757,0.05261730084215989,0.09997422767050637,0.052617300842153686,0.3802391975308642,7210,82033,74823,0.08789145831555593,44818,77572,2749,4461,0.004342555999755859,0.009784221649169922,0.0054416656494140625
Canny_Sklearn,Adaptive_Threshold_Sklearn,0.10612654320987654,0.04783231220031966,0.7969486823855756,0.0902480013821483,0.04725639844726627,0.09024800138214122,0.047256398447262385,0.10612654320987654,7210,120128,112918,0.06001931273308471,8008,114382,1464,5746,0.004342555999755859,0.010640621185302734,0.006298065185546875
Canny_Sklearn,Otsu_Thresholding_Sklearn,0.4920833333333333,0.03510358173915802,0.30693481276005546,0.06300176507430394,0.032525463337203665,0.06300176507429497,0.032525463337198884,0.4920833333333333,7210,63042,55832,0.1143681989784588,61561,60829,4997,2213,0.004342555999755859,0.010266780853271484,0.005924224853515625
Canny_Sklearn,Niblack_Thresholding_Sklearn,0.6239737654320988,0.06102124960355217,0.40027739251040223,0.10589854141821851,0.055909645673104864,0.10589854141819909,0.05590964567309404,0.6239737654320988,7210,47295,40085,0.15244740458822287,77981,44409,4324,2886,0.004342555999755859,0.012294769287109375,0.007952213287353516
Canny_Sklearn,Sauvola_Thresholding_Sklearn,0.07140432098765433,0.05440724694761717,0.9579750346740638,0.10296660703637447,0.05427769875759314,0.1029666070363668,0.05427769875758888,0.07140432098765433,7210,126950,119740,0.05679401339109886,2347,120043,303,6907,0.004342555999755859,0.01199793815612793,0.00765538215637207
Canny_Sklearn,Sobel_Sklearn,0.9118595679012346,0.37938734612081304,0.919001386962552,0.5370618034447822,0.3671117513435647,0.5370618034445644,0.3671117513433613,0.9118595679012346,7210,17465,10255,0.41282565130260523,111551,10839,584,6626,0.004342555999755859,0.002012014389038086,0.0023305416107177734
Canny_Sklearn,Canny_Sklearn,1.0,1.0,1.0,1.0,1.0,0.9999999999993064,0.999999999998613,1.0,7210,7210,0,1.0,122390,0,0,7210,0.004342555999755859,0.004342555999755859,0.0
Canny_Sklearn,Global_Threshold_Torch,0.386195987654321,0.05300493097865714,0.594868238557559,0.09733679803011563,0.05115818602542999,0.09733679803010459,0.051158186025423893,0.386195987654321,7210,80917,73707,0.08910364941853999,45762,76628,2921,4289,0.004342555999755859,0.003970623016357422,0.0003719329833984375
Canny_Sklearn,Adaptive_Threshold_Torch,0.20118055555555556,0.04023981593744928,0.5846047156726768,0.0752967657225542,0.03912123405914128,0.07529676572254747,0.03912123405913765,0.20118055555555556,7210,104747,97537,0.06883252026311017,21858,100532,2995,4215,0.004342555999755859,0.0010955333709716797,0.0032470226287841797
Canny_Sklearn,Otsu_Thresholding_Torch,0.4917206790123457,0.032960208907217806,0.2871012482662968,0.05913187550883407,0.0304667147461843,0.05913187550882563,0.030466714746179818,0.4917206790123457,7210,62803,55593,0.11480343295702435,61657,60733,5140,2070,0.004342555999755859,0.0012612342834472656,0.0030813217163085938
Canny_Sklearn,Niblack_Thresholding_Torch,0.3773611111111111,0.055332332865372515,0.6341192787794729,0.10178320977759968,0.05362043487439307,0.10178320977758835,0.05362043487438679,0.3773611111111111,7210,82628,75418,0.08725855642155202,44334,78056,2638,4572,0.004342555999755859,0.04640507698059082,0.04206252098083496
Canny_Sklearn,Sauvola_Thresholding_Torch,0.10500771604938272,0.050495450450822724,0.8474341192787794,0.0953116347271295,0.0500405402085159,0.09531163472712206,0.050040540208511806,0.10500771604938272,7210,121001,113791,0.05958628441087264,7499,114891,1100,6110,0.004342555999755859,0.0467379093170166,0.04239535331726074
Canny_Sklearn,Sobel_Torch,0.9244907407407408,0.4100181640352103,0.814008321775312,0.5453447314625535,0.3748961992973491,0.5453447314623,0.3748961992971096,0.9244907407407408,7210,14314,7104,0.5037026687159424,113945,8445,1341,5869,0.004342555999755859,0.0012538433074951172,0.003088712692260742
Canny_Sklearn,Canny_Torch,0.905408950617284,0.3604400464370612,0.9042995839112344,0.5154353927032689,0.34719633633313807,0.5154353927030652,0.34719633633295316,0.905408950617284,7210,18089,10879,0.3985847752777931,110821,11569,690,6520,0.004342555999755859,0.0011305809020996094,0.00321197509765625
Global_Threshold_Torch,Global_Threshold_CV2,1.0,1.0,1.0,1.0,1.0,0.9999999999999382,0.9999999999998764,1.0,80917,80917,0,1.0,48683,0,0,80917,0.003970623016357422,0.0001609325408935547,0.003809690475463867
Global_Threshold_Torch,Adaptive_Threshold_CV2,0.691604938271605,0.6937643729830505,0.9059653719243175,0.7857908502336749,0.6471626822981037,0.7857908502336327,0.6471626822980466,0.691604938271605,80917,105667,24750,0.765773609546973,16324,32359,7609,73308,0.003970623016357422,0.0003821849822998047,0.003588438034057617
Global_Threshold_Torch,Otsu_Thresholding_CV2,0.8598919753086419,1.0,0.7755972169012691,0.8736184192210251,0.7755972169012691,0.8736184192209642,0.7755972169011733,0.8598919753086419,80917,62759,18158,0.7755972169012691,48683,0,18158,62759,0.003970623016357422,0.00016951560974121094,0.003801107406616211
Global_Threshold_Torch,Niblack_Thresholding_CV2,0.6210725308641976,0.6936017918878122,0.7041536389139489,0.6988378867322846,0.5370874848002112,0.6988378867322418,0.5370874848001606,0.6210725308641976,80917,82148,1231,0.985014851244096,23513,25170,23939,56978,0.003970623016357422,0.0005667209625244141,0.003403902053833008
Global_Threshold_Torch,Sauvola_Thresholding_CV2,0.673233024691358,0.6593639984794143,0.9860350729760124,0.7902715391510625,0.6532635750311129,0.7902715391510233,0.6532635750310594,0.673233024691358,80917,121006,40089,0.6687023783944598,7464,41219,1130,79787,0.003970623016357422,0.0006101131439208984,0.0033605098724365234
Global_Threshold_Torch,Sobel_CV2,0.398016975308642,0.5843415542112611,0.12415190874599899,0.20479262860695757,0.11407742184572409,0.2047926286069367,0.11407742184571114,0.398016975308642,80917,17192,63725,0.2124646242445963,41537,7146,70871,10046,0.003970623016357422,0.0010063648223876953,0.0029642581939697266
Global_Threshold_Torch,Canny_CV2,0.38141975308641973,0.5308560599818736,0.0796248007217272,0.1384787327788166,0.07439008901871587,0.1384787327788017,0.07439008901870728,0.38141975308641973,80917,12137,68780,0.1499932029116255,42989,5694,74474,6443,0.003970623016357422,0.00030922889709472656,0.0036613941192626953
Global_Threshold_Torch,Global_Threshold_Sklearn,0.9785648148148148,0.9762656491899602,0.9897302173832445,0.982951825713409,0.9664751882602819,0.9829518257133486,0.9664751882601653,0.9785648148148148,80917,82033,1116,0.9863957187960942,46736,1947,831,80086,0.003970623016357422,0.009784221649169922,0.0058135986328125
Global_Threshold_Torch,Adaptive_Threshold_Sklearn,0.6671990740740741,0.6572739078316463,0.9757776487017561,0.7854659404610908,0.64672203656379,0.7854659404610517,0.6467220365637371,0.6671990740740741,80917,120128,39211,0.6735898375066596,7512,41171,1960,78957,0.003970623016357422,0.010640621185302734,0.0066699981689453125
Global_Threshold_Torch,Otsu_Thresholding_Sklearn,0.8594212962962963,0.9972716601630659,0.7769689929186697,0.8734431331142894,0.7753209436545031,0.8734431331142287,0.7753209436544075,0.8594212962962963,80917,63042,17875,0.7790946278285157,48511,172,18047,62870,0.003970623016357422,0.010266780853271484,0.0062961578369140625
Global_Threshold_Torch,Niblack_Thresholding_Sklearn,0.5958179012345679,0.8016703668463897,0.4685665558535289,0.5914422986927901,0.4198921337364475,0.5914422986927439,0.419892133736401,0.5958179012345679,80917,47295,33622,0.5844878084951246,39303,9380,43002,37915,0.003970623016357422,0.012294769287109375,0.008324146270751953
Global_Threshold_Torch,Sauvola_Thresholding_Sklearn,0.643587962962963,0.6367703820401733,0.9990236909425708,0.7777857957251512,0.6363743712065749,0.7777857957251137,0.6363743712065248,0.643587962962963,80917,126950,46033,0.637392674281213,2571,46112,79,80838,0.003970623016357422,0.01199793815612793,0.008027315139770508
Global_Threshold_Torch,Sobel_Sklearn,0.3979012345679012,0.5825937589464644,0.1257461349283834,0.20684678091520806,0.11535365673926105,0.20684678091518705,0.11535365673924798,0.3979012345679012,80917,17465,63452,0.2158384517468517,41393,7290,70742,10175,0.003970623016357422,0.002012014389038086,0.001958608627319336
Global_Threshold_Torch,Canny_Sklearn,0.386195987654321,0.594868238557559,0.05300493097865714,0.09733679803011563,0.05115818602542999,0.09733679803010459,0.051158186025423893,0.386195987654321,80917,7210,73707,0.08910364941853999,45762,2921,76628,4289,0.003970623016357422,0.004342555999755859,0.0003719329833984375
Global_Threshold_Torch,Global_Threshold_Torch,1.0,1.0,1.0,1.0,1.0,0.9999999999999382,0.9999999999998764,1.0,80917,80917,0,1.0,48683,0,0,80917,0.003970623016357422,0.003970623016357422,0.0
Global_Threshold_Torch,Adaptive_Threshold_Torch,0.6973148148148148,0.6989985393376421,0.9048531210993982,0.7887150982419855,0.6511392134891415,0.788715098241943,0.6511392134890835,0.6973148148148148,80917,104747,23830,0.7724994510582642,17154,31529,7699,73218,0.003970623016357422,0.0010955333709716797,0.002875089645385742
Global_Threshold_Torch,Otsu_Thresholding_Torch,0.8602314814814814,1.0,0.7761409839712298,0.8739632618981352,0.7761409839712298,0.8739632618980744,0.7761409839711338,0.8602314814814814,80917,62803,18114,0.7761409839712298,48683,0,18114,62803,0.003970623016357422,0.0012612342834472656,0.0027093887329101562
Global_Threshold_Torch,Niblack_Thresholding_Torch,0.6249922839506172,0.695551144890352,0.7102586601085062,0.7028279678375983,0.5418155421266486,0.7028279678375552,0.5418155421265975,0.6249922839506172,80917,82628,1711,0.9792927336980201,23527,25156,23445,57472,0.003970623016357422,0.04640507698059082,0.0424344539642334
Global_Threshold_Torch,Sauvola_Thresholding_Torch,0.6732407407407407,0.6593747159114387,0.9860103562910143,0.7902712982497846,0.6532632458058019,0.7902712982497454,0.6532632458057483,0.6732407407407407,80917,121001,40084,0.6687300104957811,7467,41216,1132,79785,0.003970623016357422,0.0467379093170166,0.04276728630065918
Global_Threshold_Torch,Sobel_Torch,0.39597993827160494,0.5920776861813609,0.10473695267990657,0.17798826012537933,0.09768776799299184,0.17798826012536065,0.09768776799298058,0.39597993827160494,80917,14314,66603,0.17689731453217494,42844,5839,72442,8475,0.003970623016357422,0.0012538433074951172,0.0027167797088623047
Global_Threshold_Torch,Canny_Torch,0.39791666666666664,0.5797998783791254,0.12961429613060296,0.2118659475183322,0.11848437605910662,0.21186594751831084,0.11848437605909325,0.39791666666666664,80917,18089,62828,0.2235500574662926,41082,7601,70429,10488,0.003970623016357422,0.0011305809020996094,0.0028400421142578125
Adaptive_Threshold_Torch,Global_Threshold_CV2,0.6973148148148148,0.9048531210993982,0.6989985393376421,0.7887150982419855,0.6511392134891415,0.788715098241943,0.6511392134890835,0.6973148148148148,104747,80917,23830,0.7724994510582642,17154,7699,31529,73218,0.0010955333709716797,0.0001609325408935547,0.000934600830078125
Adaptive_Threshold_Torch,Adaptive_Threshold_CV2,0.9435956790123456,0.9610569051832644,0.9694979331150295,0.9652589656581786,0.9328507651889548,0.9652589656581327,0.9328507651888691,0.9435956790123456,104747,105667,920,0.9912934028599278,20738,4115,3195,101552,0.0010955333709716797,0.0003821849822998047,0.000713348388671875
Adaptive_Threshold_Torch,Otsu_Thresholding_CV2,0.6445833333333333,0.9675425038639877,0.5797015666319799,0.7250128353611214,0.5686432424333233,0.7250128353610781,0.5686432424332701,0.6445833333333333,104747,62759,41988,0.599148424298548,22816,2037,44025,60722,0.0010955333709716797,0.00016951560974121094,0.0009260177612304688
Adaptive_Threshold_Torch,Niblack_Thresholding_CV2,0.7887268518518519,0.9708939962019769,0.7614251482142687,0.8534952780973274,0.7444324142694468,0.8534952780972817,0.7444324142693775,0.7887268518518519,104747,82148,22599,0.7842515776108147,22462,2391,24990,79757,0.0010955333709716797,0.0005667209625244141,0.0005288124084472656
Adaptive_Threshold_Torch,Sauvola_Thresholding_CV2,0.8716126543209877,0.8640645918384212,0.998186105568656,0.9262955531044992,0.862709990428727,0.9262955531044581,0.8627099904286558,0.8716126543209877,104747,121006,16259,0.8656347619126324,8404,16449,190,104557,0.0010955333709716797,0.0006101131439208984,0.00048542022705078125
Adaptive_Threshold_Torch,Sobel_CV2,0.2019675925925926,0.5384481154025128,0.08837484605764366,0.1518300133673394,0.08215154150618555,0.15183001336732696,0.08215154150617826,0.2019675925925926,104747,17192,87555,0.16412880559825102,16918,7935,95490,9257,0.0010955333709716797,0.0010063648223876953,8.916854858398438e-05
Adaptive_Threshold_Torch,Canny_CV2,0.2063425925925926,0.577819889593804,0.06695179814219022,0.11999931556072688,0.06382939993264829,0.11999931556071661,0.06382939993264249,0.2063425925925926,104747,12137,92610,0.11586966691170153,19729,5124,97734,7013,0.0010955333709716797,0.00030922889709472656,0.0007863044738769531
Adaptive_Threshold_Torch,Global_Threshold_Sklearn,0.6791049382716049,0.8849609303572953,0.6930604217781894,0.7773423278723632,0.6357808449520073,0.7773423278723215,0.6357808449519516,0.6791049382716049,104747,82033,22714,0.7831536941392117,15416,9437,32151,72596,0.0010955333709716797,0.009784221649169922,0.008688688278198242
Adaptive_Threshold_Torch,Adaptive_Threshold_Sklearn,0.8531558641975309,0.8567694459243473,0.9825770666463002,0.9153707615341856,0.843948078358056,0.9153707615341449,0.8439480783579868,0.8531558641975309,104747,120128,15381,0.8719615743207245,7647,17206,1825,102922,0.0010955333709716797,0.010640621185302734,0.009545087814331055
Adaptive_Threshold_Torch,Otsu_Thresholding_Sklearn,0.6263657407407407,0.9467180609752228,0.5697824281363667,0.7114053960629123,0.5520785155310528,0.7114053960628699,0.5520785155310018,0.6263657407407407,104747,63042,41705,0.601850172319971,21494,3359,45064,59683,0.0010955333709716797,0.010266780853271484,0.009171247482299805
Adaptive_Threshold_Torch,Niblack_Thresholding_Sklearn,0.5204783950617284,0.9503753039433344,0.4291101415792338,0.5912576787992792,0.41970605262666444,0.5912576787992402,0.41970605262662525,0.5204783950617284,104747,47295,57452,0.4515165112127316,22506,2347,59799,44948,0.0010955333709716797,0.012294769287109375,0.011199235916137695
Adaptive_Threshold_Torch,Sauvola_Thresholding_Sklearn,0.823695987654321,0.8225600630169358,0.9969163794667151,0.9013841353146567,0.8204725275588696,0.9013841353146177,0.8204725275588051,0.823695987654321,104747,126950,22203,0.8251043717999212,2327,22526,323,104424,0.0010955333709716797,0.01199793815612793,0.01090240478515625
Adaptive_Threshold_Torch,Sobel_Sklearn,0.20217592592592593,0.5386200973375322,0.08980686797712584,0.15394560272313684,0.08339169363060148,0.15394560272312424,0.0833916936305941,0.20217592592592593,104747,17465,87282,0.1667350854917086,16795,8058,95340,9407,0.0010955333709716797,0.002012014389038086,0.0009164810180664062
Adaptive_Threshold_Torch,Canny_Sklearn,0.20118055555555556,0.5846047156726768,0.04023981593744928,0.0752967657225542,0.03912123405914128,0.07529676572254747,0.03912123405913765,0.20118055555555556,104747,7210,97537,0.06883252026311017,21858,2995,100532,4215,0.0010955333709716797,0.004342555999755859,0.0032470226287841797
Adaptive_Threshold_Torch,Global_Threshold_Torch,0.6973148148148148,0.9048531210993982,0.6989985393376421,0.7887150982419855,0.6511392134891415,0.788715098241943,0.6511392134890835,0.6973148148148148,104747,80917,23830,0.7724994510582642,17154,7699,31529,73218,0.0010955333709716797,0.003970623016357422,0.002875089645385742
Adaptive_Threshold_Torch,Adaptive_Threshold_Torch,1.0,1.0,1.0,1.0,1.0,0.9999999999999523,0.9999999999999045,1.0,104747,104747,0,1.0,24853,0,0,104747,0.0010955333709716797,0.0010955333709716797,0.0
Adaptive_Threshold_Torch,Otsu_Thresholding_Torch,0.6446759259259259,0.9673104787987835,0.5799688773902832,0.7251566696508505,0.5688202247191011,0.7251566696508072,0.5688202247190479,0.6446759259259259,104747,62803,41944,0.599568484061596,22800,2053,43997,60750,0.0010955333709716797,0.0012612342834472656,0.00016570091247558594
Adaptive_Threshold_Torch,Niblack_Thresholding_Torch,0.7925848765432099,0.971184102241371,0.7661030864845771,0.8565390260173449,0.7490758718542304,0.8565390260172991,0.7490758718541606,0.7925848765432099,104747,82628,22119,0.7888340477531576,22472,2381,24500,80247,0.0010955333709716797,0.04640507698059082,0.04530954360961914
Adaptive_Threshold_Torch,Sauvola_Thresholding_Torch,0.8716975308641975,0.8641250898752902,0.9982147460070455,0.9263426475539097,0.862791695547414,0.9263426475538686,0.8627916955473428,0.8716975308641975,104747,121001,16254,0.8656705316484987,8412,16441,187,104560,0.0010955333709716797,0.0467379093170166,0.04564237594604492
Adaptive_Threshold_Torch,Sobel_Torch,0.21040895061728396,0.5843929020539332,0.07985908904312296,0.14051620597844802,0.07556731950567319,0.14051620597843623,0.07556731950566636,0.21040895061728396,104747,14314,90433,0.13665307836978624,18904,5949,96382,8365,0.0010955333709716797,0.0012538433074951172,0.0001583099365234375
Adaptive_Threshold_Torch,Canny_Torch,0.2123456790123457,0.5737188346508928,0.09907682320257383,0.16897326516656355,0.09228334133632111,0.16897326516654979,0.09228334133631291,0.2123456790123457,104747,18089,86658,0.17269229667675445,17142,7711,94369,10378,0.0010955333709716797,0.0011305809020996094,3.504753112792969e-05
Otsu_Thresholding_Torch,Global_Threshold_CV2,0.8602314814814814,0.7761409839712298,1.0,0.8739632618981352,0.7761409839712298,0.8739632618980744,0.7761409839711338,0.8602314814814814,62803,80917,18114,0.7761409839712298,48683,18114,0,62803,0.0012612342834472656,0.0001609325408935547,0.001100301742553711
Otsu_Thresholding_Torch,Adaptive_Threshold_CV2,0.6352314814814815,0.5734808407544456,0.9648902122510071,0.7193921766486615,0.5617583803025809,0.7193921766486188,0.5617583803025288,0.6352314814814815,62803,105667,42864,0.594348282812988,21728,45069,2205,60598,0.0012612342834472656,0.0003821849822998047,0.0008790493011474609
Otsu_Thresholding_Torch,Otsu_Thresholding_CV2,0.9996604938271605,1.0,0.9992993965256437,0.9996495755085137,0.9992993965256437,0.9996495755084341,0.9992993965254846,0.9996604938271605,62803,62759,44,0.9992993965256437,66797,0,44,62759,0.0012612342834472656,0.00016951560974121094,0.0010917186737060547
Otsu_Thresholding_Torch,Niblack_Thresholding_CV2,0.5680787037037037,0.541546964016166,0.7083578809929462,0.6138212223441025,0.44281533683707597,0.6138212223440601,0.4428153368370319,0.5680787037037037,62803,82148,19345,0.7645103958708672,29136,37661,18316,44487,0.0012612342834472656,0.0005667209625244141,0.0006945133209228516
Otsu_Thresholding_Torch,Sauvola_Thresholding_CV2,0.550516975308642,0.5188007206254235,0.9996019298441158,0.6830786305349574,0.5186935578488155,0.6830786305349202,0.5186935578487728,0.550516975308642,62803,121006,58203,0.5190073219509777,8569,58228,25,62778,0.0012612342834472656,0.0006101131439208984,0.0006511211395263672
Otsu_Thresholding_Torch,Sobel_CV2,0.46131944444444445,0.2961261051651931,0.08106300654427337,0.12728295518469904,0.06796699775712912,0.12728295518468313,0.06796699775712005,0.46131944444444445,62803,17192,45611,0.2737448847984969,54696,12101,57712,5091,0.0012612342834472656,0.0010063648223876953,0.0002548694610595703
Otsu_Thresholding_Torch,Canny_CV2,0.4642901234567901,0.22707423580786026,0.04388325398468226,0.07355217507339205,0.03818020613986479,0.07355217507338223,0.0381802061398595,0.4642901234567901,62803,12137,50666,0.19325509927869688,57416,9381,60047,2756,0.0012612342834472656,0.00030922889709472656,0.0009520053863525391
Otsu_Thresholding_Torch,Global_Threshold_Sklearn,0.8504320987654321,0.7646434971292041,0.9987739439198764,0.8661658703637217,0.7639264401412739,0.8661658703636619,0.7639264401411809,0.8504320987654321,62803,82033,19230,0.7655821437714091,47490,19307,77,62726,0.0012612342834472656,0.009784221649169922,0.008522987365722656
Otsu_Thresholding_Torch,Adaptive_Threshold_Sklearn,0.5508256172839506,0.519104621736814,0.9929302740314954,0.6817761888362278,0.5171930464784527,0.6817761888361905,0.5171930464784098,0.5508256172839506,62803,120128,57325,0.5228006792754395,9028,57769,444,62359,0.0012612342834472656,0.010640621185302734,0.009379386901855469
Otsu_Thresholding_Torch,Otsu_Thresholding_Sklearn,0.9794058641975308,0.9769360109133594,0.9806537904240243,0.9787913703365251,0.9584636693278553,0.9787913703364474,0.9584636693277062,0.9794058641975308,62803,63042,239,0.9962088766219346,65343,1454,1215,61588,0.0012612342834472656,0.010266780853271484,0.009005546569824219
Otsu_Thresholding_Torch,Niblack_Thresholding_Sklearn,0.6056944444444444,0.6237022941114283,0.4696909383309715,0.5358498791985322,0.3659801488833747,0.5358498791984836,0.3659801488833293,0.6056944444444444,62803,47295,15508,0.7530691209018677,49000,17797,33305,29498,0.0012612342834472656,0.012294769287109375,0.01103353500366211
Otsu_Thresholding_Torch,Sauvola_Thresholding_Sklearn,0.5050385802469136,0.49470657739267426,1.0,0.6619447386866084,0.49470657739267426,0.6619447386865734,0.49470657739263535,0.5050385802469136,62803,126950,64147,0.49470657739267426,2650,64147,0,62803,0.0012612342834472656,0.01199793815612793,0.010736703872680664
Otsu_Thresholding_Torch,Sobel_Sklearn,0.4601851851851852,0.2951044947036931,0.08206614333710173,0.1284197936911347,0.06861570412972282,0.1284197936911187,0.06861570412971368,0.4601851851851852,62803,17465,45338,0.27809181090075313,54486,12311,57649,5154,0.0012612342834472656,0.002012014389038086,0.0007507801055908203
Otsu_Thresholding_Torch,Canny_Sklearn,0.4917206790123457,0.2871012482662968,0.032960208907217806,0.05913187550883407,0.0304667147461843,0.05913187550882563,0.030466714746179818,0.4917206790123457,62803,7210,55593,0.11480343295702435,61657,5140,60733,2070,0.0012612342834472656,0.004342555999755859,0.0030813217163085938
Otsu_Thresholding_Torch,Global_Threshold_Torch,0.8602314814814814,0.7761409839712298,1.0,0.8739632618981352,0.7761409839712298,0.8739632618980744,0.7761409839711338,0.8602314814814814,62803,80917,18114,0.7761409839712298,48683,18114,0,62803,0.0012612342834472656,0.003970623016357422,0.0027093887329101562
Otsu_Thresholding_Torch,Adaptive_Threshold_Torch,0.6446759259259259,0.5799688773902832,0.9673104787987835,0.7251566696508505,0.5688202247191011,0.7251566696508072,0.5688202247190479,0.6446759259259259,62803,104747,41944,0.599568484061596,22800,43997,2053,60750,0.0012612342834472656,0.0010955333709716797,0.00016570091247558594
Otsu_Thresholding_Torch,Otsu_Thresholding_Torch,1.0,1.0,1.0,1.0,1.0,0.9999999999999204,0.9999999999998408,1.0,62803,62803,0,1.0,66797,0,0,62803,0.0012612342834472656,0.0012612342834472656,0.0
Otsu_Thresholding_Torch,Niblack_Thresholding_Torch,0.5717978395061728,0.5442222975262623,0.7160167507921597,0.6184101051357689,0.44760757691886566,0.6184101051357263,0.44760757691882114,0.5717978395061728,62803,82628,19825,0.7600692259282568,29137,37660,17835,44968,0.0012612342834472656,0.04640507698059082,0.045143842697143555
Otsu_Thresholding_Torch,Sauvola_Thresholding_Torch,0.550570987654321,0.518830422889067,0.9996178526503511,0.6831080934038433,0.5187275356331337,0.683108093403806,0.5187275356330908,0.550570987654321,62803,121001,58198,0.5190287683572863,8575,58222,24,62779,0.0012612342834472656,0.0467379093170166,0.045476675033569336
Otsu_Thresholding_Torch,Sobel_Torch,0.4783256172839506,0.3321223976526478,0.07569702084295336,0.12329317789851783,0.06569655763304451,0.12329317789850186,0.06569655763303543,0.4783256172839506,62803,14314,48489,0.22791904845309938,57237,9560,58049,4754,0.0012612342834472656,0.0012538433074951172,7.3909759521484375e-06
Otsu_Thresholding_Torch,Canny_Torch,0.46285493827160495,0.311736414395489,0.08978870436125663,0.13942046185036838,0.0749338896788168,0.13942046185035117,0.07493388967880683,0.46285493827160495,62803,18089,44714,0.2880276419916246,54347,12450,57164,5639,0.0012612342834472656,0.0011305809020996094,0.00013065338134765625
Niblack_Thresholding_Torch,Global_Threshold_CV2,0.6249922839506172,0.7102586601085062,0.695551144890352,0.7028279678375983,0.5418155421266486,0.7028279678375552,0.5418155421265975,0.6249922839506172,82628,80917,1711,0.9792927336980201,23527,23445,25156,57472,0.04640507698059082,0.0001609325408935547,0.046244144439697266
Niblack_Thresholding_Torch,Adaptive_Threshold_CV2,0.7709799382716049,0.7505370645518469,0.9598078133320425,0.8423696858652646,0.7276672661210408,0.8423696858652199,0.7276672661209741,0.7709799382716049,82628,105667,23039,0.7819659874889985,20612,26360,3321,79307,0.04640507698059082,0.0003821849822998047,0.046022891998291016
Niblack_Thresholding_Torch,Otsu_Thresholding_CV2,0.5717206790123457,0.7160885291352634,0.5438955317809944,0.618225838623811,0.44741453119088864,0.6182258386237683,0.4474145311908441,0.5717206790123457,82628,62759,19869,0.7595367187878201,29154,17818,37687,44941,0.04640507698059082,0.00016951560974121094,0.04623556137084961
Niblack_Thresholding_Torch,Niblack_Thresholding_CV2,0.975216049382716,0.9833714758728149,0.9776589049716803,0.9805068699325145,0.9617591732742815,0.9805068699324548,0.961759173274167,0.975216049382716,82628,82148,480,0.9941908311952364,45606,1366,1846,80782,0.04640507698059082,0.0005667209625244141,0.045838356018066406
Niblack_Thresholding_Torch,Sauvola_Thresholding_CV2,0.7038425925925926,0.6828256450093384,0.9999757951299801,0.8115147765107988,0.6828143593811979,0.8115147765107589,0.6828143593811415,0.7038425925925926,82628,121006,38378,0.6828421731153828,8592,38380,2,82626,0.04640507698059082,0.0006101131439208984,0.04579496383666992
Niblack_Thresholding_Torch,Sobel_CV2,0.3824845679012346,0.5755583992554677,0.11975359442319795,0.19825686235223403,0.11003614122880177,0.19825686235221415,0.11003614122878955,0.3824845679012346,82628,17192,65436,0.20806506269061334,39675,7297,72733,9895,0.04640507698059082,0.0010063648223876953,0.045398712158203125
Niblack_Thresholding_Torch,Canny_CV2,0.3794367283950617,0.5907555409079673,0.08677445902115506,0.15132169049754657,0.0818539870997203,0.1513216904975306,0.08185398709971096,0.3794367283950617,82628,12137,70491,0.14688725371544756,42005,4967,75458,7170,0.04640507698059082,0.00030922889709472656,0.046095848083496094
Niblack_Thresholding_Torch,Global_Threshold_Sklearn,0.6066743827160493,0.6929284556215182,0.6879387132691097,0.6904245692665537,0.5272125248103285,0.6904245692665117,0.5272125248102796,0.6066743827160493,82628,82033,595,0.9927990511690952,21782,25190,25785,56843,0.04640507698059082,0.009784221649169922,0.0366208553314209
Niblack_Thresholding_Torch,Adaptive_Threshold_Sklearn,0.6847376543209877,0.6738562200319659,0.9796800116183376,0.7984868511905936,0.6645677177830502,0.7984868511905542,0.6645677177829957,0.6847376543209877,82628,120128,37500,0.6878329781566329,7793,39179,1679,80949,0.04640507698059082,0.010640621185302734,0.035764455795288086
Niblack_Thresholding_Torch,Otsu_Thresholding_Sklearn,0.554320987654321,0.6972335903048761,0.5319625308612093,0.6034873343859408,0.4321388192498648,0.6034873343858993,0.43213881924982234,0.554320987654321,82628,63042,19586,0.7629617078956286,27885,19087,38673,43955,0.04640507698059082,0.010266780853271484,0.036138296127319336
Niblack_Thresholding_Torch,Niblack_Thresholding_Sklearn,0.6752391975308641,0.9285759594037425,0.5315026383308321,0.6760465814366972,0.5106271655465898,0.6760465814366451,0.5106271655465304,0.6752391975308641,82628,47295,35333,0.5723846637943554,43594,3378,38711,43917,0.04640507698059082,0.012294769287109375,0.034110307693481445
Niblack_Thresholding_Torch,Sauvola_Thresholding_Sklearn,0.654537037037037,0.6490980701063411,0.9972769521227671,0.7863707068490013,0.6479496756437979,0.7863707068489637,0.647949675643747,0.654537037037037,82628,126950,44322,0.6508704214257581,2425,44547,225,82403,0.04640507698059082,0.01199793815612793,0.03440713882446289
Niblack_Thresholding_Torch,Sobel_Sklearn,0.38272376543209874,0.5752648153449756,0.1215931645447064,0.20075329943152867,0.11157630544388424,0.20075329943150863,0.11157630544387184,0.38272376543209874,82628,17465,65163,0.21136902744832262,39554,7418,72581,10047,0.04640507698059082,0.002012014389038086,0.044393062591552734
Niblack_Thresholding_Torch,Canny_Sklearn,0.3773611111111111,0.6341192787794729,0.055332332865372515,0.10178320977759968,0.05362043487439307,0.10178320977758835,0.05362043487438679,0.3773611111111111,82628,7210,75418,0.08725855642155202,44334,2638,78056,4572,0.04640507698059082,0.004342555999755859,0.04206252098083496
Niblack_Thresholding_Torch,Global_Threshold_Torch,0.6249922839506172,0.7102586601085062,0.695551144890352,0.7028279678375983,0.5418155421266486,0.7028279678375552,0.5418155421265975,0.6249922839506172,82628,80917,1711,0.9792927336980201,23527,23445,25156,57472,0.04640507698059082,0.003970623016357422,0.0424344539642334
Niblack_Thresholding_Torch,Adaptive_Threshold_Torch,0.7925848765432099,0.7661030864845771,0.971184102241371,0.8565390260173449,0.7490758718542304,0.8565390260172991,0.7490758718541606,0.7925848765432099,82628,104747,22119,0.7888340477531576,22472,24500,2381,80247,0.04640507698059082,0.0010955333709716797,0.04530954360961914
Niblack_Thresholding_Torch,Otsu_Thresholding_Torch,0.5717978395061728,0.7160167507921597,0.5442222975262623,0.6184101051357689,0.44760757691886566,0.6184101051357263,0.44760757691882114,0.5717978395061728,82628,62803,19825,0.7600692259282568,29137,17835,37660,44968,0.04640507698059082,0.0012612342834472656,0.045143842697143555
Niblack_Thresholding_Torch,Niblack_Thresholding_Torch,1.0,1.0,1.0,1.0,1.0,0.9999999999999394,0.999999999999879,1.0,82628,82628,0,1.0,46972,0,0,82628,0.04640507698059082,0.04640507698059082,0.0
Niblack_Thresholding_Torch,Sauvola_Thresholding_Torch,0.7039120370370371,0.6828703895009132,1.0,0.8115543463848469,0.6828703895009132,0.8115543463848071,0.6828703895008568,0.7039120370370371,82628,121001,38373,0.6828703895009132,8599,38373,0,82628,0.04640507698059082,0.0467379093170166,0.00033283233642578125
Niblack_Thresholding_Torch,Sobel_Torch,0.38058641975308644,0.5821573284895906,0.10084959093769666,0.1719172288584927,0.09404236589962645,0.171917228858475,0.09404236589961584,0.38058641975308644,82628,14314,68314,0.1732342547320521,40991,5981,74295,8333,0.04640507698059082,0.0012538433074951172,0.0451512336730957
Niblack_Thresholding_Torch,Canny_Torch,0.3840972222222222,0.5775885897506772,0.12644624098368593,0.20747242272903282,0.11574294608337303,0.20747242272901223,0.11574294608336021,0.3840972222222222,82628,18089,64539,0.2189209468945152,39331,7641,72180,10448,0.04640507698059082,0.0011305809020996094,0.04527449607849121
Sauvola_Thresholding_Torch,Global_Threshold_CV2,0.6732407407407407,0.9860103562910143,0.6593747159114387,0.7902712982497846,0.6532632458058019,0.7902712982497454,0.6532632458057483,0.6732407407407407,121001,80917,40084,0.6687300104957811,7467,1132,41216,79785,0.0467379093170166,0.0001609325408935547,0.04657697677612305
Sauvola_Thresholding_Torch,Adaptive_Threshold_CV2,0.8732407407407408,0.9948233601786746,0.8687531508004066,0.9275239557414369,0.8648435186099319,0.9275239557413959,0.8648435186098608,0.8732407407407408,121001,105667,15334,0.8732737745969041,8052,547,15881,105120,0.0467379093170166,0.0003821849822998047,0.0463557243347168
Sauvola_Thresholding_Torch,Otsu_Thresholding_CV2,0.5502314814814815,0.9996175847288835,0.518466789530665,0.6827927731824118,0.5183639743854576,0.6827927731823746,0.5183639743854147,0.5502314814814815,121001,62759,58242,0.5186651349988843,8575,24,58266,62735,0.0467379093170166,0.00016951560974121094,0.04656839370727539
Sauvola_Thresholding_Torch,Niblack_Thresholding_CV2,0.7002083333333333,1.0,0.6789034801365278,0.8087462896691591,0.6789034801365278,0.8087462896691192,0.6789034801364717,0.7002083333333333,121001,82148,38853,0.6789034801365278,8599,0,38853,82148,0.0467379093170166,0.0005667209625244141,0.04617118835449219
Sauvola_Thresholding_Torch,Sauvola_Thresholding_CV2,0.9990663580246913,0.9994793646596036,0.99952066511847,0.9995000144623916,0.9990005286460054,0.9995000144623503,0.9990005286459229,0.9990663580246913,121001,121006,5,0.9999586797348892,8536,63,58,120943,0.0467379093170166,0.0006101131439208984,0.0461277961730957
Sauvola_Thresholding_Torch,Sobel_CV2,0.13138117283950618,0.745114006514658,0.10586689366203585,0.18539289254882665,0.10216696043323258,0.18539289254881322,0.10216696043322443,0.13138117283950618,121001,17192,103809,0.14208147040107105,4217,4382,108191,12810,0.0467379093170166,0.0010063648223876953,0.045731544494628906
Sauvola_Thresholding_Torch,Canny_CV2,0.1322222222222222,0.8516931696465354,0.08542904604094181,0.1552824888461596,0.08417683895082288,0.15528248884614795,0.08417683895081603,0.1322222222222222,121001,12137,108864,0.10030495615738713,6799,1800,110664,10337,0.0467379093170166,0.00030922889709472656,0.046428680419921875
Sauvola_Thresholding_Torch,Global_Threshold_Sklearn,0.6678549382716049,0.9751441493057672,0.6611019743638482,0.7879862486086074,0.6501462938881665,0.7879862486085686,0.6501462938881136,0.6678549382716049,121001,82033,38968,0.6779530747679772,6560,2039,41007,79994,0.0467379093170166,0.009784221649169922,0.03695368766784668
Sauvola_Thresholding_Torch,Adaptive_Threshold_Sklearn,0.944945987654321,0.9739361347895578,0.9669093643854183,0.9704100294862916,0.9425208648857668,0.9704100294862513,0.9425208648856909,0.944945987654321,121001,120128,873,0.992785183593524,5468,3131,4004,116997,0.0467379093170166,0.010640621185302734,0.03609728813171387
Sauvola_Thresholding_Torch,Otsu_Thresholding_Sklearn,0.539729938271605,0.9865803749881031,0.5140122808902405,0.6758855267519004,0.5104434249509631,0.6758855267518636,0.5104434249509212,0.539729938271605,121001,63042,57959,0.5210039586449698,7753,846,58805,62196,0.0467379093170166,0.010266780853271484,0.03647112846374512
Sauvola_Thresholding_Torch,Niblack_Thresholding_Sklearn,0.422391975308642,0.9878211227402474,0.38610424707233826,0.5552003612682417,0.38427498622272305,0.5552003612682086,0.38427498622269146,0.422391975308642,121001,47295,73706,0.3908645383096008,8023,576,74282,46719,0.0467379093170166,0.012294769287109375,0.03444314002990723
Sauvola_Thresholding_Torch,Sauvola_Thresholding_Sklearn,0.9499614197530865,0.9510279637652619,0.9977851422715515,0.9738456388560643,0.949024509110346,0.9738456388560249,0.9490245091102715,0.9499614197530865,121001,126950,5949,0.9531390311146121,2382,6217,268,120733,0.0467379093170166,0.01199793815612793,0.03473997116088867
Sauvola_Thresholding_Torch,Sobel_Sklearn,0.1327006172839506,0.7461780704265675,0.10770158924306411,0.18823393468432684,0.10389527560310602,0.18823393468431324,0.10389527560309773,0.1327006172839506,121001,17465,103536,0.14433765010206528,4166,4433,107969,13032,0.0467379093170166,0.002012014389038086,0.044725894927978516
Sauvola_Thresholding_Torch,Canny_Sklearn,0.10500771604938272,0.8474341192787794,0.050495450450822724,0.0953116347271295,0.0500405402085159,0.09531163472712206,0.050040540208511806,0.10500771604938272,121001,7210,113791,0.05958628441087264,7499,1100,114891,6110,0.0467379093170166,0.004342555999755859,0.04239535331726074
Sauvola_Thresholding_Torch,Global_Threshold_Torch,0.6732407407407407,0.9860103562910143,0.6593747159114387,0.7902712982497846,0.6532632458058019,0.7902712982497454,0.6532632458057483,0.6732407407407407,121001,80917,40084,0.6687300104957811,7467,1132,41216,79785,0.0467379093170166,0.003970623016357422,0.04276728630065918
Sauvola_Thresholding_Torch,Adaptive_Threshold_Torch,0.8716975308641975,0.9982147460070455,0.8641250898752902,0.9263426475539097,0.862791695547414,0.9263426475538686,0.8627916955473428,0.8716975308641975,121001,104747,16254,0.8656705316484987,8412,187,16441,104560,0.0467379093170166,0.0010955333709716797,0.04564237594604492
Sauvola_Thresholding_Torch,Otsu_Thresholding_Torch,0.550570987654321,0.9996178526503511,0.518830422889067,0.6831080934038433,0.5187275356331337,0.683108093403806,0.5187275356330908,0.550570987654321,121001,62803,58198,0.5190287683572863,8575,24,58222,62779,0.0467379093170166,0.0012612342834472656,0.045476675033569336
Sauvola_Thresholding_Torch,Niblack_Thresholding_Torch,0.7039120370370371,1.0,0.6828703895009132,0.8115543463848469,0.6828703895009132,0.8115543463848071,0.6828703895008568,0.7039120370370371,121001,82628,38373,0.6828703895009132,8599,0,38373,82628,0.0467379093170166,0.04640507698059082,0.00033283233642578125
Sauvola_Thresholding_Torch,Sauvola_Thresholding_Torch,1.0,1.0,1.0,1.0,1.0,0.9999999999999586,0.9999999999999174,1.0,121001,121001,0,1.0,8599,0,0,121001,0.0467379093170166,0.0467379093170166,0.0
Sauvola_Thresholding_Torch,Sobel_Torch,0.1238966049382716,0.7605141819197988,0.08996619862645763,0.1608986439049625,0.08748764355576272,0.1608986439049506,0.0874876435557557,0.1238966049382716,121001,14314,106687,0.11829654300377683,5171,3428,110115,10886,0.0467379093170166,0.0012538433074951172,0.045484066009521484
Sauvola_Thresholding_Torch,Canny_Torch,0.139429012345679,0.7617889325004146,0.11388335633589805,0.1981450859155942,0.10996728114276594,0.19814508591557994,0.10996728114275717,0.139429012345679,121001,18089,102912,0.14949463227576631,4290,4309,107221,13780,0.0467379093170166,0.0011305809020996094,0.04560732841491699
Sobel_Torch,Global_Threshold_CV2,0.39597993827160494,0.10473695267990657,0.5920776861813609,0.17798826012537933,0.09768776799299184,0.17798826012536065,0.09768776799298058,0.39597993827160494,14314,80917,66603,0.17689731453217494,42844,72442,5839,8475,0.0012538433074951172,0.0001609325408935547,0.0010929107666015625
Sobel_Torch,Adaptive_Threshold_CV2,0.1983564814814815,0.07612594282036965,0.5619673047366215,0.134087897250398,0.07186185086253875,0.1340878972503868,0.07186185086253233,0.1983564814814815,14314,105667,91353,0.13546329506846982,17663,97623,6270,8044,0.0012538433074951172,0.0003821849822998047,0.0008716583251953125
Sobel_Torch,Otsu_Thresholding_CV2,0.4786188271604938,0.0757022897114358,0.33191281263099065,0.1232857161392446,0.06569232045573961,0.12328571613922862,0.06569232045573054,0.4786188271604938,14314,62759,48445,0.2280788412817285,57278,58008,9563,4751,0.0012538433074951172,0.00016951560974121094,0.0010843276977539062
Sobel_Torch,Niblack_Thresholding_CV2,0.38160493827160497,0.09932073817987047,0.5700013972334778,0.16916505981630073,0.09239776678029059,0.1691650598162832,0.09239776678028012,0.38160493827160497,14314,82148,67834,0.17424648195939038,41297,73989,6155,8159,0.0012538433074951172,0.0005667209625244141,0.0006871223449707031
Sobel_Torch,Sauvola_Thresholding_CV2,0.1237962962962963,0.08992942498719071,0.760234735224256,0.16083357966302098,0.08744917147495138,0.1608335796630091,0.08744917147494435,0.1237962962962963,14314,121006,106692,0.11829165495925822,5162,110124,3432,10882,0.0012538433074951172,0.0006101131439208984,0.0006437301635742188
Sobel_Torch,Sobel_CV2,0.9558950617283951,0.7500581665891112,0.9008662847561828,0.8185742398273345,0.6928698081779593,0.8185742398270747,0.6928698081775869,0.9558950617283951,14314,17192,2878,0.8325965565379246,110989,4297,1419,12895,0.0012538433074951172,0.0010063648223876953,0.0002474784851074219
Sobel_Torch,Canny_CV2,0.9057947530864198,0.586718299415012,0.4974849797401146,0.5384295489773544,0.3683911019141231,0.5384295489771508,0.36839110191393254,0.9057947530864198,14314,12137,2177,0.8479111359508174,110270,5016,7193,7121,0.0012538433074951172,0.00030922889709472656,0.0009446144104003906
Sobel_Torch,Global_Threshold_Sklearn,0.39343364197530867,0.10810283666329404,0.6195333240184435,0.18408461083375716,0.10137290092479338,0.18408461083373806,0.1013729009247818,0.39343364197530867,14314,82033,67719,0.17449075372106349,42121,73165,5446,8868,0.0012538433074951172,0.009784221649169922,0.008530378341674805
Sobel_Torch,Adaptive_Threshold_Sklearn,0.12986111111111112,0.09020378263185935,0.7570210982255134,0.16119962511715089,0.08766564729867482,0.1611996251171389,0.08766564729866773,0.12986111111111112,14314,120128,105814,0.11915623335109217,5994,109292,3478,10836,0.0012538433074951172,0.010640621185302734,0.009386777877807617
Sobel_Torch,Otsu_Thresholding_Sklearn,0.48098765432098767,0.08004187684400875,0.352522006427274,0.13046176120792183,0.06978287926981054,0.13046176120790495,0.0697828792698009,0.48098765432098767,14314,63042,48728,0.2270549792202024,57290,57996,9268,5046,0.0012538433074951172,0.010266780853271484,0.009012937545776367
Sobel_Torch,Niblack_Thresholding_Sklearn,0.6170293209876543,0.12660957817951157,0.4183317032276093,0.19438718369069455,0.10765717984214596,0.194387183690663,0.1076571798421266,0.6170293209876543,14314,47295,32981,0.30265355745850514,73979,41307,8326,5988,0.0012538433074951172,0.012294769287109375,0.011040925979614258
Sobel_Torch,Sauvola_Thresholding_Sklearn,0.11587962962962962,0.10508861756597085,0.9320245913092078,0.18888039415562352,0.10428929903144861,0.18888039415561012,0.10428929903144045,0.11587962962962962,14314,126950,112636,0.11275305238282789,1677,113609,973,13341,0.0012538433074951172,0.01199793815612793,0.010744094848632812
Sobel_Torch,Sobel_Sklearn,0.9539274691358025,0.7388491268250788,0.9014950398211541,0.8121086251927373,0.6836556291390729,0.8121086251924817,0.6836556291387106,0.9539274691358025,14314,17465,3151,0.8195820211852276,110725,4561,1410,12904,0.0012538433074951172,0.002012014389038086,0.0007581710815429688
Sobel_Torch,Canny_Sklearn,0.9244907407407408,0.814008321775312,0.4100181640352103,0.5453447314625535,0.3748961992973491,0.5453447314623,0.3748961992971096,0.9244907407407408,14314,7210,7104,0.5037026687159424,113945,1341,8445,5869,0.0012538433074951172,0.004342555999755859,0.003088712692260742
Sobel_Torch,Global_Threshold_Torch,0.39597993827160494,0.10473695267990657,0.5920776861813609,0.17798826012537933,0.09768776799299184,0.17798826012536065,0.09768776799298058,0.39597993827160494,14314,80917,66603,0.17689731453217494,42844,72442,5839,8475,0.0012538433074951172,0.003970623016357422,0.0027167797088623047
Sobel_Torch,Adaptive_Threshold_Torch,0.21040895061728396,0.07985908904312296,0.5843929020539332,0.14051620597844802,0.07556731950567319,0.14051620597843623,0.07556731950566636,0.21040895061728396,14314,104747,90433,0.13665307836978624,18904,96382,5949,8365,0.0012538433074951172,0.0010955333709716797,0.0001583099365234375
Sobel_Torch,Otsu_Thresholding_Torch,0.4783256172839506,0.07569702084295336,0.3321223976526478,0.12329317789851783,0.06569655763304451,0.12329317789850186,0.06569655763303543,0.4783256172839506,14314,62803,48489,0.22791904845309938,57237,58049,9560,4754,0.0012538433074951172,0.0012612342834472656,7.3909759521484375e-06
Sobel_Torch,Niblack_Thresholding_Torch,0.38058641975308644,0.10084959093769666,0.5821573284895906,0.1719172288584927,0.09404236589962645,0.171917228858475,0.09404236589961584,0.38058641975308644,14314,82628,68314,0.1732342547320521,40991,74295,5981,8333,0.0012538433074951172,0.04640507698059082,0.0451512336730957
Sobel_Torch,Sauvola_Thresholding_Torch,0.1238966049382716,0.08996619862645763,0.7605141819197988,0.1608986439049625,0.08748764355576272,0.1608986439049506,0.0874876435557557,0.1238966049382716,14314,121001,106687,0.11829654300377683,5171,110115,3428,10886,0.0012538433074951172,0.0467379093170166,0.045484066009521484
Sobel_Torch,Sobel_Torch,1.0,1.0,1.0,1.0,1.0,0.9999999999996506,0.9999999999993013,1.0,14314,14314,0,1.0,115286,0,0,14314,0.0012538433074951172,0.0012538433074951172,0.0
Sobel_Torch,Canny_Torch,0.9708719135802469,0.7913096356901984,1.0,0.88349844150233,0.7913096356901984,0.8834984415020574,0.791309635689761,0.9708719135802469,14314,18089,3775,0.7913096356901984,111511,3775,0,14314,0.0012538433074951172,0.0011305809020996094,0.0001232624053955078
Canny_Torch,Global_Threshold_CV2,0.39791666666666664,0.12961429613060296,0.5797998783791254,0.2118659475183322,0.11848437605910662,0.21186594751831084,0.11848437605909325,0.39791666666666664,18089,80917,62828,0.2235500574662926,41082,70429,7601,10488,0.0011305809020996094,0.0001609325408935547,0.0009696483612060547
Canny_Torch,Adaptive_Threshold_CV2,0.200570987654321,0.09534670237633319,0.5569683232903975,0.16282038850641586,0.08862518802614333,0.1628203885064027,0.08862518802613553,0.200570987654321,18089,105667,87578,0.17118873442039614,15919,95592,8014,10075,0.0011305809020996094,0.0003821849822998047,0.0007483959197998047
Canny_Torch,Otsu_Thresholding_CV2,0.4631327160493827,0.08978791886422664,0.3115152855326441,0.1393973876904809,0.0749205589459269,0.13939738769046367,0.07492055894591694,0.4631327160493827,18089,62759,44670,0.28822957663442694,54387,57124,12454,5635,0.0011305809020996094,0.00016951560974121094,0.0009610652923583984
Canny_Torch,Niblack_Thresholding_CV2,0.3852854938271605,0.12520085698982325,0.5685775885897507,0.2052136436645151,0.11433875844895056,0.20521364366449463,0.11433875844893784,0.3852854938271605,18089,82148,64059,0.22020012660076935,39648,71863,7804,10285,0.0011305809020996094,0.0005667209625244141,0.0005638599395751953
Canny_Torch,Sauvola_Thresholding_CV2,0.139375,0.11387038659240038,0.7617336502847034,0.19812358460045293,0.10995403619649526,0.19812358460043866,0.10995403619648648,0.139375,18089,121006,102917,0.14948845511792805,4284,107227,4310,13779,0.0011305809020996094,0.0006101131439208984,0.0005204677581787109
Canny_Torch,Sobel_CV2,0.9850231481481482,0.969637040483946,0.921554535905799,0.9449845525920467,0.8957068400408361,0.9449845525917789,0.8957068400403547,0.9850231481481482,18089,17192,897,0.9504118525070485,110989,522,1419,16670,0.0011305809020996094,0.0010063648223876953,0.00012421607971191406
Canny_Torch,Canny_CV2,0.896033950617284,0.6901211172447886,0.46304383879705896,0.5542248395421161,0.38334096109839816,0.5542248395419327,0.3833409610982227,0.896033950617284,18089,12137,5952,0.6709602520869037,107750,3761,9713,8376,0.0011305809020996094,0.00030922889709472656,0.0008213520050048828
Canny_Torch,Global_Threshold_Sklearn,0.39739197530864195,0.13423866005144272,0.6087677594117972,0.21997163460578095,0.12357760071821344,0.21997163460575897,0.12357760071819958,0.39739197530864195,18089,82033,63944,0.2205088196213719,40490,71021,7077,11012,0.0011305809020996094,0.009784221649169922,0.008653640747070312
Canny_Torch,Adaptive_Threshold_Sklearn,0.14502314814814815,0.11409496537027171,0.7576980485377854,0.1983258209916291,0.11007862759113653,0.19832582099161475,0.11007862759112769,0.14502314814814815,18089,120128,102039,0.15058104688332447,5089,106422,4383,13706,0.0011305809020996094,0.010640621185302734,0.009510040283203125
Canny_Torch,Otsu_Thresholding_Sklearn,0.46627314814814813,0.09485739665619745,0.3305876499530101,0.14741590760621712,0.07957312610610637,0.14741590760619894,0.07957312610609579,0.46627314814814813,18089,63042,44953,0.2869356936645411,54449,57062,12109,5980,0.0011305809020996094,0.010266780853271484,0.009136199951171875
Canny_Torch,Niblack_Thresholding_Sklearn,0.609429012345679,0.15610529654297495,0.40814859859583175,0.22583506668298053,0.12729090877743487,0.225835066682946,0.12729090877741292,0.609429012345679,18089,47295,29206,0.3824717200549741,71599,39912,10706,7383,0.0011305809020996094,0.012294769287109375,0.011164188385009766
Canny_Torch,Sauvola_Thresholding_Sklearn,0.141875,0.13322567940133911,0.934988114323622,0.23322003047456202,0.13200287217270498,0.23322003047454593,0.13200287217269469,0.141875,18089,126950,108861,0.1424891689641591,1474,110037,1176,16913,0.0011305809020996094,0.01199793815612793,0.01086735725402832
Canny_Torch,Sobel_Sklearn,0.9830555555555556,0.9549957056971085,0.9220520758472,0.9382347977724026,0.8836556291390728,0.9382347977721387,0.8836556291386046,0.9830555555555556,18089,17465,624,0.9655038973962077,110725,786,1410,16679,0.0011305809020996094,0.002012014389038086,0.0008814334869384766
Canny_Torch,Canny_Sklearn,0.905408950617284,0.9042995839112344,0.3604400464370612,0.5154353927032689,0.34719633633313807,0.5154353927030652,0.34719633633295316,0.905408950617284,18089,7210,10879,0.3985847752777931,110821,690,11569,6520,0.0011305809020996094,0.004342555999755859,0.00321197509765625
Canny_Torch,Global_Threshold_Torch,0.39791666666666664,0.12961429613060296,0.5797998783791254,0.2118659475183322,0.11848437605910662,0.21186594751831084,0.11848437605909325,0.39791666666666664,18089,80917,62828,0.2235500574662926,41082,70429,7601,10488,0.0011305809020996094,0.003970623016357422,0.0028400421142578125
Canny_Torch,Adaptive_Threshold_Torch,0.2123456790123457,0.09907682320257383,0.5737188346508928,0.16897326516656355,0.09228334133632111,0.16897326516654979,0.09228334133631291,0.2123456790123457,18089,104747,86658,0.17269229667675445,17142,94369,7711,10378,0.0011305809020996094,0.0010955333709716797,3.504753112792969e-05
Canny_Torch,Otsu_Thresholding_Torch,0.46285493827160495,0.08978870436125663,0.311736414395489,0.13942046185036838,0.0749338896788168,0.13942046185035117,0.07493388967880683,0.46285493827160495,18089,62803,44714,0.2880276419916246,54347,57164,12450,5639,0.0011305809020996094,0.0012612342834472656,0.00013065338134765625
Canny_Torch,Niblack_Thresholding_Torch,0.3840972222222222,0.12644624098368593,0.5775885897506772,0.20747242272903282,0.11574294608337303,0.20747242272901223,0.11574294608336021,0.3840972222222222,18089,82628,64539,0.2189209468945152,39331,72180,7641,10448,0.0011305809020996094,0.04640507698059082,0.04527449607849121
Canny_Torch,Sauvola_Thresholding_Torch,0.139429012345679,0.11388335633589805,0.7617889325004146,0.1981450859155942,0.10996728114276594,0.19814508591557994,0.10996728114275717,0.139429012345679,18089,121001,102912,0.14949463227576631,4290,107221,4309,13780,0.0011305809020996094,0.0467379093170166,0.04560732841491699
Canny_Torch,Sobel_Torch,0.9708719135802469,1.0,0.7913096356901984,0.88349844150233,0.7913096356901984,0.8834984415020574,0.791309635689761,0.9708719135802469,18089,14314,3775,0.7913096356901984,111511,0,3775,14314,0.0011305809020996094,0.0012538433074951172,0.0001232624053955078
Canny_Torch,Canny_Torch,1.0,1.0,1.0,1.0,1.0,0.9999999999997237,0.9999999999994471,1.0,18089,18089,0,1.0,111511,0,0,18089,0.0011305809020996094,0.0011305809020996094,0.0
