method1,method2,accuracy,precision,recall,f1_score,jaccard,dice_coefficient,intersection_over_union,pixel_agreement,area1,area2,area_difference,area_ratio,true_negative,false_positive,false_negative,true_positive,time1,time2,time_diff
Global_Threshold_CV2,Global_Threshold_CV2,1.0,1.0,1.0,1.0,1.0,0.9999999999999805,0.999999999999961,1.0,256790,256790,0,1.0,191560,0,0,256790,0.0008442401885986328,0.0008442401885986328,0.0
Global_Threshold_CV2,Adaptive_Threshold_CV2,0.6422460131593621,0.668140064680661,0.745803964328829,0.7048390866148108,0.5442096648613013,0.7048390866147978,0.5442096648612859,0.6422460131593621,256790,286639,29849,0.8958655312082445,96436,95124,65275,191515,0.0008442401885986328,0.0013382434844970703,0.0004940032958984375
Global_Threshold_CV2,Otsu_Thresholding_CV2,0.9151957176313148,0.871029673147633,1.0,0.9310698655914953,0.871029673147633,0.9310698655914784,0.8710296731476035,0.9151957176313148,256790,294812,38022,0.871029673147633,153538,38022,0,256790,0.0008442401885986328,0.0007064342498779297,0.00013780593872070312
Global_Threshold_CV2,Niblack_Thresholding_CV2,0.6810393665662986,0.7269181065428613,0.7097238989057206,0.7182181097366337,0.5603278648203261,0.7182181097366195,0.5603278648203089,0.6810393665662986,256790,250716,6074,0.9763464309357841,123094,68466,74540,182250,0.0008442401885986328,0.002405881881713867,0.0015616416931152344
Global_Threshold_CV2,Sauvola_Thresholding_CV2,0.6941942678710828,0.6533739658195016,0.9927294676583979,0.7880714857625117,0.6502623517017787,0.7880714857624995,0.650262351701762,0.6941942678710828,256790,390164,133374,0.6581591330824986,56319,135241,1867,254923,0.0008442401885986328,0.002440929412841797,0.001596689224243164
Global_Threshold_CV2,Sobel_CV2,0.49047619047619045,0.5976356634540532,0.337828575879123,0.43165392452238727,0.2752287465576974,0.43165392452237655,0.2752287465576887,0.49047619047619045,256790,145157,111633,0.565275127536119,133154,58406,170039,86751,0.0008442401885986328,0.0036461353302001953,0.0028018951416015625
Global_Threshold_CV2,Canny_CV2,0.4900390320062451,0.6238026124818578,0.27616729623427705,0.3828436466698158,0.23673879515819976,0.3828436466698054,0.23673879515819182,0.4900390320062451,256790,113685,143105,0.4427158378441528,148792,42768,185873,70917,0.0008442401885986328,0.0013217926025390625,0.0004775524139404297
Global_Threshold_CV2,Global_Threshold_Sklearn,0.9096933199509312,0.8898706205096593,0.9612952217765489,0.9242050128137689,0.8590902763276954,0.9242050128137516,0.8590902763276654,0.9096933199509312,256790,277401,20611,0.9256996189631617,161010,30550,9939,246851,0.0008442401885986328,0.03206777572631836,0.031223535537719727
Global_Threshold_CV2,Adaptive_Threshold_Sklearn,0.6164737370357979,0.6100011929027473,0.9160208730869582,0.732327320502363,0.5776943309944766,0.7323273205023516,0.5776943309944624,0.6164737370357979,256790,385614,128824,0.6659249923498628,41171,150389,21565,235225,0.0008442401885986328,0.038121700286865234,0.0372774600982666
Global_Threshold_CV2,Otsu_Thresholding_Sklearn,0.8760298873647819,0.8256636022271138,0.9932785544608435,0.9017482455675169,0.8210760801684233,0.901748245567501,0.8210760801683967,0.8760298873647819,256790,308920,52130,0.8312508092710087,137704,53856,1726,255064,0.0008442401885986328,0.032670021057128906,0.03182578086853027
Global_Threshold_CV2,Niblack_Thresholding_Sklearn,0.6025404260064682,0.8163171664318777,0.3949024494723315,0.5322992533102371,0.362675602987039,0.5322992533102231,0.362675602987026,0.6025404260064682,256790,124225,132565,0.48376104988512014,168742,22818,155383,101407,0.0008442401885986328,0.04197049140930176,0.041126251220703125
Global_Threshold_CV2,Sauvola_Thresholding_Sklearn,0.5985435485669678,0.5879177113026754,0.9999454807430196,0.7404739418494835,0.5878988664488551,0.7404739418494728,0.5878988664488416,0.5985435485669678,256790,436755,179965,0.5879497658870534,11581,179979,14,256776,0.0008442401885986328,0.04281497001647949,0.04197072982788086
Global_Threshold_CV2,Sobel_Sklearn,0.492501394000223,0.5982521310968851,0.34682035904824954,0.4390901673088348,0.281303992141429,0.43909016730882394,0.2813039921414201,0.492501394000223,256790,148867,107923,0.5797227306359282,131753,59807,167730,89060,0.0008442401885986328,0.0073490142822265625,0.00650477409362793
Global_Threshold_CV2,Canny_Sklearn,0.4720307795249247,0.6312795092794832,0.18796292690525332,0.2896752878478255,0.16936859170052845,0.2896752878478168,0.16936859170052251,0.4720307795249247,256790,76459,180331,0.2977491335332373,163368,28192,208523,48267,0.0008442401885986328,0.01909041404724121,0.018246173858642578
Global_Threshold_CV2,Global_Threshold_Torch,0.4272554923608788,0.0,0.0,0.0,0.0,0.0,0.0,0.4272554923608788,256790,0,256790,0.0,191560,0,256790,0,0.0008442401885986328,0.008050203323364258,0.007205963134765625
Global_Threshold_CV2,Adaptive_Threshold_Torch,0.4272554923608788,0.0,0.0,0.0,0.0,0.0,0.0,0.4272554923608788,256790,0,256790,0.0,191560,0,256790,0,0.0008442401885986328,0.005615234375,0.004770994186401367
Global_Threshold_CV2,Otsu_Thresholding_Torch,0.4272554923608788,0.0,0.0,0.0,0.0,0.0,0.0,0.4272554923608788,256790,0,256790,0.0,191560,0,256790,0,0.0008442401885986328,0.005509376525878906,0.0046651363372802734
Global_Threshold_CV2,Niblack_Thresholding_Torch,0.4272554923608788,0.0,0.0,0.0,0.0,0.0,0.0,0.4272554923608788,256790,0,256790,0.0,191560,0,256790,0,0.0008442401885986328,0.16124463081359863,0.160400390625
Global_Threshold_CV2,Sauvola_Thresholding_Torch,0.4272554923608788,0.0,0.0,0.0,0.0,0.0,0.0,0.4272554923608788,256790,0,256790,0.0,191560,0,256790,0,0.0008442401885986328,0.1615297794342041,0.16068553924560547
Global_Threshold_CV2,Sobel_Torch,0.4272554923608788,0.0,0.0,0.0,0.0,0.0,0.0,0.4272554923608788,256790,0,256790,0.0,191560,0,256790,0,0.0008442401885986328,0.0054399967193603516,0.004595756530761719
Global_Threshold_CV2,Canny_Torch,0.4272554923608788,0.0,0.0,0.0,0.0,0.0,0.0,0.4272554923608788,256790,0,256790,0.0,191560,0,256790,0,0.0008442401885986328,0.006750583648681641,0.005906343460083008
Adaptive_Threshold_CV2,Global_Threshold_CV2,0.6422460131593621,0.745803964328829,0.668140064680661,0.7048390866148108,0.5442096648613013,0.7048390866147978,0.5442096648612859,0.6422460131593621,286639,256790,29849,0.8958655312082445,96436,65275,95124,191515,0.0013382434844970703,0.0008442401885986328,0.0004940032958984375
Adaptive_Threshold_CV2,Adaptive_Threshold_CV2,1.0,1.0,1.0,1.0,1.0,0.9999999999999826,0.999999999999965,1.0,286639,286639,0,1.0,161711,0,0,286639,0.0013382434844970703,0.0013382434844970703,0.0
Adaptive_Threshold_CV2,Otsu_Thresholding_CV2,0.6024556707929073,0.6838459764188703,0.7033446251207965,0.6934582621751446,0.5307585989021838,0.6934582621751326,0.5307585989021698,0.6024556707929073,286639,294812,8173,0.9722772478732209,68505,93206,85033,201606,0.0013382434844970703,0.0007064342498779297,0.0006318092346191406
Adaptive_Threshold_CV2,Niblack_Thresholding_CV2,0.8056674473067915,0.8978804703329664,0.7853537027410785,0.837855793655963,0.7209568219522038,0.8378557936559474,0.7209568219521806,0.8056674473067915,286639,250716,35923,0.8746751139935598,136108,25603,61526,225113,0.0013382434844970703,0.002405881881713867,0.0010676383972167969
Adaptive_Threshold_CV2,Sauvola_Thresholding_CV2,0.7553986840637894,0.7267918106232251,0.989286175293662,0.8379631886974497,0.7211158721883861,0.8379631886974372,0.7211158721883677,0.7553986840637894,286639,390164,103525,0.7346628597205278,55115,106596,3071,283568,0.0013382434844970703,0.002440929412841797,0.0011026859283447266
Adaptive_Threshold_CV2,Sobel_CV2,0.3774551131928181,0.5259064323456671,0.2663245406242696,0.3535882685342152,0.2147629671099458,0.35358826853420705,0.21476296710993975,0.3774551131928181,286639,145157,141482,0.5064105024089535,92893,68818,210300,76339,0.0013382434844970703,0.0036461353302001953,0.002307891845703125
Adaptive_Threshold_CV2,Canny_CV2,0.38685402029664323,0.5516119101024761,0.2187769284710036,0.31329623005365653,0.18574466698655862,0.3132962300536487,0.18574466698655312,0.38685402029664323,286639,113685,172954,0.396613859244555,110736,50975,223929,62710,0.0013382434844970703,0.0013217926025390625,1.6450881958007812e-05
Adaptive_Threshold_CV2,Global_Threshold_Sklearn,0.5561503289840526,0.6579644629976099,0.6367591290787367,0.647188142684916,0.47840218075068147,0.6471881426849044,0.4784021807506689,0.5561503289840526,286639,277401,9238,0.9677713081611364,66830,94881,104119,182520,0.0013382434844970703,0.03206777572631836,0.03072953224182129
Adaptive_Threshold_CV2,Adaptive_Threshold_Sklearn,0.6774015835842534,0.6841245390468188,0.920349289524454,0.784847371450927,0.6458837787217373,0.7848473714509153,0.6458837787217215,0.6774015835842534,286639,385614,98975,0.7433314143158702,39905,121806,22831,263808,0.0013382434844970703,0.038121700286865234,0.036783456802368164
Adaptive_Threshold_CV2,Otsu_Thresholding_Sklearn,0.5525749972119995,0.6392528810047908,0.688943235219213,0.6631685525699385,0.49607491942594595,0.6631685525699273,0.4960749194259335,0.5525749972119995,286639,308920,22281,0.927874530622815,50269,111442,89161,197478,0.0013382434844970703,0.032670021057128906,0.031331777572631836
Adaptive_Threshold_CV2,Niblack_Thresholding_Sklearn,0.5073402475744396,0.7646608975649024,0.33139244834094456,0.46239144826511935,0.3007211736325244,0.4623914482651081,0.3007211736325148,0.5073402475744396,286639,124225,162414,0.4333848499331912,132476,29235,191649,94990,0.0013382434844970703,0.04197049140930176,0.04063224792480469
Adaptive_Threshold_CV2,Sauvola_Thresholding_Sklearn,0.6557823129251701,0.6514682144451694,0.9926492905710668,0.786658446157972,0.6483404806066599,0.7866584461579611,0.6483404806066452,0.6557823129251701,286639,436755,150116,0.6562924293940539,9488,152223,2107,284532,0.0013382434844970703,0.04281497001647949,0.04147672653198242
Adaptive_Threshold_CV2,Sobel_Sklearn,0.3776736924277908,0.5255899561353423,0.2729670421680232,0.35931996344482053,0.2190067261373274,0.35931996344481226,0.21900672613732128,0.3776736924277908,286639,148867,137772,0.5193536120346498,91087,70624,208396,78243,0.0013382434844970703,0.0073490142822265625,0.006010770797729492
Adaptive_Threshold_CV2,Canny_Sklearn,0.3708977361436378,0.5299572319805386,0.14136248033240417,0.22319043343670303,0.1256130300268462,0.2231904334366969,0.12561303002684232,0.3708977361436378,286639,76459,210180,0.26674318567954813,125772,35939,246119,40520,0.0013382434844970703,0.01909041404724121,0.01775217056274414
Adaptive_Threshold_CV2,Global_Threshold_Torch,0.3606802721088435,0.0,0.0,0.0,0.0,0.0,0.0,0.3606802721088435,286639,0,286639,0.0,161711,0,286639,0,0.0013382434844970703,0.008050203323364258,0.0067119598388671875
Adaptive_Threshold_CV2,Adaptive_Threshold_Torch,0.3606802721088435,0.0,0.0,0.0,0.0,0.0,0.0,0.3606802721088435,286639,0,286639,0.0,161711,0,286639,0,0.0013382434844970703,0.005615234375,0.00427699089050293
Adaptive_Threshold_CV2,Otsu_Thresholding_Torch,0.3606802721088435,0.0,0.0,0.0,0.0,0.0,0.0,0.3606802721088435,286639,0,286639,0.0,161711,0,286639,0,0.0013382434844970703,0.005509376525878906,0.004171133041381836
Adaptive_Threshold_CV2,Niblack_Thresholding_Torch,0.3606802721088435,0.0,0.0,0.0,0.0,0.0,0.0,0.3606802721088435,286639,0,286639,0.0,161711,0,286639,0,0.0013382434844970703,0.16124463081359863,0.15990638732910156
Adaptive_Threshold_CV2,Sauvola_Thresholding_Torch,0.3606802721088435,0.0,0.0,0.0,0.0,0.0,0.0,0.3606802721088435,286639,0,286639,0.0,161711,0,286639,0,0.0013382434844970703,0.1615297794342041,0.16019153594970703
Adaptive_Threshold_CV2,Sobel_Torch,0.3606802721088435,0.0,0.0,0.0,0.0,0.0,0.0,0.3606802721088435,286639,0,286639,0.0,161711,0,286639,0,0.0013382434844970703,0.0054399967193603516,0.004101753234863281
Adaptive_Threshold_CV2,Canny_Torch,0.3606802721088435,0.0,0.0,0.0,0.0,0.0,0.0,0.3606802721088435,286639,0,286639,0.0,161711,0,286639,0,0.0013382434844970703,0.006750583648681641,0.00541234016418457
Otsu_Thresholding_CV2,Global_Threshold_CV2,0.9151957176313148,1.0,0.871029673147633,0.9310698655914953,0.871029673147633,0.9310698655914784,0.8710296731476035,0.9151957176313148,294812,256790,38022,0.871029673147633,153538,0,38022,256790,0.0007064342498779297,0.0008442401885986328,0.00013780593872070312
Otsu_Thresholding_CV2,Adaptive_Threshold_CV2,0.6024556707929073,0.7033446251207965,0.6838459764188703,0.6934582621751446,0.5307585989021838,0.6934582621751326,0.5307585989021698,0.6024556707929073,294812,286639,8173,0.9722772478732209,68505,85033,93206,201606,0.0007064342498779297,0.0013382434844970703,0.0006318092346191406
Otsu_Thresholding_CV2,Otsu_Thresholding_CV2,1.0,1.0,1.0,1.0,1.0,0.999999999999983,0.999999999999966,1.0,294812,294812,0,1.0,153538,0,0,294812,0.0007064342498779297,0.0007064342498779297,0.0
Otsu_Thresholding_CV2,Niblack_Thresholding_CV2,0.6501840080294413,0.7751559533496067,0.6592133291724895,0.7124987168394656,0.553396510091576,0.7124987168394525,0.5533965100915601,0.6501840080294413,294812,250716,44096,0.8504267126168541,97166,56372,100468,194344,0.0007064342498779297,0.002405881881713867,0.0016994476318359375
Otsu_Thresholding_CV2,Sauvola_Thresholding_CV2,0.7347206423553028,0.7253847100193764,0.9599982361640639,0.826361799537502,0.7041026776495993,0.82636179953749,0.7041026776495818,0.7347206423553028,294812,390164,95352,0.7556104612419393,46393,107145,11793,283019,0.0007064342498779297,0.002440929412841797,0.0017344951629638672
Otsu_Thresholding_CV2,Sobel_CV2,0.5101170960187353,0.758936875245424,0.3736788190440009,0.5007852825994559,0.3340317279353798,0.5007852825994444,0.33403172793536967,0.5101170960187353,294812,145157,149655,0.49237140957627235,118546,34992,184647,110165,0.0007064342498779297,0.0036461353302001953,0.0029397010803222656
Otsu_Thresholding_CV2,Canny_CV2,0.47431470949035354,0.7600211109645072,0.29307830074759506,0.4230288104931003,0.2682539879662459,0.42302881049308994,0.26825398796623756,0.47431470949035354,294812,113685,181127,0.38561863153467296,126256,27282,208409,86403,0.0007064342498779297,0.0013217926025390625,0.0006153583526611328
Otsu_Thresholding_CV2,Global_Threshold_Sklearn,0.9257655849224936,0.9713915955602179,0.9140231740906068,0.9418345965575756,0.8900636833273878,0.9418345965575591,0.8900636833273584,0.9257655849224936,294812,277401,17411,0.9409420240695765,145602,7936,25347,269465,0.0007064342498779297,0.03206777572631836,0.03136134147644043
Otsu_Thresholding_CV2,Adaptive_Threshold_Sklearn,0.6504828816772611,0.6790728552386583,0.8882270735248226,0.7696942797600327,0.6256122093051036,0.7696942797600214,0.6256122093050887,0.6504828816772611,294812,385614,90802,0.7645261842153034,29784,123754,32952,261860,0.0007064342498779297,0.038121700286865234,0.037415266036987305
Otsu_Thresholding_CV2,Otsu_Thresholding_Sklearn,0.9482279469164715,0.9395960119124692,0.9845596515745628,0.9615524769268483,0.9259519191506738,0.9615524769268324,0.9259519191506441,0.9482279469164715,294812,308920,14108,0.9543312184384306,134878,18660,4552,290260,0.0007064342498779297,0.032670021057128906,0.03196358680725098
Otsu_Thresholding_CV2,Niblack_Thresholding_Sklearn,0.5504784208765473,0.8754035017106058,0.3688689741258836,0.5190329254934528,0.35046891617519094,0.5190329254934405,0.35046891617517967,0.5504784208765473,294812,124225,170587,0.421370229162992,138060,15478,186065,108747,0.0007064342498779297,0.04197049140930176,0.04126405715942383
Otsu_Thresholding_CV2,Sauvola_Thresholding_Sklearn,0.6830801828928292,0.6748360064567092,0.9997489925783211,0.8057717201568687,0.6747216874337555,0.8057717201568577,0.6747216874337401,0.6830801828928292,294812,436755,141943,0.6750054378312784,11521,142017,74,294738,0.0007064342498779297,0.04281497001647949,0.04210853576660156
Otsu_Thresholding_CV2,Sobel_Sklearn,0.5143682390989183,0.7588854480845318,0.38320353309905975,0.5092555653975058,0.3416115824932115,0.5092555653974944,0.34161158249320117,0.5143682390989183,294812,148867,145945,0.5049557005820658,117644,35894,181839,112973,0.0007064342498779297,0.0073490142822265625,0.006642580032348633
Otsu_Thresholding_CV2,Canny_Sklearn,0.4433567525370804,0.7958513713231928,0.20640272444812288,0.32779290599050287,0.19602410919364346,0.32779290599049404,0.19602410919363714,0.4433567525370804,294812,76459,218353,0.2593483304614466,137929,15609,233962,60850,0.0007064342498779297,0.01909041404724121,0.01838397979736328
Otsu_Thresholding_CV2,Global_Threshold_Torch,0.3424512099921936,0.0,0.0,0.0,0.0,0.0,0.0,0.3424512099921936,294812,0,294812,0.0,153538,0,294812,0,0.0007064342498779297,0.008050203323364258,0.007343769073486328
Otsu_Thresholding_CV2,Adaptive_Threshold_Torch,0.3424512099921936,0.0,0.0,0.0,0.0,0.0,0.0,0.3424512099921936,294812,0,294812,0.0,153538,0,294812,0,0.0007064342498779297,0.005615234375,0.00490880012512207
Otsu_Thresholding_CV2,Otsu_Thresholding_Torch,0.3424512099921936,0.0,0.0,0.0,0.0,0.0,0.0,0.3424512099921936,294812,0,294812,0.0,153538,0,294812,0,0.0007064342498779297,0.005509376525878906,0.0048029422760009766
Otsu_Thresholding_CV2,Niblack_Thresholding_Torch,0.3424512099921936,0.0,0.0,0.0,0.0,0.0,0.0,0.3424512099921936,294812,0,294812,0.0,153538,0,294812,0,0.0007064342498779297,0.16124463081359863,0.1605381965637207
Otsu_Thresholding_CV2,Sauvola_Thresholding_Torch,0.3424512099921936,0.0,0.0,0.0,0.0,0.0,0.0,0.3424512099921936,294812,0,294812,0.0,153538,0,294812,0,0.0007064342498779297,0.1615297794342041,0.16082334518432617
Otsu_Thresholding_CV2,Sobel_Torch,0.3424512099921936,0.0,0.0,0.0,0.0,0.0,0.0,0.3424512099921936,294812,0,294812,0.0,153538,0,294812,0,0.0007064342498779297,0.0054399967193603516,0.004733562469482422
Otsu_Thresholding_CV2,Canny_Torch,0.3424512099921936,0.0,0.0,0.0,0.0,0.0,0.0,0.3424512099921936,294812,0,294812,0.0,153538,0,294812,0,0.0007064342498779297,0.006750583648681641,0.006044149398803711
Niblack_Thresholding_CV2,Global_Threshold_CV2,0.6810393665662986,0.7097238989057206,0.7269181065428613,0.7182181097366337,0.5603278648203261,0.7182181097366195,0.5603278648203089,0.6810393665662986,250716,256790,6074,0.9763464309357841,123094,74540,68466,182250,0.002405881881713867,0.0008442401885986328,0.0015616416931152344
Niblack_Thresholding_CV2,Adaptive_Threshold_CV2,0.8056674473067915,0.7853537027410785,0.8978804703329664,0.837855793655963,0.7209568219522038,0.8378557936559474,0.7209568219521806,0.8056674473067915,250716,286639,35923,0.8746751139935598,136108,61526,25603,225113,0.002405881881713867,0.0013382434844970703,0.0010676383972167969
Niblack_Thresholding_CV2,Otsu_Thresholding_CV2,0.6501840080294413,0.6592133291724895,0.7751559533496067,0.7124987168394656,0.553396510091576,0.7124987168394525,0.5533965100915601,0.6501840080294413,250716,294812,44096,0.8504267126168541,97166,100468,56372,194344,0.002405881881713867,0.0007064342498779297,0.0016994476318359375
Niblack_Thresholding_CV2,Niblack_Thresholding_CV2,1.0,1.0,1.0,1.0,1.0,0.99999999999998,0.99999999999996,1.0,250716,250716,0,1.0,197634,0,0,250716,0.002405881881713867,0.002405881881713867,0.0
Niblack_Thresholding_CV2,Sauvola_Thresholding_CV2,0.688778855804617,0.642478547482597,0.9998245026244835,0.782274372737486,0.6424061013613253,0.7822743727374737,0.6424061013613087,0.688778855804617,250716,390164,139448,0.6425913205728873,58142,139492,44,250672,0.002405881881713867,0.002440929412841797,3.504753112792969e-05
Niblack_Thresholding_CV2,Sobel_CV2,0.49397791903646704,0.5821214271444023,0.33703074394932914,0.4268995359622909,0.2713746170200466,0.42689953596228014,0.2713746170200379,0.49397791903646704,250716,145157,105559,0.578969830405718,136976,60658,166217,84499,0.002405881881713867,0.0036461353302001953,0.0012402534484863281
Niblack_Thresholding_CV2,Canny_CV2,0.4964536634325861,0.6097374323789418,0.2764801608194132,0.38044901084245103,0.23491017781437765,0.3804490108424406,0.23491017781436968,0.4964536634325861,250716,113685,137031,0.4534413439908103,153267,44367,181398,69318,0.002405881881713867,0.0013217926025390625,0.0010840892791748047
Niblack_Thresholding_CV2,Global_Threshold_Sklearn,0.6002074272331883,0.6288189299966475,0.6957473795050974,0.6605922551252847,0.4931972789115646,0.6605922551252722,0.4931972789115507,0.6002074272331883,250716,277401,26685,0.9038035190932981,94668,102966,76281,174435,0.002405881881713867,0.03206777572631836,0.029661893844604492
Niblack_Thresholding_CV2,Adaptive_Threshold_Sklearn,0.5887364781978365,0.586000508280301,0.9012986805788222,0.7102289692455173,0.5506628326347597,0.710228969245506,0.5506628326347462,0.5887364781978365,250716,385614,134898,0.6501734895517279,37990,159644,24746,225970,0.002405881881713867,0.038121700286865234,0.03571581840515137
Niblack_Thresholding_CV2,Otsu_Thresholding_Sklearn,0.600918924947028,0.6161918943415771,0.7592415322516314,0.6802778949174106,0.5154705617928845,0.6802778949173984,0.5154705617928705,0.600918924947028,250716,308920,58204,0.8115887608442315,79068,118566,60362,190354,0.002405881881713867,0.032670021057128906,0.03026413917541504
Niblack_Thresholding_CV2,Niblack_Thresholding_Sklearn,0.6367190810750529,0.8535479975850272,0.42291676638108455,0.5655929866298964,0.39430439293590025,0.5655929866298813,0.3943043929358856,0.6367190810750529,250716,124225,126491,0.4954809425804496,179441,18193,144684,106032,0.002405881881713867,0.04197049140930176,0.03956460952758789
Niblack_Thresholding_CV2,Sauvola_Thresholding_Sklearn,0.583332218133155,0.5731565751966206,0.9984564208107979,0.7282605375354015,0.5726491620571805,0.7282605375353909,0.5726491620571674,0.583332218133155,250716,436755,186039,0.5740426554933544,11208,186426,387,250329,0.002405881881713867,0.04281497001647949,0.040409088134765625
Niblack_Thresholding_CV2,Sobel_Sklearn,0.49494145199063233,0.5815257914782994,0.34529108632875444,0.4333017170400142,0.2765699827163728,0.43330171704000336,0.27656998271636396,0.49494145199063233,250716,148867,101849,0.5937674500231337,135337,62297,164146,86570,0.002405881881713867,0.0073490142822265625,0.004943132400512695
Niblack_Thresholding_CV2,Canny_Sklearn,0.4735608341697335,0.5960449391176971,0.1817714066912363,0.27858485519981663,0.1618347881051981,0.2785848551998081,0.16183478810519236,0.4735608341697335,250716,76459,174257,0.30496258715040125,166748,30886,205143,45573,0.002405881881713867,0.01909041404724121,0.016684532165527344
Niblack_Thresholding_CV2,Global_Threshold_Torch,0.44080294412847104,0.0,0.0,0.0,0.0,0.0,0.0,0.44080294412847104,250716,0,250716,0.0,197634,0,250716,0,0.002405881881713867,0.008050203323364258,0.005644321441650391
Niblack_Thresholding_CV2,Adaptive_Threshold_Torch,0.44080294412847104,0.0,0.0,0.0,0.0,0.0,0.0,0.44080294412847104,250716,0,250716,0.0,197634,0,250716,0,0.002405881881713867,0.005615234375,0.003209352493286133
Niblack_Thresholding_CV2,Otsu_Thresholding_Torch,0.44080294412847104,0.0,0.0,0.0,0.0,0.0,0.0,0.44080294412847104,250716,0,250716,0.0,197634,0,250716,0,0.002405881881713867,0.005509376525878906,0.003103494644165039
Niblack_Thresholding_CV2,Niblack_Thresholding_Torch,0.44080294412847104,0.0,0.0,0.0,0.0,0.0,0.0,0.44080294412847104,250716,0,250716,0.0,197634,0,250716,0,0.002405881881713867,0.16124463081359863,0.15883874893188477
Niblack_Thresholding_CV2,Sauvola_Thresholding_Torch,0.44080294412847104,0.0,0.0,0.0,0.0,0.0,0.0,0.44080294412847104,250716,0,250716,0.0,197634,0,250716,0,0.002405881881713867,0.1615297794342041,0.15912389755249023
Niblack_Thresholding_CV2,Sobel_Torch,0.44080294412847104,0.0,0.0,0.0,0.0,0.0,0.0,0.44080294412847104,250716,0,250716,0.0,197634,0,250716,0,0.002405881881713867,0.0054399967193603516,0.0030341148376464844
Niblack_Thresholding_CV2,Canny_Torch,0.44080294412847104,0.0,0.0,0.0,0.0,0.0,0.0,0.44080294412847104,250716,0,250716,0.0,197634,0,250716,0,0.002405881881713867,0.006750583648681641,0.0043447017669677734
Sauvola_Thresholding_CV2,Global_Threshold_CV2,0.6941942678710828,0.9927294676583979,0.6533739658195016,0.7880714857625117,0.6502623517017787,0.7880714857624995,0.650262351701762,0.6941942678710828,390164,256790,133374,0.6581591330824986,56319,1867,135241,254923,0.002440929412841797,0.0008442401885986328,0.001596689224243164
Sauvola_Thresholding_CV2,Adaptive_Threshold_CV2,0.7553986840637894,0.989286175293662,0.7267918106232251,0.8379631886974497,0.7211158721883861,0.8379631886974372,0.7211158721883677,0.7553986840637894,390164,286639,103525,0.7346628597205278,55115,3071,106596,283568,0.002440929412841797,0.0013382434844970703,0.0011026859283447266
Sauvola_Thresholding_CV2,Otsu_Thresholding_CV2,0.7347206423553028,0.9599982361640639,0.7253847100193764,0.826361799537502,0.7041026776495993,0.82636179953749,0.7041026776495818,0.7347206423553028,390164,294812,95352,0.7556104612419393,46393,11793,107145,283019,0.002440929412841797,0.0007064342498779297,0.0017344951629638672
Sauvola_Thresholding_CV2,Niblack_Thresholding_CV2,0.688778855804617,0.9998245026244835,0.642478547482597,0.782274372737486,0.6424061013613253,0.7822743727374737,0.6424061013613087,0.688778855804617,390164,250716,139448,0.6425913205728873,58142,44,139492,250672,0.002440929412841797,0.002405881881713867,3.504753112792969e-05
Sauvola_Thresholding_CV2,Sauvola_Thresholding_CV2,1.0,1.0,1.0,1.0,1.0,0.9999999999999871,0.9999999999999744,1.0,390164,390164,0,1.0,58186,0,0,390164,0.002440929412841797,0.002440929412841797,0.0
Sauvola_Thresholding_CV2,Sobel_CV2,0.3190877662540426,0.7923627520546719,0.2947914210434586,0.42971226609828495,0.273651928128212,0.4297122660982769,0.27365192812820543,0.3190877662540426,390164,145157,245007,0.37204098789227097,28046,30140,275147,115017,0.002440929412841797,0.0036461353302001953,0.0012052059173583984
Sauvola_Thresholding_CV2,Canny_CV2,0.3139489238318278,0.8631657650525575,0.25150705857024225,0.389517494328658,0.2418638469880706,0.38951749432865024,0.24186384698806462,0.3139489238318278,390164,113685,276479,0.29137747203739967,42630,15556,292035,98129,0.002440929412841797,0.0013217926025390625,0.0011191368103027344
Sauvola_Thresholding_CV2,Global_Threshold_Sklearn,0.6640281030444964,0.9317414140540229,0.6624547626126449,0.774354557234127,0.6317932823106387,0.7743545572341154,0.6317932823106233,0.6640281030444964,390164,277401,112763,0.7109856368091366,39251,18935,131698,258466,0.002440929412841797,0.03206777572631836,0.029626846313476562
Sauvola_Thresholding_CV2,Adaptive_Threshold_Sklearn,0.8325370804059329,0.9085458515510328,0.8979506053864529,0.9032171574857756,0.8235150318501281,0.9032171574857639,0.8235150318501088,0.8325370804059329,390164,385614,4550,0.9883382372540778,22920,35266,39816,350348,0.002440929412841797,0.038121700286865234,0.03568077087402344
Sauvola_Thresholding_CV2,Otsu_Thresholding_Sklearn,0.693846325415412,0.9093292761880098,0.7199792907597831,0.80365163556883,0.6717538632243995,0.8036516355688186,0.6717538632243834,0.693846325415412,390164,308920,81244,0.7917696148286362,30176,28010,109254,280910,0.002440929412841797,0.032670021057128906,0.03022909164428711
Sauvola_Thresholding_CV2,Niblack_Thresholding_Sklearn,0.38241775398684064,0.9559106460052325,0.30435406649511487,0.46170505201316514,0.30014078419577345,0.46170505201315615,0.30014078419576584,0.38241775398684064,390164,124225,265939,0.31839175321147006,52709,5477,271416,118748,0.002440929412841797,0.04197049140930176,0.03952956199645996
Sauvola_Thresholding_CV2,Sauvola_Thresholding_Sklearn,0.8939556150328984,0.892232487321267,0.9987774371802627,0.9425034374588079,0.8912591027189227,0.9425034374587965,0.8912591027189023,0.8939556150328984,390164,436755,46591,0.8933246328032879,11118,47068,477,389687,0.002440929412841797,0.04281497001647949,0.040374040603637695
Sauvola_Thresholding_CV2,Sobel_Sklearn,0.324052637448422,0.7925530842967212,0.302398478588491,0.4377670300965993,0.280218788445918,0.4377670300965911,0.28021878844591136,0.324052637448422,390164,148867,241297,0.38154980982356135,27304,30882,272179,117985,0.002440929412841797,0.0073490142822265625,0.004908084869384766
Sauvola_Thresholding_CV2,Canny_Sklearn,0.25085089773614366,0.8549811009822258,0.16754749284916087,0.280187646129745,0.16291756801212207,0.280187646129739,0.16291756801211799,0.25085089773614366,390164,76459,313705,0.19596631160230057,47098,11088,324793,65371,0.002440929412841797,0.01909041404724121,0.016649484634399414
Sauvola_Thresholding_CV2,Global_Threshold_Torch,0.12977807516449202,0.0,0.0,0.0,0.0,0.0,0.0,0.12977807516449202,390164,0,390164,0.0,58186,0,390164,0,0.002440929412841797,0.008050203323364258,0.005609273910522461
Sauvola_Thresholding_CV2,Adaptive_Threshold_Torch,0.12977807516449202,0.0,0.0,0.0,0.0,0.0,0.0,0.12977807516449202,390164,0,390164,0.0,58186,0,390164,0,0.002440929412841797,0.005615234375,0.003174304962158203
Sauvola_Thresholding_CV2,Otsu_Thresholding_Torch,0.12977807516449202,0.0,0.0,0.0,0.0,0.0,0.0,0.12977807516449202,390164,0,390164,0.0,58186,0,390164,0,0.002440929412841797,0.005509376525878906,0.0030684471130371094
Sauvola_Thresholding_CV2,Niblack_Thresholding_Torch,0.12977807516449202,0.0,0.0,0.0,0.0,0.0,0.0,0.12977807516449202,390164,0,390164,0.0,58186,0,390164,0,0.002440929412841797,0.16124463081359863,0.15880370140075684
Sauvola_Thresholding_CV2,Sauvola_Thresholding_Torch,0.12977807516449202,0.0,0.0,0.0,0.0,0.0,0.0,0.12977807516449202,390164,0,390164,0.0,58186,0,390164,0,0.002440929412841797,0.1615297794342041,0.1590888500213623
Sauvola_Thresholding_CV2,Sobel_Torch,0.12977807516449202,0.0,0.0,0.0,0.0,0.0,0.0,0.12977807516449202,390164,0,390164,0.0,58186,0,390164,0,0.002440929412841797,0.0054399967193603516,0.0029990673065185547
Sauvola_Thresholding_CV2,Canny_Torch,0.12977807516449202,0.0,0.0,0.0,0.0,0.0,0.0,0.12977807516449202,390164,0,390164,0.0,58186,0,390164,0,0.002440929412841797,0.006750583648681641,0.004309654235839844
Sobel_CV2,Global_Threshold_CV2,0.49047619047619045,0.337828575879123,0.5976356634540532,0.43165392452238727,0.2752287465576974,0.43165392452237655,0.2752287465576887,0.49047619047619045,145157,256790,111633,0.565275127536119,133154,170039,58406,86751,0.0036461353302001953,0.0008442401885986328,0.0028018951416015625
Sobel_CV2,Adaptive_Threshold_CV2,0.3774551131928181,0.2663245406242696,0.5259064323456671,0.3535882685342152,0.2147629671099458,0.35358826853420705,0.21476296710993975,0.3774551131928181,145157,286639,141482,0.5064105024089535,92893,210300,68818,76339,0.0036461353302001953,0.0013382434844970703,0.002307891845703125
Sobel_CV2,Otsu_Thresholding_CV2,0.5101170960187353,0.3736788190440009,0.758936875245424,0.5007852825994559,0.3340317279353798,0.5007852825994444,0.33403172793536967,0.5101170960187353,145157,294812,149655,0.49237140957627235,118546,184647,34992,110165,0.0036461353302001953,0.0007064342498779297,0.0029397010803222656
Sobel_CV2,Niblack_Thresholding_CV2,0.49397791903646704,0.33703074394932914,0.5821214271444023,0.4268995359622909,0.2713746170200466,0.42689953596228014,0.2713746170200379,0.49397791903646704,145157,250716,105559,0.578969830405718,136976,166217,60658,84499,0.0036461353302001953,0.002405881881713867,0.0012402534484863281
Sobel_CV2,Sauvola_Thresholding_CV2,0.3190877662540426,0.2947914210434586,0.7923627520546719,0.42971226609828495,0.273651928128212,0.4297122660982769,0.27365192812820543,0.3190877662540426,145157,390164,245007,0.37204098789227097,28046,275147,30140,115017,0.0036461353302001953,0.002440929412841797,0.0012052059173583984
Sobel_CV2,Sobel_CV2,1.0,1.0,1.0,1.0,1.0,0.9999999999999655,0.999999999999931,1.0,145157,145157,0,1.0,303193,0,0,145157,0.0036461353302001953,0.0036461353302001953,0.0
Sobel_CV2,Canny_CV2,0.7955793464926955,0.7353212824910939,0.5758936875245424,0.6459152687740012,0.47701244529150283,0.6459152687739761,0.4770124452914756,0.7955793464926955,145157,113685,31472,0.7831864808448783,273103,30090,61562,83595,0.0036461353302001953,0.0013217926025390625,0.002324342727661133
Sobel_CV2,Global_Threshold_Sklearn,0.4999620831939333,0.3575437723728465,0.6832808614121262,0.46944088148845836,0.30671202164669503,0.46944088148844726,0.30671202164668554,0.4999620831939333,145157,277401,132244,0.523274970169538,124975,178218,45974,99183,0.0036461353302001953,0.03206777572631836,0.028421640396118164
Sobel_CV2,Adaptive_Threshold_Sklearn,0.31984610237537636,0.2928109456606866,0.7778612123424982,0.4254640890327467,0.2702155511787469,0.4254640890327387,0.2702155511787404,0.31984610237537636,145157,385614,240457,0.3764308349800578,30491,272702,32245,112912,0.0036461353302001953,0.038121700286865234,0.03447556495666504
Sobel_CV2,Otsu_Thresholding_Sklearn,0.5236868517898963,0.389294963097242,0.828489153123859,0.5296943029486189,0.3602613415773959,0.5296943029486072,0.36026134157738515,0.5236868517898963,145157,308920,163763,0.4698854072251716,114534,188659,24896,120261,0.0036461353302001953,0.032670021057128906,0.02902388572692871
Sobel_CV2,Niblack_Thresholding_Sklearn,0.6065127690420431,0.3741678406117931,0.32021190848529524,0.3450935845750644,0.20852755259061198,0.34509358457505157,0.2085275525906026,0.6065127690420431,145157,124225,20932,0.8557975157932446,225449,77744,98676,46481,0.0036461353302001953,0.04197049140930176,0.03832435607910156
Sobel_CV2,Sauvola_Thresholding_Sklearn,0.3324188691870191,0.3235246305136747,0.9734356593205977,0.4856438774247653,0.32069330997183454,0.4856438774247569,0.32069330997182727,0.3324188691870191,145157,436755,291598,0.3323533788966354,7739,295454,3856,141301,0.0036461353302001953,0.04281497001647949,0.0391688346862793
Sobel_CV2,Sobel_Sklearn,0.991680606668897,0.9750112516541611,0.9999311090750016,0.9873139607651076,0.9749457605943161,0.9873139607650739,0.9749457605942505,0.991680606668897,145157,148867,3710,0.9750784257088542,299473,3720,10,145147,0.0036461353302001953,0.0073490142822265625,0.003702878952026367
Sobel_CV2,Canny_Sklearn,0.7897000111520018,0.8326554100890673,0.43858718491013177,0.5745433542704498,0.40305915721231766,0.5745433542704238,0.40305915721229213,0.7897000111520018,145157,76459,68698,0.5267331234456485,290398,12795,81493,63664,0.0036461353302001953,0.01909041404724121,0.015444278717041016
Sobel_CV2,Global_Threshold_Torch,0.676241775398684,0.0,0.0,0.0,0.0,0.0,0.0,0.676241775398684,145157,0,145157,0.0,303193,0,145157,0,0.0036461353302001953,0.008050203323364258,0.0044040679931640625
Sobel_CV2,Adaptive_Threshold_Torch,0.676241775398684,0.0,0.0,0.0,0.0,0.0,0.0,0.676241775398684,145157,0,145157,0.0,303193,0,145157,0,0.0036461353302001953,0.005615234375,0.0019690990447998047
Sobel_CV2,Otsu_Thresholding_Torch,0.676241775398684,0.0,0.0,0.0,0.0,0.0,0.0,0.676241775398684,145157,0,145157,0.0,303193,0,145157,0,0.0036461353302001953,0.005509376525878906,0.001863241195678711
Sobel_CV2,Niblack_Thresholding_Torch,0.676241775398684,0.0,0.0,0.0,0.0,0.0,0.0,0.676241775398684,145157,0,145157,0.0,303193,0,145157,0,0.0036461353302001953,0.16124463081359863,0.15759849548339844
Sobel_CV2,Sauvola_Thresholding_Torch,0.676241775398684,0.0,0.0,0.0,0.0,0.0,0.0,0.676241775398684,145157,0,145157,0.0,303193,0,145157,0,0.0036461353302001953,0.1615297794342041,0.1578836441040039
Sobel_CV2,Sobel_Torch,0.676241775398684,0.0,0.0,0.0,0.0,0.0,0.0,0.676241775398684,145157,0,145157,0.0,303193,0,145157,0,0.0036461353302001953,0.0054399967193603516,0.0017938613891601562
Sobel_CV2,Canny_Torch,0.676241775398684,0.0,0.0,0.0,0.0,0.0,0.0,0.676241775398684,145157,0,145157,0.0,303193,0,145157,0,0.0036461353302001953,0.006750583648681641,0.0031044483184814453
Canny_CV2,Global_Threshold_CV2,0.4900390320062451,0.27616729623427705,0.6238026124818578,0.3828436466698158,0.23673879515819976,0.3828436466698054,0.23673879515819182,0.4900390320062451,113685,256790,143105,0.4427158378441528,148792,185873,42768,70917,0.0013217926025390625,0.0008442401885986328,0.0004775524139404297
Canny_CV2,Adaptive_Threshold_CV2,0.38685402029664323,0.2187769284710036,0.5516119101024761,0.31329623005365653,0.18574466698655862,0.3132962300536487,0.18574466698655312,0.38685402029664323,113685,286639,172954,0.396613859244555,110736,223929,50975,62710,0.0013217926025390625,0.0013382434844970703,1.6450881958007812e-05
Canny_CV2,Otsu_Thresholding_CV2,0.47431470949035354,0.29307830074759506,0.7600211109645072,0.4230288104931003,0.2682539879662459,0.42302881049308994,0.26825398796623756,0.47431470949035354,113685,294812,181127,0.38561863153467296,126256,208409,27282,86403,0.0013217926025390625,0.0007064342498779297,0.0006153583526611328
Canny_CV2,Niblack_Thresholding_CV2,0.4964536634325861,0.2764801608194132,0.6097374323789418,0.38044901084245103,0.23491017781437765,0.3804490108424406,0.23491017781436968,0.4964536634325861,113685,250716,137031,0.4534413439908103,153267,181398,44367,69318,0.0013217926025390625,0.002405881881713867,0.0010840892791748047
Canny_CV2,Sauvola_Thresholding_CV2,0.3139489238318278,0.25150705857024225,0.8631657650525575,0.389517494328658,0.2418638469880706,0.38951749432865024,0.24186384698806462,0.3139489238318278,113685,390164,276479,0.29137747203739967,42630,292035,15556,98129,0.0013217926025390625,0.002440929412841797,0.0011191368103027344
Canny_CV2,Sobel_CV2,0.7955793464926955,0.5758936875245424,0.7353212824910939,0.6459152687740012,0.47701244529150283,0.6459152687739761,0.4770124452914756,0.7955793464926955,113685,145157,31472,0.7831864808448783,273103,61562,30090,83595,0.0013217926025390625,0.0036461353302001953,0.002324342727661133
Canny_CV2,Canny_CV2,1.0,1.0,1.0,1.0,1.0,0.9999999999999559,0.9999999999999121,1.0,113685,113685,0,1.0,334665,0,0,113685,0.0013217926025390625,0.0013217926025390625,0.0
Canny_CV2,Global_Threshold_Sklearn,0.4783807293409167,0.2833767722538852,0.6914632537274047,0.40200365137079824,0.25156731535441007,0.402003651370788,0.251567315354402,0.4783807293409167,113685,277401,163716,0.4098218824012891,135873,198792,35076,78609,0.0013217926025390625,0.03206777572631836,0.030745983123779297
Canny_CV2,Adaptive_Threshold_Sklearn,0.2979837180773949,0.23929369784292065,0.8116726041254343,0.3696182047230217,0.22670653327567908,0.36961820472301427,0.2267065332756735,0.2979837180773949,113685,385614,271929,0.29481554092953055,41326,293339,21410,92275,0.0013217926025390625,0.038121700286865234,0.03679990768432617
Canny_CV2,Otsu_Thresholding_Sklearn,0.46322515891602545,0.29448077172083387,0.8002023134098606,0.43052495829438836,0.27431143971969096,0.4305249582943782,0.2743114397196827,0.46322515891602545,113685,308920,195235,0.36800789848504467,116716,217949,22714,90971,0.0013217926025390625,0.032670021057128906,0.031348228454589844
Canny_CV2,Niblack_Thresholding_Sklearn,0.6271082859373257,0.28466089756490237,0.31105246954303556,0.29727207767643227,0.17458577719849122,0.2972720776764198,0.1745857771984826,0.6271082859373257,113685,124225,10540,0.9151539545180116,245802,88863,78323,35362,0.0013217926025390625,0.04197049140930176,0.040648698806762695
Canny_CV2,Sauvola_Thresholding_Sklearn,0.2700479536076726,0.25548190633192525,0.9815103135857853,0.40543201802194606,0.25425822078718124,0.4054320180219387,0.25425822078717547,0.2700479536076726,113685,436755,323070,0.26029467321496036,9493,325172,2102,111583,0.0013217926025390625,0.04281497001647949,0.04149317741394043
Canny_CV2,Sobel_Sklearn,0.793781643805063,0.571295182948538,0.7480934160179443,0.6478488070934519,0.4791245317033323,0.6478488070934273,0.47912453170330527,0.793781643805063,113685,148867,35182,0.7636682407786817,270845,63820,28638,85047,0.0013217926025390625,0.0073490142822265625,0.0060272216796875
Canny_CV2,Canny_Sklearn,0.8168573658971785,0.7064701343203547,0.47513744117517703,0.568158869067654,0.39680300893276915,0.568158869067624,0.39680300893273995,0.8168573658971785,113685,76459,37226,0.6725513480230462,312222,22443,59669,54016,0.0013217926025390625,0.01909041404724121,0.01776862144470215
Canny_CV2,Global_Threshold_Torch,0.7464369354299096,0.0,0.0,0.0,0.0,0.0,0.0,0.7464369354299096,113685,0,113685,0.0,334665,0,113685,0,0.0013217926025390625,0.008050203323364258,0.006728410720825195
Canny_CV2,Adaptive_Threshold_Torch,0.7464369354299096,0.0,0.0,0.0,0.0,0.0,0.0,0.7464369354299096,113685,0,113685,0.0,334665,0,113685,0,0.0013217926025390625,0.005615234375,0.0042934417724609375
Canny_CV2,Otsu_Thresholding_Torch,0.7464369354299096,0.0,0.0,0.0,0.0,0.0,0.0,0.7464369354299096,113685,0,113685,0.0,334665,0,113685,0,0.0013217926025390625,0.005509376525878906,0.004187583923339844
Canny_CV2,Niblack_Thresholding_Torch,0.7464369354299096,0.0,0.0,0.0,0.0,0.0,0.0,0.7464369354299096,113685,0,113685,0.0,334665,0,113685,0,0.0013217926025390625,0.16124463081359863,0.15992283821105957
Canny_CV2,Sauvola_Thresholding_Torch,0.7464369354299096,0.0,0.0,0.0,0.0,0.0,0.0,0.7464369354299096,113685,0,113685,0.0,334665,0,113685,0,0.0013217926025390625,0.1615297794342041,0.16020798683166504
Canny_CV2,Sobel_Torch,0.7464369354299096,0.0,0.0,0.0,0.0,0.0,0.0,0.7464369354299096,113685,0,113685,0.0,334665,0,113685,0,0.0013217926025390625,0.0054399967193603516,0.004118204116821289
Canny_CV2,Canny_Torch,0.7464369354299096,0.0,0.0,0.0,0.0,0.0,0.0,0.7464369354299096,113685,0,113685,0.0,334665,0,113685,0,0.0013217926025390625,0.006750583648681641,0.005428791046142578
Global_Threshold_Sklearn,Global_Threshold_CV2,0.9096933199509312,0.9612952217765489,0.8898706205096593,0.9242050128137689,0.8590902763276954,0.9242050128137516,0.8590902763276654,0.9096933199509312,277401,256790,20611,0.9256996189631617,161010,9939,30550,246851,0.03206777572631836,0.0008442401885986328,0.031223535537719727
Global_Threshold_Sklearn,Adaptive_Threshold_CV2,0.5561503289840526,0.6367591290787367,0.6579644629976099,0.647188142684916,0.47840218075068147,0.6471881426849044,0.4784021807506689,0.5561503289840526,277401,286639,9238,0.9677713081611364,66830,104119,94881,182520,0.03206777572631836,0.0013382434844970703,0.03072953224182129
Global_Threshold_Sklearn,Otsu_Thresholding_CV2,0.9257655849224936,0.9140231740906068,0.9713915955602179,0.9418345965575756,0.8900636833273878,0.9418345965575591,0.8900636833273584,0.9257655849224936,277401,294812,17411,0.9409420240695765,145602,25347,7936,269465,0.03206777572631836,0.0007064342498779297,0.03136134147644043
Global_Threshold_Sklearn,Niblack_Thresholding_CV2,0.6002074272331883,0.6957473795050974,0.6288189299966475,0.6605922551252847,0.4931972789115646,0.6605922551252722,0.4931972789115507,0.6002074272331883,277401,250716,26685,0.9038035190932981,94668,76281,102966,174435,0.03206777572631836,0.002405881881713867,0.029661893844604492
Global_Threshold_Sklearn,Sauvola_Thresholding_CV2,0.6640281030444964,0.6624547626126449,0.9317414140540229,0.774354557234127,0.6317932823106387,0.7743545572341154,0.6317932823106233,0.6640281030444964,277401,390164,112763,0.7109856368091366,39251,131698,18935,258466,0.03206777572631836,0.002440929412841797,0.029626846313476562
Global_Threshold_Sklearn,Sobel_CV2,0.4999620831939333,0.6832808614121262,0.3575437723728465,0.46944088148845836,0.30671202164669503,0.46944088148844726,0.30671202164668554,0.4999620831939333,277401,145157,132244,0.523274970169538,124975,45974,178218,99183,0.03206777572631836,0.0036461353302001953,0.028421640396118164
Global_Threshold_Sklearn,Canny_CV2,0.4783807293409167,0.6914632537274047,0.2833767722538852,0.40200365137079824,0.25156731535441007,0.402003651370788,0.251567315354402,0.4783807293409167,277401,113685,163716,0.4098218824012891,135873,35076,198792,78609,0.03206777572631836,0.0013217926025390625,0.030745983123779297
Global_Threshold_Sklearn,Global_Threshold_Sklearn,1.0,1.0,1.0,1.0,1.0,0.9999999999999819,0.9999999999999639,1.0,277401,277401,0,1.0,170949,0,0,277401,0.03206777572631836,0.03206777572631836,0.0
Global_Threshold_Sklearn,Adaptive_Threshold_Sklearn,0.6487677038028327,0.6555000596451374,0.9112079624803083,0.7624865199128225,0.6161440115053199,0.762486519912811,0.616144011505305,0.6487677038028327,277401,385614,108213,0.7193748152297376,38105,132844,24631,252770,0.03206777572631836,0.038121700286865234,0.006053924560546875
Global_Threshold_Sklearn,Otsu_Thresholding_Sklearn,0.9297000111520017,0.8979703483102421,1.0,0.9462427578067304,0.8979703483102421,0.9462427578067143,0.897970348310213,0.9297000111520017,277401,308920,31519,0.8979703483102421,139430,31519,0,277401,0.03206777572631836,0.032670021057128906,0.0006022453308105469
Global_Threshold_Sklearn,Niblack_Thresholding_Sklearn,0.5790877662540426,0.8569531092775207,0.3837585300701872,0.5301200619481806,0.3606553489333302,0.5301200619481674,0.36065534893331797,0.5790877662540426,277401,124225,153176,0.44781741954787474,153179,17770,170946,106455,0.03206777572631836,0.04197049140930176,0.009902715682983398
Global_Threshold_Sklearn,Sauvola_Thresholding_Sklearn,0.644576781532285,0.6351409829309338,1.0,0.776863878480332,0.6351409829309338,0.7768638784803211,0.6351409829309193,0.644576781532285,277401,436755,159354,0.6351409829309338,11595,159354,0,277401,0.03206777572631836,0.04281497001647949,0.010747194290161133
Global_Threshold_Sklearn,Sobel_Sklearn,0.5033522917363666,0.6838184419649754,0.3669705588660459,0.47762440530370565,0.3137362468024779,0.47762440530369443,0.3137362468024682,0.5033522917363666,277401,148867,128534,0.5366491108539623,123880,47069,175603,101798,0.03206777572631836,0.0073490142822265625,0.024718761444091797
Global_Threshold_Sklearn,Canny_Sklearn,0.4545422103267536,0.7147883179220236,0.19701443037335842,0.3088905216752388,0.18265554396941258,0.30889052167523007,0.18265554396940648,0.4545422103267536,277401,76459,200942,0.2756262594583293,149142,21807,222749,54652,0.03206777572631836,0.01909041404724121,0.012977361679077148
Global_Threshold_Sklearn,Global_Threshold_Torch,0.3812847106055537,0.0,0.0,0.0,0.0,0.0,0.0,0.3812847106055537,277401,0,277401,0.0,170949,0,277401,0,0.03206777572631836,0.008050203323364258,0.0240175724029541
Global_Threshold_Sklearn,Adaptive_Threshold_Torch,0.3812847106055537,0.0,0.0,0.0,0.0,0.0,0.0,0.3812847106055537,277401,0,277401,0.0,170949,0,277401,0,0.03206777572631836,0.005615234375,0.02645254135131836
Global_Threshold_Sklearn,Otsu_Thresholding_Torch,0.3812847106055537,0.0,0.0,0.0,0.0,0.0,0.0,0.3812847106055537,277401,0,277401,0.0,170949,0,277401,0,0.03206777572631836,0.005509376525878906,0.026558399200439453
Global_Threshold_Sklearn,Niblack_Thresholding_Torch,0.3812847106055537,0.0,0.0,0.0,0.0,0.0,0.0,0.3812847106055537,277401,0,277401,0.0,170949,0,277401,0,0.03206777572631836,0.16124463081359863,0.12917685508728027
Global_Threshold_Sklearn,Sauvola_Thresholding_Torch,0.3812847106055537,0.0,0.0,0.0,0.0,0.0,0.0,0.3812847106055537,277401,0,277401,0.0,170949,0,277401,0,0.03206777572631836,0.1615297794342041,0.12946200370788574
Global_Threshold_Sklearn,Sobel_Torch,0.3812847106055537,0.0,0.0,0.0,0.0,0.0,0.0,0.3812847106055537,277401,0,277401,0.0,170949,0,277401,0,0.03206777572631836,0.0054399967193603516,0.026627779006958008
Global_Threshold_Sklearn,Canny_Torch,0.3812847106055537,0.0,0.0,0.0,0.0,0.0,0.0,0.3812847106055537,277401,0,277401,0.0,170949,0,277401,0,0.03206777572631836,0.006750583648681641,0.02531719207763672
Adaptive_Threshold_Sklearn,Global_Threshold_CV2,0.6164737370357979,0.9160208730869582,0.6100011929027473,0.732327320502363,0.5776943309944766,0.7323273205023516,0.5776943309944624,0.6164737370357979,385614,256790,128824,0.6659249923498628,41171,21565,150389,235225,0.038121700286865234,0.0008442401885986328,0.0372774600982666
Adaptive_Threshold_Sklearn,Adaptive_Threshold_CV2,0.6774015835842534,0.920349289524454,0.6841245390468188,0.784847371450927,0.6458837787217373,0.7848473714509153,0.6458837787217215,0.6774015835842534,385614,286639,98975,0.7433314143158702,39905,22831,121806,263808,0.038121700286865234,0.0013382434844970703,0.036783456802368164
Adaptive_Threshold_Sklearn,Otsu_Thresholding_CV2,0.6504828816772611,0.8882270735248226,0.6790728552386583,0.7696942797600327,0.6256122093051036,0.7696942797600214,0.6256122093050887,0.6504828816772611,385614,294812,90802,0.7645261842153034,29784,32952,123754,261860,0.038121700286865234,0.0007064342498779297,0.037415266036987305
Adaptive_Threshold_Sklearn,Niblack_Thresholding_CV2,0.5887364781978365,0.9012986805788222,0.586000508280301,0.7102289692455173,0.5506628326347597,0.710228969245506,0.5506628326347462,0.5887364781978365,385614,250716,134898,0.6501734895517279,37990,24746,159644,225970,0.038121700286865234,0.002405881881713867,0.03571581840515137
Adaptive_Threshold_Sklearn,Sauvola_Thresholding_CV2,0.8325370804059329,0.8979506053864529,0.9085458515510328,0.9032171574857756,0.8235150318501281,0.9032171574857639,0.8235150318501088,0.8325370804059329,385614,390164,4550,0.9883382372540778,22920,39816,35266,350348,0.038121700286865234,0.002440929412841797,0.03568077087402344
Adaptive_Threshold_Sklearn,Sobel_CV2,0.31984610237537636,0.7778612123424982,0.2928109456606866,0.4254640890327467,0.2702155511787469,0.4254640890327387,0.2702155511787404,0.31984610237537636,385614,145157,240457,0.3764308349800578,30491,32245,272702,112912,0.038121700286865234,0.0036461353302001953,0.03447556495666504
Adaptive_Threshold_Sklearn,Canny_CV2,0.2979837180773949,0.8116726041254343,0.23929369784292065,0.3696182047230217,0.22670653327567908,0.36961820472301427,0.2267065332756735,0.2979837180773949,385614,113685,271929,0.29481554092953055,41326,21410,293339,92275,0.038121700286865234,0.0013217926025390625,0.03679990768432617
Adaptive_Threshold_Sklearn,Global_Threshold_Sklearn,0.6487677038028327,0.9112079624803083,0.6555000596451374,0.7624865199128225,0.6161440115053199,0.762486519912811,0.616144011505305,0.6487677038028327,385614,277401,108213,0.7193748152297376,38105,24631,132844,252770,0.038121700286865234,0.03206777572631836,0.006053924560546875
Adaptive_Threshold_Sklearn,Adaptive_Threshold_Sklearn,1.0,1.0,1.0,1.0,1.0,0.999999999999987,0.999999999999974,1.0,385614,385614,0,1.0,62736,0,0,385614,0.038121700286865234,0.038121700286865234,0.0
Adaptive_Threshold_Sklearn,Otsu_Thresholding_Sklearn,0.6663722538195606,0.8820277094393371,0.7066029760330278,0.7846296941546418,0.6455889948774813,0.7846296941546305,0.645588994877466,0.6663722538195606,385614,308920,76694,0.8011119928218374,26292,36444,113138,272476,0.038121700286865234,0.032670021057128906,0.005451679229736328
Adaptive_Threshold_Sklearn,Niblack_Thresholding_Sklearn,0.4074473067915691,0.9827651438921312,0.31659638913524923,0.47891197024943166,0.31484829338112985,0.4789119702494223,0.3148482933811217,0.4074473067915691,385614,124225,261389,0.32214857344391024,60595,2141,263530,122084,0.038121700286865234,0.04197049140930176,0.0038487911224365234
Adaptive_Threshold_Sklearn,Sauvola_Thresholding_Sklearn,0.8663075722092115,0.8728325949330861,0.9885896258953254,0.9271117953132961,0.8641271208532149,0.9271117953132848,0.8641271208531952,0.8663075722092115,385614,436755,51141,0.8829068928804479,7195,55541,4400,381214,0.038121700286865234,0.04281497001647949,0.004693269729614258
Adaptive_Threshold_Sklearn,Sobel_Sklearn,0.32432920709267316,0.7776874659931348,0.3002276888287251,0.43321278024850274,0.2764975197571583,0.43321278024849463,0.2764975197571517,0.32432920709267316,385614,148867,236747,0.3860518549637721,29641,33095,269842,115772,0.038121700286865234,0.0073490142822265625,0.030772686004638672
Adaptive_Threshold_Sklearn,Canny_Sklearn,0.2390877662540426,0.7907375194548713,0.15678631999875522,0.2616859240855882,0.15054007081426443,0.26168592408558256,0.15054007081426068,0.2390877662540426,385614,76459,309155,0.1982785894702993,46736,16000,325155,60459,0.038121700286865234,0.01909041404724121,0.019031286239624023
Adaptive_Threshold_Sklearn,Global_Threshold_Torch,0.1399263967882235,0.0,0.0,0.0,0.0,0.0,0.0,0.1399263967882235,385614,0,385614,0.0,62736,0,385614,0,0.038121700286865234,0.008050203323364258,0.030071496963500977
Adaptive_Threshold_Sklearn,Adaptive_Threshold_Torch,0.1399263967882235,0.0,0.0,0.0,0.0,0.0,0.0,0.1399263967882235,385614,0,385614,0.0,62736,0,385614,0,0.038121700286865234,0.005615234375,0.032506465911865234
Adaptive_Threshold_Sklearn,Otsu_Thresholding_Torch,0.1399263967882235,0.0,0.0,0.0,0.0,0.0,0.0,0.1399263967882235,385614,0,385614,0.0,62736,0,385614,0,0.038121700286865234,0.005509376525878906,0.03261232376098633
Adaptive_Threshold_Sklearn,Niblack_Thresholding_Torch,0.1399263967882235,0.0,0.0,0.0,0.0,0.0,0.0,0.1399263967882235,385614,0,385614,0.0,62736,0,385614,0,0.038121700286865234,0.16124463081359863,0.1231229305267334
Adaptive_Threshold_Sklearn,Sauvola_Thresholding_Torch,0.1399263967882235,0.0,0.0,0.0,0.0,0.0,0.0,0.1399263967882235,385614,0,385614,0.0,62736,0,385614,0,0.038121700286865234,0.1615297794342041,0.12340807914733887
Adaptive_Threshold_Sklearn,Sobel_Torch,0.1399263967882235,0.0,0.0,0.0,0.0,0.0,0.0,0.1399263967882235,385614,0,385614,0.0,62736,0,385614,0,0.038121700286865234,0.0054399967193603516,0.03268170356750488
Adaptive_Threshold_Sklearn,Canny_Torch,0.1399263967882235,0.0,0.0,0.0,0.0,0.0,0.0,0.1399263967882235,385614,0,385614,0.0,62736,0,385614,0,0.038121700286865234,0.006750583648681641,0.031371116638183594
Otsu_Thresholding_Sklearn,Global_Threshold_CV2,0.8760298873647819,0.9932785544608435,0.8256636022271138,0.9017482455675169,0.8210760801684233,0.901748245567501,0.8210760801683967,0.8760298873647819,308920,256790,52130,0.8312508092710087,137704,1726,53856,255064,0.032670021057128906,0.0008442401885986328,0.03182578086853027
Otsu_Thresholding_Sklearn,Adaptive_Threshold_CV2,0.5525749972119995,0.688943235219213,0.6392528810047908,0.6631685525699385,0.49607491942594595,0.6631685525699273,0.4960749194259335,0.5525749972119995,308920,286639,22281,0.927874530622815,50269,89161,111442,197478,0.032670021057128906,0.0013382434844970703,0.031331777572631836
Otsu_Thresholding_Sklearn,Otsu_Thresholding_CV2,0.9482279469164715,0.9845596515745628,0.9395960119124692,0.9615524769268483,0.9259519191506738,0.9615524769268324,0.9259519191506441,0.9482279469164715,308920,294812,14108,0.9543312184384306,134878,4552,18660,290260,0.032670021057128906,0.0007064342498779297,0.03196358680725098
Otsu_Thresholding_Sklearn,Niblack_Thresholding_CV2,0.600918924947028,0.7592415322516314,0.6161918943415771,0.6802778949174106,0.5154705617928845,0.6802778949173984,0.5154705617928705,0.600918924947028,308920,250716,58204,0.8115887608442315,79068,60362,118566,190354,0.032670021057128906,0.002405881881713867,0.03026413917541504
Otsu_Thresholding_Sklearn,Sauvola_Thresholding_CV2,0.693846325415412,0.7199792907597831,0.9093292761880098,0.80365163556883,0.6717538632243995,0.8036516355688186,0.6717538632243834,0.693846325415412,308920,390164,81244,0.7917696148286362,30176,109254,28010,280910,0.032670021057128906,0.002440929412841797,0.03022909164428711
Otsu_Thresholding_Sklearn,Sobel_CV2,0.5236868517898963,0.828489153123859,0.389294963097242,0.5296943029486189,0.3602613415773959,0.5296943029486072,0.36026134157738515,0.5236868517898963,308920,145157,163763,0.4698854072251716,114534,24896,188659,120261,0.032670021057128906,0.0036461353302001953,0.02902388572692871
Otsu_Thresholding_Sklearn,Canny_CV2,0.46322515891602545,0.8002023134098606,0.29448077172083387,0.43052495829438836,0.27431143971969096,0.4305249582943782,0.2743114397196827,0.46322515891602545,308920,113685,195235,0.36800789848504467,116716,22714,217949,90971,0.032670021057128906,0.0013217926025390625,0.031348228454589844
Otsu_Thresholding_Sklearn,Global_Threshold_Sklearn,0.9297000111520017,1.0,0.8979703483102421,0.9462427578067304,0.8979703483102421,0.9462427578067143,0.897970348310213,0.9297000111520017,308920,277401,31519,0.8979703483102421,139430,0,31519,277401,0.032670021057128906,0.03206777572631836,0.0006022453308105469
Otsu_Thresholding_Sklearn,Adaptive_Threshold_Sklearn,0.6663722538195606,0.7066029760330278,0.8820277094393371,0.7846296941546418,0.6455889948774813,0.7846296941546305,0.645588994877466,0.6663722538195606,308920,385614,76694,0.8011119928218374,26292,113138,36444,272476,0.032670021057128906,0.038121700286865234,0.005451679229736328
Otsu_Thresholding_Sklearn,Otsu_Thresholding_Sklearn,1.0,1.0,1.0,1.0,1.0,0.9999999999999838,0.9999999999999676,1.0,308920,308920,0,1.0,139430,0,0,308920,0.032670021057128906,0.032670021057128906,0.0
Otsu_Thresholding_Sklearn,Niblack_Thresholding_Sklearn,0.5265016170402588,0.8889192996578789,0.35745824161595235,0.5098800632582623,0.3421738416393209,0.5098800632582504,0.3421738416393103,0.5265016170402588,308920,124225,184695,0.4021267642107989,125631,13799,198494,110426,0.032670021057128906,0.04197049140930176,0.009300470352172852
Otsu_Thresholding_Sklearn,Sauvola_Thresholding_Sklearn,0.7143459350953496,0.7070348364643794,0.9996147869998705,0.8282455493344956,0.7068422474214533,0.8282455493344845,0.7068422474214371,0.7143459350953496,308920,436755,127835,0.7073073004315921,11476,127954,119,308801,0.032670021057128906,0.04281497001647949,0.010144948959350586
Otsu_Thresholding_Sklearn,Sobel_Sklearn,0.529450206312033,0.8289815741567976,0.39948206655444773,0.5391503035254387,0.36906623920760573,0.5391503035254269,0.3690662392075947,0.529450206312033,308920,148867,160053,0.4818949889939143,113971,25459,185512,123408,0.032670021057128906,0.0073490142822265625,0.025321006774902344
Otsu_Thresholding_Sklearn,Canny_Sklearn,0.4293096910895506,0.8469244954812383,0.2096173766670983,0.33605878888055657,0.2019655421927242,0.3360587888805478,0.2019655421927179,0.4293096910895506,308920,76459,232461,0.24750420820924512,127726,11704,244165,64755,0.032670021057128906,0.01909041404724121,0.013579607009887695
Otsu_Thresholding_Sklearn,Global_Threshold_Torch,0.3109847217575555,0.0,0.0,0.0,0.0,0.0,0.0,0.3109847217575555,308920,0,308920,0.0,139430,0,308920,0,0.032670021057128906,0.008050203323364258,0.02461981773376465
Otsu_Thresholding_Sklearn,Adaptive_Threshold_Torch,0.3109847217575555,0.0,0.0,0.0,0.0,0.0,0.0,0.3109847217575555,308920,0,308920,0.0,139430,0,308920,0,0.032670021057128906,0.005615234375,0.027054786682128906
Otsu_Thresholding_Sklearn,Otsu_Thresholding_Torch,0.3109847217575555,0.0,0.0,0.0,0.0,0.0,0.0,0.3109847217575555,308920,0,308920,0.0,139430,0,308920,0,0.032670021057128906,0.005509376525878906,0.02716064453125
Otsu_Thresholding_Sklearn,Niblack_Thresholding_Torch,0.3109847217575555,0.0,0.0,0.0,0.0,0.0,0.0,0.3109847217575555,308920,0,308920,0.0,139430,0,308920,0,0.032670021057128906,0.16124463081359863,0.12857460975646973
Otsu_Thresholding_Sklearn,Sauvola_Thresholding_Torch,0.3109847217575555,0.0,0.0,0.0,0.0,0.0,0.0,0.3109847217575555,308920,0,308920,0.0,139430,0,308920,0,0.032670021057128906,0.1615297794342041,0.1288597583770752
Otsu_Thresholding_Sklearn,Sobel_Torch,0.3109847217575555,0.0,0.0,0.0,0.0,0.0,0.0,0.3109847217575555,308920,0,308920,0.0,139430,0,308920,0,0.032670021057128906,0.0054399967193603516,0.027230024337768555
Otsu_Thresholding_Sklearn,Canny_Torch,0.3109847217575555,0.0,0.0,0.0,0.0,0.0,0.0,0.3109847217575555,308920,0,308920,0.0,139430,0,308920,0,0.032670021057128906,0.006750583648681641,0.025919437408447266
Niblack_Thresholding_Sklearn,Global_Threshold_CV2,0.6025404260064682,0.3949024494723315,0.8163171664318777,0.5322992533102371,0.362675602987039,0.5322992533102231,0.362675602987026,0.6025404260064682,124225,256790,132565,0.48376104988512014,168742,155383,22818,101407,0.04197049140930176,0.0008442401885986328,0.041126251220703125
Niblack_Thresholding_Sklearn,Adaptive_Threshold_CV2,0.5073402475744396,0.33139244834094456,0.7646608975649024,0.46239144826511935,0.3007211736325244,0.4623914482651081,0.3007211736325148,0.5073402475744396,124225,286639,162414,0.4333848499331912,132476,191649,29235,94990,0.04197049140930176,0.0013382434844970703,0.04063224792480469
Niblack_Thresholding_Sklearn,Otsu_Thresholding_CV2,0.5504784208765473,0.3688689741258836,0.8754035017106058,0.5190329254934528,0.35046891617519094,0.5190329254934405,0.35046891617517967,0.5504784208765473,124225,294812,170587,0.421370229162992,138060,186065,15478,108747,0.04197049140930176,0.0007064342498779297,0.04126405715942383
Niblack_Thresholding_Sklearn,Niblack_Thresholding_CV2,0.6367190810750529,0.42291676638108455,0.8535479975850272,0.5655929866298964,0.39430439293590025,0.5655929866298813,0.3943043929358856,0.6367190810750529,124225,250716,126491,0.4954809425804496,179441,144684,18193,106032,0.04197049140930176,0.002405881881713867,0.03956460952758789
Niblack_Thresholding_Sklearn,Sauvola_Thresholding_CV2,0.38241775398684064,0.30435406649511487,0.9559106460052325,0.46170505201316514,0.30014078419577345,0.46170505201315615,0.30014078419576584,0.38241775398684064,124225,390164,265939,0.31839175321147006,52709,271416,5477,118748,0.04197049140930176,0.002440929412841797,0.03952956199645996
Niblack_Thresholding_Sklearn,Sobel_CV2,0.6065127690420431,0.32021190848529524,0.3741678406117931,0.3450935845750644,0.20852755259061198,0.34509358457505157,0.2085275525906026,0.6065127690420431,124225,145157,20932,0.8557975157932446,225449,98676,77744,46481,0.04197049140930176,0.0036461353302001953,0.03832435607910156
Niblack_Thresholding_Sklearn,Canny_CV2,0.6271082859373257,0.31105246954303556,0.28466089756490237,0.29727207767643227,0.17458577719849122,0.2972720776764198,0.1745857771984826,0.6271082859373257,124225,113685,10540,0.9151539545180116,245802,78323,88863,35362,0.04197049140930176,0.0013217926025390625,0.040648698806762695
Niblack_Thresholding_Sklearn,Global_Threshold_Sklearn,0.5790877662540426,0.3837585300701872,0.8569531092775207,0.5301200619481806,0.3606553489333302,0.5301200619481674,0.36065534893331797,0.5790877662540426,124225,277401,153176,0.44781741954787474,153179,170946,17770,106455,0.04197049140930176,0.03206777572631836,0.009902715682983398
Niblack_Thresholding_Sklearn,Adaptive_Threshold_Sklearn,0.4074473067915691,0.31659638913524923,0.9827651438921312,0.47891197024943166,0.31484829338112985,0.4789119702494223,0.3148482933811217,0.4074473067915691,124225,385614,261389,0.32214857344391024,60595,263530,2141,122084,0.04197049140930176,0.038121700286865234,0.0038487911224365234
Niblack_Thresholding_Sklearn,Otsu_Thresholding_Sklearn,0.5265016170402588,0.35745824161595235,0.8889192996578789,0.5098800632582623,0.3421738416393209,0.5098800632582504,0.3421738416393103,0.5265016170402588,124225,308920,184695,0.4021267642107989,125631,198494,13799,110426,0.04197049140930176,0.032670021057128906,0.009300470352172852
Niblack_Thresholding_Sklearn,Niblack_Thresholding_Sklearn,1.0,1.0,1.0,1.0,1.0,0.9999999999999597,0.9999999999999195,1.0,124225,124225,0,1.0,324125,0,0,124225,0.04197049140930176,0.04197049140930176,0.0
Niblack_Thresholding_Sklearn,Sauvola_Thresholding_Sklearn,0.30293297646927625,0.28442719602523153,1.0,0.4428856643730614,0.28442719602523153,0.44288566437305354,0.28442719602522504,0.30293297646927625,124225,436755,312530,0.28442719602523153,11595,312530,0,124225,0.04197049140930176,0.04281497001647949,0.0008444786071777344
Niblack_Thresholding_Sklearn,Sobel_Sklearn,0.6028236868517899,0.31913721644152165,0.38244314751459046,0.34793402955780467,0.21060540909554354,0.34793402955779196,0.2106054090955342,0.6028236868517899,124225,148867,24642,0.8344696944252252,222767,101358,76716,47509,0.04197049140930176,0.0073490142822265625,0.034621477127075195
Niblack_Thresholding_Sklearn,Canny_Sklearn,0.6544886807181889,0.2993368995147726,0.18423827731938017,0.2280899324310857,0.12872545656000944,0.2280899324310743,0.1287254565600022,0.6544886807181889,124225,76459,47766,0.6154880257597102,270553,53572,101338,22887,0.04197049140930176,0.01909041404724121,0.022880077362060547
Niblack_Thresholding_Sklearn,Global_Threshold_Torch,0.7229285156685625,0.0,0.0,0.0,0.0,0.0,0.0,0.7229285156685625,124225,0,124225,0.0,324125,0,124225,0,0.04197049140930176,0.008050203323364258,0.0339202880859375
Niblack_Thresholding_Sklearn,Adaptive_Threshold_Torch,0.7229285156685625,0.0,0.0,0.0,0.0,0.0,0.0,0.7229285156685625,124225,0,124225,0.0,324125,0,124225,0,0.04197049140930176,0.005615234375,0.03635525703430176
Niblack_Thresholding_Sklearn,Otsu_Thresholding_Torch,0.7229285156685625,0.0,0.0,0.0,0.0,0.0,0.0,0.7229285156685625,124225,0,124225,0.0,324125,0,124225,0,0.04197049140930176,0.005509376525878906,0.03646111488342285
Niblack_Thresholding_Sklearn,Niblack_Thresholding_Torch,0.7229285156685625,0.0,0.0,0.0,0.0,0.0,0.0,0.7229285156685625,124225,0,124225,0.0,324125,0,124225,0,0.04197049140930176,0.16124463081359863,0.11927413940429688
Niblack_Thresholding_Sklearn,Sauvola_Thresholding_Torch,0.7229285156685625,0.0,0.0,0.0,0.0,0.0,0.0,0.7229285156685625,124225,0,124225,0.0,324125,0,124225,0,0.04197049140930176,0.1615297794342041,0.11955928802490234
Niblack_Thresholding_Sklearn,Sobel_Torch,0.7229285156685625,0.0,0.0,0.0,0.0,0.0,0.0,0.7229285156685625,124225,0,124225,0.0,324125,0,124225,0,0.04197049140930176,0.0054399967193603516,0.036530494689941406
Niblack_Thresholding_Sklearn,Canny_Torch,0.7229285156685625,0.0,0.0,0.0,0.0,0.0,0.0,0.7229285156685625,124225,0,124225,0.0,324125,0,124225,0,0.04197049140930176,0.006750583648681641,0.03521990776062012
Sauvola_Thresholding_Sklearn,Global_Threshold_CV2,0.5985435485669678,0.9999454807430196,0.5879177113026754,0.7404739418494835,0.5878988664488551,0.7404739418494728,0.5878988664488416,0.5985435485669678,436755,256790,179965,0.5879497658870534,11581,14,179979,256776,0.04281497001647949,0.0008442401885986328,0.04197072982788086
Sauvola_Thresholding_Sklearn,Adaptive_Threshold_CV2,0.6557823129251701,0.9926492905710668,0.6514682144451694,0.786658446157972,0.6483404806066599,0.7866584461579611,0.6483404806066452,0.6557823129251701,436755,286639,150116,0.6562924293940539,9488,2107,152223,284532,0.04281497001647949,0.0013382434844970703,0.04147672653198242
Sauvola_Thresholding_Sklearn,Otsu_Thresholding_CV2,0.6830801828928292,0.9997489925783211,0.6748360064567092,0.8057717201568687,0.6747216874337555,0.8057717201568577,0.6747216874337401,0.6830801828928292,436755,294812,141943,0.6750054378312784,11521,74,142017,294738,0.04281497001647949,0.0007064342498779297,0.04210853576660156
Sauvola_Thresholding_Sklearn,Niblack_Thresholding_CV2,0.583332218133155,0.9984564208107979,0.5731565751966206,0.7282605375354015,0.5726491620571805,0.7282605375353909,0.5726491620571674,0.583332218133155,436755,250716,186039,0.5740426554933544,11208,387,186426,250329,0.04281497001647949,0.002405881881713867,0.040409088134765625
Sauvola_Thresholding_Sklearn,Sauvola_Thresholding_CV2,0.8939556150328984,0.9987774371802627,0.892232487321267,0.9425034374588079,0.8912591027189227,0.9425034374587965,0.8912591027189023,0.8939556150328984,436755,390164,46591,0.8933246328032879,11118,477,47068,389687,0.04281497001647949,0.002440929412841797,0.040374040603637695
Sauvola_Thresholding_Sklearn,Sobel_CV2,0.3324188691870191,0.9734356593205977,0.3235246305136747,0.4856438774247653,0.32069330997183454,0.4856438774247569,0.32069330997182727,0.3324188691870191,436755,145157,291598,0.3323533788966354,7739,3856,295454,141301,0.04281497001647949,0.0036461353302001953,0.0391688346862793
Sauvola_Thresholding_Sklearn,Canny_CV2,0.2700479536076726,0.9815103135857853,0.25548190633192525,0.40543201802194606,0.25425822078718124,0.4054320180219387,0.25425822078717547,0.2700479536076726,436755,113685,323070,0.26029467321496036,9493,2102,325172,111583,0.04281497001647949,0.0013217926025390625,0.04149317741394043
Sauvola_Thresholding_Sklearn,Global_Threshold_Sklearn,0.644576781532285,1.0,0.6351409829309338,0.776863878480332,0.6351409829309338,0.7768638784803211,0.6351409829309193,0.644576781532285,436755,277401,159354,0.6351409829309338,11595,0,159354,277401,0.04281497001647949,0.03206777572631836,0.010747194290161133
Sauvola_Thresholding_Sklearn,Adaptive_Threshold_Sklearn,0.8663075722092115,0.9885896258953254,0.8728325949330861,0.9271117953132961,0.8641271208532149,0.9271117953132848,0.8641271208531952,0.8663075722092115,436755,385614,51141,0.8829068928804479,7195,4400,55541,381214,0.04281497001647949,0.038121700286865234,0.004693269729614258
Sauvola_Thresholding_Sklearn,Otsu_Thresholding_Sklearn,0.7143459350953496,0.9996147869998705,0.7070348364643794,0.8282455493344956,0.7068422474214533,0.8282455493344845,0.7068422474214371,0.7143459350953496,436755,308920,127835,0.7073073004315921,11476,119,127954,308801,0.04281497001647949,0.032670021057128906,0.010144948959350586
Sauvola_Thresholding_Sklearn,Niblack_Thresholding_Sklearn,0.30293297646927625,1.0,0.28442719602523153,0.4428856643730614,0.28442719602523153,0.44288566437305354,0.28442719602522504,0.30293297646927625,436755,124225,312530,0.28442719602523153,11595,0,312530,124225,0.04281497001647949,0.04197049140930176,0.0008444786071777344
Sauvola_Thresholding_Sklearn,Sauvola_Thresholding_Sklearn,1.0,1.0,1.0,1.0,1.0,0.9999999999999886,0.9999999999999771,1.0,436755,436755,0,1.0,11595,0,0,436755,0.04281497001647949,0.04281497001647949,0.0
Sauvola_Thresholding_Sklearn,Sobel_Sklearn,0.3404215456674473,0.9736879227767067,0.33187942897047545,0.4950292167985492,0.328929453198751,0.4950292167985408,0.3289294531987435,0.3404215456674473,436755,148867,287888,0.3408478437567973,7678,3917,291805,144950,0.04281497001647949,0.0073490142822265625,0.03546595573425293
Sauvola_Thresholding_Sklearn,Canny_Sklearn,0.19167168506746962,0.9861494395689193,0.17263683300706345,0.29383454075687726,0.172219252924758,0.29383454075687154,0.17221925292475407,0.19167168506746962,436755,76459,360296,0.17506153335393984,10536,1059,361355,75400,0.04281497001647949,0.01909041404724121,0.02372455596923828
Sauvola_Thresholding_Sklearn,Global_Threshold_Torch,0.025861492137838744,0.0,0.0,0.0,0.0,0.0,0.0,0.025861492137838744,436755,0,436755,0.0,11595,0,436755,0,0.04281497001647949,0.008050203323364258,0.034764766693115234
Sauvola_Thresholding_Sklearn,Adaptive_Threshold_Torch,0.025861492137838744,0.0,0.0,0.0,0.0,0.0,0.0,0.025861492137838744,436755,0,436755,0.0,11595,0,436755,0,0.04281497001647949,0.005615234375,0.03719973564147949
Sauvola_Thresholding_Sklearn,Otsu_Thresholding_Torch,0.025861492137838744,0.0,0.0,0.0,0.0,0.0,0.0,0.025861492137838744,436755,0,436755,0.0,11595,0,436755,0,0.04281497001647949,0.005509376525878906,0.037305593490600586
Sauvola_Thresholding_Sklearn,Niblack_Thresholding_Torch,0.025861492137838744,0.0,0.0,0.0,0.0,0.0,0.0,0.025861492137838744,436755,0,436755,0.0,11595,0,436755,0,0.04281497001647949,0.16124463081359863,0.11842966079711914
Sauvola_Thresholding_Sklearn,Sauvola_Thresholding_Torch,0.025861492137838744,0.0,0.0,0.0,0.0,0.0,0.0,0.025861492137838744,436755,0,436755,0.0,11595,0,436755,0,0.04281497001647949,0.1615297794342041,0.11871480941772461
Sauvola_Thresholding_Sklearn,Sobel_Torch,0.025861492137838744,0.0,0.0,0.0,0.0,0.0,0.0,0.025861492137838744,436755,0,436755,0.0,11595,0,436755,0,0.04281497001647949,0.0054399967193603516,0.03737497329711914
Sauvola_Thresholding_Sklearn,Canny_Torch,0.025861492137838744,0.0,0.0,0.0,0.0,0.0,0.0,0.025861492137838744,436755,0,436755,0.0,11595,0,436755,0,0.04281497001647949,0.006750583648681641,0.03606438636779785
Sobel_Sklearn,Global_Threshold_CV2,0.492501394000223,0.34682035904824954,0.5982521310968851,0.4390901673088348,0.281303992141429,0.43909016730882394,0.2813039921414201,0.492501394000223,148867,256790,107923,0.5797227306359282,131753,167730,59807,89060,0.0073490142822265625,0.0008442401885986328,0.00650477409362793
Sobel_Sklearn,Adaptive_Threshold_CV2,0.3776736924277908,0.2729670421680232,0.5255899561353423,0.35931996344482053,0.2190067261373274,0.35931996344481226,0.21900672613732128,0.3776736924277908,148867,286639,137772,0.5193536120346498,91087,208396,70624,78243,0.0073490142822265625,0.0013382434844970703,0.006010770797729492
Sobel_Sklearn,Otsu_Thresholding_CV2,0.5143682390989183,0.38320353309905975,0.7588854480845318,0.5092555653975058,0.3416115824932115,0.5092555653974944,0.34161158249320117,0.5143682390989183,148867,294812,145945,0.5049557005820658,117644,181839,35894,112973,0.0073490142822265625,0.0007064342498779297,0.006642580032348633
Sobel_Sklearn,Niblack_Thresholding_CV2,0.49494145199063233,0.34529108632875444,0.5815257914782994,0.4333017170400142,0.2765699827163728,0.43330171704000336,0.27656998271636396,0.49494145199063233,148867,250716,101849,0.5937674500231337,135337,164146,62297,86570,0.0073490142822265625,0.002405881881713867,0.004943132400512695
Sobel_Sklearn,Sauvola_Thresholding_CV2,0.324052637448422,0.302398478588491,0.7925530842967212,0.4377670300965993,0.280218788445918,0.4377670300965911,0.28021878844591136,0.324052637448422,148867,390164,241297,0.38154980982356135,27304,272179,30882,117985,0.0073490142822265625,0.002440929412841797,0.004908084869384766
Sobel_Sklearn,Sobel_CV2,0.991680606668897,0.9999311090750016,0.9750112516541611,0.9873139607651076,0.9749457605943161,0.9873139607650739,0.9749457605942505,0.991680606668897,148867,145157,3710,0.9750784257088542,299473,10,3720,145147,0.0073490142822265625,0.0036461353302001953,0.003702878952026367
Sobel_Sklearn,Canny_CV2,0.793781643805063,0.7480934160179443,0.571295182948538,0.6478488070934519,0.4791245317033323,0.6478488070934273,0.47912453170330527,0.793781643805063,148867,113685,35182,0.7636682407786817,270845,28638,63820,85047,0.0073490142822265625,0.0013217926025390625,0.0060272216796875
Sobel_Sklearn,Global_Threshold_Sklearn,0.5033522917363666,0.3669705588660459,0.6838184419649754,0.47762440530370565,0.3137362468024779,0.47762440530369443,0.3137362468024682,0.5033522917363666,148867,277401,128534,0.5366491108539623,123880,175603,47069,101798,0.0073490142822265625,0.03206777572631836,0.024718761444091797
Sobel_Sklearn,Adaptive_Threshold_Sklearn,0.32432920709267316,0.3002276888287251,0.7776874659931348,0.43321278024850274,0.2764975197571583,0.43321278024849463,0.2764975197571517,0.32432920709267316,148867,385614,236747,0.3860518549637721,29641,269842,33095,115772,0.0073490142822265625,0.038121700286865234,0.030772686004638672
Sobel_Sklearn,Otsu_Thresholding_Sklearn,0.529450206312033,0.39948206655444773,0.8289815741567976,0.5391503035254387,0.36906623920760573,0.5391503035254269,0.3690662392075947,0.529450206312033,148867,308920,160053,0.4818949889939143,113971,185512,25459,123408,0.0073490142822265625,0.032670021057128906,0.025321006774902344
Sobel_Sklearn,Niblack_Thresholding_Sklearn,0.6028236868517899,0.38244314751459046,0.31913721644152165,0.34793402955780467,0.21060540909554354,0.34793402955779196,0.2106054090955342,0.6028236868517899,148867,124225,24642,0.8344696944252252,222767,76716,101358,47509,0.0073490142822265625,0.04197049140930176,0.034621477127075195
Sobel_Sklearn,Sauvola_Thresholding_Sklearn,0.3404215456674473,0.33187942897047545,0.9736879227767067,0.4950292167985492,0.328929453198751,0.4950292167985408,0.3289294531987435,0.3404215456674473,148867,436755,287888,0.3408478437567973,7678,291805,3917,144950,0.0073490142822265625,0.04281497001647949,0.03546595573425293
Sobel_Sklearn,Sobel_Sklearn,1.0,1.0,1.0,1.0,1.0,0.9999999999999664,0.9999999999999327,1.0,148867,148867,0,1.0,299483,0,0,148867,0.0073490142822265625,0.0073490142822265625,0.0
Sobel_Sklearn,Canny_Sklearn,0.7843916583026653,0.8413528819367243,0.4321239764353416,0.5709860380071541,0.3995664515487866,0.5709860380071287,0.3995664515487618,0.7843916583026653,148867,76459,72408,0.5136061047780905,287353,12130,84538,64329,0.0073490142822265625,0.01909041404724121,0.011741399765014648
Sobel_Sklearn,Global_Threshold_Torch,0.6679669900747184,0.0,0.0,0.0,0.0,0.0,0.0,0.6679669900747184,148867,0,148867,0.0,299483,0,148867,0,0.0073490142822265625,0.008050203323364258,0.0007011890411376953
Sobel_Sklearn,Adaptive_Threshold_Torch,0.6679669900747184,0.0,0.0,0.0,0.0,0.0,0.0,0.6679669900747184,148867,0,148867,0.0,299483,0,148867,0,0.0073490142822265625,0.005615234375,0.0017337799072265625
Sobel_Sklearn,Otsu_Thresholding_Torch,0.6679669900747184,0.0,0.0,0.0,0.0,0.0,0.0,0.6679669900747184,148867,0,148867,0.0,299483,0,148867,0,0.0073490142822265625,0.005509376525878906,0.0018396377563476562
Sobel_Sklearn,Niblack_Thresholding_Torch,0.6679669900747184,0.0,0.0,0.0,0.0,0.0,0.0,0.6679669900747184,148867,0,148867,0.0,299483,0,148867,0,0.0073490142822265625,0.16124463081359863,0.15389561653137207
Sobel_Sklearn,Sauvola_Thresholding_Torch,0.6679669900747184,0.0,0.0,0.0,0.0,0.0,0.0,0.6679669900747184,148867,0,148867,0.0,299483,0,148867,0,0.0073490142822265625,0.1615297794342041,0.15418076515197754
Sobel_Sklearn,Sobel_Torch,0.6679669900747184,0.0,0.0,0.0,0.0,0.0,0.0,0.6679669900747184,148867,0,148867,0.0,299483,0,148867,0,0.0073490142822265625,0.0054399967193603516,0.001909017562866211
Sobel_Sklearn,Canny_Torch,0.6679669900747184,0.0,0.0,0.0,0.0,0.0,0.0,0.6679669900747184,148867,0,148867,0.0,299483,0,148867,0,0.0073490142822265625,0.006750583648681641,0.0005984306335449219
Canny_Sklearn,Global_Threshold_CV2,0.4720307795249247,0.18796292690525332,0.6312795092794832,0.2896752878478255,0.16936859170052845,0.2896752878478168,0.16936859170052251,0.4720307795249247,76459,256790,180331,0.2977491335332373,163368,208523,28192,48267,0.01909041404724121,0.0008442401885986328,0.018246173858642578
Canny_Sklearn,Adaptive_Threshold_CV2,0.3708977361436378,0.14136248033240417,0.5299572319805386,0.22319043343670303,0.1256130300268462,0.2231904334366969,0.12561303002684232,0.3708977361436378,76459,286639,210180,0.26674318567954813,125772,246119,35939,40520,0.01909041404724121,0.0013382434844970703,0.01775217056274414
Canny_Sklearn,Otsu_Thresholding_CV2,0.4433567525370804,0.20640272444812288,0.7958513713231928,0.32779290599050287,0.19602410919364346,0.32779290599049404,0.19602410919363714,0.4433567525370804,76459,294812,218353,0.2593483304614466,137929,233962,15609,60850,0.01909041404724121,0.0007064342498779297,0.01838397979736328
Canny_Sklearn,Niblack_Thresholding_CV2,0.4735608341697335,0.1817714066912363,0.5960449391176971,0.27858485519981663,0.1618347881051981,0.2785848551998081,0.16183478810519236,0.4735608341697335,76459,250716,174257,0.30496258715040125,166748,205143,30886,45573,0.01909041404724121,0.002405881881713867,0.016684532165527344
Canny_Sklearn,Sauvola_Thresholding_CV2,0.25085089773614366,0.16754749284916087,0.8549811009822258,0.280187646129745,0.16291756801212207,0.280187646129739,0.16291756801211799,0.25085089773614366,76459,390164,313705,0.19596631160230057,47098,324793,11088,65371,0.01909041404724121,0.002440929412841797,0.016649484634399414
Canny_Sklearn,Sobel_CV2,0.7897000111520018,0.43858718491013177,0.8326554100890673,0.5745433542704498,0.40305915721231766,0.5745433542704238,0.40305915721229213,0.7897000111520018,76459,145157,68698,0.5267331234456485,290398,81493,12795,63664,0.01909041404724121,0.0036461353302001953,0.015444278717041016
Canny_Sklearn,Canny_CV2,0.8168573658971785,0.47513744117517703,0.7064701343203547,0.568158869067654,0.39680300893276915,0.568158869067624,0.39680300893273995,0.8168573658971785,76459,113685,37226,0.6725513480230462,312222,59669,22443,54016,0.01909041404724121,0.0013217926025390625,0.01776862144470215
Canny_Sklearn,Global_Threshold_Sklearn,0.4545422103267536,0.19701443037335842,0.7147883179220236,0.3088905216752388,0.18265554396941258,0.30889052167523007,0.18265554396940648,0.4545422103267536,76459,277401,200942,0.2756262594583293,149142,222749,21807,54652,0.01909041404724121,0.03206777572631836,0.012977361679077148
Canny_Sklearn,Adaptive_Threshold_Sklearn,0.2390877662540426,0.15678631999875522,0.7907375194548713,0.2616859240855882,0.15054007081426443,0.26168592408558256,0.15054007081426068,0.2390877662540426,76459,385614,309155,0.1982785894702993,46736,325155,16000,60459,0.01909041404724121,0.038121700286865234,0.019031286239624023
Canny_Sklearn,Otsu_Thresholding_Sklearn,0.4293096910895506,0.2096173766670983,0.8469244954812383,0.33605878888055657,0.2019655421927242,0.3360587888805478,0.2019655421927179,0.4293096910895506,76459,308920,232461,0.24750420820924512,127726,244165,11704,64755,0.01909041404724121,0.032670021057128906,0.013579607009887695
Canny_Sklearn,Niblack_Thresholding_Sklearn,0.6544886807181889,0.18423827731938017,0.2993368995147726,0.2280899324310857,0.12872545656000944,0.2280899324310743,0.1287254565600022,0.6544886807181889,76459,124225,47766,0.6154880257597102,270553,101338,53572,22887,0.01909041404724121,0.04197049140930176,0.022880077362060547
Canny_Sklearn,Sauvola_Thresholding_Sklearn,0.19167168506746962,0.17263683300706345,0.9861494395689193,0.29383454075687726,0.172219252924758,0.29383454075687154,0.17221925292475407,0.19167168506746962,76459,436755,360296,0.17506153335393984,10536,361355,1059,75400,0.01909041404724121,0.04281497001647949,0.02372455596923828
Canny_Sklearn,Sobel_Sklearn,0.7843916583026653,0.4321239764353416,0.8413528819367243,0.5709860380071541,0.3995664515487866,0.5709860380071287,0.3995664515487618,0.7843916583026653,76459,148867,72408,0.5136061047780905,287353,84538,12130,64329,0.01909041404724121,0.0073490142822265625,0.011741399765014648
Canny_Sklearn,Canny_Sklearn,1.0,1.0,1.0,1.0,1.0,0.9999999999999345,0.9999999999998692,1.0,76459,76459,0,1.0,371891,0,0,76459,0.01909041404724121,0.01909041404724121,0.0
Canny_Sklearn,Global_Threshold_Torch,0.8294658191145311,0.0,0.0,0.0,0.0,0.0,0.0,0.8294658191145311,76459,0,76459,0.0,371891,0,76459,0,0.01909041404724121,0.008050203323364258,0.011040210723876953
Canny_Sklearn,Adaptive_Threshold_Torch,0.8294658191145311,0.0,0.0,0.0,0.0,0.0,0.0,0.8294658191145311,76459,0,76459,0.0,371891,0,76459,0,0.01909041404724121,0.005615234375,0.013475179672241211
Canny_Sklearn,Otsu_Thresholding_Torch,0.8294658191145311,0.0,0.0,0.0,0.0,0.0,0.0,0.8294658191145311,76459,0,76459,0.0,371891,0,76459,0,0.01909041404724121,0.005509376525878906,0.013581037521362305
Canny_Sklearn,Niblack_Thresholding_Torch,0.8294658191145311,0.0,0.0,0.0,0.0,0.0,0.0,0.8294658191145311,76459,0,76459,0.0,371891,0,76459,0,0.01909041404724121,0.16124463081359863,0.14215421676635742
Canny_Sklearn,Sauvola_Thresholding_Torch,0.8294658191145311,0.0,0.0,0.0,0.0,0.0,0.0,0.8294658191145311,76459,0,76459,0.0,371891,0,76459,0,0.01909041404724121,0.1615297794342041,0.1424393653869629
Canny_Sklearn,Sobel_Torch,0.8294658191145311,0.0,0.0,0.0,0.0,0.0,0.0,0.8294658191145311,76459,0,76459,0.0,371891,0,76459,0,0.01909041404724121,0.0054399967193603516,0.01365041732788086
Canny_Sklearn,Canny_Torch,0.8294658191145311,0.0,0.0,0.0,0.0,0.0,0.0,0.8294658191145311,76459,0,76459,0.0,371891,0,76459,0,0.01909041404724121,0.006750583648681641,0.01233983039855957
Global_Threshold_Torch,Global_Threshold_CV2,0.4272554923608788,0.0,0.0,0.0,0.0,0.0,0.0,0.4272554923608788,0,256790,256790,0.0,191560,256790,0,0,0.008050203323364258,0.0008442401885986328,0.007205963134765625
Global_Threshold_Torch,Adaptive_Threshold_CV2,0.3606802721088435,0.0,0.0,0.0,0.0,0.0,0.0,0.3606802721088435,0,286639,286639,0.0,161711,286639,0,0,0.008050203323364258,0.0013382434844970703,0.0067119598388671875
Global_Threshold_Torch,Otsu_Thresholding_CV2,0.3424512099921936,0.0,0.0,0.0,0.0,0.0,0.0,0.3424512099921936,0,294812,294812,0.0,153538,294812,0,0,0.008050203323364258,0.0007064342498779297,0.007343769073486328
Global_Threshold_Torch,Niblack_Thresholding_CV2,0.44080294412847104,0.0,0.0,0.0,0.0,0.0,0.0,0.44080294412847104,0,250716,250716,0.0,197634,250716,0,0,0.008050203323364258,0.002405881881713867,0.005644321441650391
Global_Threshold_Torch,Sauvola_Thresholding_CV2,0.12977807516449202,0.0,0.0,0.0,0.0,0.0,0.0,0.12977807516449202,0,390164,390164,0.0,58186,390164,0,0,0.008050203323364258,0.002440929412841797,0.005609273910522461
Global_Threshold_Torch,Sobel_CV2,0.676241775398684,0.0,0.0,0.0,0.0,0.0,0.0,0.676241775398684,0,145157,145157,0.0,303193,145157,0,0,0.008050203323364258,0.0036461353302001953,0.0044040679931640625
Global_Threshold_Torch,Canny_CV2,0.7464369354299096,0.0,0.0,0.0,0.0,0.0,0.0,0.7464369354299096,0,113685,113685,0.0,334665,113685,0,0,0.008050203323364258,0.0013217926025390625,0.006728410720825195
Global_Threshold_Torch,Global_Threshold_Sklearn,0.3812847106055537,0.0,0.0,0.0,0.0,0.0,0.0,0.3812847106055537,0,277401,277401,0.0,170949,277401,0,0,0.008050203323364258,0.03206777572631836,0.0240175724029541
Global_Threshold_Torch,Adaptive_Threshold_Sklearn,0.1399263967882235,0.0,0.0,0.0,0.0,0.0,0.0,0.1399263967882235,0,385614,385614,0.0,62736,385614,0,0,0.008050203323364258,0.038121700286865234,0.030071496963500977
Global_Threshold_Torch,Otsu_Thresholding_Sklearn,0.3109847217575555,0.0,0.0,0.0,0.0,0.0,0.0,0.3109847217575555,0,308920,308920,0.0,139430,308920,0,0,0.008050203323364258,0.032670021057128906,0.02461981773376465
Global_Threshold_Torch,Niblack_Thresholding_Sklearn,0.7229285156685625,0.0,0.0,0.0,0.0,0.0,0.0,0.7229285156685625,0,124225,124225,0.0,324125,124225,0,0,0.008050203323364258,0.04197049140930176,0.0339202880859375
Global_Threshold_Torch,Sauvola_Thresholding_Sklearn,0.025861492137838744,0.0,0.0,0.0,0.0,0.0,0.0,0.025861492137838744,0,436755,436755,0.0,11595,436755,0,0,0.008050203323364258,0.04281497001647949,0.034764766693115234
Global_Threshold_Torch,Sobel_Sklearn,0.6679669900747184,0.0,0.0,0.0,0.0,0.0,0.0,0.6679669900747184,0,148867,148867,0.0,299483,148867,0,0,0.008050203323364258,0.0073490142822265625,0.0007011890411376953
Global_Threshold_Torch,Canny_Sklearn,0.8294658191145311,0.0,0.0,0.0,0.0,0.0,0.0,0.8294658191145311,0,76459,76459,0.0,371891,76459,0,0,0.008050203323364258,0.01909041404724121,0.011040210723876953
Global_Threshold_Torch,Global_Threshold_Torch,1.0,0.0,0.0,0.0,0.0,0.0,0.0,1.0,0,0,0,0.0,448350,0,0,0,0.008050203323364258,0.008050203323364258,0.0
Global_Threshold_Torch,Adaptive_Threshold_Torch,1.0,0.0,0.0,0.0,0.0,0.0,0.0,1.0,0,0,0,0.0,448350,0,0,0,0.008050203323364258,0.005615234375,0.002434968948364258
Global_Threshold_Torch,Otsu_Thresholding_Torch,1.0,0.0,0.0,0.0,0.0,0.0,0.0,1.0,0,0,0,0.0,448350,0,0,0,0.008050203323364258,0.005509376525878906,0.0025408267974853516
Global_Threshold_Torch,Niblack_Thresholding_Torch,1.0,0.0,0.0,0.0,0.0,0.0,0.0,1.0,0,0,0,0.0,448350,0,0,0,0.008050203323364258,0.16124463081359863,0.15319442749023438
Global_Threshold_Torch,Sauvola_Thresholding_Torch,1.0,0.0,0.0,0.0,0.0,0.0,0.0,1.0,0,0,0,0.0,448350,0,0,0,0.008050203323364258,0.1615297794342041,0.15347957611083984
Global_Threshold_Torch,Sobel_Torch,1.0,0.0,0.0,0.0,0.0,0.0,0.0,1.0,0,0,0,0.0,448350,0,0,0,0.008050203323364258,0.0054399967193603516,0.0026102066040039062
Global_Threshold_Torch,Canny_Torch,1.0,0.0,0.0,0.0,0.0,0.0,0.0,1.0,0,0,0,0.0,448350,0,0,0,0.008050203323364258,0.006750583648681641,0.0012996196746826172
Adaptive_Threshold_Torch,Global_Threshold_CV2,0.4272554923608788,0.0,0.0,0.0,0.0,0.0,0.0,0.4272554923608788,0,256790,256790,0.0,191560,256790,0,0,0.005615234375,0.0008442401885986328,0.004770994186401367
Adaptive_Threshold_Torch,Adaptive_Threshold_CV2,0.3606802721088435,0.0,0.0,0.0,0.0,0.0,0.0,0.3606802721088435,0,286639,286639,0.0,161711,286639,0,0,0.005615234375,0.0013382434844970703,0.00427699089050293
Adaptive_Threshold_Torch,Otsu_Thresholding_CV2,0.3424512099921936,0.0,0.0,0.0,0.0,0.0,0.0,0.3424512099921936,0,294812,294812,0.0,153538,294812,0,0,0.005615234375,0.0007064342498779297,0.00490880012512207
Adaptive_Threshold_Torch,Niblack_Thresholding_CV2,0.44080294412847104,0.0,0.0,0.0,0.0,0.0,0.0,0.44080294412847104,0,250716,250716,0.0,197634,250716,0,0,0.005615234375,0.002405881881713867,0.003209352493286133
Adaptive_Threshold_Torch,Sauvola_Thresholding_CV2,0.12977807516449202,0.0,0.0,0.0,0.0,0.0,0.0,0.12977807516449202,0,390164,390164,0.0,58186,390164,0,0,0.005615234375,0.002440929412841797,0.003174304962158203
Adaptive_Threshold_Torch,Sobel_CV2,0.676241775398684,0.0,0.0,0.0,0.0,0.0,0.0,0.676241775398684,0,145157,145157,0.0,303193,145157,0,0,0.005615234375,0.0036461353302001953,0.0019690990447998047
Adaptive_Threshold_Torch,Canny_CV2,0.7464369354299096,0.0,0.0,0.0,0.0,0.0,0.0,0.7464369354299096,0,113685,113685,0.0,334665,113685,0,0,0.005615234375,0.0013217926025390625,0.0042934417724609375
Adaptive_Threshold_Torch,Global_Threshold_Sklearn,0.3812847106055537,0.0,0.0,0.0,0.0,0.0,0.0,0.3812847106055537,0,277401,277401,0.0,170949,277401,0,0,0.005615234375,0.03206777572631836,0.02645254135131836
Adaptive_Threshold_Torch,Adaptive_Threshold_Sklearn,0.1399263967882235,0.0,0.0,0.0,0.0,0.0,0.0,0.1399263967882235,0,385614,385614,0.0,62736,385614,0,0,0.005615234375,0.038121700286865234,0.032506465911865234
Adaptive_Threshold_Torch,Otsu_Thresholding_Sklearn,0.3109847217575555,0.0,0.0,0.0,0.0,0.0,0.0,0.3109847217575555,0,308920,308920,0.0,139430,308920,0,0,0.005615234375,0.032670021057128906,0.027054786682128906
Adaptive_Threshold_Torch,Niblack_Thresholding_Sklearn,0.7229285156685625,0.0,0.0,0.0,0.0,0.0,0.0,0.7229285156685625,0,124225,124225,0.0,324125,124225,0,0,0.005615234375,0.04197049140930176,0.03635525703430176
Adaptive_Threshold_Torch,Sauvola_Thresholding_Sklearn,0.025861492137838744,0.0,0.0,0.0,0.0,0.0,0.0,0.025861492137838744,0,436755,436755,0.0,11595,436755,0,0,0.005615234375,0.04281497001647949,0.03719973564147949
Adaptive_Threshold_Torch,Sobel_Sklearn,0.6679669900747184,0.0,0.0,0.0,0.0,0.0,0.0,0.6679669900747184,0,148867,148867,0.0,299483,148867,0,0,0.005615234375,0.0073490142822265625,0.0017337799072265625
Adaptive_Threshold_Torch,Canny_Sklearn,0.8294658191145311,0.0,0.0,0.0,0.0,0.0,0.0,0.8294658191145311,0,76459,76459,0.0,371891,76459,0,0,0.005615234375,0.01909041404724121,0.013475179672241211
Adaptive_Threshold_Torch,Global_Threshold_Torch,1.0,0.0,0.0,0.0,0.0,0.0,0.0,1.0,0,0,0,0.0,448350,0,0,0,0.005615234375,0.008050203323364258,0.002434968948364258
Adaptive_Threshold_Torch,Adaptive_Threshold_Torch,1.0,0.0,0.0,0.0,0.0,0.0,0.0,1.0,0,0,0,0.0,448350,0,0,0,0.005615234375,0.005615234375,0.0
Adaptive_Threshold_Torch,Otsu_Thresholding_Torch,1.0,0.0,0.0,0.0,0.0,0.0,0.0,1.0,0,0,0,0.0,448350,0,0,0,0.005615234375,0.005509376525878906,0.00010585784912109375
Adaptive_Threshold_Torch,Niblack_Thresholding_Torch,1.0,0.0,0.0,0.0,0.0,0.0,0.0,1.0,0,0,0,0.0,448350,0,0,0,0.005615234375,0.16124463081359863,0.15562939643859863
Adaptive_Threshold_Torch,Sauvola_Thresholding_Torch,1.0,0.0,0.0,0.0,0.0,0.0,0.0,1.0,0,0,0,0.0,448350,0,0,0,0.005615234375,0.1615297794342041,0.1559145450592041
Adaptive_Threshold_Torch,Sobel_Torch,1.0,0.0,0.0,0.0,0.0,0.0,0.0,1.0,0,0,0,0.0,448350,0,0,0,0.005615234375,0.0054399967193603516,0.00017523765563964844
Adaptive_Threshold_Torch,Canny_Torch,1.0,0.0,0.0,0.0,0.0,0.0,0.0,1.0,0,0,0,0.0,448350,0,0,0,0.005615234375,0.006750583648681641,0.0011353492736816406
Otsu_Thresholding_Torch,Global_Threshold_CV2,0.4272554923608788,0.0,0.0,0.0,0.0,0.0,0.0,0.4272554923608788,0,256790,256790,0.0,191560,256790,0,0,0.005509376525878906,0.0008442401885986328,0.0046651363372802734
Otsu_Thresholding_Torch,Adaptive_Threshold_CV2,0.3606802721088435,0.0,0.0,0.0,0.0,0.0,0.0,0.3606802721088435,0,286639,286639,0.0,161711,286639,0,0,0.005509376525878906,0.0013382434844970703,0.004171133041381836
Otsu_Thresholding_Torch,Otsu_Thresholding_CV2,0.3424512099921936,0.0,0.0,0.0,0.0,0.0,0.0,0.3424512099921936,0,294812,294812,0.0,153538,294812,0,0,0.005509376525878906,0.0007064342498779297,0.0048029422760009766
Otsu_Thresholding_Torch,Niblack_Thresholding_CV2,0.44080294412847104,0.0,0.0,0.0,0.0,0.0,0.0,0.44080294412847104,0,250716,250716,0.0,197634,250716,0,0,0.005509376525878906,0.002405881881713867,0.003103494644165039
Otsu_Thresholding_Torch,Sauvola_Thresholding_CV2,0.12977807516449202,0.0,0.0,0.0,0.0,0.0,0.0,0.12977807516449202,0,390164,390164,0.0,58186,390164,0,0,0.005509376525878906,0.002440929412841797,0.0030684471130371094
Otsu_Thresholding_Torch,Sobel_CV2,0.676241775398684,0.0,0.0,0.0,0.0,0.0,0.0,0.676241775398684,0,145157,145157,0.0,303193,145157,0,0,0.005509376525878906,0.0036461353302001953,0.001863241195678711
Otsu_Thresholding_Torch,Canny_CV2,0.7464369354299096,0.0,0.0,0.0,0.0,0.0,0.0,0.7464369354299096,0,113685,113685,0.0,334665,113685,0,0,0.005509376525878906,0.0013217926025390625,0.004187583923339844
Otsu_Thresholding_Torch,Global_Threshold_Sklearn,0.3812847106055537,0.0,0.0,0.0,0.0,0.0,0.0,0.3812847106055537,0,277401,277401,0.0,170949,277401,0,0,0.005509376525878906,0.03206777572631836,0.026558399200439453
Otsu_Thresholding_Torch,Adaptive_Threshold_Sklearn,0.1399263967882235,0.0,0.0,0.0,0.0,0.0,0.0,0.1399263967882235,0,385614,385614,0.0,62736,385614,0,0,0.005509376525878906,0.038121700286865234,0.03261232376098633
Otsu_Thresholding_Torch,Otsu_Thresholding_Sklearn,0.3109847217575555,0.0,0.0,0.0,0.0,0.0,0.0,0.3109847217575555,0,308920,308920,0.0,139430,308920,0,0,0.005509376525878906,0.032670021057128906,0.02716064453125
Otsu_Thresholding_Torch,Niblack_Thresholding_Sklearn,0.7229285156685625,0.0,0.0,0.0,0.0,0.0,0.0,0.7229285156685625,0,124225,124225,0.0,324125,124225,0,0,0.005509376525878906,0.04197049140930176,0.03646111488342285
Otsu_Thresholding_Torch,Sauvola_Thresholding_Sklearn,0.025861492137838744,0.0,0.0,0.0,0.0,0.0,0.0,0.025861492137838744,0,436755,436755,0.0,11595,436755,0,0,0.005509376525878906,0.04281497001647949,0.037305593490600586
Otsu_Thresholding_Torch,Sobel_Sklearn,0.6679669900747184,0.0,0.0,0.0,0.0,0.0,0.0,0.6679669900747184,0,148867,148867,0.0,299483,148867,0,0,0.005509376525878906,0.0073490142822265625,0.0018396377563476562
Otsu_Thresholding_Torch,Canny_Sklearn,0.8294658191145311,0.0,0.0,0.0,0.0,0.0,0.0,0.8294658191145311,0,76459,76459,0.0,371891,76459,0,0,0.005509376525878906,0.01909041404724121,0.013581037521362305
Otsu_Thresholding_Torch,Global_Threshold_Torch,1.0,0.0,0.0,0.0,0.0,0.0,0.0,1.0,0,0,0,0.0,448350,0,0,0,0.005509376525878906,0.008050203323364258,0.0025408267974853516
Otsu_Thresholding_Torch,Adaptive_Threshold_Torch,1.0,0.0,0.0,0.0,0.0,0.0,0.0,1.0,0,0,0,0.0,448350,0,0,0,0.005509376525878906,0.005615234375,0.00010585784912109375
Otsu_Thresholding_Torch,Otsu_Thresholding_Torch,1.0,0.0,0.0,0.0,0.0,0.0,0.0,1.0,0,0,0,0.0,448350,0,0,0,0.005509376525878906,0.005509376525878906,0.0
Otsu_Thresholding_Torch,Niblack_Thresholding_Torch,1.0,0.0,0.0,0.0,0.0,0.0,0.0,1.0,0,0,0,0.0,448350,0,0,0,0.005509376525878906,0.16124463081359863,0.15573525428771973
Otsu_Thresholding_Torch,Sauvola_Thresholding_Torch,1.0,0.0,0.0,0.0,0.0,0.0,0.0,1.0,0,0,0,0.0,448350,0,0,0,0.005509376525878906,0.1615297794342041,0.1560204029083252
Otsu_Thresholding_Torch,Sobel_Torch,1.0,0.0,0.0,0.0,0.0,0.0,0.0,1.0,0,0,0,0.0,448350,0,0,0,0.005509376525878906,0.0054399967193603516,6.937980651855469e-05
Otsu_Thresholding_Torch,Canny_Torch,1.0,0.0,0.0,0.0,0.0,0.0,0.0,1.0,0,0,0,0.0,448350,0,0,0,0.005509376525878906,0.006750583648681641,0.0012412071228027344
Niblack_Thresholding_Torch,Global_Threshold_CV2,0.4272554923608788,0.0,0.0,0.0,0.0,0.0,0.0,0.4272554923608788,0,256790,256790,0.0,191560,256790,0,0,0.16124463081359863,0.0008442401885986328,0.160400390625
Niblack_Thresholding_Torch,Adaptive_Threshold_CV2,0.3606802721088435,0.0,0.0,0.0,0.0,0.0,0.0,0.3606802721088435,0,286639,286639,0.0,161711,286639,0,0,0.16124463081359863,0.0013382434844970703,0.15990638732910156
Niblack_Thresholding_Torch,Otsu_Thresholding_CV2,0.3424512099921936,0.0,0.0,0.0,0.0,0.0,0.0,0.3424512099921936,0,294812,294812,0.0,153538,294812,0,0,0.16124463081359863,0.0007064342498779297,0.1605381965637207
Niblack_Thresholding_Torch,Niblack_Thresholding_CV2,0.44080294412847104,0.0,0.0,0.0,0.0,0.0,0.0,0.44080294412847104,0,250716,250716,0.0,197634,250716,0,0,0.16124463081359863,0.002405881881713867,0.15883874893188477
Niblack_Thresholding_Torch,Sauvola_Thresholding_CV2,0.12977807516449202,0.0,0.0,0.0,0.0,0.0,0.0,0.12977807516449202,0,390164,390164,0.0,58186,390164,0,0,0.16124463081359863,0.002440929412841797,0.15880370140075684
Niblack_Thresholding_Torch,Sobel_CV2,0.676241775398684,0.0,0.0,0.0,0.0,0.0,0.0,0.676241775398684,0,145157,145157,0.0,303193,145157,0,0,0.16124463081359863,0.0036461353302001953,0.15759849548339844
Niblack_Thresholding_Torch,Canny_CV2,0.7464369354299096,0.0,0.0,0.0,0.0,0.0,0.0,0.7464369354299096,0,113685,113685,0.0,334665,113685,0,0,0.16124463081359863,0.0013217926025390625,0.15992283821105957
Niblack_Thresholding_Torch,Global_Threshold_Sklearn,0.3812847106055537,0.0,0.0,0.0,0.0,0.0,0.0,0.3812847106055537,0,277401,277401,0.0,170949,277401,0,0,0.16124463081359863,0.03206777572631836,0.12917685508728027
Niblack_Thresholding_Torch,Adaptive_Threshold_Sklearn,0.1399263967882235,0.0,0.0,0.0,0.0,0.0,0.0,0.1399263967882235,0,385614,385614,0.0,62736,385614,0,0,0.16124463081359863,0.038121700286865234,0.1231229305267334
Niblack_Thresholding_Torch,Otsu_Thresholding_Sklearn,0.3109847217575555,0.0,0.0,0.0,0.0,0.0,0.0,0.3109847217575555,0,308920,308920,0.0,139430,308920,0,0,0.16124463081359863,0.032670021057128906,0.12857460975646973
Niblack_Thresholding_Torch,Niblack_Thresholding_Sklearn,0.7229285156685625,0.0,0.0,0.0,0.0,0.0,0.0,0.7229285156685625,0,124225,124225,0.0,324125,124225,0,0,0.16124463081359863,0.04197049140930176,0.11927413940429688
Niblack_Thresholding_Torch,Sauvola_Thresholding_Sklearn,0.025861492137838744,0.0,0.0,0.0,0.0,0.0,0.0,0.025861492137838744,0,436755,436755,0.0,11595,436755,0,0,0.16124463081359863,0.04281497001647949,0.11842966079711914
Niblack_Thresholding_Torch,Sobel_Sklearn,0.6679669900747184,0.0,0.0,0.0,0.0,0.0,0.0,0.6679669900747184,0,148867,148867,0.0,299483,148867,0,0,0.16124463081359863,0.0073490142822265625,0.15389561653137207
Niblack_Thresholding_Torch,Canny_Sklearn,0.8294658191145311,0.0,0.0,0.0,0.0,0.0,0.0,0.8294658191145311,0,76459,76459,0.0,371891,76459,0,0,0.16124463081359863,0.01909041404724121,0.14215421676635742
Niblack_Thresholding_Torch,Global_Threshold_Torch,1.0,0.0,0.0,0.0,0.0,0.0,0.0,1.0,0,0,0,0.0,448350,0,0,0,0.16124463081359863,0.008050203323364258,0.15319442749023438
Niblack_Thresholding_Torch,Adaptive_Threshold_Torch,1.0,0.0,0.0,0.0,0.0,0.0,0.0,1.0,0,0,0,0.0,448350,0,0,0,0.16124463081359863,0.005615234375,0.15562939643859863
Niblack_Thresholding_Torch,Otsu_Thresholding_Torch,1.0,0.0,0.0,0.0,0.0,0.0,0.0,1.0,0,0,0,0.0,448350,0,0,0,0.16124463081359863,0.005509376525878906,0.15573525428771973
Niblack_Thresholding_Torch,Niblack_Thresholding_Torch,1.0,0.0,0.0,0.0,0.0,0.0,0.0,1.0,0,0,0,0.0,448350,0,0,0,0.16124463081359863,0.16124463081359863,0.0
Niblack_Thresholding_Torch,Sauvola_Thresholding_Torch,1.0,0.0,0.0,0.0,0.0,0.0,0.0,1.0,0,0,0,0.0,448350,0,0,0,0.16124463081359863,0.1615297794342041,0.00028514862060546875
Niblack_Thresholding_Torch,Sobel_Torch,1.0,0.0,0.0,0.0,0.0,0.0,0.0,1.0,0,0,0,0.0,448350,0,0,0,0.16124463081359863,0.0054399967193603516,0.15580463409423828
Niblack_Thresholding_Torch,Canny_Torch,1.0,0.0,0.0,0.0,0.0,0.0,0.0,1.0,0,0,0,0.0,448350,0,0,0,0.16124463081359863,0.006750583648681641,0.154494047164917
Sauvola_Thresholding_Torch,Global_Threshold_CV2,0.4272554923608788,0.0,0.0,0.0,0.0,0.0,0.0,0.4272554923608788,0,256790,256790,0.0,191560,256790,0,0,0.1615297794342041,0.0008442401885986328,0.16068553924560547
Sauvola_Thresholding_Torch,Adaptive_Threshold_CV2,0.3606802721088435,0.0,0.0,0.0,0.0,0.0,0.0,0.3606802721088435,0,286639,286639,0.0,161711,286639,0,0,0.1615297794342041,0.0013382434844970703,0.16019153594970703
Sauvola_Thresholding_Torch,Otsu_Thresholding_CV2,0.3424512099921936,0.0,0.0,0.0,0.0,0.0,0.0,0.3424512099921936,0,294812,294812,0.0,153538,294812,0,0,0.1615297794342041,0.0007064342498779297,0.16082334518432617
Sauvola_Thresholding_Torch,Niblack_Thresholding_CV2,0.44080294412847104,0.0,0.0,0.0,0.0,0.0,0.0,0.44080294412847104,0,250716,250716,0.0,197634,250716,0,0,0.1615297794342041,0.002405881881713867,0.15912389755249023
Sauvola_Thresholding_Torch,Sauvola_Thresholding_CV2,0.12977807516449202,0.0,0.0,0.0,0.0,0.0,0.0,0.12977807516449202,0,390164,390164,0.0,58186,390164,0,0,0.1615297794342041,0.002440929412841797,0.1590888500213623
Sauvola_Thresholding_Torch,Sobel_CV2,0.676241775398684,0.0,0.0,0.0,0.0,0.0,0.0,0.676241775398684,0,145157,145157,0.0,303193,145157,0,0,0.1615297794342041,0.0036461353302001953,0.1578836441040039
Sauvola_Thresholding_Torch,Canny_CV2,0.7464369354299096,0.0,0.0,0.0,0.0,0.0,0.0,0.7464369354299096,0,113685,113685,0.0,334665,113685,0,0,0.1615297794342041,0.0013217926025390625,0.16020798683166504
Sauvola_Thresholding_Torch,Global_Threshold_Sklearn,0.3812847106055537,0.0,0.0,0.0,0.0,0.0,0.0,0.3812847106055537,0,277401,277401,0.0,170949,277401,0,0,0.1615297794342041,0.03206777572631836,0.12946200370788574
Sauvola_Thresholding_Torch,Adaptive_Threshold_Sklearn,0.1399263967882235,0.0,0.0,0.0,0.0,0.0,0.0,0.1399263967882235,0,385614,385614,0.0,62736,385614,0,0,0.1615297794342041,0.038121700286865234,0.12340807914733887
Sauvola_Thresholding_Torch,Otsu_Thresholding_Sklearn,0.3109847217575555,0.0,0.0,0.0,0.0,0.0,0.0,0.3109847217575555,0,308920,308920,0.0,139430,308920,0,0,0.1615297794342041,0.032670021057128906,0.1288597583770752
Sauvola_Thresholding_Torch,Niblack_Thresholding_Sklearn,0.7229285156685625,0.0,0.0,0.0,0.0,0.0,0.0,0.7229285156685625,0,124225,124225,0.0,324125,124225,0,0,0.1615297794342041,0.04197049140930176,0.11955928802490234
Sauvola_Thresholding_Torch,Sauvola_Thresholding_Sklearn,0.025861492137838744,0.0,0.0,0.0,0.0,0.0,0.0,0.025861492137838744,0,436755,436755,0.0,11595,436755,0,0,0.1615297794342041,0.04281497001647949,0.11871480941772461
Sauvola_Thresholding_Torch,Sobel_Sklearn,0.6679669900747184,0.0,0.0,0.0,0.0,0.0,0.0,0.6679669900747184,0,148867,148867,0.0,299483,148867,0,0,0.1615297794342041,0.0073490142822265625,0.15418076515197754
Sauvola_Thresholding_Torch,Canny_Sklearn,0.8294658191145311,0.0,0.0,0.0,0.0,0.0,0.0,0.8294658191145311,0,76459,76459,0.0,371891,76459,0,0,0.1615297794342041,0.01909041404724121,0.1424393653869629
Sauvola_Thresholding_Torch,Global_Threshold_Torch,1.0,0.0,0.0,0.0,0.0,0.0,0.0,1.0,0,0,0,0.0,448350,0,0,0,0.1615297794342041,0.008050203323364258,0.15347957611083984
Sauvola_Thresholding_Torch,Adaptive_Threshold_Torch,1.0,0.0,0.0,0.0,0.0,0.0,0.0,1.0,0,0,0,0.0,448350,0,0,0,0.1615297794342041,0.005615234375,0.1559145450592041
Sauvola_Thresholding_Torch,Otsu_Thresholding_Torch,1.0,0.0,0.0,0.0,0.0,0.0,0.0,1.0,0,0,0,0.0,448350,0,0,0,0.1615297794342041,0.005509376525878906,0.1560204029083252
Sauvola_Thresholding_Torch,Niblack_Thresholding_Torch,1.0,0.0,0.0,0.0,0.0,0.0,0.0,1.0,0,0,0,0.0,448350,0,0,0,0.1615297794342041,0.16124463081359863,0.00028514862060546875
Sauvola_Thresholding_Torch,Sauvola_Thresholding_Torch,1.0,0.0,0.0,0.0,0.0,0.0,0.0,1.0,0,0,0,0.0,448350,0,0,0,0.1615297794342041,0.1615297794342041,0.0
Sauvola_Thresholding_Torch,Sobel_Torch,1.0,0.0,0.0,0.0,0.0,0.0,0.0,1.0,0,0,0,0.0,448350,0,0,0,0.1615297794342041,0.0054399967193603516,0.15608978271484375
Sauvola_Thresholding_Torch,Canny_Torch,1.0,0.0,0.0,0.0,0.0,0.0,0.0,1.0,0,0,0,0.0,448350,0,0,0,0.1615297794342041,0.006750583648681641,0.15477919578552246
Sobel_Torch,Global_Threshold_CV2,0.4272554923608788,0.0,0.0,0.0,0.0,0.0,0.0,0.4272554923608788,0,256790,256790,0.0,191560,256790,0,0,0.0054399967193603516,0.0008442401885986328,0.004595756530761719
Sobel_Torch,Adaptive_Threshold_CV2,0.3606802721088435,0.0,0.0,0.0,0.0,0.0,0.0,0.3606802721088435,0,286639,286639,0.0,161711,286639,0,0,0.0054399967193603516,0.0013382434844970703,0.004101753234863281
Sobel_Torch,Otsu_Thresholding_CV2,0.3424512099921936,0.0,0.0,0.0,0.0,0.0,0.0,0.3424512099921936,0,294812,294812,0.0,153538,294812,0,0,0.0054399967193603516,0.0007064342498779297,0.004733562469482422
Sobel_Torch,Niblack_Thresholding_CV2,0.44080294412847104,0.0,0.0,0.0,0.0,0.0,0.0,0.44080294412847104,0,250716,250716,0.0,197634,250716,0,0,0.0054399967193603516,0.002405881881713867,0.0030341148376464844
Sobel_Torch,Sauvola_Thresholding_CV2,0.12977807516449202,0.0,0.0,0.0,0.0,0.0,0.0,0.12977807516449202,0,390164,390164,0.0,58186,390164,0,0,0.0054399967193603516,0.002440929412841797,0.0029990673065185547
Sobel_Torch,Sobel_CV2,0.676241775398684,0.0,0.0,0.0,0.0,0.0,0.0,0.676241775398684,0,145157,145157,0.0,303193,145157,0,0,0.0054399967193603516,0.0036461353302001953,0.0017938613891601562
Sobel_Torch,Canny_CV2,0.7464369354299096,0.0,0.0,0.0,0.0,0.0,0.0,0.7464369354299096,0,113685,113685,0.0,334665,113685,0,0,0.0054399967193603516,0.0013217926025390625,0.004118204116821289
Sobel_Torch,Global_Threshold_Sklearn,0.3812847106055537,0.0,0.0,0.0,0.0,0.0,0.0,0.3812847106055537,0,277401,277401,0.0,170949,277401,0,0,0.0054399967193603516,0.03206777572631836,0.026627779006958008
Sobel_Torch,Adaptive_Threshold_Sklearn,0.1399263967882235,0.0,0.0,0.0,0.0,0.0,0.0,0.1399263967882235,0,385614,385614,0.0,62736,385614,0,0,0.0054399967193603516,0.038121700286865234,0.03268170356750488
Sobel_Torch,Otsu_Thresholding_Sklearn,0.3109847217575555,0.0,0.0,0.0,0.0,0.0,0.0,0.3109847217575555,0,308920,308920,0.0,139430,308920,0,0,0.0054399967193603516,0.032670021057128906,0.027230024337768555
Sobel_Torch,Niblack_Thresholding_Sklearn,0.7229285156685625,0.0,0.0,0.0,0.0,0.0,0.0,0.7229285156685625,0,124225,124225,0.0,324125,124225,0,0,0.0054399967193603516,0.04197049140930176,0.036530494689941406
Sobel_Torch,Sauvola_Thresholding_Sklearn,0.025861492137838744,0.0,0.0,0.0,0.0,0.0,0.0,0.025861492137838744,0,436755,436755,0.0,11595,436755,0,0,0.0054399967193603516,0.04281497001647949,0.03737497329711914
Sobel_Torch,Sobel_Sklearn,0.6679669900747184,0.0,0.0,0.0,0.0,0.0,0.0,0.6679669900747184,0,148867,148867,0.0,299483,148867,0,0,0.0054399967193603516,0.0073490142822265625,0.001909017562866211
Sobel_Torch,Canny_Sklearn,0.8294658191145311,0.0,0.0,0.0,0.0,0.0,0.0,0.8294658191145311,0,76459,76459,0.0,371891,76459,0,0,0.0054399967193603516,0.01909041404724121,0.01365041732788086
Sobel_Torch,Global_Threshold_Torch,1.0,0.0,0.0,0.0,0.0,0.0,0.0,1.0,0,0,0,0.0,448350,0,0,0,0.0054399967193603516,0.008050203323364258,0.0026102066040039062
Sobel_Torch,Adaptive_Threshold_Torch,1.0,0.0,0.0,0.0,0.0,0.0,0.0,1.0,0,0,0,0.0,448350,0,0,0,0.0054399967193603516,0.005615234375,0.00017523765563964844
Sobel_Torch,Otsu_Thresholding_Torch,1.0,0.0,0.0,0.0,0.0,0.0,0.0,1.0,0,0,0,0.0,448350,0,0,0,0.0054399967193603516,0.005509376525878906,6.937980651855469e-05
Sobel_Torch,Niblack_Thresholding_Torch,1.0,0.0,0.0,0.0,0.0,0.0,0.0,1.0,0,0,0,0.0,448350,0,0,0,0.0054399967193603516,0.16124463081359863,0.15580463409423828
Sobel_Torch,Sauvola_Thresholding_Torch,1.0,0.0,0.0,0.0,0.0,0.0,0.0,1.0,0,0,0,0.0,448350,0,0,0,0.0054399967193603516,0.1615297794342041,0.15608978271484375
Sobel_Torch,Sobel_Torch,1.0,0.0,0.0,0.0,0.0,0.0,0.0,1.0,0,0,0,0.0,448350,0,0,0,0.0054399967193603516,0.0054399967193603516,0.0
Sobel_Torch,Canny_Torch,1.0,0.0,0.0,0.0,0.0,0.0,0.0,1.0,0,0,0,0.0,448350,0,0,0,0.0054399967193603516,0.006750583648681641,0.001310586929321289
Canny_Torch,Global_Threshold_CV2,0.4272554923608788,0.0,0.0,0.0,0.0,0.0,0.0,0.4272554923608788,0,256790,256790,0.0,191560,256790,0,0,0.006750583648681641,0.0008442401885986328,0.005906343460083008
Canny_Torch,Adaptive_Threshold_CV2,0.3606802721088435,0.0,0.0,0.0,0.0,0.0,0.0,0.3606802721088435,0,286639,286639,0.0,161711,286639,0,0,0.006750583648681641,0.0013382434844970703,0.00541234016418457
Canny_Torch,Otsu_Thresholding_CV2,0.3424512099921936,0.0,0.0,0.0,0.0,0.0,0.0,0.3424512099921936,0,294812,294812,0.0,153538,294812,0,0,0.006750583648681641,0.0007064342498779297,0.006044149398803711
Canny_Torch,Niblack_Thresholding_CV2,0.44080294412847104,0.0,0.0,0.0,0.0,0.0,0.0,0.44080294412847104,0,250716,250716,0.0,197634,250716,0,0,0.006750583648681641,0.002405881881713867,0.0043447017669677734
Canny_Torch,Sauvola_Thresholding_CV2,0.12977807516449202,0.0,0.0,0.0,0.0,0.0,0.0,0.12977807516449202,0,390164,390164,0.0,58186,390164,0,0,0.006750583648681641,0.002440929412841797,0.004309654235839844
Canny_Torch,Sobel_CV2,0.676241775398684,0.0,0.0,0.0,0.0,0.0,0.0,0.676241775398684,0,145157,145157,0.0,303193,145157,0,0,0.006750583648681641,0.0036461353302001953,0.0031044483184814453
Canny_Torch,Canny_CV2,0.7464369354299096,0.0,0.0,0.0,0.0,0.0,0.0,0.7464369354299096,0,113685,113685,0.0,334665,113685,0,0,0.006750583648681641,0.0013217926025390625,0.005428791046142578
Canny_Torch,Global_Threshold_Sklearn,0.3812847106055537,0.0,0.0,0.0,0.0,0.0,0.0,0.3812847106055537,0,277401,277401,0.0,170949,277401,0,0,0.006750583648681641,0.03206777572631836,0.02531719207763672
Canny_Torch,Adaptive_Threshold_Sklearn,0.1399263967882235,0.0,0.0,0.0,0.0,0.0,0.0,0.1399263967882235,0,385614,385614,0.0,62736,385614,0,0,0.006750583648681641,0.038121700286865234,0.031371116638183594
Canny_Torch,Otsu_Thresholding_Sklearn,0.3109847217575555,0.0,0.0,0.0,0.0,0.0,0.0,0.3109847217575555,0,308920,308920,0.0,139430,308920,0,0,0.006750583648681641,0.032670021057128906,0.025919437408447266
Canny_Torch,Niblack_Thresholding_Sklearn,0.7229285156685625,0.0,0.0,0.0,0.0,0.0,0.0,0.7229285156685625,0,124225,124225,0.0,324125,124225,0,0,0.006750583648681641,0.04197049140930176,0.03521990776062012
Canny_Torch,Sauvola_Thresholding_Sklearn,0.025861492137838744,0.0,0.0,0.0,0.0,0.0,0.0,0.025861492137838744,0,436755,436755,0.0,11595,436755,0,0,0.006750583648681641,0.04281497001647949,0.03606438636779785
Canny_Torch,Sobel_Sklearn,0.6679669900747184,0.0,0.0,0.0,0.0,0.0,0.0,0.6679669900747184,0,148867,148867,0.0,299483,148867,0,0,0.006750583648681641,0.0073490142822265625,0.0005984306335449219
Canny_Torch,Canny_Sklearn,0.8294658191145311,0.0,0.0,0.0,0.0,0.0,0.0,0.8294658191145311,0,76459,76459,0.0,371891,76459,0,0,0.006750583648681641,0.01909041404724121,0.01233983039855957
Canny_Torch,Global_Threshold_Torch,1.0,0.0,0.0,0.0,0.0,0.0,0.0,1.0,0,0,0,0.0,448350,0,0,0,0.006750583648681641,0.008050203323364258,0.0012996196746826172
Canny_Torch,Adaptive_Threshold_Torch,1.0,0.0,0.0,0.0,0.0,0.0,0.0,1.0,0,0,0,0.0,448350,0,0,0,0.006750583648681641,0.005615234375,0.0011353492736816406
Canny_Torch,Otsu_Thresholding_Torch,1.0,0.0,0.0,0.0,0.0,0.0,0.0,1.0,0,0,0,0.0,448350,0,0,0,0.006750583648681641,0.005509376525878906,0.0012412071228027344
Canny_Torch,Niblack_Thresholding_Torch,1.0,0.0,0.0,0.0,0.0,0.0,0.0,1.0,0,0,0,0.0,448350,0,0,0,0.006750583648681641,0.16124463081359863,0.154494047164917
Canny_Torch,Sauvola_Thresholding_Torch,1.0,0.0,0.0,0.0,0.0,0.0,0.0,1.0,0,0,0,0.0,448350,0,0,0,0.006750583648681641,0.1615297794342041,0.15477919578552246
Canny_Torch,Sobel_Torch,1.0,0.0,0.0,0.0,0.0,0.0,0.0,1.0,0,0,0,0.0,448350,0,0,0,0.006750583648681641,0.0054399967193603516,0.001310586929321289
Canny_Torch,Canny_Torch,1.0,0.0,0.0,0.0,0.0,0.0,0.0,1.0,0,0,0,0.0,448350,0,0,0,0.006750583648681641,0.006750583648681641,0.0
