method1,method2,accuracy,precision,recall,f1_score,jaccard,dice_coefficient,intersection_over_union,pixel_agreement,area1,area2,area_difference,area_ratio,true_negative,false_positive,false_negative,true_positive,time1,time2,time_diff
Global_Threshold_CV2,Global_Threshold_CV2,1.0,1.0,1.0,1.0,1.0,0.999999999999991,0.999999999999982,1.0,555926,555926,0,1.0,256618,0,0,555926,0.0005667209625244141,0.0005667209625244141,0.0
Global_Threshold_CV2,Adaptive_Threshold_CV2,0.7764773353812224,0.8226691861547692,0.8583120775067186,0.8401127526326261,0.7243055344728134,0.8401127526326186,0.7243055344728023,0.7764773353812224,555926,580012,24086,0.9584732729667662,153764,102854,78768,477158,0.0005667209625244141,0.0020143985748291016,0.0014476776123046875
Global_Threshold_CV2,Otsu_Thresholding_CV2,0.9595554209987398,0.9441854382469781,1.0,0.9712915441834867,0.9441854382469781,0.9712915441834782,0.9441854382469621,0.9595554209987398,555926,588789,32863,0.9441854382469781,223755,32863,0,555926,0.0005667209625244141,0.0007236003875732422,0.00015687942504882812
Global_Threshold_CV2,Niblack_Thresholding_CV2,0.6964742832388153,0.8167621841062804,0.7172861136194385,0.7637988629920778,0.6178596994666757,0.7637988629920704,0.6178596994666662,0.6964742832388153,555926,488218,67708,0.8782068116979598,167158,89460,157168,398758,0.0005667209625244141,0.003560781478881836,0.002994060516357422
Global_Threshold_CV2,Sauvola_Thresholding_CV2,0.8625206758034026,0.8356256497666884,0.9947313131603847,0.9082632696669628,0.8319434937303014,0.9082632696669554,0.8319434937302889,0.8625206758034026,555926,661776,105850,0.8400516186745969,147839,108779,2929,552997,0.0005667209625244141,0.003925323486328125,0.003358602523803711
Global_Threshold_CV2,Sobel_CV2,0.2599133093100189,0.38893208346169456,0.14307120012375749,0.20919036278301534,0.11681328849006448,0.2091903627830126,0.11681328849006276,0.2599133093100189,555926,204501,351425,0.3678565132769469,131654,124964,476389,79537,0.0005667209625244141,0.00626373291015625,0.005697011947631836
Global_Threshold_CV2,Canny_CV2,0.3195888468809074,0.5110533535484802,0.12732989642506376,0.20386615901249358,0.11350276597450493,0.20386615901249067,0.11350276597450311,0.3195888468809074,555926,138510,417416,0.24915186553606056,188894,67724,485140,70786,0.0005667209625244141,0.0012798309326171875,0.0007131099700927734
Global_Threshold_CV2,Global_Threshold_Sklearn,0.9605855190611217,0.9748430181127369,0.9673553674409904,0.9710847594128471,0.9437947083558557,0.9710847594128383,0.9437947083558391,0.9605855190611217,555926,551656,4270,0.9923191216097107,242740,13878,18148,537778,0.0005667209625244141,0.05472707748413086,0.054160356521606445
Global_Threshold_CV2,Adaptive_Threshold_Sklearn,0.8095770813642093,0.7896363077198519,0.983755032144566,0.876071371074643,0.7794724224724995,0.876071371074636,0.7794724224724883,0.8095770813642093,555926,692591,136665,0.8026757494683009,110922,145696,9031,546895,0.0005667209625244141,0.06821537017822266,0.06764864921569824
Global_Threshold_CV2,Otsu_Thresholding_Sklearn,0.9325919580970384,0.92857998043334,0.9765886107143756,0.9519794072211497,0.908359448068625,0.9519794072211413,0.9083594480686098,0.9325919580970384,555926,584668,28742,0.9508404769886499,214861,41757,13015,542911,0.0005667209625244141,0.058739662170410156,0.05817294120788574
Global_Threshold_CV2,Niblack_Thresholding_Sklearn,0.5971590461562697,0.8819702043189702,0.47473764493835513,0.617235992160568,0.4463784048913733,0.6172359921605608,0.4463784048913657,0.5971590461562697,555926,299238,256688,0.5382694819094628,221299,35319,292007,263919,0.0005667209625244141,0.07452750205993652,0.07396078109741211
Global_Threshold_CV2,Sauvola_Thresholding_Sklearn,0.8130021266540642,0.7866071859312169,0.997208261531211,0.8794757165112493,0.7848787656551298,0.8794757165112423,0.7848787656551187,0.8130021266540642,555926,704766,148840,0.7888093352971057,106226,150392,1552,554374,0.0005667209625244141,0.0739595890045166,0.07339286804199219
Global_Threshold_CV2,Sobel_Sklearn,0.2599120786074354,0.3904187572365882,0.14556973410130125,0.21206856340227934,0.11861112739637686,0.21206856340227656,0.11861112739637511,0.2599120786074354,555926,207280,348646,0.3728553800325943,130264,126354,475000,80926,0.0005667209625244141,0.013219356536865234,0.01265263557434082
Global_Threshold_CV2,Canny_Sklearn,0.2963777961562697,0.4043635130881178,0.06007634109575735,0.1046106621562363,0.05519217612316194,0.10461066215623466,0.055192176123161026,0.2963777961562697,555926,82594,473332,0.14857013343502554,207422,49196,522528,33398,0.0005667209625244141,0.03502249717712402,0.03445577621459961
Global_Threshold_CV2,Global_Threshold_Torch,1.0,1.0,1.0,1.0,1.0,0.999999999999991,0.999999999999982,1.0,555926,555926,0,1.0,256618,0,0,555926,0.0005667209625244141,0.007071971893310547,0.006505250930786133
Global_Threshold_CV2,Adaptive_Threshold_Torch,0.7937563996534341,0.8368655535662239,0.8676982188276857,0.8520030309078417,0.7421648783459854,0.8520030309078341,0.742164878345974,0.7937563996534341,555926,576408,20482,0.9644661420382784,162586,94032,73550,482376,0.0005667209625244141,0.00512242317199707,0.004555702209472656
Global_Threshold_CV2,Otsu_Thresholding_Torch,0.9581388823251418,0.942343289148049,1.0,0.9703159008121368,0.942343289148049,0.9703159008121284,0.942343289148033,0.9581388823251418,555926,589940,34014,0.942343289148049,222604,34014,0,555926,0.0005667209625244141,0.0047910213470458984,0.004224300384521484
Global_Threshold_CV2,Niblack_Thresholding_Torch,0.6964287472432262,0.8166471104995116,0.7173598644423899,0.7637903478338312,0.6178485554577792,0.7637903478338238,0.6178485554577696,0.6964287472432262,555926,488337,67589,0.8784208689645744,167080,89538,157127,398799,0.0005667209625244141,0.2841014862060547,0.2835347652435303
Global_Threshold_CV2,Sauvola_Thresholding_Torch,0.8625785188248267,0.8356768846005637,0.9947457035648629,0.9082995324681298,0.8320043450394634,0.9082995324681222,0.8320043450394509,0.8625785188248267,555926,661745,105819,0.8400909715978209,147878,108740,2921,553005,0.0005667209625244141,0.28436946868896484,0.28380274772644043
Global_Threshold_CV2,Sobel_Torch,0.2626097786704474,0.39473735465399373,0.14582516378079097,0.21297310645765521,0.11917733707716507,0.2129731064576524,0.11917733707716333,0.2626097786704474,555926,205372,350554,0.3694232685645212,132314,124304,474858,81068,0.0005667209625244141,0.004450321197509766,0.0038836002349853516
Global_Threshold_CV2,Canny_Torch,0.262593779536862,0.4070453715047177,0.17033382140788522,0.24016658191313037,0.13647120201536891,0.2401665819131273,0.13647120201536694,0.262593779536862,555926,232635,323291,0.4184639682259869,118676,137942,461233,94693,0.0005667209625244141,0.00403141975402832,0.0034646987915039062
Adaptive_Threshold_CV2,Global_Threshold_CV2,0.7764773353812224,0.8583120775067186,0.8226691861547692,0.8401127526326261,0.7243055344728134,0.8401127526326186,0.7243055344728023,0.7764773353812224,580012,555926,24086,0.9584732729667662,153764,78768,102854,477158,0.0020143985748291016,0.0005667209625244141,0.0014476776123046875
Adaptive_Threshold_CV2,Adaptive_Threshold_CV2,1.0,1.0,1.0,1.0,1.0,0.9999999999999913,0.9999999999999828,1.0,580012,580012,0,1.0,232532,0,0,580012,0.0020143985748291016,0.0020143985748291016,0.0
Adaptive_Threshold_CV2,Otsu_Thresholding_CV2,0.7984195317422811,0.8534534442729059,0.8663682820355441,0.8598623717809961,0.7541741895881267,0.8598623717809887,0.7541741895881153,0.7984195317422811,580012,588789,8777,0.9850931318350037,146247,86285,77508,502504,0.0020143985748291016,0.0007236003875732422,0.0012907981872558594
Adaptive_Threshold_CV2,Niblack_Thresholding_CV2,0.794723731884058,0.9231880020810376,0.7770821982993456,0.8438575962105539,0.7298907067543517,0.843857596210546,0.7298907067543399,0.794723731884058,580012,488218,91794,0.8417377571498521,195031,37501,129295,450717,0.0020143985748291016,0.003560781478881836,0.0015463829040527344
Adaptive_Threshold_CV2,Sauvola_Thresholding_CV2,0.8509422258979206,0.8467155049442712,0.96607656393316,0.9024664435475298,0.8222677459307479,0.9024664435475226,0.8222677459307358,0.8509422258979206,580012,661776,81764,0.8764476197384009,131092,101440,19676,560336,0.0020143985748291016,0.003925323486328125,0.0019109249114990234
Adaptive_Threshold_CV2,Sobel_CV2,0.2948677240863264,0.5172639742592946,0.18237726116011393,0.2696730328241852,0.15585091022671688,0.26967303282418176,0.15585091022671457,0.2948677240863264,580012,204501,375511,0.35258063626269803,133812,98720,474231,105781,0.0020143985748291016,0.00626373291015625,0.0042493343353271484
Adaptive_Threshold_CV2,Canny_CV2,0.31521246849401385,0.5851635260991986,0.13974021227147024,0.22560478315208163,0.127144607362531,0.2256047831520785,0.127144607362529,0.31521246849401385,580012,138510,441502,0.2388054040261236,175073,57459,498961,81051,0.0020143985748291016,0.0012798309326171875,0.0007345676422119141
Adaptive_Threshold_CV2,Global_Threshold_Sklearn,0.7401100740390675,0.8343025363632408,0.7935146169389599,0.8133975688982988,0.6854844955467516,0.8133975688982916,0.6854844955467414,0.7401100740390675,580012,551656,28356,0.9511113563167659,141124,91408,119764,460248,0.0020143985748291016,0.05472707748413086,0.05271267890930176
Adaptive_Threshold_CV2,Adaptive_Threshold_Sklearn,0.7954264630592313,0.7987239221993933,0.9537544050812742,0.8693818889315835,0.7689438904441671,0.8693818889315766,0.7689438904441563,0.7954264630592313,580012,692591,112579,0.837452406976123,93130,139402,26823,553189,0.0020143985748291016,0.06821537017822266,0.06620097160339355
Adaptive_Threshold_CV2,Otsu_Thresholding_Sklearn,0.7622356450850661,0.8308014120834388,0.8374706040564678,0.8341226774736409,0.715446352165223,0.8341226774736337,0.7154463521652125,0.7622356450850661,580012,584668,4656,0.9920365061881273,133607,98925,94269,485743,0.0020143985748291016,0.058739662170410156,0.056725263595581055
Adaptive_Threshold_CV2,Niblack_Thresholding_Sklearn,0.5651706246061752,0.8787854483721987,0.45338027489086435,0.5981597952800682,0.4266961336007425,0.5981597952800615,0.4266961336007356,0.5651706246061752,580012,299238,280774,0.5159169120638883,196260,36272,317046,262966,0.0020143985748291016,0.07452750205993652,0.07251310348510742
Adaptive_Threshold_CV2,Sauvola_Thresholding_Sklearn,0.7875462744171392,0.7890207529875164,0.9587301642034992,0.865635930876774,0.7631023887646956,0.8656359308767673,0.7631023887646852,0.7875462744171392,580012,704766,124754,0.8229852177885993,83841,148691,23937,556075,0.0020143985748291016,0.0739595890045166,0.0719451904296875
Adaptive_Threshold_CV2,Sobel_Sklearn,0.2950166390989288,0.5173243921265921,0.18487720943704614,0.27240464783079216,0.15767850236964037,0.27240464783078866,0.15767850236963804,0.2950166390989288,580012,207280,372732,0.35737191644310806,132483,100049,472781,107231,0.0020143985748291016,0.013219356536865234,0.011204957962036133
Adaptive_Threshold_CV2,Canny_Sklearn,0.3010101606805293,0.5729592948640337,0.08158969124776728,0.14283903254724528,0.07691257518897808,0.14283903254724312,0.07691257518897683,0.3010101606805293,580012,82594,497418,0.1424005020585781,197261,35271,532689,47323,0.0020143985748291016,0.03502249717712402,0.03300809860229492
Adaptive_Threshold_CV2,Global_Threshold_Torch,0.7764773353812224,0.8583120775067186,0.8226691861547692,0.8401127526326261,0.7243055344728134,0.8401127526326186,0.7243055344728023,0.7764773353812224,580012,555926,24086,0.9584732729667662,153764,78768,102854,477158,0.0020143985748291016,0.007071971893310547,0.005057573318481445
Adaptive_Threshold_CV2,Adaptive_Threshold_Torch,0.9350435176433523,0.9573427155764667,0.9513941090873982,0.9543591428719669,0.9127026132980482,0.9543591428719587,0.9127026132980331,0.9350435176433523,580012,576408,3604,0.9937863354551285,207944,24588,28192,551820,0.0020143985748291016,0.00512242317199707,0.0031080245971679688
Adaptive_Threshold_CV2,Otsu_Thresholding_Torch,0.7992157963137996,0.8533122012408042,0.8679182499672421,0.8605532534668089,0.7552377994716067,0.8605532534668016,0.7552377994715954,0.7992157963137996,580012,589940,9928,0.9831711699494864,145995,86537,76609,503403,0.0020143985748291016,0.0047910213470458984,0.002776622772216797
Adaptive_Threshold_CV2,Niblack_Thresholding_Torch,0.7947717292848141,0.9231248093017732,0.7772184023778819,0.8439114933415953,0.7299713546853468,0.8439114933415874,0.729971354685335,0.7947717292848141,580012,488337,91675,0.8419429253187866,194991,37541,129216,450796,0.0020143985748291016,0.2841014862060547,0.2820870876312256
Adaptive_Threshold_CV2,Sauvola_Thresholding_Torch,0.8508696144454947,0.8466871680178921,0.9659989793314621,0.9024164953368493,0.8221848191986101,0.9024164953368421,0.822184819198598,0.8508696144454947,580012,661745,81733,0.876488677662846,131078,101454,19721,560291,0.0020143985748291016,0.28436946868896484,0.28235507011413574
Adaptive_Threshold_CV2,Sobel_Torch,0.29715067737870193,0.5217069512883937,0.1847272125404302,0.27284487588237094,0.1579735786742156,0.27284487588236744,0.15797357867421327,0.29715067737870193,580012,205372,374640,0.3540823293311173,134304,98228,472868,107144,0.0020143985748291016,0.004450321197509766,0.002435922622680664
Adaptive_Threshold_CV2,Canny_Torch,0.2980749350189036,0.5207771831409719,0.20887671289559526,0.29816390142337323,0.17520130268287887,0.29816390142336957,0.17520130268287631,0.2980749350189036,580012,232635,347377,0.40108652924422256,121048,111484,458861,121151,0.0020143985748291016,0.00403141975402832,0.0020170211791992188
Otsu_Thresholding_CV2,Global_Threshold_CV2,0.9595554209987398,1.0,0.9441854382469781,0.9712915441834867,0.9441854382469781,0.9712915441834782,0.9441854382469621,0.9595554209987398,588789,555926,32863,0.9441854382469781,223755,0,32863,555926,0.0007236003875732422,0.0005667209625244141,0.00015687942504882812
Otsu_Thresholding_CV2,Adaptive_Threshold_CV2,0.7984195317422811,0.8663682820355441,0.8534534442729059,0.8598623717809961,0.7541741895881267,0.8598623717809887,0.7541741895881153,0.7984195317422811,588789,580012,8777,0.9850931318350037,146247,77508,86285,502504,0.0007236003875732422,0.0020143985748291016,0.0012907981872558594
Otsu_Thresholding_CV2,Otsu_Thresholding_CV2,1.0,1.0,1.0,1.0,1.0,0.9999999999999915,0.999999999999983,1.0,588789,588789,0,1.0,223755,0,0,588789,0.0007236003875732422,0.0007236003875732422,0.0
Otsu_Thresholding_CV2,Niblack_Thresholding_CV2,0.7046498405009451,0.8572215690531688,0.7107996243136335,0.7771741502144368,0.6355558727767519,0.7771741502144296,0.6355558727767422,0.7046498405009451,588789,488218,100571,0.8291900833745196,154048,69707,170278,418511,0.0007236003875732422,0.003560781478881836,0.0028371810913085938
Otsu_Thresholding_CV2,Sauvola_Thresholding_CV2,0.8959797869407687,0.880995986557385,0.9902053197325358,0.9324137489854586,0.8733849355022822,0.9324137489854512,0.8733849355022691,0.8959797869407687,588789,661776,72987,0.889710415608907,145001,78754,5767,583022,0.0007236003875732422,0.003925323486328125,0.003201723098754883
Otsu_Thresholding_CV2,Sobel_CV2,0.24484335617517328,0.43934259490173644,0.15259456273809463,0.2265148936706627,0.12772303125764098,0.22651489367065983,0.12772303125763915,0.24484335617517328,588789,204501,384288,0.34732476320039946,109100,114655,498943,89846,0.0007236003875732422,0.00626373291015625,0.005540132522583008
Otsu_Thresholding_CV2,Canny_CV2,0.2961796530403277,0.5610208649195004,0.13197766941977518,0.21368653057408302,0.11962431803347331,0.21368653057408007,0.11962431803347147,0.2961796530403277,588789,138510,450279,0.2352455633512175,162952,60803,511082,77707,0.0007236003875732422,0.0012798309326171875,0.0005562305450439453
Otsu_Thresholding_CV2,Global_Threshold_Sklearn,0.9345844655797102,0.985480081790101,0.9233290703460832,0.9533927545826409,0.910936512963326,0.9533927545826326,0.9109365129633107,0.9345844655797102,588789,551656,37133,0.936933264717921,215745,8010,45143,543646,0.0007236003875732422,0.05472707748413086,0.05400347709655762
Otsu_Thresholding_CV2,Adaptive_Threshold_Sklearn,0.8435678560176434,0.8332998840585569,0.980208529710983,0.9008038208806131,0.819511419337616,0.9008038208806061,0.8195114193376043,0.8435678560176434,588789,692591,103802,0.8501251099133543,108300,115455,11653,577136,0.0007236003875732422,0.06821537017822266,0.06749176979064941
Otsu_Thresholding_CV2,Otsu_Thresholding_Sklearn,0.9612168694864525,0.9765747398523607,0.9697395841294589,0.9731451599845584,0.9476949633600836,0.9731451599845501,0.9476949633600679,0.9612168694864525,588789,584668,4121,0.9930008882638772,210059,13696,17817,570972,0.0007236003875732422,0.058739662170410156,0.058016061782836914
Otsu_Thresholding_CV2,Niblack_Thresholding_Sklearn,0.5815672751260239,0.9157125766112593,0.4653891292126721,0.6171343889318681,0.44627213518976044,0.6171343889318611,0.44627213518975317,0.5815672751260239,588789,299238,289551,0.50822620667166,198533,25222,314773,274016,0.0007236003875732422,0.07452750205993652,0.07380390167236328
Otsu_Thresholding_CV2,Sauvola_Thresholding_Sklearn,0.8523390733301828,0.8325983376042545,0.9965998006076879,0.9072470826520712,0.830239908994182,0.9072470826520642,0.8302399089941702,0.8523390733301828,588789,704766,115977,0.8354389967733972,105776,117979,2002,586787,0.0007236003875732422,0.0739595890045166,0.07323598861694336
Otsu_Thresholding_CV2,Sobel_Sklearn,0.24501934664461247,0.44050077190274023,0.15507592702988676,0.2293946881488916,0.12955721222199834,0.22939468814888872,0.1295572122219965,0.24501934664461247,588789,207280,381509,0.3520446203988186,107782,115973,497482,91307,0.0007236003875732422,0.013219356536865234,0.012495756149291992
Otsu_Thresholding_CV2,Canny_Sklearn,0.2703545900283554,0.47530086931254084,0.06667413963236406,0.11694368192224111,0.06210312500988727,0.11694368192223936,0.06210312500988629,0.2703545900283554,588789,82594,506195,0.1402777565477616,180418,43337,549532,39257,0.0007236003875732422,0.03502249717712402,0.03429889678955078
Otsu_Thresholding_CV2,Global_Threshold_Torch,0.9595554209987398,1.0,0.9441854382469781,0.9712915441834867,0.9441854382469781,0.9712915441834782,0.9441854382469621,0.9595554209987398,588789,555926,32863,0.9441854382469781,223755,0,32863,555926,0.0007236003875732422,0.007071971893310547,0.006348371505737305
Otsu_Thresholding_CV2,Adaptive_Threshold_Torch,0.8159767347983616,0.8810339204174821,0.8625076215758107,0.8716723438182556,0.7725347677535361,0.8716723438182481,0.7725347677535244,0.8159767347983616,588789,576408,12381,0.9789720935683242,155182,68573,80954,507835,0.0007236003875732422,0.00512242317199707,0.004398822784423828
Otsu_Thresholding_CV2,Otsu_Thresholding_Torch,0.998583461326402,0.9980489541309285,1.0,0.9990235244912105,0.9980489541309285,0.9990235244912019,0.9980489541309117,0.998583461326402,588789,589940,1151,0.9980489541309285,222604,1151,0,588789,0.0007236003875732422,0.0047910213470458984,0.004067420959472656
Otsu_Thresholding_CV2,Niblack_Thresholding_Torch,0.7047569116257089,0.8572235976385161,0.7109745596470043,0.7772795383269924,0.6356968437932794,0.7772795383269852,0.6356968437932697,0.7047569116257089,588789,488337,100452,0.829392193128608,154032,69723,170175,418614,0.0007236003875732422,0.2841014862060547,0.28337788581848145
Otsu_Thresholding_CV2,Sauvola_Thresholding_Torch,0.8960376299621928,0.8810493468027715,0.9902189069428946,0.9324496575063133,0.8734479493755842,0.9324496575063058,0.8734479493755711,0.8960376299621928,588789,661745,72956,0.8897520948401575,145040,78715,5759,583030,0.0007236003875732422,0.28436946868896484,0.2836458683013916
Otsu_Thresholding_CV2,Sobel_Torch,0.24805672062066791,0.44595660557427497,0.1555514793924479,0.23065096372146202,0.13035922194672733,0.2306509637214591,0.13035922194672547,0.24805672062066791,588789,205372,383417,0.3488040707282235,109970,113785,497202,91587,0.0007236003875732422,0.004450321197509766,0.0037267208099365234
Otsu_Thresholding_CV2,Canny_Torch,0.24979570337114052,0.4553270144217336,0.17990315715816702,0.2579057831278365,0.14804353325441405,0.2579057831278334,0.14804353325441197,0.24979570337114052,588789,232635,356154,0.395107585230023,97045,126710,482864,105925,0.0007236003875732422,0.00403141975402832,0.003307819366455078
Niblack_Thresholding_CV2,Global_Threshold_CV2,0.6964742832388153,0.7172861136194385,0.8167621841062804,0.7637988629920778,0.6178596994666757,0.7637988629920704,0.6178596994666662,0.6964742832388153,488218,555926,67708,0.8782068116979598,167158,157168,89460,398758,0.003560781478881836,0.0005667209625244141,0.002994060516357422
Niblack_Thresholding_CV2,Adaptive_Threshold_CV2,0.794723731884058,0.7770821982993456,0.9231880020810376,0.8438575962105539,0.7298907067543517,0.843857596210546,0.7298907067543399,0.794723731884058,488218,580012,91794,0.8417377571498521,195031,129295,37501,450717,0.003560781478881836,0.0020143985748291016,0.0015463829040527344
Niblack_Thresholding_CV2,Otsu_Thresholding_CV2,0.7046498405009451,0.7107996243136335,0.8572215690531688,0.7771741502144368,0.6355558727767519,0.7771741502144296,0.6355558727767422,0.7046498405009451,488218,588789,100571,0.8291900833745196,154048,170278,69707,418511,0.003560781478881836,0.0007236003875732422,0.0028371810913085938
Niblack_Thresholding_CV2,Niblack_Thresholding_CV2,1.0,1.0,1.0,1.0,1.0,0.9999999999999898,0.9999999999999795,1.0,488218,488218,0,1.0,324326,0,0,488218,0.003560781478881836,0.003560781478881836,0.0
Niblack_Thresholding_CV2,Sauvola_Thresholding_CV2,0.77856706836799,0.7329292691182515,0.9934803714733992,0.8435435315314689,0.7294209116652305,0.8435435315314616,0.7294209116652195,0.77856706836799,488218,661776,173558,0.737739053697928,147585,176741,3183,485035,0.003560781478881836,0.003925323486328125,0.00036454200744628906
Niblack_Thresholding_CV2,Sobel_CV2,0.4314806336641462,0.5642319597459181,0.236341142686259,0.3331394115074078,0.199860392529095,0.33313941150740295,0.19986039252909152,0.4314806336641462,488218,204501,283717,0.41887230704316514,235211,89115,372832,115386,0.003560781478881836,0.00626373291015625,0.002702951431274414
Niblack_Thresholding_CV2,Canny_CV2,0.43787413358538124,0.6135874666089091,0.17407797336435774,0.2712117537432507,0.1568796839812456,0.27121175374324635,0.15687968398124272,0.43787413358538124,488218,138510,349708,0.28370523004067855,270804,53522,403230,84988,0.003560781478881836,0.0012798309326171875,0.0022809505462646484
Niblack_Thresholding_CV2,Global_Threshold_Sklearn,0.6615370982986768,0.6932381774149108,0.7833160596291001,0.7355294968428867,0.5816897230947076,0.7355294968428796,0.5816897230946987,0.6615370982986768,488218,551656,63438,0.8850044230462462,155099,169227,105789,382429,0.003560781478881836,0.05472707748413086,0.05116629600524902
Niblack_Thresholding_CV2,Adaptive_Threshold_Sklearn,0.6805748365626969,0.6650837218502695,0.9434945045041354,0.7801956116526889,0.639607152676144,0.7801956116526824,0.6396071526761351,0.6805748365626969,488218,692591,204373,0.7049153107678269,92366,231960,27587,460631,0.003560781478881836,0.06821537017822266,0.06465458869934082
Niblack_Thresholding_CV2,Otsu_Thresholding_Sklearn,0.6694603615311909,0.6878330950214481,0.8237180931469139,0.7496677186579003,0.5995747929128177,0.7496677186578933,0.5995747929128087,0.6694603615311909,488218,584668,96450,0.8350345837295696,141812,182514,86064,402154,0.003560781478881836,0.058739662170410156,0.05517888069152832
Niblack_Thresholding_CV2,Niblack_Thresholding_Sklearn,0.7134013665721487,0.9266570422205735,0.5679655399841874,0.7042704608257477,0.5435319945507826,0.7042704608257387,0.543531994550772,0.7134013665721487,488218,299238,188980,0.6129188190521447,302379,21947,210927,277291,0.003560781478881836,0.07452750205993652,0.07096672058105469
Niblack_Thresholding_CV2,Sauvola_Thresholding_Sklearn,0.7087123897290485,0.6784521387240587,0.9793780647169912,0.8016033743956331,0.6688965550043786,0.8016033743956265,0.6688965550043693,0.7087123897290485,488218,704766,216548,0.6927377313888582,97710,226616,10068,478150,0.003560781478881836,0.0739595890045166,0.07039880752563477
Niblack_Thresholding_CV2,Sobel_Sklearn,0.4316147802457467,0.5636337321497491,0.2392988378142551,0.33596070729175354,0.2018946960951703,0.3359607072917487,0.2018946960951668,0.4316147802457467,488218,207280,280938,0.4245644363788308,233876,90450,371388,116830,0.003560781478881836,0.013219356536865234,0.009658575057983398
Niblack_Thresholding_CV2,Canny_Sklearn,0.42660828213610585,0.6350703440927913,0.1074376610448611,0.18378380272313827,0.10119048767360073,0.18378380272313505,0.10119048767359877,0.42660828213610585,488218,82594,405624,0.16917442617846945,294185,30141,435765,52453,0.003560781478881836,0.03502249717712402,0.03146171569824219
Niblack_Thresholding_CV2,Global_Threshold_Torch,0.6964742832388153,0.7172861136194385,0.8167621841062804,0.7637988629920778,0.6178596994666757,0.7637988629920704,0.6178596994666662,0.6964742832388153,488218,555926,67708,0.8782068116979598,167158,157168,89460,398758,0.003560781478881836,0.007071971893310547,0.003511190414428711
Niblack_Thresholding_CV2,Adaptive_Threshold_Torch,0.8375152607120353,0.8089755867371723,0.9551061206264415,0.8759883752604201,0.7793410281351638,0.8759883752604118,0.7793410281351507,0.8375152607120353,488218,576408,88190,0.8470007355900682,214218,110108,21918,466300,0.003560781478881836,0.00512242317199707,0.0015616416931152344
Niblack_Thresholding_CV2,Otsu_Thresholding_Torch,0.704747066005041,0.7104553005390378,0.8584812522274885,0.7774853036382423,0.63597215309727,0.7774853036382351,0.6359721530972603,0.704747066005041,488218,589940,101722,0.8275722954876767,153512,170814,69092,419126,0.003560781478881836,0.0047910213470458984,0.0012302398681640625
Niblack_Thresholding_CV2,Niblack_Thresholding_Torch,0.9840168655482041,0.9865809881290993,0.9868214609047598,0.9867012098652918,0.9737514931149966,0.9867012098652816,0.9737514931149769,0.9840168655482041,488218,488337,119,0.9997563158228846,317773,6553,6434,481784,0.003560781478881836,0.2841014862060547,0.28054070472717285
Niblack_Thresholding_CV2,Sauvola_Thresholding_Torch,0.778494456915564,0.7328956017801419,0.9933881995338149,0.843488007875036,0.7293378828914858,0.8434880078750286,0.7293378828914748,0.778494456915564,488218,661745,173527,0.7377736137031636,147571,176755,3228,484990,0.003560781478881836,0.28436946868896484,0.280808687210083
Niblack_Thresholding_CV2,Sobel_Torch,0.4320726016068053,0.5651305922910621,0.2377257700453486,0.3346703383843481,0.20096341649236055,0.3346703383843433,0.20096341649235705,0.4320726016068053,488218,205372,282846,0.42065634614045366,235016,89310,372156,116062,0.003560781478881836,0.004450321197509766,0.0008895397186279297
Niblack_Thresholding_CV2,Canny_Torch,0.43262764847195967,0.5584671266146538,0.26610858264136106,0.3604590672439457,0.219853655399757,0.3604590672439407,0.21985365539975327,0.43262764847195967,488218,232635,255583,0.4764982036713108,221610,102716,358299,129919,0.003560781478881836,0.00403141975402832,0.0004706382751464844
Sauvola_Thresholding_CV2,Global_Threshold_CV2,0.8625206758034026,0.9947313131603847,0.8356256497666884,0.9082632696669628,0.8319434937303014,0.9082632696669554,0.8319434937302889,0.8625206758034026,661776,555926,105850,0.8400516186745969,147839,2929,108779,552997,0.003925323486328125,0.0005667209625244141,0.003358602523803711
Sauvola_Thresholding_CV2,Adaptive_Threshold_CV2,0.8509422258979206,0.96607656393316,0.8467155049442712,0.9024664435475298,0.8222677459307479,0.9024664435475226,0.8222677459307358,0.8509422258979206,661776,580012,81764,0.8764476197384009,131092,19676,101440,560336,0.003925323486328125,0.0020143985748291016,0.0019109249114990234
Sauvola_Thresholding_CV2,Otsu_Thresholding_CV2,0.8959797869407687,0.9902053197325358,0.880995986557385,0.9324137489854586,0.8733849355022822,0.9324137489854512,0.8733849355022691,0.8959797869407687,661776,588789,72987,0.889710415608907,145001,5767,78754,583022,0.003925323486328125,0.0007236003875732422,0.003201723098754883
Sauvola_Thresholding_CV2,Niblack_Thresholding_CV2,0.77856706836799,0.9934803714733992,0.7329292691182515,0.8435435315314689,0.7294209116652305,0.8435435315314616,0.7294209116652195,0.77856706836799,661776,488218,173558,0.737739053697928,147585,3183,176741,485035,0.003925323486328125,0.003560781478881836,0.00036454200744628906
Sauvola_Thresholding_CV2,Sauvola_Thresholding_CV2,1.0,1.0,1.0,1.0,1.0,0.9999999999999925,0.9999999999999849,1.0,661776,661776,0,1.0,150768,0,0,661776,0.003925323486328125,0.003925323486328125,0.0
Sauvola_Thresholding_CV2,Sobel_CV2,0.24208289028040328,0.6123099642544535,0.18921508184038102,0.2890945967629292,0.16897170130853278,0.2890945967629258,0.1689717013085305,0.24208289028040328,661776,204501,457275,0.3090184594182926,71485,79283,536558,125218,0.003925323486328125,0.00626373291015625,0.002338409423828125
Sauvola_Thresholding_CV2,Canny_CV2,0.2762533475110271,0.7660457728683849,0.16033370808249317,0.2651677025463397,0.15284918486677107,0.26516770254633637,0.15284918486676885,0.2762533475110271,661776,138510,523266,0.20930042793936318,118363,32405,555671,106105,0.003925323486328125,0.0012798309326171875,0.0026454925537109375
Sauvola_Thresholding_CV2,Global_Threshold_Sklearn,0.8338699196597353,0.9774605913830358,0.8148104494572181,0.8887552001265832,0.7997834502603046,0.8887552001265758,0.7997834502602927,0.8338699196597353,661776,551656,110120,0.8335992843499915,138334,12434,122554,539222,0.003925323486328125,0.05472707748413086,0.050801753997802734
Sauvola_Thresholding_CV2,Adaptive_Threshold_Sklearn,0.8919307754410838,0.9143607121663435,0.9569370904958777,0.9351645455035452,0.8782244632770712,0.9351645455035383,0.878224463277059,0.8919307754410838,661776,692591,30815,0.9555076517020868,91455,59313,28498,633278,0.003925323486328125,0.06821537017822266,0.06429004669189453
Sauvola_Thresholding_CV2,Otsu_Thresholding_Sklearn,0.8633181710775047,0.9709647184384984,0.8578310485723266,0.9108985241214206,0.8363761727405592,0.9108985241214133,0.8363761727405468,0.8633181710775047,661776,584668,77108,0.8834832329972679,133792,16976,94084,567692,0.003925323486328125,0.058739662170410156,0.05481433868408203
Sauvola_Thresholding_CV2,Niblack_Thresholding_Sklearn,0.5405147290485193,0.981930770824561,0.44400371122555066,0.6115020176605127,0.4404054060130429,0.6115020176605064,0.4404054060130363,0.5405147290485193,661776,299238,362538,0.45217414956118085,145361,5407,367945,293831,0.003925323486328125,0.07452750205993652,0.0706021785736084
Sauvola_Thresholding_CV2,Sauvola_Thresholding_Sklearn,0.9244028631064902,0.9259215115371627,0.9860708155025265,0.9550500460285889,0.9139672597705271,0.9550500460285819,0.9139672597705143,0.9244028631064902,661776,704766,42990,0.9390010301291493,98560,52208,9218,652558,0.003925323486328125,0.0739595890045166,0.07003426551818848
Sauvola_Thresholding_CV2,Sobel_Sklearn,0.24329020951480781,0.6131705905055963,0.19205592224559367,0.29249668605935636,0.17130080139307077,0.292496686059353,0.17130080139306847,0.24329020951480781,661776,207280,454496,0.31321776552791275,70586,80182,534678,127098,0.003925323486328125,0.013219356536865234,0.00929403305053711
Sauvola_Thresholding_CV2,Canny_Sklearn,0.23590599401386264,0.7476935370608034,0.09331707405526946,0.16592554777865845,0.09046827274525171,0.16592554777865623,0.09046827274525039,0.23590599401386264,661776,82594,579182,0.12480658107879403,129929,20839,600021,61755,0.003925323486328125,0.03502249717712402,0.0310971736907959
Sauvola_Thresholding_CV2,Global_Threshold_Torch,0.8625206758034026,0.9947313131603847,0.8356256497666884,0.9082632696669628,0.8319434937303014,0.9082632696669554,0.8319434937302889,0.8625206758034026,661776,555926,105850,0.8400516186745969,147839,2929,108779,552997,0.003925323486328125,0.007071971893310547,0.003146648406982422
Sauvola_Thresholding_CV2,Adaptive_Threshold_Torch,0.8760657884373031,0.986698657895102,0.8594161770750224,0.9186695999948311,0.8495734513618037,0.9186695999948237,0.8495734513617911,0.8760657884373031,661776,576408,85368,0.8710016682381954,143101,7667,93035,568741,0.003925323486328125,0.00512242317199707,0.0011970996856689453
Sauvola_Thresholding_CV2,Otsu_Thresholding_Torch,0.8970566517013232,0.9899905075092382,0.8825267159884915,0.9331749374458743,0.8747216110687589,0.9331749374458669,0.8747216110687458,0.8970566517013232,661776,589940,71836,0.8914496748144387,144863,5905,77741,584035,0.003925323486328125,0.0047910213470458984,0.0008656978607177734
Sauvola_Thresholding_CV2,Niblack_Thresholding_Torch,0.7785978359325771,0.9933857151925821,0.7330380672614298,0.8435814567785948,0.7294776287732743,0.8435814567785874,0.7294776287732633,0.7785978359325771,661776,488337,173439,0.7379188728512367,147538,3230,176669,485107,0.003925323486328125,0.2841014862060547,0.28017616271972656
Sauvola_Thresholding_CV2,Sauvola_Thresholding_Torch,0.9989625177221172,0.9993864706193474,0.9993396557143203,0.9993630626185758,0.9987269360991389,0.9993630626185682,0.9987269360991238,0.9989625177221172,661776,661745,31,0.9999531563550205,150362,406,437,661339,0.003925323486328125,0.28436946868896484,0.2804441452026367
Sauvola_Thresholding_CV2,Sobel_Torch,0.24483104914933837,0.6172701244570827,0.19156028626000338,0.2923837683993966,0.1712233480735516,0.2923837683993933,0.1712233480735493,0.24483104914933837,661776,205372,456404,0.31033461473368634,72166,78602,535006,126770,0.003925323486328125,0.004450321197509766,0.0005249977111816406
Sauvola_Thresholding_CV2,Canny_Torch,0.25684639847195967,0.6245104992799879,0.21953500882473828,0.32486854477415866,0.19393614976345833,0.324868544774155,0.19393614976345572,0.25684639847195967,661776,232635,429141,0.3515313338652354,63416,87352,516493,145283,0.003925323486328125,0.00403141975402832,0.00010609626770019531
Sobel_CV2,Global_Threshold_CV2,0.2599133093100189,0.14307120012375749,0.38893208346169456,0.20919036278301534,0.11681328849006448,0.2091903627830126,0.11681328849006276,0.2599133093100189,204501,555926,351425,0.3678565132769469,131654,476389,124964,79537,0.00626373291015625,0.0005667209625244141,0.005697011947631836
Sobel_CV2,Adaptive_Threshold_CV2,0.2948677240863264,0.18237726116011393,0.5172639742592946,0.2696730328241852,0.15585091022671688,0.26967303282418176,0.15585091022671457,0.2948677240863264,204501,580012,375511,0.35258063626269803,133812,474231,98720,105781,0.00626373291015625,0.0020143985748291016,0.0042493343353271484
Sobel_CV2,Otsu_Thresholding_CV2,0.24484335617517328,0.15259456273809463,0.43934259490173644,0.2265148936706627,0.12772303125764098,0.22651489367065983,0.12772303125763915,0.24484335617517328,204501,588789,384288,0.34732476320039946,109100,498943,114655,89846,0.00626373291015625,0.0007236003875732422,0.005540132522583008
Sobel_CV2,Niblack_Thresholding_CV2,0.4314806336641462,0.236341142686259,0.5642319597459181,0.3331394115074078,0.199860392529095,0.33313941150740295,0.19986039252909152,0.4314806336641462,204501,488218,283717,0.41887230704316514,235211,372832,89115,115386,0.00626373291015625,0.003560781478881836,0.002702951431274414
Sobel_CV2,Sauvola_Thresholding_CV2,0.24208289028040328,0.18921508184038102,0.6123099642544535,0.2890945967629292,0.16897170130853278,0.2890945967629258,0.1689717013085305,0.24208289028040328,204501,661776,457275,0.3090184594182926,71485,536558,79283,125218,0.00626373291015625,0.003925323486328125,0.002338409423828125
Sobel_CV2,Sobel_CV2,1.0,1.0,1.0,1.0,1.0,0.9999999999999756,0.999999999999951,1.0,204501,204501,0,1.0,608043,0,0,204501,0.00626373291015625,0.00626373291015625,0.0
Sobel_CV2,Canny_CV2,0.7876213472747322,0.6152768753158616,0.4167314585258752,0.49690534705884065,0.33058819422085506,0.49690534705882616,0.3305881942208422,0.7876213472747322,204501,138510,65991,0.6773072014317778,554755,53288,119279,85222,0.00626373291015625,0.0012798309326171875,0.0049839019775390625
Sobel_CV2,Global_Threshold_Sklearn,0.2508577997006931,0.13363944197108343,0.36050190463616316,0.1949938967701152,0.10802949442729994,0.1949938967701126,0.10802949442729834,0.2508577997006931,204501,551656,347155,0.3707038444247865,130110,477933,130778,73723,0.00626373291015625,0.05472707748413086,0.04846334457397461
Sobel_CV2,Adaptive_Threshold_Sklearn,0.22367281033396344,0.19224332975738928,0.6510775008435167,0.2968391201794242,0.17428718783788383,0.2968391201794209,0.17428718783788155,0.22367281033396344,204501,692591,488090,0.29526950249136935,48598,559445,71355,133146,0.00626373291015625,0.06821537017822266,0.061951637268066406
Sobel_CV2,Otsu_Thresholding_Sklearn,0.23915135672652804,0.14619065863019698,0.4179588363871081,0.2166151990258107,0.121462961278734,0.21661519902580795,0.12146296127873227,0.23915135672652804,204501,584668,380167,0.34977286254763384,108848,499195,119028,85473,0.00626373291015625,0.058739662170410156,0.052475929260253906
Sobel_CV2,Niblack_Thresholding_Sklearn,0.5484269159577819,0.2286073292830456,0.3345118116781825,0.2716009679615833,0.1571401990669169,0.2716009679615779,0.1571401990669133,0.5484269159577819,204501,299238,94737,0.6834058508611874,377213,230830,136093,68408,0.00626373291015625,0.07452750205993652,0.06826376914978027
Sobel_CV2,Sauvola_Thresholding_Sklearn,0.26608897487397604,0.22201127750203614,0.7651111730504986,0.3441585364914816,0.20784510116219293,0.3441585364914778,0.20784510116219015,0.26608897487397604,204501,704766,500265,0.29016865172269946,59743,548300,48035,156466,0.00626373291015625,0.0739595890045166,0.06769585609436035
Sobel_CV2,Sobel_Sklearn,0.9965478792533081,0.986530297182555,0.9999364306287011,0.9931881266984149,0.986468428745785,0.9931881266983907,0.9864684287457373,0.9965478792533081,204501,207280,2779,0.9865930142802007,605251,2792,13,204488,0.00626373291015625,0.013219356536865234,0.006955623626708984
Sobel_CV2,Canny_Sklearn,0.8221671687933207,0.8632467249437005,0.34864866186473414,0.496692732370818,0.3304000074144099,0.4966927323708007,0.33040000741439457,0.8221671687933207,204501,82594,121907,0.403880665620217,596748,11295,133202,71299,0.00626373291015625,0.03502249717712402,0.028758764266967773
Sobel_CV2,Global_Threshold_Torch,0.2599133093100189,0.14307120012375749,0.38893208346169456,0.20919036278301534,0.11681328849006448,0.2091903627830126,0.11681328849006276,0.2599133093100189,204501,555926,351425,0.3678565132769469,131654,476389,124964,79537,0.00626373291015625,0.007071971893310547,0.0008082389831542969
Sobel_CV2,Adaptive_Threshold_Torch,0.2986410582073094,0.18305089450528098,0.5159485772685708,0.2702286694096239,0.15622219228098436,0.2702286694096204,0.15622219228098205,0.2986410582073094,204501,576408,371907,0.35478515218386975,137147,470896,98989,105512,0.00626373291015625,0.00512242317199707,0.0011413097381591797
Sobel_CV2,Otsu_Thresholding_Torch,0.2444507620510397,0.1530020002034105,0.4413768147833018,0.22723399220332283,0.12818047683898554,0.22723399220331997,0.12818047683898373,0.2444507620510397,204501,589940,385439,0.3466471166559311,108365,499678,114239,90262,0.00626373291015625,0.0047910213470458984,0.0014727115631103516
Sobel_CV2,Niblack_Thresholding_Torch,0.43139325378071836,0.23633269647804692,0.5643493185852392,0.3331514726386255,0.1998690745859224,0.33315147263862066,0.19986907458591893,0.43139325378071836,204501,488337,283836,0.4187702344897069,235116,372927,89091,115410,0.00626373291015625,0.2841014862060547,0.27783775329589844
Sobel_CV2,Sauvola_Thresholding_Torch,0.24211611925015752,0.1892209234674988,0.6123001843511767,0.2891003248499849,0.16897561502233377,0.28910032484998155,0.1689756150223315,0.24211611925015752,204501,661745,457244,0.3090329356474171,71514,536529,79285,125216,0.00626373291015625,0.28436946868896484,0.2781057357788086
Sobel_CV2,Sobel_Torch,0.9935523491650914,0.985124554467016,0.9893203456217818,0.9872179919145686,0.9747586193605581,0.9872179919145445,0.9747586193605111,0.9935523491650914,204501,205372,871,0.995758915528894,604988,3055,2184,202317,0.00626373291015625,0.004450321197509766,0.0018134117126464844
Sobel_CV2,Canny_Torch,0.965375413516068,0.8790637694242053,1.0,0.9356401669045789,0.8790637694242053,0.9356401669045574,0.8790637694241674,0.965375413516068,204501,232635,28134,0.8790637694242053,579909,28134,0,204501,0.00626373291015625,0.00403141975402832,0.0022323131561279297
Canny_CV2,Global_Threshold_CV2,0.3195888468809074,0.12732989642506376,0.5110533535484802,0.20386615901249358,0.11350276597450493,0.20386615901249067,0.11350276597450311,0.3195888468809074,138510,555926,417416,0.24915186553606056,188894,485140,67724,70786,0.0012798309326171875,0.0005667209625244141,0.0007131099700927734
Canny_CV2,Adaptive_Threshold_CV2,0.31521246849401385,0.13974021227147024,0.5851635260991986,0.22560478315208163,0.127144607362531,0.2256047831520785,0.127144607362529,0.31521246849401385,138510,580012,441502,0.2388054040261236,175073,498961,57459,81051,0.0012798309326171875,0.0020143985748291016,0.0007345676422119141
Canny_CV2,Otsu_Thresholding_CV2,0.2961796530403277,0.13197766941977518,0.5610208649195004,0.21368653057408302,0.11962431803347331,0.21368653057408007,0.11962431803347147,0.2961796530403277,138510,588789,450279,0.2352455633512175,162952,511082,60803,77707,0.0012798309326171875,0.0007236003875732422,0.0005562305450439453
Canny_CV2,Niblack_Thresholding_CV2,0.43787413358538124,0.17407797336435774,0.6135874666089091,0.2712117537432507,0.1568796839812456,0.27121175374324635,0.15687968398124272,0.43787413358538124,138510,488218,349708,0.28370523004067855,270804,403230,53522,84988,0.0012798309326171875,0.003560781478881836,0.0022809505462646484
Canny_CV2,Sauvola_Thresholding_CV2,0.2762533475110271,0.16033370808249317,0.7660457728683849,0.2651677025463397,0.15284918486677107,0.26516770254633637,0.15284918486676885,0.2762533475110271,138510,661776,523266,0.20930042793936318,118363,555671,32405,106105,0.0012798309326171875,0.003925323486328125,0.0026454925537109375
Canny_CV2,Sobel_CV2,0.7876213472747322,0.4167314585258752,0.6152768753158616,0.49690534705884065,0.33058819422085506,0.49690534705882616,0.3305881942208422,0.7876213472747322,138510,204501,65991,0.6773072014317778,554755,119279,53288,85222,0.0012798309326171875,0.00626373291015625,0.0049839019775390625
Canny_CV2,Canny_CV2,1.0,1.0,1.0,1.0,1.0,0.9999999999999638,0.9999999999999277,1.0,138510,138510,0,1.0,674034,0,0,138510,0.0012798309326171875,0.0012798309326171875,0.0
Canny_CV2,Global_Threshold_Sklearn,0.3236304741650914,0.1274217990921879,0.5074940437513537,0.20369882028381578,0.11339903496361352,0.2036988202838128,0.11339903496361169,0.3236304741650914,138510,551656,413146,0.2510803834273533,192671,481363,68217,70293,0.0012798309326171875,0.05472707748413086,0.05344724655151367
Canny_CV2,Adaptive_Threshold_Sklearn,0.2461491316162571,0.15778720774598573,0.788982744928164,0.26298127423742723,0.1513980651659211,0.26298127423742407,0.151398065165919,0.2461491316162571,138510,692591,554081,0.19998816040058273,90725,583309,29228,109282,0.0012798309326171875,0.06821537017822266,0.06693553924560547
Canny_CV2,Otsu_Thresholding_Sklearn,0.29775618304977947,0.13047917792661817,0.5507688975525232,0.2109771038388889,0.11792867731967209,0.210977103838886,0.11792867731967027,0.29775618304977947,138510,584668,446158,0.2369036786689198,165653,508381,62223,76287,0.0012798309326171875,0.058739662170410156,0.05745983123779297
Canny_CV2,Niblack_Thresholding_Sklearn,0.5789668005671077,0.15980590700378963,0.3452458306259476,0.21848186627922914,0.12263802548162737,0.21848186627922414,0.12263802548162422,0.5789668005671077,138510,299238,160728,0.4628757042888938,422616,251418,90690,47820,0.0012798309326171875,0.07452750205993652,0.07324767112731934
Canny_CV2,Sauvola_Thresholding_Sklearn,0.25463236452425964,0.1685892906297977,0.8578153201934878,0.2817962327873674,0.164006294343373,0.28179623278736404,0.16400629434337072,0.25463236452425964,138510,704766,566256,0.1965333174415338,88084,585950,19694,118816,0.0012798309326171875,0.0739595890045166,0.07267975807189941
Canny_CV2,Sobel_Sklearn,0.7867807774102079,0.4162003087610961,0.6228431160205039,0.4989733653373435,0.33242139334155363,0.498973365337329,0.3324213933415408,0.7867807774102079,138510,207280,68770,0.6682265534542647,553024,121010,52240,86270,0.0012798309326171875,0.013219356536865234,0.011939525604248047
Canny_CV2,Canny_Sklearn,0.8904625472589792,0.7996948930915079,0.47686087647101294,0.5974564006078588,0.4259806261044539,0.5974564006078317,0.42598062610442644,0.8904625472589792,138510,82594,55916,0.5963035159916251,657490,16544,72460,66050,0.0012798309326171875,0.03502249717712402,0.033742666244506836
Canny_CV2,Global_Threshold_Torch,0.3195888468809074,0.12732989642506376,0.5110533535484802,0.20386615901249358,0.11350276597450493,0.20386615901249067,0.11350276597450311,0.3195888468809074,138510,555926,417416,0.24915186553606056,188894,485140,67724,70786,0.0012798309326171875,0.007071971893310547,0.005792140960693359
Canny_CV2,Adaptive_Threshold_Torch,0.31754341918714557,0.13913061581379857,0.5789906865930258,0.2243502051983584,0.1263482280431433,0.22435020519835527,0.1263482280431413,0.31754341918714557,138510,576408,437898,0.24029853853520422,177822,496212,58314,80196,0.0012798309326171875,0.00512242317199707,0.003842592239379883
Canny_CV2,Otsu_Thresholding_Torch,0.29550645872715814,0.13223209139912534,0.5632012129088152,0.2141780492827236,0.11993247658127332,0.21417804928272063,0.11993247658127147,0.29550645872715814,138510,589940,451430,0.23478658846662373,162103,511931,60501,78009,0.0012798309326171875,0.0047910213470458984,0.003511190414428711
Canny_CV2,Niblack_Thresholding_Torch,0.43784582742596095,0.17413384609398838,0.6139340119846942,0.2713134145971824,0.1569477179311605,0.27131341459717806,0.1569477179311576,0.43784582742596095,138510,488337,349827,0.28363609556515273,270733,403301,53474,85036,0.0012798309326171875,0.2841014862060547,0.2828216552734375
Canny_CV2,Sauvola_Thresholding_Torch,0.2763062677221172,0.1603502859862938,0.766089091040358,0.26519296974089507,0.15286597593582887,0.2651929697408918,0.15286597593582668,0.2763062677221172,138510,661745,523235,0.20931023279359875,118400,555634,32399,106111,0.0012798309326171875,0.28436946868896484,0.28308963775634766
Canny_CV2,Sobel_Torch,0.7852473219911783,0.41238825156301734,0.6114576564868962,0.4925701257989659,0.32676155238069515,0.4925701257989516,0.32676155238068255,0.7852473219911783,138510,205372,66862,0.6744346843776172,553355,120679,53817,84693,0.0012798309326171875,0.004450321197509766,0.003170490264892578
Canny_CV2,Canny_Torch,0.7766262503938248,0.4075998882369377,0.6845859504728901,0.5109701060232523,0.34315637858593023,0.5109701060232386,0.3431563785859178,0.7766262503938248,138510,232635,94125,0.5953962215487781,536221,137813,43688,94822,0.0012798309326171875,0.00403141975402832,0.002751588821411133
Global_Threshold_Sklearn,Global_Threshold_CV2,0.9605855190611217,0.9673553674409904,0.9748430181127369,0.9710847594128471,0.9437947083558557,0.9710847594128383,0.9437947083558391,0.9605855190611217,551656,555926,4270,0.9923191216097107,242740,18148,13878,537778,0.05472707748413086,0.0005667209625244141,0.054160356521606445
Global_Threshold_Sklearn,Adaptive_Threshold_CV2,0.7401100740390675,0.7935146169389599,0.8343025363632408,0.8133975688982988,0.6854844955467516,0.8133975688982916,0.6854844955467414,0.7401100740390675,551656,580012,28356,0.9511113563167659,141124,119764,91408,460248,0.05472707748413086,0.0020143985748291016,0.05271267890930176
Global_Threshold_Sklearn,Otsu_Thresholding_CV2,0.9345844655797102,0.9233290703460832,0.985480081790101,0.9533927545826409,0.910936512963326,0.9533927545826326,0.9109365129633107,0.9345844655797102,551656,588789,37133,0.936933264717921,215745,45143,8010,543646,0.05472707748413086,0.0007236003875732422,0.05400347709655762
Global_Threshold_Sklearn,Niblack_Thresholding_CV2,0.6615370982986768,0.7833160596291001,0.6932381774149108,0.7355294968428867,0.5816897230947076,0.7355294968428796,0.5816897230946987,0.6615370982986768,551656,488218,63438,0.8850044230462462,155099,105789,169227,382429,0.05472707748413086,0.003560781478881836,0.05116629600524902
Global_Threshold_Sklearn,Sauvola_Thresholding_CV2,0.8338699196597353,0.8148104494572181,0.9774605913830358,0.8887552001265832,0.7997834502603046,0.8887552001265758,0.7997834502602927,0.8338699196597353,551656,661776,110120,0.8335992843499915,138334,122554,12434,539222,0.05472707748413086,0.003925323486328125,0.050801753997802734
Global_Threshold_Sklearn,Sobel_CV2,0.2508577997006931,0.36050190463616316,0.13363944197108343,0.1949938967701152,0.10802949442729994,0.1949938967701126,0.10802949442729834,0.2508577997006931,551656,204501,347155,0.3707038444247865,130110,130778,477933,73723,0.05472707748413086,0.00626373291015625,0.04846334457397461
Global_Threshold_Sklearn,Canny_CV2,0.3236304741650914,0.5074940437513537,0.1274217990921879,0.20369882028381578,0.11339903496361352,0.2036988202838128,0.11339903496361169,0.3236304741650914,551656,138510,413146,0.2510803834273533,192671,68217,481363,70293,0.05472707748413086,0.0012798309326171875,0.05344724655151367
Global_Threshold_Sklearn,Global_Threshold_Sklearn,1.0,1.0,1.0,1.0,1.0,0.9999999999999909,0.9999999999999819,1.0,551656,551656,0,1.0,260888,0,0,551656,0.05472707748413086,0.05472707748413086,0.0
Global_Threshold_Sklearn,Adaptive_Threshold_Sklearn,0.816208106884058,0.7904434218752482,0.9923829342923851,0.8799764033990036,0.7856766643752162,0.8799764033989965,0.7856766643752049,0.816208106884058,551656,692591,140935,0.7965104946498005,115751,145137,4202,547454,0.05472707748413086,0.06821537017822266,0.013488292694091797
Global_Threshold_Sklearn,Otsu_Thresholding_Sklearn,0.9593720463137996,0.9435371869163355,1.0,0.9709484266811227,0.9435371869163355,0.970948426681114,0.9435371869163193,0.9593720463137996,551656,584668,33012,0.9435371869163355,227876,33012,0,551656,0.05472707748413086,0.058739662170410156,0.004012584686279297
Global_Threshold_Sklearn,Niblack_Thresholding_Sklearn,0.5974199551039697,0.8751896483735354,0.47473425468045305,0.6155643358632215,0.4446319549612566,0.6155643358632142,0.4446319549612491,0.5974199551039697,551656,299238,252418,0.5424358658294299,223540,37348,289766,261890,0.05472707748413086,0.07452750205993652,0.019800424575805664
Global_Threshold_Sklearn,Sauvola_Thresholding_Sklearn,0.8113948290800252,0.7826512629723908,0.9998731093290021,0.8780266502815137,0.7825735348364726,0.8780266502815067,0.7825735348364615,0.8113948290800252,551656,704766,153110,0.7827505867195637,107708,153180,70,551586,0.05472707748413086,0.0739595890045166,0.019232511520385742
Global_Threshold_Sklearn,Sobel_Sklearn,0.2508885672652804,0.3624324585102277,0.1361808808387836,0.19797453276692634,0.10986222801329606,0.19797453276692373,0.10986222801329447,0.2508885672652804,551656,207280,344376,0.37574140406340184,128733,132155,476531,75125,0.05472707748413086,0.013219356536865234,0.041507720947265625
Global_Threshold_Sklearn,Canny_Sklearn,0.3004711129489603,0.39864881226239196,0.05968574618965442,0.10382656681119433,0.05475583878242012,0.10382656681119269,0.054755838782419214,0.3004711129489603,551656,82594,469062,0.14972011543425612,211220,49668,518730,32926,0.05472707748413086,0.03502249717712402,0.019704580307006836
Global_Threshold_Sklearn,Global_Threshold_Torch,0.9605855190611217,0.9673553674409904,0.9748430181127369,0.9710847594128471,0.9437947083558557,0.9710847594128383,0.9437947083558391,0.9605855190611217,551656,555926,4270,0.9923191216097107,242740,18148,13878,537778,0.05472707748413086,0.007071971893310547,0.04765510559082031
Global_Threshold_Sklearn,Adaptive_Threshold_Torch,0.7579528000945179,0.807925982984275,0.8441764432907464,0.8256535090207647,0.7030748721634014,0.8256535090207574,0.7030748721633907,0.7579528000945179,551656,576408,24752,0.9570581948897309,150175,110713,85961,465695,0.05472707748413086,0.00512242317199707,0.04960465431213379
Global_Threshold_Sklearn,Otsu_Thresholding_Torch,0.9334534499054821,0.9217242431433705,0.9856903577591832,0.9526347324272334,0.9095534880920122,0.9526347324272251,0.909553488091997,0.9334534499054821,551656,589940,38284,0.9351052649421975,214710,46178,7894,543762,0.05472707748413086,0.0047910213470458984,0.04993605613708496
Global_Threshold_Sklearn,Niblack_Thresholding_Torch,0.6614940237082546,0.7832111840798465,0.6933143118175095,0.7355261045026265,0.5816854797253932,0.7355261045026193,0.5816854797253843,0.6614940237082546,551656,488337,63319,0.8852201371869426,155022,105866,169185,382471,0.05472707748413086,0.2841014862060547,0.22937440872192383
Global_Threshold_Sklearn,Sauvola_Thresholding_Torch,0.8339425311121613,0.8148697761222223,0.9774859695172354,0.8888009817034929,0.7998576016257147,0.8888009817034855,0.7998576016257029,0.8339425311121613,551656,661745,110089,0.8336383350081981,138379,122509,12420,539236,0.05472707748413086,0.28436946868896484,0.22964239120483398
Global_Threshold_Sklearn,Sobel_Torch,0.2536256498109641,0.3665689577936622,0.1364672912104645,0.19889092609520387,0.11042691915598941,0.19889092609520126,0.11042691915598779,0.2536256498109641,551656,205372,346284,0.3722827269167742,130799,130089,476373,75283,0.05472707748413086,0.004450321197509766,0.050276756286621094
Global_Threshold_Sklearn,Canny_Torch,0.2539985526937618,0.3828572656736948,0.16145206432994474,0.22712488094342534,0.1281110431874573,0.22712488094342242,0.12811104318745545,0.2539985526937618,551656,232635,319021,0.4217030178227011,117319,143569,462590,89066,0.05472707748413086,0.00403141975402832,0.05069565773010254
Adaptive_Threshold_Sklearn,Global_Threshold_CV2,0.8095770813642093,0.983755032144566,0.7896363077198519,0.876071371074643,0.7794724224724995,0.876071371074636,0.7794724224724883,0.8095770813642093,692591,555926,136665,0.8026757494683009,110922,9031,145696,546895,0.06821537017822266,0.0005667209625244141,0.06764864921569824
Adaptive_Threshold_Sklearn,Adaptive_Threshold_CV2,0.7954264630592313,0.9537544050812742,0.7987239221993933,0.8693818889315835,0.7689438904441671,0.8693818889315766,0.7689438904441563,0.7954264630592313,692591,580012,112579,0.837452406976123,93130,26823,139402,553189,0.06821537017822266,0.0020143985748291016,0.06620097160339355
Adaptive_Threshold_Sklearn,Otsu_Thresholding_CV2,0.8435678560176434,0.980208529710983,0.8332998840585569,0.9008038208806131,0.819511419337616,0.9008038208806061,0.8195114193376043,0.8435678560176434,692591,588789,103802,0.8501251099133543,108300,11653,115455,577136,0.06821537017822266,0.0007236003875732422,0.06749176979064941
Adaptive_Threshold_Sklearn,Niblack_Thresholding_CV2,0.6805748365626969,0.9434945045041354,0.6650837218502695,0.7801956116526889,0.639607152676144,0.7801956116526824,0.6396071526761351,0.6805748365626969,692591,488218,204373,0.7049153107678269,92366,27587,231960,460631,0.06821537017822266,0.003560781478881836,0.06465458869934082
Adaptive_Threshold_Sklearn,Sauvola_Thresholding_CV2,0.8919307754410838,0.9569370904958777,0.9143607121663435,0.9351645455035452,0.8782244632770712,0.9351645455035383,0.878224463277059,0.8919307754410838,692591,661776,30815,0.9555076517020868,91455,28498,59313,633278,0.06821537017822266,0.003925323486328125,0.06429004669189453
Adaptive_Threshold_Sklearn,Sobel_CV2,0.22367281033396344,0.6510775008435167,0.19224332975738928,0.2968391201794242,0.17428718783788383,0.2968391201794209,0.17428718783788155,0.22367281033396344,692591,204501,488090,0.29526950249136935,48598,71355,559445,133146,0.06821537017822266,0.00626373291015625,0.061951637268066406
Adaptive_Threshold_Sklearn,Canny_CV2,0.2461491316162571,0.788982744928164,0.15778720774598573,0.26298127423742723,0.1513980651659211,0.26298127423742407,0.151398065165919,0.2461491316162571,692591,138510,554081,0.19998816040058273,90725,29228,583309,109282,0.06821537017822266,0.0012798309326171875,0.06693553924560547
Adaptive_Threshold_Sklearn,Global_Threshold_Sklearn,0.816208106884058,0.9923829342923851,0.7904434218752482,0.8799764033990036,0.7856766643752162,0.8799764033989965,0.7856766643752049,0.816208106884058,692591,551656,140935,0.7965104946498005,115751,4202,145137,547454,0.06821537017822266,0.05472707748413086,0.013488292694091797
Adaptive_Threshold_Sklearn,Adaptive_Threshold_Sklearn,1.0,1.0,1.0,1.0,1.0,0.9999999999999928,0.9999999999999856,1.0,692591,692591,0,1.0,119953,0,0,692591,0.06821537017822266,0.06821537017822266,0.0
Adaptive_Threshold_Sklearn,Otsu_Thresholding_Sklearn,0.8503354895242596,0.9882959217880917,0.8342946991803243,0.9047890834983351,0.8261322726661844,0.904789083498328,0.8261322726661725,0.8503354895242596,692591,584668,107923,0.8441749892793872,113110,6843,114766,577825,0.06821537017822266,0.058739662170410156,0.0094757080078125
Adaptive_Threshold_Sklearn,Niblack_Thresholding_Sklearn,0.5092905738027725,0.9910272091111423,0.4281791129252329,0.5979921942189631,0.42652558120803824,0.5979921942189571,0.4265255812080321,0.5092905738027725,692591,299238,393353,0.4320558598075921,117268,2685,396038,296553,0.06821537017822266,0.07452750205993652,0.006312131881713867
Adaptive_Threshold_Sklearn,Sauvola_Thresholding_Sklearn,0.9153239701480781,0.9425497257245667,0.9591187295243513,0.9507620457764193,0.906145304741638,0.9507620457764125,0.9061453047416257,0.9153239701480781,692591,704766,12175,0.9827247625452987,79464,40489,28314,664277,0.06821537017822266,0.0739595890045166,0.005744218826293945
Adaptive_Threshold_Sklearn,Sobel_Sklearn,0.2252985684467549,0.6522385179467387,0.19520322961170444,0.3004786241583516,0.1768019093078759,0.30047862415834825,0.17680190930787357,0.2252985684467549,692591,207280,485311,0.29928197161095077,47869,72084,557395,135196,0.06821537017822266,0.013219356536865234,0.05499601364135742
Adaptive_Threshold_Sklearn,Canny_Sklearn,0.19627614012287334,0.7393030970772695,0.08816458775814297,0.15754174809884092,0.08550627833020362,0.1575417480988389,0.08550627833020243,0.19627614012287334,692591,82594,609997,0.11925364320356459,98421,21532,631529,61062,0.06821537017822266,0.03502249717712402,0.03319287300109863
Adaptive_Threshold_Sklearn,Global_Threshold_Torch,0.8095770813642093,0.983755032144566,0.7896363077198519,0.876071371074643,0.7794724224724995,0.876071371074636,0.7794724224724883,0.8095770813642093,692591,555926,136665,0.8026757494683009,110922,9031,145696,546895,0.06821537017822266,0.007071971893310547,0.06114339828491211
Adaptive_Threshold_Sklearn,Adaptive_Threshold_Torch,0.7986533652331443,0.9588659421798448,0.7980149900879451,0.871077124568262,0.7716002071754751,0.8710771245682551,0.7716002071754643,0.7986533652331443,692591,576408,116183,0.8322487586468782,96243,23710,139893,552698,0.06821537017822266,0.00512242317199707,0.06309294700622559
Adaptive_Threshold_Sklearn,Otsu_Thresholding_Torch,0.8447087173125394,0.9800572939620978,0.8348000479359391,0.9016156334622711,0.8208562147550387,0.901615633462264,0.820856214755027,0.8447087173125394,692591,589940,102651,0.8517869853925333,108188,11765,114416,578175,0.06821537017822266,0.0047910213470458984,0.06342434883117676
Adaptive_Threshold_Sklearn,Niblack_Thresholding_Torch,0.6807139059546313,0.9435021307007251,0.6652512088664161,0.7803134484066768,0.6397655589358786,0.7803134484066702,0.6397655589358697,0.6807139059546313,692591,488337,204254,0.7050871293447359,92363,27590,231844,460747,0.06821537017822266,0.2841014862060547,0.21588611602783203
Adaptive_Threshold_Sklearn,Sauvola_Thresholding_Torch,0.8919073920919974,0.9569441401143945,0.9143246158266567,0.9351490324409896,0.8781971007498444,0.9351490324409826,0.8781971007498321,0.8919073920919974,692591,661745,30846,0.9554628922408752,91461,28492,59338,633253,0.06821537017822266,0.28436946868896484,0.2161540985107422
Adaptive_Threshold_Sklearn,Sobel_Torch,0.2260345285916824,0.655108778217089,0.19425750551191107,0.2996582264525376,0.17623411429065444,0.29965822645253426,0.17623411429065214,0.2260345285916824,692591,205372,487219,0.29652709896605645,49122,70831,558050,134541,0.06821537017822266,0.004450321197509766,0.06376504898071289
Adaptive_Threshold_Sklearn,Canny_Torch,0.2426847038437303,0.6660089840307778,0.22370634328196584,0.33491709052707125,0.2011413897900658,0.3349170905270676,0.20114138979006319,0.2426847038437303,692591,232635,459956,0.3358908793212733,42255,77698,537654,154937,0.06821537017822266,0.00403141975402832,0.06418395042419434
Otsu_Thresholding_Sklearn,Global_Threshold_CV2,0.9325919580970384,0.9765886107143756,0.92857998043334,0.9519794072211497,0.908359448068625,0.9519794072211413,0.9083594480686098,0.9325919580970384,584668,555926,28742,0.9508404769886499,214861,13015,41757,542911,0.058739662170410156,0.0005667209625244141,0.05817294120788574
Otsu_Thresholding_Sklearn,Adaptive_Threshold_CV2,0.7622356450850661,0.8374706040564678,0.8308014120834388,0.8341226774736409,0.715446352165223,0.8341226774736337,0.7154463521652125,0.7622356450850661,584668,580012,4656,0.9920365061881273,133607,94269,98925,485743,0.058739662170410156,0.0020143985748291016,0.056725263595581055
Otsu_Thresholding_Sklearn,Otsu_Thresholding_CV2,0.9612168694864525,0.9697395841294589,0.9765747398523607,0.9731451599845584,0.9476949633600836,0.9731451599845501,0.9476949633600679,0.9612168694864525,584668,588789,4121,0.9930008882638772,210059,17817,13696,570972,0.058739662170410156,0.0007236003875732422,0.058016061782836914
Otsu_Thresholding_Sklearn,Niblack_Thresholding_CV2,0.6694603615311909,0.8237180931469139,0.6878330950214481,0.7496677186579003,0.5995747929128177,0.7496677186578933,0.5995747929128087,0.6694603615311909,584668,488218,96450,0.8350345837295696,141812,86064,182514,402154,0.058739662170410156,0.003560781478881836,0.05517888069152832
Otsu_Thresholding_Sklearn,Sauvola_Thresholding_CV2,0.8633181710775047,0.8578310485723266,0.9709647184384984,0.9108985241214206,0.8363761727405592,0.9108985241214133,0.8363761727405468,0.8633181710775047,584668,661776,77108,0.8834832329972679,133792,94084,16976,567692,0.058739662170410156,0.003925323486328125,0.05481433868408203
Otsu_Thresholding_Sklearn,Sobel_CV2,0.23915135672652804,0.4179588363871081,0.14619065863019698,0.2166151990258107,0.121462961278734,0.21661519902580795,0.12146296127873227,0.23915135672652804,584668,204501,380167,0.34977286254763384,108848,119028,499195,85473,0.058739662170410156,0.00626373291015625,0.052475929260253906
Otsu_Thresholding_Sklearn,Canny_CV2,0.29775618304977947,0.5507688975525232,0.13047917792661817,0.2109771038388889,0.11792867731967209,0.210977103838886,0.11792867731967027,0.29775618304977947,584668,138510,446158,0.2369036786689198,165653,62223,508381,76287,0.058739662170410156,0.0012798309326171875,0.05745983123779297
Otsu_Thresholding_Sklearn,Global_Threshold_Sklearn,0.9593720463137996,1.0,0.9435371869163355,0.9709484266811227,0.9435371869163355,0.970948426681114,0.9435371869163193,0.9593720463137996,584668,551656,33012,0.9435371869163355,227876,0,33012,551656,0.058739662170410156,0.05472707748413086,0.004012584686279297
Otsu_Thresholding_Sklearn,Adaptive_Threshold_Sklearn,0.8503354895242596,0.8342946991803243,0.9882959217880917,0.9047890834983351,0.8261322726661844,0.904789083498328,0.8261322726661725,0.8503354895242596,584668,692591,107923,0.8441749892793872,113110,114766,6843,577825,0.058739662170410156,0.06821537017822266,0.0094757080078125
Otsu_Thresholding_Sklearn,Otsu_Thresholding_Sklearn,1.0,1.0,1.0,1.0,1.0,0.9999999999999915,0.9999999999999829,1.0,584668,584668,0,1.0,227876,0,0,584668,0.058739662170410156,0.058739662170410156,0.0
Otsu_Thresholding_Sklearn,Niblack_Thresholding_Sklearn,0.5827425960932577,0.9104224730816274,0.4659618792203439,0.6164298013589681,0.44553561645403805,0.6164298013589611,0.4455356164540307,0.5827425960932577,584668,299238,285430,0.5118084109272271,201071,26805,312235,272433,0.058739662170410156,0.07452750205993652,0.015787839889526367
Otsu_Thresholding_Sklearn,Sauvola_Thresholding_Sklearn,0.8512818998109641,0.8290652500262499,0.999365451846176,0.906284462795304,0.8286290465540739,0.906284462795297,0.8286290465540621,0.8512818998109641,584668,704766,120098,0.8295916658862658,107407,120469,371,584297,0.058739662170410156,0.0739595890045166,0.015219926834106445
Otsu_Thresholding_Sklearn,Sobel_Sklearn,0.2393199629804663,0.41938923195677347,0.148684381563554,0.21953714132746088,0.1233034097050142,0.2195371413274581,0.12330340970501245,0.2393199629804663,584668,207280,377388,0.3545259873979763,107527,120349,497737,86931,0.058739662170410156,0.013219356536865234,0.04552030563354492
Otsu_Thresholding_Sklearn,Canny_Sklearn,0.27257108538122243,0.4612562655882994,0.0651600566475333,0.11418902919692714,0.060551683580618756,0.11418902919692543,0.06055168358061779,0.27257108538122243,584668,82594,502074,0.14126649654162704,183379,44497,546571,38097,0.058739662170410156,0.03502249717712402,0.023717164993286133
Otsu_Thresholding_Sklearn,Global_Threshold_Torch,0.9325919580970384,0.9765886107143756,0.92857998043334,0.9519794072211497,0.908359448068625,0.9519794072211413,0.9083594480686098,0.9325919580970384,584668,555926,28742,0.9508404769886499,214861,13015,41757,542911,0.058739662170410156,0.007071971893310547,0.05166769027709961
Otsu_Thresholding_Sklearn,Adaptive_Threshold_Torch,0.779768234089477,0.8519382104342758,0.8399023035295244,0.8458774447150746,0.7329182163901542,0.8458774447150673,0.7329182163901432,0.779768234089477,584668,576408,8260,0.9858723241224079,142532,85344,93604,491064,0.058739662170410156,0.00512242317199707,0.053617238998413086
Otsu_Thresholding_Sklearn,Otsu_Thresholding_Torch,0.961063031663516,0.9687171576770519,0.9774521608844677,0.9730650565976053,0.9475430384846872,0.973065056597597,0.9475430384846715,0.961063031663516,584668,589940,5272,0.9910634979828458,209421,18455,13183,571485,0.058739662170410156,0.0047910213470458984,0.05394864082336426
Otsu_Thresholding_Sklearn,Niblack_Thresholding_Torch,0.6695871238972905,0.8237446681287718,0.6880229463558806,0.7497914734786884,0.5997331305722038,0.7497914734786814,0.5997331305721949,0.6695871238972905,584668,488337,96331,0.8352381180430604,141804,86072,182403,402265,0.058739662170410156,0.2841014862060547,0.22536182403564453
Otsu_Thresholding_Sklearn,Sauvola_Thresholding_Torch,0.863348938642092,0.8578667009195385,0.9709595873213516,0.9109163656027336,0.8364062564459191,0.9109163656027263,0.8364062564459067,0.863348938642092,584668,661745,77077,0.8835246205109218,133820,94056,16979,567689,0.058739662170410156,0.28436946868896484,0.2256298065185547
Otsu_Thresholding_Sklearn,Sobel_Torch,0.2424164106805293,0.4247657908575658,0.14920433476776565,0.220836919649638,0.12412404578794972,0.2208369196496352,0.12412404578794795,0.2424164106805293,584668,205372,379296,0.3512625968925955,109739,118137,497433,87235,0.058739662170410156,0.004450321197509766,0.05428934097290039
Otsu_Thresholding_Sklearn,Canny_Torch,0.2440323231726528,0.436404668257141,0.17364213536571182,0.24843417924564085,0.1418354801754729,0.2484341792456378,0.14183548017547093,0.2440323231726528,584668,232635,352033,0.39789247915056064,96764,131112,483145,101523,0.058739662170410156,0.00403141975402832,0.054708242416381836
Niblack_Thresholding_Sklearn,Global_Threshold_CV2,0.5971590461562697,0.47473764493835513,0.8819702043189702,0.617235992160568,0.4463784048913733,0.6172359921605608,0.4463784048913657,0.5971590461562697,299238,555926,256688,0.5382694819094628,221299,292007,35319,263919,0.07452750205993652,0.0005667209625244141,0.07396078109741211
Niblack_Thresholding_Sklearn,Adaptive_Threshold_CV2,0.5651706246061752,0.45338027489086435,0.8787854483721987,0.5981597952800682,0.4266961336007425,0.5981597952800615,0.4266961336007356,0.5651706246061752,299238,580012,280774,0.5159169120638883,196260,317046,36272,262966,0.07452750205993652,0.0020143985748291016,0.07251310348510742
Niblack_Thresholding_Sklearn,Otsu_Thresholding_CV2,0.5815672751260239,0.4653891292126721,0.9157125766112593,0.6171343889318681,0.44627213518976044,0.6171343889318611,0.44627213518975317,0.5815672751260239,299238,588789,289551,0.50822620667166,198533,314773,25222,274016,0.07452750205993652,0.0007236003875732422,0.07380390167236328
Niblack_Thresholding_Sklearn,Niblack_Thresholding_CV2,0.7134013665721487,0.5679655399841874,0.9266570422205735,0.7042704608257477,0.5435319945507826,0.7042704608257387,0.543531994550772,0.7134013665721487,299238,488218,188980,0.6129188190521447,302379,210927,21947,277291,0.07452750205993652,0.003560781478881836,0.07096672058105469
Niblack_Thresholding_Sklearn,Sauvola_Thresholding_CV2,0.5405147290485193,0.44400371122555066,0.981930770824561,0.6115020176605127,0.4404054060130429,0.6115020176605064,0.4404054060130363,0.5405147290485193,299238,661776,362538,0.45217414956118085,145361,367945,5407,293831,0.07452750205993652,0.003925323486328125,0.0706021785736084
Niblack_Thresholding_Sklearn,Sobel_CV2,0.5484269159577819,0.3345118116781825,0.2286073292830456,0.2716009679615833,0.1571401990669169,0.2716009679615779,0.1571401990669133,0.5484269159577819,299238,204501,94737,0.6834058508611874,377213,136093,230830,68408,0.07452750205993652,0.00626373291015625,0.06826376914978027
Niblack_Thresholding_Sklearn,Canny_CV2,0.5789668005671077,0.3452458306259476,0.15980590700378963,0.21848186627922914,0.12263802548162737,0.21848186627922414,0.12263802548162422,0.5789668005671077,299238,138510,160728,0.4628757042888938,422616,90690,251418,47820,0.07452750205993652,0.0012798309326171875,0.07324767112731934
Niblack_Thresholding_Sklearn,Global_Threshold_Sklearn,0.5974199551039697,0.47473425468045305,0.8751896483735354,0.6155643358632215,0.4446319549612566,0.6155643358632142,0.4446319549612491,0.5974199551039697,299238,551656,252418,0.5424358658294299,223540,289766,37348,261890,0.07452750205993652,0.05472707748413086,0.019800424575805664
Niblack_Thresholding_Sklearn,Adaptive_Threshold_Sklearn,0.5092905738027725,0.4281791129252329,0.9910272091111423,0.5979921942189631,0.42652558120803824,0.5979921942189571,0.4265255812080321,0.5092905738027725,299238,692591,393353,0.4320558598075921,117268,396038,2685,296553,0.07452750205993652,0.06821537017822266,0.006312131881713867
Niblack_Thresholding_Sklearn,Otsu_Thresholding_Sklearn,0.5827425960932577,0.4659618792203439,0.9104224730816274,0.6164298013589681,0.44553561645403805,0.6164298013589611,0.4455356164540307,0.5827425960932577,299238,584668,285430,0.5118084109272271,201071,312235,26805,272433,0.07452750205993652,0.058739662170410156,0.015787839889526367
Niblack_Thresholding_Sklearn,Niblack_Thresholding_Sklearn,1.0,1.0,1.0,1.0,1.0,0.9999999999999832,0.9999999999999666,1.0,299238,299238,0,1.0,513306,0,0,299238,0.07452750205993652,0.07452750205993652,0.0
Niblack_Thresholding_Sklearn,Sauvola_Thresholding_Sklearn,0.5009156427221172,0.4245919922357208,1.0,0.5960892586085315,0.4245919922357208,0.5960892586085255,0.42459199223571475,0.5009156427221172,299238,704766,405528,0.4245919922357208,107778,405528,0,299238,0.07452750205993652,0.0739595890045166,0.0005679130554199219
Niblack_Thresholding_Sklearn,Sobel_Sklearn,0.5473377441713926,0.3345957159397916,0.23177203430045648,0.273850090223842,0.15864791851094442,0.2738500902238366,0.1586479185109408,0.5473377441713926,299238,207280,91958,0.6926927729766942,375381,137925,229883,69355,0.07452750205993652,0.013219356536865234,0.06130814552307129
Niblack_Thresholding_Sklearn,Canny_Sklearn,0.5919260987712666,0.3042230670508754,0.08396995034053162,0.13161285591569066,0.07044196184522224,0.13161285591568722,0.07044196184522027,0.5919260987712666,299238,82594,216644,0.2760144099345671,455839,57467,274111,25127,0.07452750205993652,0.03502249717712402,0.0395050048828125
Niblack_Thresholding_Sklearn,Global_Threshold_Torch,0.5971590461562697,0.47473764493835513,0.8819702043189702,0.617235992160568,0.4463784048913733,0.6172359921605608,0.4463784048913657,0.5971590461562697,299238,555926,256688,0.5382694819094628,221299,292007,35319,263919,0.07452750205993652,0.007071971893310547,0.06745553016662598
Niblack_Thresholding_Sklearn,Adaptive_Threshold_Torch,0.6012006734404537,0.4784839905067244,0.9216810699175907,0.6299394960977381,0.45978954528177324,0.6299394960977309,0.4597895452817656,0.6012006734404537,299238,576408,277170,0.5191426905941625,212700,300606,23436,275802,0.07452750205993652,0.00512242317199707,0.06940507888793945
Niblack_Thresholding_Sklearn,Otsu_Thresholding_Torch,0.5807833175803403,0.46491677119707087,0.9165714247522039,0.6169135988519734,0.44604125840577,0.6169135988519665,0.44604125840576275,0.5807833175803403,299238,589940,290702,0.5072346340305793,197639,315667,24965,274273,0.07452750205993652,0.0047910213470458984,0.06973648071289062
Niblack_Thresholding_Sklearn,Niblack_Thresholding_Torch,0.7135527429899181,0.5680749154784503,0.9270614026293452,0.7044713201917278,0.5437713044654355,0.7044713201917188,0.5437713044654249,0.7135527429899181,299238,488337,189099,0.6127694604340855,302381,210925,21826,277412,0.07452750205993652,0.2841014862060547,0.20957398414611816
Niblack_Thresholding_Sklearn,Sauvola_Thresholding_Torch,0.5405651878544423,0.44403206673265383,0.9819474799323615,0.6115321498923498,0.44043666538259185,0.6115321498923434,0.44043666538258525,0.5405651878544423,299238,661745,362507,0.45219533203877627,145397,367909,5402,293836,0.07452750205993652,0.28436946868896484,0.20984196662902832
Niblack_Thresholding_Sklearn,Sobel_Torch,0.5476995707309389,0.3337748086399314,0.22907518430145904,0.27168704544103367,0.1571978296664236,0.2716870454410283,0.15719782966641999,0.5476995707309389,299238,205372,93866,0.686316577440031,376482,136824,230690,68548,0.07452750205993652,0.004450321197509766,0.07007718086242676
Niblack_Thresholding_Sklearn,Canny_Torch,0.5372324452583491,0.33497539063339565,0.2604181287135992,0.2930285989324519,0.1716657928476074,0.2930285989324464,0.17166579284760364,0.5372324452583491,299238,232635,66603,0.7774246586329276,358598,154708,221311,77927,0.07452750205993652,0.00403141975402832,0.0704960823059082
Sauvola_Thresholding_Sklearn,Global_Threshold_CV2,0.8130021266540642,0.997208261531211,0.7866071859312169,0.8794757165112493,0.7848787656551298,0.8794757165112423,0.7848787656551187,0.8130021266540642,704766,555926,148840,0.7888093352971057,106226,1552,150392,554374,0.0739595890045166,0.0005667209625244141,0.07339286804199219
Sauvola_Thresholding_Sklearn,Adaptive_Threshold_CV2,0.7875462744171392,0.9587301642034992,0.7890207529875164,0.865635930876774,0.7631023887646956,0.8656359308767673,0.7631023887646852,0.7875462744171392,704766,580012,124754,0.8229852177885993,83841,23937,148691,556075,0.0739595890045166,0.0020143985748291016,0.0719451904296875
Sauvola_Thresholding_Sklearn,Otsu_Thresholding_CV2,0.8523390733301828,0.9965998006076879,0.8325983376042545,0.9072470826520712,0.830239908994182,0.9072470826520642,0.8302399089941702,0.8523390733301828,704766,588789,115977,0.8354389967733972,105776,2002,117979,586787,0.0739595890045166,0.0007236003875732422,0.07323598861694336
Sauvola_Thresholding_Sklearn,Niblack_Thresholding_CV2,0.7087123897290485,0.9793780647169912,0.6784521387240587,0.8016033743956331,0.6688965550043786,0.8016033743956265,0.6688965550043693,0.7087123897290485,704766,488218,216548,0.6927377313888582,97710,10068,226616,478150,0.0739595890045166,0.003560781478881836,0.07039880752563477
Sauvola_Thresholding_Sklearn,Sauvola_Thresholding_CV2,0.9244028631064902,0.9860708155025265,0.9259215115371627,0.9550500460285889,0.9139672597705271,0.9550500460285819,0.9139672597705143,0.9244028631064902,704766,661776,42990,0.9390010301291493,98560,9218,52208,652558,0.0739595890045166,0.003925323486328125,0.07003426551818848
Sauvola_Thresholding_Sklearn,Sobel_CV2,0.26608897487397604,0.7651111730504986,0.22201127750203614,0.3441585364914816,0.20784510116219293,0.3441585364914778,0.20784510116219015,0.26608897487397604,704766,204501,500265,0.29016865172269946,59743,48035,548300,156466,0.0739595890045166,0.00626373291015625,0.06769585609436035
Sauvola_Thresholding_Sklearn,Canny_CV2,0.25463236452425964,0.8578153201934878,0.1685892906297977,0.2817962327873674,0.164006294343373,0.28179623278736404,0.16400629434337072,0.25463236452425964,704766,138510,566256,0.1965333174415338,88084,19694,585950,118816,0.0739595890045166,0.0012798309326171875,0.07267975807189941
Sauvola_Thresholding_Sklearn,Global_Threshold_Sklearn,0.8113948290800252,0.9998731093290021,0.7826512629723908,0.8780266502815137,0.7825735348364726,0.8780266502815067,0.7825735348364615,0.8113948290800252,704766,551656,153110,0.7827505867195637,107708,70,153180,551586,0.0739595890045166,0.05472707748413086,0.019232511520385742
Sauvola_Thresholding_Sklearn,Adaptive_Threshold_Sklearn,0.9153239701480781,0.9591187295243513,0.9425497257245667,0.9507620457764193,0.906145304741638,0.9507620457764125,0.9061453047416257,0.9153239701480781,704766,692591,12175,0.9827247625452987,79464,28314,40489,664277,0.0739595890045166,0.06821537017822266,0.005744218826293945
Sauvola_Thresholding_Sklearn,Otsu_Thresholding_Sklearn,0.8512818998109641,0.999365451846176,0.8290652500262499,0.906284462795304,0.8286290465540739,0.906284462795297,0.8286290465540621,0.8512818998109641,704766,584668,120098,0.8295916658862658,107407,371,120469,584297,0.0739595890045166,0.058739662170410156,0.015219926834106445
Sauvola_Thresholding_Sklearn,Niblack_Thresholding_Sklearn,0.5009156427221172,1.0,0.4245919922357208,0.5960892586085315,0.4245919922357208,0.5960892586085255,0.42459199223571475,0.5009156427221172,704766,299238,405528,0.4245919922357208,107778,0,405528,299238,0.0739595890045166,0.07452750205993652,0.0005679130554199219
Sauvola_Thresholding_Sklearn,Sauvola_Thresholding_Sklearn,1.0,1.0,1.0,1.0,1.0,0.9999999999999929,0.9999999999999858,1.0,704766,704766,0,1.0,107778,0,0,704766,0.0739595890045166,0.0739595890045166,0.0
Sauvola_Thresholding_Sklearn,Sobel_Sklearn,0.26794610507246375,0.7651968351987649,0.22505342198687223,0.3478114042493471,0.21051555805668962,0.34781140424934326,0.2105155580566868,0.26794610507246375,704766,207280,497486,0.2941118044854604,59108,48670,546156,158610,0.0739595890045166,0.013219356536865234,0.06074023246765137
Sauvola_Thresholding_Sklearn,Canny_Sklearn,0.20766136972274732,0.869009855437441,0.10184231361898843,0.18231812639707376,0.10030254966216452,0.18231812639707146,0.10030254966216312,0.20766136972274732,704766,82594,622172,0.11719350819988479,96959,10819,632991,71775,0.0739595890045166,0.03502249717712402,0.03893709182739258
Sauvola_Thresholding_Sklearn,Global_Threshold_Torch,0.8130021266540642,0.997208261531211,0.7866071859312169,0.8794757165112493,0.7848787656551298,0.8794757165112423,0.7848787656551187,0.8130021266540642,704766,555926,148840,0.7888093352971057,106226,1552,150392,554374,0.0739595890045166,0.007071971893310547,0.06688761711120605
Sauvola_Thresholding_Sklearn,Adaptive_Threshold_Torch,0.8064670959357277,0.9749344214514719,0.7973710423034028,0.877257890028989,0.7813529769998916,0.8772578900289821,0.7813529769998807,0.8064670959357277,704766,576408,128358,0.817871463719873,93330,14448,142806,561960,0.0739595890045166,0.00512242317199707,0.06883716583251953
Sauvola_Thresholding_Sklearn,Otsu_Thresholding_Torch,0.8536965382797732,0.9965657524494016,0.8341974499337369,0.9081814713147232,0.8318062456847276,0.9081814713147162,0.8318062456847158,0.8536965382797732,704766,589940,114826,0.8370721629590531,105752,2026,116852,587914,0.0739595890045166,0.0047910213470458984,0.0691685676574707
Sauvola_Thresholding_Sklearn,Niblack_Thresholding_Torch,0.7089400697069943,0.9794506662407313,0.6786678131464912,0.8017782203212966,0.6691400823445967,0.8017782203212899,0.6691400823445872,0.7089400697069943,704766,488337,216429,0.692906581759052,97743,10035,226464,478302,0.0739595890045166,0.2841014862060547,0.21014189720153809
Sauvola_Thresholding_Sklearn,Sauvola_Thresholding_Torch,0.9244188622400756,0.986103408412606,0.9259087413410976,0.9550585395946318,0.9139828170126701,0.9550585395946248,0.9139828170126574,0.9244188622400756,704766,661745,43021,0.9389570438982584,98582,9196,52217,652549,0.0739595890045166,0.28436946868896484,0.21040987968444824
Sauvola_Thresholding_Sklearn,Sobel_Torch,0.2683596211405167,0.7684786631088951,0.22393815819718885,0.3468133403945336,0.2097847441360921,0.34681334039452977,0.20978474413608933,0.2683596211405167,704766,205372,499394,0.2914045229196641,60230,47548,546942,157824,0.0739595890045166,0.004450321197509766,0.06950926780700684
Sauvola_Thresholding_Sklearn,Canny_Torch,0.28637341485507245,0.7684742192705311,0.2536643368153401,0.3814248117934587,0.2356546761451939,0.38142481179345467,0.23565467614519078,0.28637341485507245,704766,232635,472131,0.3300882846221299,53917,53861,525992,178774,0.0739595890045166,0.00403141975402832,0.06992816925048828
Sobel_Sklearn,Global_Threshold_CV2,0.2599120786074354,0.14556973410130125,0.3904187572365882,0.21206856340227934,0.11861112739637686,0.21206856340227656,0.11861112739637511,0.2599120786074354,207280,555926,348646,0.3728553800325943,130264,475000,126354,80926,0.013219356536865234,0.0005667209625244141,0.01265263557434082
Sobel_Sklearn,Adaptive_Threshold_CV2,0.2950166390989288,0.18487720943704614,0.5173243921265921,0.27240464783079216,0.15767850236964037,0.27240464783078866,0.15767850236963804,0.2950166390989288,207280,580012,372732,0.35737191644310806,132483,472781,100049,107231,0.013219356536865234,0.0020143985748291016,0.011204957962036133
Sobel_Sklearn,Otsu_Thresholding_CV2,0.24501934664461247,0.15507592702988676,0.44050077190274023,0.2293946881488916,0.12955721222199834,0.22939468814888872,0.1295572122219965,0.24501934664461247,207280,588789,381509,0.3520446203988186,107782,497482,115973,91307,0.013219356536865234,0.0007236003875732422,0.012495756149291992
Sobel_Sklearn,Niblack_Thresholding_CV2,0.4316147802457467,0.2392988378142551,0.5636337321497491,0.33596070729175354,0.2018946960951703,0.3359607072917487,0.2018946960951668,0.4316147802457467,207280,488218,280938,0.4245644363788308,233876,371388,90450,116830,0.013219356536865234,0.003560781478881836,0.009658575057983398
Sobel_Sklearn,Sauvola_Thresholding_CV2,0.24329020951480781,0.19205592224559367,0.6131705905055963,0.29249668605935636,0.17130080139307077,0.292496686059353,0.17130080139306847,0.24329020951480781,207280,661776,454496,0.31321776552791275,70586,534678,80182,127098,0.013219356536865234,0.003925323486328125,0.00929403305053711
Sobel_Sklearn,Sobel_CV2,0.9965478792533081,0.9999364306287011,0.986530297182555,0.9931881266984149,0.986468428745785,0.9931881266983907,0.9864684287457373,0.9965478792533081,207280,204501,2779,0.9865930142802007,605251,13,2792,204488,0.013219356536865234,0.00626373291015625,0.006955623626708984
Sobel_Sklearn,Canny_CV2,0.7867807774102079,0.6228431160205039,0.4162003087610961,0.4989733653373435,0.33242139334155363,0.498973365337329,0.3324213933415408,0.7867807774102079,207280,138510,68770,0.6682265534542647,553024,52240,121010,86270,0.013219356536865234,0.0012798309326171875,0.011939525604248047
Sobel_Sklearn,Global_Threshold_Sklearn,0.2508885672652804,0.1361808808387836,0.3624324585102277,0.19797453276692634,0.10986222801329606,0.19797453276692373,0.10986222801329447,0.2508885672652804,207280,551656,344376,0.37574140406340184,128733,476531,132155,75125,0.013219356536865234,0.05472707748413086,0.041507720947265625
Sobel_Sklearn,Adaptive_Threshold_Sklearn,0.2252985684467549,0.19520322961170444,0.6522385179467387,0.3004786241583516,0.1768019093078759,0.30047862415834825,0.17680190930787357,0.2252985684467549,207280,692591,485311,0.29928197161095077,47869,557395,72084,135196,0.013219356536865234,0.06821537017822266,0.05499601364135742
Sobel_Sklearn,Otsu_Thresholding_Sklearn,0.2393199629804663,0.148684381563554,0.41938923195677347,0.21953714132746088,0.1233034097050142,0.2195371413274581,0.12330340970501245,0.2393199629804663,207280,584668,377388,0.3545259873979763,107527,497737,120349,86931,0.013219356536865234,0.058739662170410156,0.04552030563354492
Sobel_Sklearn,Niblack_Thresholding_Sklearn,0.5473377441713926,0.23177203430045648,0.3345957159397916,0.273850090223842,0.15864791851094442,0.2738500902238366,0.1586479185109408,0.5473377441713926,207280,299238,91958,0.6926927729766942,375381,229883,137925,69355,0.013219356536865234,0.07452750205993652,0.06130814552307129
Sobel_Sklearn,Sauvola_Thresholding_Sklearn,0.26794610507246375,0.22505342198687223,0.7651968351987649,0.3478114042493471,0.21051555805668962,0.34781140424934326,0.2105155580566868,0.26794610507246375,207280,704766,497486,0.2941118044854604,59108,546156,48670,158610,0.013219356536865234,0.0739595890045166,0.06074023246765137
Sobel_Sklearn,Sobel_Sklearn,1.0,1.0,1.0,1.0,1.0,0.9999999999999758,0.9999999999999517,1.0,207280,207280,0,1.0,605264,0,0,207280,0.013219356536865234,0.013219356536865234,0.0
Sobel_Sklearn,Canny_Sklearn,0.8198842155009451,0.8688403515993898,0.34620320339637206,0.49511856875746013,0.3290083580529359,0.49511856875744303,0.3290083580529208,0.8198842155009451,207280,82594,124686,0.39846584330374374,594431,10833,135519,71761,0.013219356536865234,0.03502249717712402,0.02180314064025879
Sobel_Sklearn,Global_Threshold_Torch,0.2599120786074354,0.14556973410130125,0.3904187572365882,0.21206856340227934,0.11861112739637686,0.21206856340227656,0.11861112739637511,0.2599120786074354,207280,555926,348646,0.3728553800325943,130264,475000,126354,80926,0.013219356536865234,0.007071971893310547,0.0061473846435546875
Sobel_Sklearn,Adaptive_Threshold_Torch,0.2987481293320731,0.1855369807497467,0.5159446159783867,0.2729274915527608,0.15802897111606623,0.2729274915527573,0.15802897111606387,0.2987481293320731,207280,576408,369128,0.35960638991825233,135801,469463,100335,106945,0.013219356536865234,0.00512242317199707,0.008096933364868164
Sobel_Sklearn,Otsu_Thresholding_Torch,0.24463659814114683,0.1554853035901956,0.44252701659590893,0.23011715712099545,0.13001829926023362,0.23011715712099257,0.13001829926023178,0.24463659814114683,207280,589940,382660,0.35135776519646067,107051,498213,115553,91727,0.013219356536865234,0.0047910213470458984,0.008428335189819336
Sobel_Sklearn,Niblack_Thresholding_Torch,0.4315150933364839,0.23927943203156837,0.5637253956001543,0.33595786186939075,0.2018926409200232,0.3359578618693859,0.20189264092001974,0.4315150933364839,207280,488337,281057,0.42446097674351935,233776,371488,90431,116849,0.013219356536865234,0.2841014862060547,0.27088212966918945
Sobel_Sklearn,Sauvola_Thresholding_Torch,0.24332836129489602,0.19206491926648483,0.6131705905055963,0.29250712004833,0.1713079588692688,0.29250712004832663,0.1713079588692665,0.24332836129489602,207280,661745,454465,0.3132324384770569,70617,534647,80182,127098,0.013219356536865234,0.28436946868896484,0.2711501121520996
Sobel_Sklearn,Sobel_Torch,0.9903266776937618,0.9855092222893092,0.9764376688537244,0.9809524732704555,0.9626170002282931,0.9809524732704317,0.9626170002282473,0.9903266776937618,207280,205372,1908,0.9907950598224624,602288,2976,4884,202396,0.013219356536865234,0.004450321197509766,0.008769035339355469
Sobel_Sklearn,Canny_Torch,0.9687856903749212,0.8909923270359146,0.9999807024314936,0.9423456804155348,0.8909770072945636,0.9423456804155134,0.8909770072945253,0.9687856903749212,207280,232635,25355,0.8910095213531928,579905,25359,4,207276,0.013219356536865234,0.00403141975402832,0.009187936782836914
Canny_Sklearn,Global_Threshold_CV2,0.2963777961562697,0.06007634109575735,0.4043635130881178,0.1046106621562363,0.05519217612316194,0.10461066215623466,0.055192176123161026,0.2963777961562697,82594,555926,473332,0.14857013343502554,207422,522528,49196,33398,0.03502249717712402,0.0005667209625244141,0.03445577621459961
Canny_Sklearn,Adaptive_Threshold_CV2,0.3010101606805293,0.08158969124776728,0.5729592948640337,0.14283903254724528,0.07691257518897808,0.14283903254724312,0.07691257518897683,0.3010101606805293,82594,580012,497418,0.1424005020585781,197261,532689,35271,47323,0.03502249717712402,0.0020143985748291016,0.03300809860229492
Canny_Sklearn,Otsu_Thresholding_CV2,0.2703545900283554,0.06667413963236406,0.47530086931254084,0.11694368192224111,0.06210312500988727,0.11694368192223936,0.06210312500988629,0.2703545900283554,82594,588789,506195,0.1402777565477616,180418,549532,43337,39257,0.03502249717712402,0.0007236003875732422,0.03429889678955078
Canny_Sklearn,Niblack_Thresholding_CV2,0.42660828213610585,0.1074376610448611,0.6350703440927913,0.18378380272313827,0.10119048767360073,0.18378380272313505,0.10119048767359877,0.42660828213610585,82594,488218,405624,0.16917442617846945,294185,435765,30141,52453,0.03502249717712402,0.003560781478881836,0.03146171569824219
Canny_Sklearn,Sauvola_Thresholding_CV2,0.23590599401386264,0.09331707405526946,0.7476935370608034,0.16592554777865845,0.09046827274525171,0.16592554777865623,0.09046827274525039,0.23590599401386264,82594,661776,579182,0.12480658107879403,129929,600021,20839,61755,0.03502249717712402,0.003925323486328125,0.0310971736907959
Canny_Sklearn,Sobel_CV2,0.8221671687933207,0.34864866186473414,0.8632467249437005,0.496692732370818,0.3304000074144099,0.4966927323708007,0.33040000741439457,0.8221671687933207,82594,204501,121907,0.403880665620217,596748,133202,11295,71299,0.03502249717712402,0.00626373291015625,0.028758764266967773
Canny_Sklearn,Canny_CV2,0.8904625472589792,0.47686087647101294,0.7996948930915079,0.5974564006078588,0.4259806261044539,0.5974564006078317,0.42598062610442644,0.8904625472589792,82594,138510,55916,0.5963035159916251,657490,72460,16544,66050,0.03502249717712402,0.0012798309326171875,0.033742666244506836
Canny_Sklearn,Global_Threshold_Sklearn,0.3004711129489603,0.05968574618965442,0.39864881226239196,0.10382656681119433,0.05475583878242012,0.10382656681119269,0.054755838782419214,0.3004711129489603,82594,551656,469062,0.14972011543425612,211220,518730,49668,32926,0.03502249717712402,0.05472707748413086,0.019704580307006836
Canny_Sklearn,Adaptive_Threshold_Sklearn,0.19627614012287334,0.08816458775814297,0.7393030970772695,0.15754174809884092,0.08550627833020362,0.1575417480988389,0.08550627833020243,0.19627614012287334,82594,692591,609997,0.11925364320356459,98421,631529,21532,61062,0.03502249717712402,0.06821537017822266,0.03319287300109863
Canny_Sklearn,Otsu_Thresholding_Sklearn,0.27257108538122243,0.0651600566475333,0.4612562655882994,0.11418902919692714,0.060551683580618756,0.11418902919692543,0.06055168358061779,0.27257108538122243,82594,584668,502074,0.14126649654162704,183379,546571,44497,38097,0.03502249717712402,0.058739662170410156,0.023717164993286133
Canny_Sklearn,Niblack_Thresholding_Sklearn,0.5919260987712666,0.08396995034053162,0.3042230670508754,0.13161285591569066,0.07044196184522224,0.13161285591568722,0.07044196184522027,0.5919260987712666,82594,299238,216644,0.2760144099345671,455839,274111,57467,25127,0.03502249717712402,0.07452750205993652,0.0395050048828125
Canny_Sklearn,Sauvola_Thresholding_Sklearn,0.20766136972274732,0.10184231361898843,0.869009855437441,0.18231812639707376,0.10030254966216452,0.18231812639707146,0.10030254966216312,0.20766136972274732,82594,704766,622172,0.11719350819988479,96959,632991,10819,71775,0.03502249717712402,0.0739595890045166,0.03893709182739258
Canny_Sklearn,Sobel_Sklearn,0.8198842155009451,0.34620320339637206,0.8688403515993898,0.49511856875746013,0.3290083580529359,0.49511856875744303,0.3290083580529208,0.8198842155009451,82594,207280,124686,0.39846584330374374,594431,135519,10833,71761,0.03502249717712402,0.013219356536865234,0.02180314064025879
Canny_Sklearn,Canny_Sklearn,1.0,1.0,1.0,1.0,1.0,0.9999999999999394,0.999999999999879,1.0,82594,82594,0,1.0,729950,0,0,82594,0.03502249717712402,0.03502249717712402,0.0
Canny_Sklearn,Global_Threshold_Torch,0.2963777961562697,0.06007634109575735,0.4043635130881178,0.1046106621562363,0.05519217612316194,0.10461066215623466,0.055192176123161026,0.2963777961562697,82594,555926,473332,0.14857013343502554,207422,522528,49196,33398,0.03502249717712402,0.007071971893310547,0.027950525283813477
Canny_Sklearn,Adaptive_Threshold_Torch,0.30505671077504726,0.08182572067008091,0.571046322977456,0.1431406884956343,0.07708752494536944,0.14314068849563213,0.07708752494536818,0.30505671077504726,82594,576408,493814,0.14329086341619132,200707,529243,35429,47165,0.03502249717712402,0.00512242317199707,0.029900074005126953
Canny_Sklearn,Otsu_Thresholding_Torch,0.26956817107750475,0.06697799776248432,0.4784003680654769,0.11750483990400486,0.062419730151132426,0.11750483990400311,0.06241973015113144,0.26956817107750475,82594,589940,507346,0.1400040682103265,179523,550427,43081,39513,0.03502249717712402,0.0047910213470458984,0.030231475830078125
Canny_Sklearn,Niblack_Thresholding_Torch,0.4264962882010082,0.10744014891355765,0.6352398479308424,0.1837945390949169,0.1011969972842859,0.18379453909491367,0.10119699728428394,0.4264962882010082,82594,488337,405743,0.16913320104763718,294080,435870,30127,52467,0.03502249717712402,0.2841014862060547,0.24907898902893066
Canny_Sklearn,Sauvola_Thresholding_Torch,0.23595891422495274,0.0933305125085947,0.7477661815628254,0.16594857988094133,0.09048196689609099,0.1659485798809391,0.09048196689608967,0.23595891422495274,82594,661745,579151,0.1248124277478485,129966,599984,20833,61761,0.03502249717712402,0.28436946868896484,0.24934697151184082
Canny_Sklearn,Sobel_Torch,0.8201894297416509,0.345378143076953,0.858791195486355,0.49263454713403665,0.3268182551201419,0.49263454713401955,0.32681825512012685,0.8201894297416509,82594,205372,122778,0.40216777360107514,595509,134441,11663,70931,0.03502249717712402,0.004450321197509766,0.030572175979614258
Canny_Sklearn,Canny_Torch,0.797070681710775,0.323124207449438,0.9101145361648546,0.4769231257276456,0.31313135520851126,0.47692312572763046,0.31313135520849816,0.797070681710775,82594,232635,150041,0.355036860317665,572485,157465,7424,75170,0.03502249717712402,0.00403141975402832,0.030991077423095703
Global_Threshold_Torch,Global_Threshold_CV2,1.0,1.0,1.0,1.0,1.0,0.999999999999991,0.999999999999982,1.0,555926,555926,0,1.0,256618,0,0,555926,0.007071971893310547,0.0005667209625244141,0.006505250930786133
Global_Threshold_Torch,Adaptive_Threshold_CV2,0.7764773353812224,0.8226691861547692,0.8583120775067186,0.8401127526326261,0.7243055344728134,0.8401127526326186,0.7243055344728023,0.7764773353812224,555926,580012,24086,0.9584732729667662,153764,102854,78768,477158,0.007071971893310547,0.0020143985748291016,0.005057573318481445
Global_Threshold_Torch,Otsu_Thresholding_CV2,0.9595554209987398,0.9441854382469781,1.0,0.9712915441834867,0.9441854382469781,0.9712915441834782,0.9441854382469621,0.9595554209987398,555926,588789,32863,0.9441854382469781,223755,32863,0,555926,0.007071971893310547,0.0007236003875732422,0.006348371505737305
Global_Threshold_Torch,Niblack_Thresholding_CV2,0.6964742832388153,0.8167621841062804,0.7172861136194385,0.7637988629920778,0.6178596994666757,0.7637988629920704,0.6178596994666662,0.6964742832388153,555926,488218,67708,0.8782068116979598,167158,89460,157168,398758,0.007071971893310547,0.003560781478881836,0.003511190414428711
Global_Threshold_Torch,Sauvola_Thresholding_CV2,0.8625206758034026,0.8356256497666884,0.9947313131603847,0.9082632696669628,0.8319434937303014,0.9082632696669554,0.8319434937302889,0.8625206758034026,555926,661776,105850,0.8400516186745969,147839,108779,2929,552997,0.007071971893310547,0.003925323486328125,0.003146648406982422
Global_Threshold_Torch,Sobel_CV2,0.2599133093100189,0.38893208346169456,0.14307120012375749,0.20919036278301534,0.11681328849006448,0.2091903627830126,0.11681328849006276,0.2599133093100189,555926,204501,351425,0.3678565132769469,131654,124964,476389,79537,0.007071971893310547,0.00626373291015625,0.0008082389831542969
Global_Threshold_Torch,Canny_CV2,0.3195888468809074,0.5110533535484802,0.12732989642506376,0.20386615901249358,0.11350276597450493,0.20386615901249067,0.11350276597450311,0.3195888468809074,555926,138510,417416,0.24915186553606056,188894,67724,485140,70786,0.007071971893310547,0.0012798309326171875,0.005792140960693359
Global_Threshold_Torch,Global_Threshold_Sklearn,0.9605855190611217,0.9748430181127369,0.9673553674409904,0.9710847594128471,0.9437947083558557,0.9710847594128383,0.9437947083558391,0.9605855190611217,555926,551656,4270,0.9923191216097107,242740,13878,18148,537778,0.007071971893310547,0.05472707748413086,0.04765510559082031
Global_Threshold_Torch,Adaptive_Threshold_Sklearn,0.8095770813642093,0.7896363077198519,0.983755032144566,0.876071371074643,0.7794724224724995,0.876071371074636,0.7794724224724883,0.8095770813642093,555926,692591,136665,0.8026757494683009,110922,145696,9031,546895,0.007071971893310547,0.06821537017822266,0.06114339828491211
Global_Threshold_Torch,Otsu_Thresholding_Sklearn,0.9325919580970384,0.92857998043334,0.9765886107143756,0.9519794072211497,0.908359448068625,0.9519794072211413,0.9083594480686098,0.9325919580970384,555926,584668,28742,0.9508404769886499,214861,41757,13015,542911,0.007071971893310547,0.058739662170410156,0.05166769027709961
Global_Threshold_Torch,Niblack_Thresholding_Sklearn,0.5971590461562697,0.8819702043189702,0.47473764493835513,0.617235992160568,0.4463784048913733,0.6172359921605608,0.4463784048913657,0.5971590461562697,555926,299238,256688,0.5382694819094628,221299,35319,292007,263919,0.007071971893310547,0.07452750205993652,0.06745553016662598
Global_Threshold_Torch,Sauvola_Thresholding_Sklearn,0.8130021266540642,0.7866071859312169,0.997208261531211,0.8794757165112493,0.7848787656551298,0.8794757165112423,0.7848787656551187,0.8130021266540642,555926,704766,148840,0.7888093352971057,106226,150392,1552,554374,0.007071971893310547,0.0739595890045166,0.06688761711120605
Global_Threshold_Torch,Sobel_Sklearn,0.2599120786074354,0.3904187572365882,0.14556973410130125,0.21206856340227934,0.11861112739637686,0.21206856340227656,0.11861112739637511,0.2599120786074354,555926,207280,348646,0.3728553800325943,130264,126354,475000,80926,0.007071971893310547,0.013219356536865234,0.0061473846435546875
Global_Threshold_Torch,Canny_Sklearn,0.2963777961562697,0.4043635130881178,0.06007634109575735,0.1046106621562363,0.05519217612316194,0.10461066215623466,0.055192176123161026,0.2963777961562697,555926,82594,473332,0.14857013343502554,207422,49196,522528,33398,0.007071971893310547,0.03502249717712402,0.027950525283813477
Global_Threshold_Torch,Global_Threshold_Torch,1.0,1.0,1.0,1.0,1.0,0.999999999999991,0.999999999999982,1.0,555926,555926,0,1.0,256618,0,0,555926,0.007071971893310547,0.007071971893310547,0.0
Global_Threshold_Torch,Adaptive_Threshold_Torch,0.7937563996534341,0.8368655535662239,0.8676982188276857,0.8520030309078417,0.7421648783459854,0.8520030309078341,0.742164878345974,0.7937563996534341,555926,576408,20482,0.9644661420382784,162586,94032,73550,482376,0.007071971893310547,0.00512242317199707,0.0019495487213134766
Global_Threshold_Torch,Otsu_Thresholding_Torch,0.9581388823251418,0.942343289148049,1.0,0.9703159008121368,0.942343289148049,0.9703159008121284,0.942343289148033,0.9581388823251418,555926,589940,34014,0.942343289148049,222604,34014,0,555926,0.007071971893310547,0.0047910213470458984,0.0022809505462646484
Global_Threshold_Torch,Niblack_Thresholding_Torch,0.6964287472432262,0.8166471104995116,0.7173598644423899,0.7637903478338312,0.6178485554577792,0.7637903478338238,0.6178485554577696,0.6964287472432262,555926,488337,67589,0.8784208689645744,167080,89538,157127,398799,0.007071971893310547,0.2841014862060547,0.27702951431274414
Global_Threshold_Torch,Sauvola_Thresholding_Torch,0.8625785188248267,0.8356768846005637,0.9947457035648629,0.9082995324681298,0.8320043450394634,0.9082995324681222,0.8320043450394509,0.8625785188248267,555926,661745,105819,0.8400909715978209,147878,108740,2921,553005,0.007071971893310547,0.28436946868896484,0.2772974967956543
Global_Threshold_Torch,Sobel_Torch,0.2626097786704474,0.39473735465399373,0.14582516378079097,0.21297310645765521,0.11917733707716507,0.2129731064576524,0.11917733707716333,0.2626097786704474,555926,205372,350554,0.3694232685645212,132314,124304,474858,81068,0.007071971893310547,0.004450321197509766,0.0026216506958007812
Global_Threshold_Torch,Canny_Torch,0.262593779536862,0.4070453715047177,0.17033382140788522,0.24016658191313037,0.13647120201536891,0.2401665819131273,0.13647120201536694,0.262593779536862,555926,232635,323291,0.4184639682259869,118676,137942,461233,94693,0.007071971893310547,0.00403141975402832,0.0030405521392822266
Adaptive_Threshold_Torch,Global_Threshold_CV2,0.7937563996534341,0.8676982188276857,0.8368655535662239,0.8520030309078417,0.7421648783459854,0.8520030309078341,0.742164878345974,0.7937563996534341,576408,555926,20482,0.9644661420382784,162586,73550,94032,482376,0.00512242317199707,0.0005667209625244141,0.004555702209472656
Adaptive_Threshold_Torch,Adaptive_Threshold_CV2,0.9350435176433523,0.9513941090873982,0.9573427155764667,0.9543591428719669,0.9127026132980482,0.9543591428719587,0.9127026132980331,0.9350435176433523,576408,580012,3604,0.9937863354551285,207944,28192,24588,551820,0.00512242317199707,0.0020143985748291016,0.0031080245971679688
Adaptive_Threshold_Torch,Otsu_Thresholding_CV2,0.8159767347983616,0.8625076215758107,0.8810339204174821,0.8716723438182556,0.7725347677535361,0.8716723438182481,0.7725347677535244,0.8159767347983616,576408,588789,12381,0.9789720935683242,155182,80954,68573,507835,0.00512242317199707,0.0007236003875732422,0.004398822784423828
Adaptive_Threshold_Torch,Niblack_Thresholding_CV2,0.8375152607120353,0.9551061206264415,0.8089755867371723,0.8759883752604201,0.7793410281351638,0.8759883752604118,0.7793410281351507,0.8375152607120353,576408,488218,88190,0.8470007355900682,214218,21918,110108,466300,0.00512242317199707,0.003560781478881836,0.0015616416931152344
Adaptive_Threshold_Torch,Sauvola_Thresholding_CV2,0.8760657884373031,0.8594161770750224,0.986698657895102,0.9186695999948311,0.8495734513618037,0.9186695999948237,0.8495734513617911,0.8760657884373031,576408,661776,85368,0.8710016682381954,143101,93035,7667,568741,0.00512242317199707,0.003925323486328125,0.0011970996856689453
Adaptive_Threshold_Torch,Sobel_CV2,0.2986410582073094,0.5159485772685708,0.18305089450528098,0.2702286694096239,0.15622219228098436,0.2702286694096204,0.15622219228098205,0.2986410582073094,576408,204501,371907,0.35478515218386975,137147,98989,470896,105512,0.00512242317199707,0.00626373291015625,0.0011413097381591797
Adaptive_Threshold_Torch,Canny_CV2,0.31754341918714557,0.5789906865930258,0.13913061581379857,0.2243502051983584,0.1263482280431433,0.22435020519835527,0.1263482280431413,0.31754341918714557,576408,138510,437898,0.24029853853520422,177822,58314,496212,80196,0.00512242317199707,0.0012798309326171875,0.003842592239379883
Adaptive_Threshold_Torch,Global_Threshold_Sklearn,0.7579528000945179,0.8441764432907464,0.807925982984275,0.8256535090207647,0.7030748721634014,0.8256535090207574,0.7030748721633907,0.7579528000945179,576408,551656,24752,0.9570581948897309,150175,85961,110713,465695,0.00512242317199707,0.05472707748413086,0.04960465431213379
Adaptive_Threshold_Torch,Adaptive_Threshold_Sklearn,0.7986533652331443,0.7980149900879451,0.9588659421798448,0.871077124568262,0.7716002071754751,0.8710771245682551,0.7716002071754643,0.7986533652331443,576408,692591,116183,0.8322487586468782,96243,139893,23710,552698,0.00512242317199707,0.06821537017822266,0.06309294700622559
Adaptive_Threshold_Torch,Otsu_Thresholding_Sklearn,0.779768234089477,0.8399023035295244,0.8519382104342758,0.8458774447150746,0.7329182163901542,0.8458774447150673,0.7329182163901432,0.779768234089477,576408,584668,8260,0.9858723241224079,142532,93604,85344,491064,0.00512242317199707,0.058739662170410156,0.053617238998413086
Adaptive_Threshold_Torch,Niblack_Thresholding_Sklearn,0.6012006734404537,0.9216810699175907,0.4784839905067244,0.6299394960977381,0.45978954528177324,0.6299394960977309,0.4597895452817656,0.6012006734404537,576408,299238,277170,0.5191426905941625,212700,23436,300606,275802,0.00512242317199707,0.07452750205993652,0.06940507888793945
Adaptive_Threshold_Torch,Sauvola_Thresholding_Sklearn,0.8064670959357277,0.7973710423034028,0.9749344214514719,0.877257890028989,0.7813529769998916,0.8772578900289821,0.7813529769998807,0.8064670959357277,576408,704766,128358,0.817871463719873,93330,142806,14448,561960,0.00512242317199707,0.0739595890045166,0.06883716583251953
Adaptive_Threshold_Torch,Sobel_Sklearn,0.2987481293320731,0.5159446159783867,0.1855369807497467,0.2729274915527608,0.15802897111606623,0.2729274915527573,0.15802897111606387,0.2987481293320731,576408,207280,369128,0.35960638991825233,135801,100335,469463,106945,0.00512242317199707,0.013219356536865234,0.008096933364868164
Adaptive_Threshold_Torch,Canny_Sklearn,0.30505671077504726,0.571046322977456,0.08182572067008091,0.1431406884956343,0.07708752494536944,0.14314068849563213,0.07708752494536818,0.30505671077504726,576408,82594,493814,0.14329086341619132,200707,35429,529243,47165,0.00512242317199707,0.03502249717712402,0.029900074005126953
Adaptive_Threshold_Torch,Global_Threshold_Torch,0.7937563996534341,0.8676982188276857,0.8368655535662239,0.8520030309078417,0.7421648783459854,0.8520030309078341,0.742164878345974,0.7937563996534341,576408,555926,20482,0.9644661420382784,162586,73550,94032,482376,0.00512242317199707,0.007071971893310547,0.0019495487213134766
Adaptive_Threshold_Torch,Adaptive_Threshold_Torch,1.0,1.0,1.0,1.0,1.0,0.9999999999999913,0.9999999999999827,1.0,576408,576408,0,1.0,236136,0,0,576408,0.00512242317199707,0.00512242317199707,0.0
Adaptive_Threshold_Torch,Otsu_Thresholding_Torch,0.8167459239130435,0.8623300674644879,0.8825744958432221,0.8723348434600994,0.7735761262117468,0.8723348434600919,0.773576126211735,0.8167459239130435,576408,589940,13532,0.9770620741092314,154919,81217,67685,508723,0.00512242317199707,0.0047910213470458984,0.0003314018249511719
Adaptive_Threshold_Torch,Niblack_Thresholding_Torch,0.8377010968021424,0.9551498248136021,0.8092097958390585,0.876144053270971,0.7795875048052013,0.8761440532709628,0.7795875048051882,0.8377010968021424,576408,488337,88071,0.8472071865761752,214234,21902,109973,466435,0.00512242317199707,0.2841014862060547,0.2789790630340576
Adaptive_Threshold_Torch,Sauvola_Thresholding_Torch,0.8760424050882167,0.8594186582444899,0.9866552858391973,0.9186522182638172,0.8495437210671056,0.9186522182638097,0.849543721067093,0.8760424050882167,576408,661745,85337,0.871042471042471,143107,93029,7692,568716,0.00512242317199707,0.28436946868896484,0.2792470455169678
Adaptive_Threshold_Torch,Sobel_Torch,0.3023442422810334,0.5232066688740432,0.18641656604349696,0.274890634193763,0.1593467867269341,0.2748906341937594,0.1593467867269317,0.3023442422810334,576408,205372,371036,0.35629623461159454,138216,97920,468956,107452,0.00512242317199707,0.004450321197509766,0.0006721019744873047
Adaptive_Threshold_Torch,Canny_Torch,0.302466081836799,0.5206998087132203,0.21015148991686444,0.29944761897698885,0.1760884418019799,0.29944761897698513,0.17608844180197736,0.302466081836799,576408,232635,343773,0.4035943290169463,124634,111502,455275,121133,0.00512242317199707,0.00403141975402832,0.00109100341796875
Otsu_Thresholding_Torch,Global_Threshold_CV2,0.9581388823251418,1.0,0.942343289148049,0.9703159008121368,0.942343289148049,0.9703159008121284,0.942343289148033,0.9581388823251418,589940,555926,34014,0.942343289148049,222604,0,34014,555926,0.0047910213470458984,0.0005667209625244141,0.004224300384521484
Otsu_Thresholding_Torch,Adaptive_Threshold_CV2,0.7992157963137996,0.8679182499672421,0.8533122012408042,0.8605532534668089,0.7552377994716067,0.8605532534668016,0.7552377994715954,0.7992157963137996,589940,580012,9928,0.9831711699494864,145995,76609,86537,503403,0.0047910213470458984,0.0020143985748291016,0.002776622772216797
Otsu_Thresholding_Torch,Otsu_Thresholding_CV2,0.998583461326402,1.0,0.9980489541309285,0.9990235244912105,0.9980489541309285,0.9990235244912019,0.9980489541309117,0.998583461326402,589940,588789,1151,0.9980489541309285,222604,0,1151,588789,0.0047910213470458984,0.0007236003875732422,0.004067420959472656
Otsu_Thresholding_Torch,Niblack_Thresholding_CV2,0.704747066005041,0.8584812522274885,0.7104553005390378,0.7774853036382423,0.63597215309727,0.7774853036382351,0.6359721530972603,0.704747066005041,589940,488218,101722,0.8275722954876767,153512,69092,170814,419126,0.0047910213470458984,0.003560781478881836,0.0012302398681640625
Otsu_Thresholding_Torch,Sauvola_Thresholding_CV2,0.8970566517013232,0.8825267159884915,0.9899905075092382,0.9331749374458743,0.8747216110687589,0.9331749374458669,0.8747216110687458,0.8970566517013232,589940,661776,71836,0.8914496748144387,144863,77741,5905,584035,0.0047910213470458984,0.003925323486328125,0.0008656978607177734
Otsu_Thresholding_Torch,Sobel_CV2,0.2444507620510397,0.4413768147833018,0.1530020002034105,0.22723399220332283,0.12818047683898554,0.22723399220331997,0.12818047683898373,0.2444507620510397,589940,204501,385439,0.3466471166559311,108365,114239,499678,90262,0.0047910213470458984,0.00626373291015625,0.0014727115631103516
Otsu_Thresholding_Torch,Canny_CV2,0.29550645872715814,0.5632012129088152,0.13223209139912534,0.2141780492827236,0.11993247658127332,0.21417804928272063,0.11993247658127147,0.29550645872715814,589940,138510,451430,0.23478658846662373,162103,60501,511931,78009,0.0047910213470458984,0.0012798309326171875,0.003511190414428711
Otsu_Thresholding_Torch,Global_Threshold_Sklearn,0.9334534499054821,0.9856903577591832,0.9217242431433705,0.9526347324272334,0.9095534880920122,0.9526347324272251,0.909553488091997,0.9334534499054821,589940,551656,38284,0.9351052649421975,214710,7894,46178,543762,0.0047910213470458984,0.05472707748413086,0.04993605613708496
Otsu_Thresholding_Torch,Adaptive_Threshold_Sklearn,0.8447087173125394,0.8348000479359391,0.9800572939620978,0.9016156334622711,0.8208562147550387,0.901615633462264,0.820856214755027,0.8447087173125394,589940,692591,102651,0.8517869853925333,108188,114416,11765,578175,0.0047910213470458984,0.06821537017822266,0.06342434883117676
Otsu_Thresholding_Torch,Otsu_Thresholding_Sklearn,0.961063031663516,0.9774521608844677,0.9687171576770519,0.9730650565976053,0.9475430384846872,0.973065056597597,0.9475430384846715,0.961063031663516,589940,584668,5272,0.9910634979828458,209421,13183,18455,571485,0.0047910213470458984,0.058739662170410156,0.05394864082336426
Otsu_Thresholding_Torch,Niblack_Thresholding_Sklearn,0.5807833175803403,0.9165714247522039,0.46491677119707087,0.6169135988519734,0.44604125840577,0.6169135988519665,0.44604125840576275,0.5807833175803403,589940,299238,290702,0.5072346340305793,197639,24965,315667,274273,0.0047910213470458984,0.07452750205993652,0.06973648071289062
Otsu_Thresholding_Torch,Sauvola_Thresholding_Sklearn,0.8536965382797732,0.8341974499337369,0.9965657524494016,0.9081814713147232,0.8318062456847276,0.9081814713147162,0.8318062456847158,0.8536965382797732,589940,704766,114826,0.8370721629590531,105752,116852,2026,587914,0.0047910213470458984,0.0739595890045166,0.0691685676574707
Otsu_Thresholding_Torch,Sobel_Sklearn,0.24463659814114683,0.44252701659590893,0.1554853035901956,0.23011715712099545,0.13001829926023362,0.23011715712099257,0.13001829926023178,0.24463659814114683,589940,207280,382660,0.35135776519646067,107051,115553,498213,91727,0.0047910213470458984,0.013219356536865234,0.008428335189819336
Otsu_Thresholding_Torch,Canny_Sklearn,0.26956817107750475,0.4784003680654769,0.06697799776248432,0.11750483990400486,0.062419730151132426,0.11750483990400311,0.06241973015113144,0.26956817107750475,589940,82594,507346,0.1400040682103265,179523,43081,550427,39513,0.0047910213470458984,0.03502249717712402,0.030231475830078125
Otsu_Thresholding_Torch,Global_Threshold_Torch,0.9581388823251418,1.0,0.942343289148049,0.9703159008121368,0.942343289148049,0.9703159008121284,0.942343289148033,0.9581388823251418,589940,555926,34014,0.942343289148049,222604,0,34014,555926,0.0047910213470458984,0.007071971893310547,0.0022809505462646484
Otsu_Thresholding_Torch,Adaptive_Threshold_Torch,0.8167459239130435,0.8825744958432221,0.8623300674644879,0.8723348434600994,0.7735761262117468,0.8723348434600919,0.773576126211735,0.8167459239130435,589940,576408,13532,0.9770620741092314,154919,67685,81217,508723,0.0047910213470458984,0.00512242317199707,0.0003314018249511719
Otsu_Thresholding_Torch,Otsu_Thresholding_Torch,1.0,1.0,1.0,1.0,1.0,0.9999999999999916,0.999999999999983,1.0,589940,589940,0,1.0,222604,0,0,589940,0.0047910213470458984,0.0047910213470458984,0.0
Otsu_Thresholding_Torch,Niblack_Thresholding_Torch,0.7048639827504726,0.8584911649127549,0.7106366749160932,0.7775979641594878,0.636122929576781,0.7775979641594806,0.6361229295767713,0.7048639827504726,589940,488337,101603,0.8277740109163644,153500,69104,170707,419233,0.0047910213470458984,0.2841014862060547,0.2793104648590088
Otsu_Thresholding_Torch,Sauvola_Thresholding_Torch,0.8971144947227473,0.8825801479421832,0.9900040682103265,0.9332108317987353,0.8747846899985321,0.9332108317987279,0.874784689998519,0.8971144947227473,589940,661745,71805,0.8914914355227467,144902,77702,5897,584043,0.0047910213470458984,0.28436946868896484,0.27957844734191895
Otsu_Thresholding_Torch,Sobel_Torch,0.24769858616887208,0.4480503671386557,0.15597687900464455,0.23139849518176514,0.1308369887458321,0.23139849518176223,0.13083698874583025,0.24769858616887208,589940,205372,384568,0.3481235379869139,109249,113355,497923,92017,0.0047910213470458984,0.004450321197509766,0.0003407001495361328
Otsu_Thresholding_Torch,Canny_Torch,0.24950402685885317,0.4572914651707611,0.18032681289622673,0.2586560496003404,0.14853817336946884,0.2586560496003372,0.14853817336946676,0.24950402685885317,589940,232635,357305,0.39433671220802113,96351,126253,483558,106382,0.0047910213470458984,0.00403141975402832,0.0007596015930175781
Niblack_Thresholding_Torch,Global_Threshold_CV2,0.6964287472432262,0.7173598644423899,0.8166471104995116,0.7637903478338312,0.6178485554577792,0.7637903478338238,0.6178485554577696,0.6964287472432262,488337,555926,67589,0.8784208689645744,167080,157127,89538,398799,0.2841014862060547,0.0005667209625244141,0.2835347652435303
Niblack_Thresholding_Torch,Adaptive_Threshold_CV2,0.7947717292848141,0.7772184023778819,0.9231248093017732,0.8439114933415953,0.7299713546853468,0.8439114933415874,0.729971354685335,0.7947717292848141,488337,580012,91675,0.8419429253187866,194991,129216,37541,450796,0.2841014862060547,0.0020143985748291016,0.2820870876312256
Niblack_Thresholding_Torch,Otsu_Thresholding_CV2,0.7047569116257089,0.7109745596470043,0.8572235976385161,0.7772795383269924,0.6356968437932794,0.7772795383269852,0.6356968437932697,0.7047569116257089,488337,588789,100452,0.829392193128608,154032,170175,69723,418614,0.2841014862060547,0.0007236003875732422,0.28337788581848145
Niblack_Thresholding_Torch,Niblack_Thresholding_CV2,0.9840168655482041,0.9868214609047598,0.9865809881290993,0.9867012098652918,0.9737514931149966,0.9867012098652816,0.9737514931149769,0.9840168655482041,488337,488218,119,0.9997563158228846,317773,6434,6553,481784,0.2841014862060547,0.003560781478881836,0.28054070472717285
Niblack_Thresholding_Torch,Sauvola_Thresholding_CV2,0.7785978359325771,0.7330380672614298,0.9933857151925821,0.8435814567785948,0.7294776287732743,0.8435814567785874,0.7294776287732633,0.7785978359325771,488337,661776,173439,0.7379188728512367,147538,176669,3230,485107,0.2841014862060547,0.003925323486328125,0.28017616271972656
Niblack_Thresholding_Torch,Sobel_CV2,0.43139325378071836,0.5643493185852392,0.23633269647804692,0.3331514726386255,0.1998690745859224,0.33315147263862066,0.19986907458591893,0.43139325378071836,488337,204501,283836,0.4187702344897069,235116,89091,372927,115410,0.2841014862060547,0.00626373291015625,0.27783775329589844
Niblack_Thresholding_Torch,Canny_CV2,0.43784582742596095,0.6139340119846942,0.17413384609398838,0.2713134145971824,0.1569477179311605,0.27131341459717806,0.1569477179311576,0.43784582742596095,488337,138510,349827,0.28363609556515273,270733,53474,403301,85036,0.2841014862060547,0.0012798309326171875,0.2828216552734375
Niblack_Thresholding_Torch,Global_Threshold_Sklearn,0.6614940237082546,0.6933143118175095,0.7832111840798465,0.7355261045026265,0.5816854797253932,0.7355261045026193,0.5816854797253843,0.6614940237082546,488337,551656,63319,0.8852201371869426,155022,169185,105866,382471,0.2841014862060547,0.05472707748413086,0.22937440872192383
Niblack_Thresholding_Torch,Adaptive_Threshold_Sklearn,0.6807139059546313,0.6652512088664161,0.9435021307007251,0.7803134484066768,0.6397655589358786,0.7803134484066702,0.6397655589358697,0.6807139059546313,488337,692591,204254,0.7050871293447359,92363,231844,27590,460747,0.2841014862060547,0.06821537017822266,0.21588611602783203
Niblack_Thresholding_Torch,Otsu_Thresholding_Sklearn,0.6695871238972905,0.6880229463558806,0.8237446681287718,0.7497914734786884,0.5997331305722038,0.7497914734786814,0.5997331305721949,0.6695871238972905,488337,584668,96331,0.8352381180430604,141804,182403,86072,402265,0.2841014862060547,0.058739662170410156,0.22536182403564453
Niblack_Thresholding_Torch,Niblack_Thresholding_Sklearn,0.7135527429899181,0.9270614026293452,0.5680749154784503,0.7044713201917278,0.5437713044654355,0.7044713201917188,0.5437713044654249,0.7135527429899181,488337,299238,189099,0.6127694604340855,302381,21826,210925,277412,0.2841014862060547,0.07452750205993652,0.20957398414611816
Niblack_Thresholding_Torch,Sauvola_Thresholding_Sklearn,0.7089400697069943,0.6786678131464912,0.9794506662407313,0.8017782203212966,0.6691400823445967,0.8017782203212899,0.6691400823445872,0.7089400697069943,488337,704766,216429,0.692906581759052,97743,226464,10035,478302,0.2841014862060547,0.0739595890045166,0.21014189720153809
Niblack_Thresholding_Torch,Sobel_Sklearn,0.4315150933364839,0.5637253956001543,0.23927943203156837,0.33595786186939075,0.2018926409200232,0.3359578618693859,0.20189264092001974,0.4315150933364839,488337,207280,281057,0.42446097674351935,233776,90431,371488,116849,0.2841014862060547,0.013219356536865234,0.27088212966918945
Niblack_Thresholding_Torch,Canny_Sklearn,0.4264962882010082,0.6352398479308424,0.10744014891355765,0.1837945390949169,0.1011969972842859,0.18379453909491367,0.10119699728428394,0.4264962882010082,488337,82594,405743,0.16913320104763718,294080,30127,435870,52467,0.2841014862060547,0.03502249717712402,0.24907898902893066
Niblack_Thresholding_Torch,Global_Threshold_Torch,0.6964287472432262,0.7173598644423899,0.8166471104995116,0.7637903478338312,0.6178485554577792,0.7637903478338238,0.6178485554577696,0.6964287472432262,488337,555926,67589,0.8784208689645744,167080,157127,89538,398799,0.2841014862060547,0.007071971893310547,0.27702951431274414
Niblack_Thresholding_Torch,Adaptive_Threshold_Torch,0.8377010968021424,0.8092097958390585,0.9551498248136021,0.876144053270971,0.7795875048052013,0.8761440532709628,0.7795875048051882,0.8377010968021424,488337,576408,88071,0.8472071865761752,214234,109973,21902,466435,0.2841014862060547,0.00512242317199707,0.2789790630340576
Niblack_Thresholding_Torch,Otsu_Thresholding_Torch,0.7048639827504726,0.7106366749160932,0.8584911649127549,0.7775979641594878,0.636122929576781,0.7775979641594806,0.6361229295767713,0.7048639827504726,488337,589940,101603,0.8277740109163644,153500,170707,69104,419233,0.2841014862060547,0.0047910213470458984,0.2793104648590088
Niblack_Thresholding_Torch,Niblack_Thresholding_Torch,1.0,1.0,1.0,1.0,1.0,0.9999999999999898,0.9999999999999795,1.0,488337,488337,0,1.0,324207,0,0,488337,0.2841014862060547,0.2841014862060547,0.0
Niblack_Thresholding_Torch,Sauvola_Thresholding_Torch,0.7787836720226843,0.7331630764116087,0.993508581164237,0.8437085355652901,0.7296677018867074,0.8437085355652828,0.7296677018866964,0.7787836720226843,488337,661745,173408,0.7379534412802514,147629,176578,3170,485167,0.2841014862060547,0.28436946868896484,0.00026798248291015625
Niblack_Thresholding_Torch,Sobel_Torch,0.4320221428008822,0.5653204915957385,0.2377477029182716,0.3347253675532536,0.20100310245010458,0.3347253675532488,0.20100310245010108,0.4320221428008822,488337,205372,282965,0.42055383884489606,234936,89271,372236,116101,0.2841014862060547,0.004450321197509766,0.2796511650085449
Niblack_Thresholding_Torch,Canny_Torch,0.43260672652804033,0.5586863541599502,0.26614817226628334,0.3605410473638366,0.21991465341910857,0.3605410473638316,0.21991465341910485,0.43260672652804033,488337,232635,255702,0.47638208859865216,221542,102665,358367,129970,0.2841014862060547,0.00403141975402832,0.28007006645202637
Sauvola_Thresholding_Torch,Global_Threshold_CV2,0.8625785188248267,0.9947457035648629,0.8356768846005637,0.9082995324681298,0.8320043450394634,0.9082995324681222,0.8320043450394509,0.8625785188248267,661745,555926,105819,0.8400909715978209,147878,2921,108740,553005,0.28436946868896484,0.0005667209625244141,0.28380274772644043
Sauvola_Thresholding_Torch,Adaptive_Threshold_CV2,0.8508696144454947,0.9659989793314621,0.8466871680178921,0.9024164953368493,0.8221848191986101,0.9024164953368421,0.822184819198598,0.8508696144454947,661745,580012,81733,0.876488677662846,131078,19721,101454,560291,0.28436946868896484,0.0020143985748291016,0.28235507011413574
Sauvola_Thresholding_Torch,Otsu_Thresholding_CV2,0.8960376299621928,0.9902189069428946,0.8810493468027715,0.9324496575063133,0.8734479493755842,0.9324496575063058,0.8734479493755711,0.8960376299621928,661745,588789,72956,0.8897520948401575,145040,5759,78715,583030,0.28436946868896484,0.0007236003875732422,0.2836458683013916
Sauvola_Thresholding_Torch,Niblack_Thresholding_CV2,0.778494456915564,0.9933881995338149,0.7328956017801419,0.843488007875036,0.7293378828914858,0.8434880078750286,0.7293378828914748,0.778494456915564,661745,488218,173527,0.7377736137031636,147571,3228,176755,484990,0.28436946868896484,0.003560781478881836,0.280808687210083
Sauvola_Thresholding_Torch,Sauvola_Thresholding_CV2,0.9989625177221172,0.9993396557143203,0.9993864706193474,0.9993630626185758,0.9987269360991389,0.9993630626185682,0.9987269360991238,0.9989625177221172,661745,661776,31,0.9999531563550205,150362,437,406,661339,0.28436946868896484,0.003925323486328125,0.2804441452026367
Sauvola_Thresholding_Torch,Sobel_CV2,0.24211611925015752,0.6123001843511767,0.1892209234674988,0.2891003248499849,0.16897561502233377,0.28910032484998155,0.1689756150223315,0.24211611925015752,661745,204501,457244,0.3090329356474171,71514,79285,536529,125216,0.28436946868896484,0.00626373291015625,0.2781057357788086
Sauvola_Thresholding_Torch,Canny_CV2,0.2763062677221172,0.766089091040358,0.1603502859862938,0.26519296974089507,0.15286597593582887,0.2651929697408918,0.15286597593582668,0.2763062677221172,661745,138510,523235,0.20931023279359875,118400,32399,555634,106111,0.28436946868896484,0.0012798309326171875,0.28308963775634766
Sauvola_Thresholding_Torch,Global_Threshold_Sklearn,0.8339425311121613,0.9774859695172354,0.8148697761222223,0.8888009817034929,0.7998576016257147,0.8888009817034855,0.7998576016257029,0.8339425311121613,661745,551656,110089,0.8336383350081981,138379,12420,122509,539236,0.28436946868896484,0.05472707748413086,0.22964239120483398
Sauvola_Thresholding_Torch,Adaptive_Threshold_Sklearn,0.8919073920919974,0.9143246158266567,0.9569441401143945,0.9351490324409896,0.8781971007498444,0.9351490324409826,0.8781971007498321,0.8919073920919974,661745,692591,30846,0.9554628922408752,91461,59338,28492,633253,0.28436946868896484,0.06821537017822266,0.2161540985107422
Sauvola_Thresholding_Torch,Otsu_Thresholding_Sklearn,0.863348938642092,0.9709595873213516,0.8578667009195385,0.9109163656027336,0.8364062564459191,0.9109163656027263,0.8364062564459067,0.863348938642092,661745,584668,77077,0.8835246205109218,133820,16979,94056,567689,0.28436946868896484,0.058739662170410156,0.2256298065185547
Sauvola_Thresholding_Torch,Niblack_Thresholding_Sklearn,0.5405651878544423,0.9819474799323615,0.44403206673265383,0.6115321498923498,0.44043666538259185,0.6115321498923434,0.44043666538258525,0.5405651878544423,661745,299238,362507,0.45219533203877627,145397,5402,367909,293836,0.28436946868896484,0.07452750205993652,0.20984196662902832
Sauvola_Thresholding_Torch,Sauvola_Thresholding_Sklearn,0.9244188622400756,0.9259087413410976,0.986103408412606,0.9550585395946318,0.9139828170126701,0.9550585395946248,0.9139828170126574,0.9244188622400756,661745,704766,43021,0.9389570438982584,98582,52217,9196,652549,0.28436946868896484,0.0739595890045166,0.21040987968444824
Sauvola_Thresholding_Torch,Sobel_Sklearn,0.24332836129489602,0.6131705905055963,0.19206491926648483,0.29250712004833,0.1713079588692688,0.29250712004832663,0.1713079588692665,0.24332836129489602,661745,207280,454465,0.3132324384770569,70617,80182,534647,127098,0.28436946868896484,0.013219356536865234,0.2711501121520996
Sauvola_Thresholding_Torch,Canny_Sklearn,0.23595891422495274,0.7477661815628254,0.0933305125085947,0.16594857988094133,0.09048196689609099,0.1659485798809391,0.09048196689608967,0.23595891422495274,661745,82594,579151,0.1248124277478485,129966,20833,599984,61761,0.28436946868896484,0.03502249717712402,0.24934697151184082
Sauvola_Thresholding_Torch,Global_Threshold_Torch,0.8625785188248267,0.9947457035648629,0.8356768846005637,0.9082995324681298,0.8320043450394634,0.9082995324681222,0.8320043450394509,0.8625785188248267,661745,555926,105819,0.8400909715978209,147878,2921,108740,553005,0.28436946868896484,0.007071971893310547,0.2772974967956543
Sauvola_Thresholding_Torch,Adaptive_Threshold_Torch,0.8760424050882167,0.9866552858391973,0.8594186582444899,0.9186522182638172,0.8495437210671056,0.9186522182638097,0.849543721067093,0.8760424050882167,661745,576408,85337,0.871042471042471,143107,7692,93029,568716,0.28436946868896484,0.00512242317199707,0.2792470455169678
Sauvola_Thresholding_Torch,Otsu_Thresholding_Torch,0.8971144947227473,0.9900040682103265,0.8825801479421832,0.9332108317987353,0.8747846899985321,0.9332108317987279,0.874784689998519,0.8971144947227473,661745,589940,71805,0.8914914355227467,144902,5897,77702,584043,0.28436946868896484,0.0047910213470458984,0.27957844734191895
Sauvola_Thresholding_Torch,Niblack_Thresholding_Torch,0.7787836720226843,0.993508581164237,0.7331630764116087,0.8437085355652901,0.7296677018867074,0.8437085355652828,0.7296677018866964,0.7787836720226843,661745,488337,173408,0.7379534412802514,147629,3170,176578,485167,0.28436946868896484,0.2841014862060547,0.00026798248291015625
Sauvola_Thresholding_Torch,Sauvola_Thresholding_Torch,1.0,1.0,1.0,1.0,1.0,0.9999999999999925,0.9999999999999849,1.0,661745,661745,0,1.0,150799,0,0,661745,0.28436946868896484,0.28436946868896484,0.0
Sauvola_Thresholding_Torch,Sobel_Torch,0.24487412373976056,0.6172798628829635,0.1915722823746307,0.2923988342980244,0.1712336815943918,0.292398834298021,0.17123368159438948,0.24487412373976056,661745,205372,456373,0.3103491526192113,72199,78600,534973,126772,0.28436946868896484,0.004450321197509766,0.2799191474914551
Sauvola_Thresholding_Torch,Canny_Torch,0.2569091643037177,0.6245534850731833,0.21956040468760626,0.32490216686419643,0.19396011411224598,0.32490216686419277,0.19396011411224337,0.2569091643037177,661745,232635,429110,0.351547801645649,63457,87342,516452,145293,0.28436946868896484,0.00403141975402832,0.2803380489349365
Sobel_Torch,Global_Threshold_CV2,0.2626097786704474,0.14582516378079097,0.39473735465399373,0.21297310645765521,0.11917733707716507,0.2129731064576524,0.11917733707716333,0.2626097786704474,205372,555926,350554,0.3694232685645212,132314,474858,124304,81068,0.004450321197509766,0.0005667209625244141,0.0038836002349853516
Sobel_Torch,Adaptive_Threshold_CV2,0.29715067737870193,0.1847272125404302,0.5217069512883937,0.27284487588237094,0.1579735786742156,0.27284487588236744,0.15797357867421327,0.29715067737870193,205372,580012,374640,0.3540823293311173,134304,472868,98228,107144,0.004450321197509766,0.0020143985748291016,0.002435922622680664
Sobel_Torch,Otsu_Thresholding_CV2,0.24805672062066791,0.1555514793924479,0.44595660557427497,0.23065096372146202,0.13035922194672733,0.2306509637214591,0.13035922194672547,0.24805672062066791,205372,588789,383417,0.3488040707282235,109970,497202,113785,91587,0.004450321197509766,0.0007236003875732422,0.0037267208099365234
Sobel_Torch,Niblack_Thresholding_CV2,0.4320726016068053,0.2377257700453486,0.5651305922910621,0.3346703383843481,0.20096341649236055,0.3346703383843433,0.20096341649235705,0.4320726016068053,205372,488218,282846,0.42065634614045366,235016,372156,89310,116062,0.004450321197509766,0.003560781478881836,0.0008895397186279297
Sobel_Torch,Sauvola_Thresholding_CV2,0.24483104914933837,0.19156028626000338,0.6172701244570827,0.2923837683993966,0.1712233480735516,0.2923837683993933,0.1712233480735493,0.24483104914933837,205372,661776,456404,0.31033461473368634,72166,535006,78602,126770,0.004450321197509766,0.003925323486328125,0.0005249977111816406
Sobel_Torch,Sobel_CV2,0.9935523491650914,0.9893203456217818,0.985124554467016,0.9872179919145686,0.9747586193605581,0.9872179919145445,0.9747586193605111,0.9935523491650914,205372,204501,871,0.995758915528894,604988,2184,3055,202317,0.004450321197509766,0.00626373291015625,0.0018134117126464844
Sobel_Torch,Canny_CV2,0.7852473219911783,0.6114576564868962,0.41238825156301734,0.4925701257989659,0.32676155238069515,0.4925701257989516,0.32676155238068255,0.7852473219911783,205372,138510,66862,0.6744346843776172,553355,53817,120679,84693,0.004450321197509766,0.0012798309326171875,0.003170490264892578
Sobel_Torch,Global_Threshold_Sklearn,0.2536256498109641,0.1364672912104645,0.3665689577936622,0.19889092609520387,0.11042691915598941,0.19889092609520126,0.11042691915598779,0.2536256498109641,205372,551656,346284,0.3722827269167742,130799,476373,130089,75283,0.004450321197509766,0.05472707748413086,0.050276756286621094
Sobel_Torch,Adaptive_Threshold_Sklearn,0.2260345285916824,0.19425750551191107,0.655108778217089,0.2996582264525376,0.17623411429065444,0.29965822645253426,0.17623411429065214,0.2260345285916824,205372,692591,487219,0.29652709896605645,49122,558050,70831,134541,0.004450321197509766,0.06821537017822266,0.06376504898071289
Sobel_Torch,Otsu_Thresholding_Sklearn,0.2424164106805293,0.14920433476776565,0.4247657908575658,0.220836919649638,0.12412404578794972,0.2208369196496352,0.12412404578794795,0.2424164106805293,205372,584668,379296,0.3512625968925955,109739,497433,118137,87235,0.004450321197509766,0.058739662170410156,0.05428934097290039
Sobel_Torch,Niblack_Thresholding_Sklearn,0.5476995707309389,0.22907518430145904,0.3337748086399314,0.27168704544103367,0.1571978296664236,0.2716870454410283,0.15719782966641999,0.5476995707309389,205372,299238,93866,0.686316577440031,376482,230690,136824,68548,0.004450321197509766,0.07452750205993652,0.07007718086242676
Sobel_Torch,Sauvola_Thresholding_Sklearn,0.2683596211405167,0.22393815819718885,0.7684786631088951,0.3468133403945336,0.2097847441360921,0.34681334039452977,0.20978474413608933,0.2683596211405167,205372,704766,499394,0.2914045229196641,60230,546942,47548,157824,0.004450321197509766,0.0739595890045166,0.06950926780700684
Sobel_Torch,Sobel_Sklearn,0.9903266776937618,0.9764376688537244,0.9855092222893092,0.9809524732704555,0.9626170002282931,0.9809524732704317,0.9626170002282473,0.9903266776937618,205372,207280,1908,0.9907950598224624,602288,4884,2976,202396,0.004450321197509766,0.013219356536865234,0.008769035339355469
Sobel_Torch,Canny_Sklearn,0.8201894297416509,0.858791195486355,0.345378143076953,0.49263454713403665,0.3268182551201419,0.49263454713401955,0.32681825512012685,0.8201894297416509,205372,82594,122778,0.40216777360107514,595509,11663,134441,70931,0.004450321197509766,0.03502249717712402,0.030572175979614258
Sobel_Torch,Global_Threshold_Torch,0.2626097786704474,0.14582516378079097,0.39473735465399373,0.21297310645765521,0.11917733707716507,0.2129731064576524,0.11917733707716333,0.2626097786704474,205372,555926,350554,0.3694232685645212,132314,474858,124304,81068,0.004450321197509766,0.007071971893310547,0.0026216506958007812
Sobel_Torch,Adaptive_Threshold_Torch,0.3023442422810334,0.18641656604349696,0.5232066688740432,0.274890634193763,0.1593467867269341,0.2748906341937594,0.1593467867269317,0.3023442422810334,205372,576408,371036,0.35629623461159454,138216,468956,97920,107452,0.004450321197509766,0.00512242317199707,0.0006721019744873047
Sobel_Torch,Otsu_Thresholding_Torch,0.24769858616887208,0.15597687900464455,0.4480503671386557,0.23139849518176514,0.1308369887458321,0.23139849518176223,0.13083698874583025,0.24769858616887208,205372,589940,384568,0.3481235379869139,109249,497923,113355,92017,0.004450321197509766,0.0047910213470458984,0.0003407001495361328
Sobel_Torch,Niblack_Thresholding_Torch,0.4320221428008822,0.2377477029182716,0.5653204915957385,0.3347253675532536,0.20100310245010458,0.3347253675532488,0.20100310245010108,0.4320221428008822,205372,488337,282965,0.42055383884489606,234936,372236,89271,116101,0.004450321197509766,0.2841014862060547,0.2796511650085449
Sobel_Torch,Sauvola_Thresholding_Torch,0.24487412373976056,0.1915722823746307,0.6172798628829635,0.2923988342980244,0.1712336815943918,0.292398834298021,0.17123368159438948,0.24487412373976056,205372,661745,456373,0.3103491526192113,72199,534973,78600,126772,0.004450321197509766,0.28436946868896484,0.2799191474914551
Sobel_Torch,Sobel_Torch,1.0,1.0,1.0,1.0,1.0,0.9999999999999756,0.9999999999999513,1.0,205372,205372,0,1.0,607172,0,0,205372,0.004450321197509766,0.004450321197509766,0.0
Sobel_Torch,Canny_Torch,0.9664473554662886,0.8828078320115202,1.0,0.9377567025184529,0.8828078320115202,0.9377567025184315,0.8828078320114822,0.9664473554662886,205372,232635,27263,0.8828078320115202,579909,27263,0,205372,0.004450321197509766,0.00403141975402832,0.0004189014434814453
Canny_Torch,Global_Threshold_CV2,0.262593779536862,0.17033382140788522,0.4070453715047177,0.24016658191313037,0.13647120201536891,0.2401665819131273,0.13647120201536694,0.262593779536862,232635,555926,323291,0.4184639682259869,118676,461233,137942,94693,0.00403141975402832,0.0005667209625244141,0.0034646987915039062
Canny_Torch,Adaptive_Threshold_CV2,0.2980749350189036,0.20887671289559526,0.5207771831409719,0.29816390142337323,0.17520130268287887,0.29816390142336957,0.17520130268287631,0.2980749350189036,232635,580012,347377,0.40108652924422256,121048,458861,111484,121151,0.00403141975402832,0.0020143985748291016,0.0020170211791992188
Canny_Torch,Otsu_Thresholding_CV2,0.24979570337114052,0.17990315715816702,0.4553270144217336,0.2579057831278365,0.14804353325441405,0.2579057831278334,0.14804353325441197,0.24979570337114052,232635,588789,356154,0.395107585230023,97045,482864,126710,105925,0.00403141975402832,0.0007236003875732422,0.003307819366455078
Canny_Torch,Niblack_Thresholding_CV2,0.43262764847195967,0.26610858264136106,0.5584671266146538,0.3604590672439457,0.219853655399757,0.3604590672439407,0.21985365539975327,0.43262764847195967,232635,488218,255583,0.4764982036713108,221610,358299,102716,129919,0.00403141975402832,0.003560781478881836,0.0004706382751464844
Canny_Torch,Sauvola_Thresholding_CV2,0.25684639847195967,0.21953500882473828,0.6245104992799879,0.32486854477415866,0.19393614976345833,0.324868544774155,0.19393614976345572,0.25684639847195967,232635,661776,429141,0.3515313338652354,63416,516493,87352,145283,0.00403141975402832,0.003925323486328125,0.00010609626770019531
Canny_Torch,Sobel_CV2,0.965375413516068,1.0,0.8790637694242053,0.9356401669045789,0.8790637694242053,0.9356401669045574,0.8790637694241674,0.965375413516068,232635,204501,28134,0.8790637694242053,579909,0,28134,204501,0.00403141975402832,0.00626373291015625,0.0022323131561279297
Canny_Torch,Canny_CV2,0.7766262503938248,0.6845859504728901,0.4075998882369377,0.5109701060232523,0.34315637858593023,0.5109701060232386,0.3431563785859178,0.7766262503938248,232635,138510,94125,0.5953962215487781,536221,43688,137813,94822,0.00403141975402832,0.0012798309326171875,0.002751588821411133
Canny_Torch,Global_Threshold_Sklearn,0.2539985526937618,0.16145206432994474,0.3828572656736948,0.22712488094342534,0.1281110431874573,0.22712488094342242,0.12811104318745545,0.2539985526937618,232635,551656,319021,0.4217030178227011,117319,462590,143569,89066,0.00403141975402832,0.05472707748413086,0.05069565773010254
Canny_Torch,Adaptive_Threshold_Sklearn,0.2426847038437303,0.22370634328196584,0.6660089840307778,0.33491709052707125,0.2011413897900658,0.3349170905270676,0.20114138979006319,0.2426847038437303,232635,692591,459956,0.3358908793212733,42255,537654,77698,154937,0.00403141975402832,0.06821537017822266,0.06418395042419434
Canny_Torch,Otsu_Thresholding_Sklearn,0.2440323231726528,0.17364213536571182,0.436404668257141,0.24843417924564085,0.1418354801754729,0.2484341792456378,0.14183548017547093,0.2440323231726528,232635,584668,352033,0.39789247915056064,96764,483145,131112,101523,0.00403141975402832,0.058739662170410156,0.054708242416381836
Canny_Torch,Niblack_Thresholding_Sklearn,0.5372324452583491,0.2604181287135992,0.33497539063339565,0.2930285989324519,0.1716657928476074,0.2930285989324464,0.17166579284760364,0.5372324452583491,232635,299238,66603,0.7774246586329276,358598,221311,154708,77927,0.00403141975402832,0.07452750205993652,0.0704960823059082
Canny_Torch,Sauvola_Thresholding_Sklearn,0.28637341485507245,0.2536643368153401,0.7684742192705311,0.3814248117934587,0.2356546761451939,0.38142481179345467,0.23565467614519078,0.28637341485507245,232635,704766,472131,0.3300882846221299,53917,525992,53861,178774,0.00403141975402832,0.0739595890045166,0.06992816925048828
Canny_Torch,Sobel_Sklearn,0.9687856903749212,0.9999807024314936,0.8909923270359146,0.9423456804155348,0.8909770072945636,0.9423456804155134,0.8909770072945253,0.9687856903749212,232635,207280,25355,0.8910095213531928,579905,4,25359,207276,0.00403141975402832,0.013219356536865234,0.009187936782836914
Canny_Torch,Canny_Sklearn,0.797070681710775,0.9101145361648546,0.323124207449438,0.4769231257276456,0.31313135520851126,0.47692312572763046,0.31313135520849816,0.797070681710775,232635,82594,150041,0.355036860317665,572485,7424,157465,75170,0.00403141975402832,0.03502249717712402,0.030991077423095703
Canny_Torch,Global_Threshold_Torch,0.262593779536862,0.17033382140788522,0.4070453715047177,0.24016658191313037,0.13647120201536891,0.2401665819131273,0.13647120201536694,0.262593779536862,232635,555926,323291,0.4184639682259869,118676,461233,137942,94693,0.00403141975402832,0.007071971893310547,0.0030405521392822266
Canny_Torch,Adaptive_Threshold_Torch,0.302466081836799,0.21015148991686444,0.5206998087132203,0.29944761897698885,0.1760884418019799,0.29944761897698513,0.17608844180197736,0.302466081836799,232635,576408,343773,0.4035943290169463,124634,455275,111502,121133,0.00403141975402832,0.00512242317199707,0.00109100341796875
Canny_Torch,Otsu_Thresholding_Torch,0.24950402685885317,0.18032681289622673,0.4572914651707611,0.2586560496003404,0.14853817336946884,0.2586560496003372,0.14853817336946676,0.24950402685885317,232635,589940,357305,0.39433671220802113,96351,483558,126253,106382,0.00403141975402832,0.0047910213470458984,0.0007596015930175781
Canny_Torch,Niblack_Thresholding_Torch,0.43260672652804033,0.26614817226628334,0.5586863541599502,0.3605410473638366,0.21991465341910857,0.3605410473638316,0.21991465341910485,0.43260672652804033,232635,488337,255702,0.47638208859865216,221542,358367,102665,129970,0.00403141975402832,0.2841014862060547,0.28007006645202637
Canny_Torch,Sauvola_Thresholding_Torch,0.2569091643037177,0.21956040468760626,0.6245534850731833,0.32490216686419643,0.19396011411224598,0.32490216686419277,0.19396011411224337,0.2569091643037177,232635,661745,429110,0.351547801645649,63457,516452,87342,145293,0.00403141975402832,0.28436946868896484,0.2803380489349365
Canny_Torch,Sobel_Torch,0.9664473554662886,1.0,0.8828078320115202,0.9377567025184529,0.8828078320115202,0.9377567025184315,0.8828078320114822,0.9664473554662886,232635,205372,27263,0.8828078320115202,579909,0,27263,205372,0.00403141975402832,0.004450321197509766,0.0004189014434814453
Canny_Torch,Canny_Torch,1.0,1.0,1.0,1.0,1.0,0.9999999999999785,0.9999999999999569,1.0,232635,232635,0,1.0,579909,0,0,232635,0.00403141975402832,0.00403141975402832,0.0
