method1,method2,accuracy,precision,recall,f1_score,jaccard,dice_coefficient,intersection_over_union,pixel_agreement,area1,area2,area_difference,area_ratio,true_negative,false_positive,false_negative,true_positive,time1,time2,time_diff
Global_Threshold_CV2,Global_Threshold_CV2,1.0,1.0,1.0,1.0,1.0,0.9999999999999382,0.9999999999998764,1.0,80917,80917,0,1.0,48683,0,0,80917,0.00018930435180664062,0.00018930435180664062,0.0
Global_Threshold_CV2,Adaptive_Threshold_CV2,0.691604938271605,0.6937643729830505,0.9059653719243175,0.7857908502336749,0.6471626822981037,0.7857908502336327,0.6471626822980466,0.691604938271605,80917,105667,24750,0.765773609546973,16324,32359,7609,73308,0.00018930435180664062,0.00034689903259277344,0.0001575946807861328
Global_Threshold_CV2,Otsu_Thresholding_CV2,0.8598919753086419,1.0,0.7755972169012691,0.8736184192210251,0.7755972169012691,0.8736184192209642,0.7755972169011733,0.8598919753086419,80917,62759,18158,0.7755972169012691,48683,0,18158,62759,0.00018930435180664062,0.0001685619354248047,2.0742416381835938e-05
Global_Threshold_CV2,Niblack_Thresholding_CV2,0.6210725308641976,0.6936017918878122,0.7041536389139489,0.6988378867322846,0.5370874848002112,0.6988378867322418,0.5370874848001606,0.6210725308641976,80917,82148,1231,0.985014851244096,23513,25170,23939,56978,0.00018930435180664062,0.0005946159362792969,0.00040531158447265625
Global_Threshold_CV2,Sauvola_Thresholding_CV2,0.673233024691358,0.6593639984794143,0.9860350729760124,0.7902715391510625,0.6532635750311129,0.7902715391510233,0.6532635750310594,0.673233024691358,80917,121006,40089,0.6687023783944598,7464,41219,1130,79787,0.00018930435180664062,0.0005924701690673828,0.0004031658172607422
Global_Threshold_CV2,Sobel_CV2,0.398016975308642,0.5843415542112611,0.12415190874599899,0.20479262860695757,0.11407742184572409,0.2047926286069367,0.11407742184571114,0.398016975308642,80917,17192,63725,0.2124646242445963,41537,7146,70871,10046,0.00018930435180664062,0.0010156631469726562,0.0008263587951660156
Global_Threshold_CV2,Canny_CV2,0.38141975308641973,0.5308560599818736,0.0796248007217272,0.1384787327788166,0.07439008901871587,0.1384787327788017,0.07439008901870728,0.38141975308641973,80917,12137,68780,0.1499932029116255,42989,5694,74474,6443,0.00018930435180664062,0.0003559589385986328,0.0001666545867919922
Global_Threshold_CV2,Global_Threshold_Sklearn,0.9759336419753086,0.9719950493848133,0.9899773842332267,0.980903808829922,0.9625232802643436,0.980903808829862,0.9625232802642281,0.9759336419753086,80917,82414,1497,0.9818356104545344,46375,2308,811,80106,0.00018930435180664062,0.010231971740722656,0.010042667388916016
Global_Threshold_CV2,Adaptive_Threshold_Sklearn,0.6663425925925925,0.6566436881013163,0.975888873784248,0.7850517462495153,0.6461606441476826,0.7850517462494763,0.6461606441476297,0.6663425925925925,80917,120257,39340,0.6728672759174102,7392,41291,1951,78966,0.00018930435180664062,0.01044917106628418,0.010259866714477539
Global_Threshold_CV2,Otsu_Thresholding_Sklearn,0.8609336419753086,0.9972801163857175,0.7793912280484941,0.8749748534563491,0.7777380409180037,0.8749748534562883,0.7777380409179078,0.8609336419753086,80917,63238,17679,0.78151686295834,48511,172,17851,63066,0.00018930435180664062,0.010417699813842773,0.010228395462036133
Global_Threshold_CV2,Niblack_Thresholding_Sklearn,0.6030401234567901,0.8106592456728438,0.47520298577554776,0.5991741332294507,0.4277292042092149,0.599174133229404,0.4277292042091673,0.6030401234567901,80917,47433,33484,0.586193259760001,39702,8981,42465,38452,0.00018930435180664062,0.01264810562133789,0.01245880126953125
Global_Threshold_CV2,Sauvola_Thresholding_Sklearn,0.6438888888888888,0.6369660628314331,0.9990236909425708,0.7779317512558461,0.6365698086463502,0.7779317512558087,0.6365698086463,0.6438888888888888,80917,126911,45994,0.6375885463041029,2610,46073,79,80838,0.00018930435180664062,0.012035131454467773,0.011845827102661133
Global_Threshold_CV2,Sobel_Sklearn,0.3980864197530864,0.5834241468310869,0.1257090599008861,0.20684886936717098,0.11535495577228397,0.20684886936714994,0.11535495577227088,0.3980864197530864,80917,17435,63482,0.2154677014718786,41420,7263,70745,10172,0.00018930435180664062,0.002002716064453125,0.0018134117126464844
Global_Threshold_CV2,Canny_Sklearn,0.386304012345679,0.596670397313934,0.052708330758678645,0.09686027366150003,0.050894988066825776,0.09686027366148903,0.050894988066819705,0.386304012345679,80917,7148,73769,0.08833743218359554,45800,2883,76652,4265,0.00018930435180664062,0.005337715148925781,0.005148410797119141
Global_Threshold_CV2,Global_Threshold_Torch,1.0,1.0,1.0,1.0,1.0,0.9999999999999382,0.9999999999998764,1.0,80917,80917,0,1.0,48683,0,0,80917,0.00018930435180664062,0.003944873809814453,0.0037555694580078125
Global_Threshold_CV2,Adaptive_Threshold_Torch,0.6973148148148148,0.6989985393376421,0.9048531210993982,0.7887150982419855,0.6511392134891415,0.788715098241943,0.6511392134890835,0.6973148148148148,80917,104747,23830,0.7724994510582642,17154,31529,7699,73218,0.00018930435180664062,0.00106048583984375,0.0008711814880371094
Global_Threshold_CV2,Otsu_Thresholding_Torch,0.8602314814814814,1.0,0.7761409839712298,0.8739632618981352,0.7761409839712298,0.8739632618980744,0.7761409839711338,0.8602314814814814,80917,62803,18114,0.7761409839712298,48683,0,18114,62803,0.00018930435180664062,0.0012373924255371094,0.0010480880737304688
Global_Threshold_CV2,Niblack_Thresholding_Torch,0.6249922839506172,0.695551144890352,0.7102586601085062,0.7028279678375983,0.5418155421266486,0.7028279678375552,0.5418155421265975,0.6249922839506172,80917,82628,1711,0.9792927336980201,23527,25156,23445,57472,0.00018930435180664062,0.046595096588134766,0.046405792236328125
Global_Threshold_CV2,Sauvola_Thresholding_Torch,0.6732407407407407,0.6593747159114387,0.9860103562910143,0.7902712982497846,0.6532632458058019,0.7902712982497454,0.6532632458057483,0.6732407407407407,80917,121001,40084,0.6687300104957811,7467,41216,1132,79785,0.00018930435180664062,0.04653668403625488,0.04634737968444824
Global_Threshold_CV2,Sobel_Torch,0.39597993827160494,0.5920776861813609,0.10473695267990657,0.17798826012537933,0.09768776799299184,0.17798826012536065,0.09768776799298058,0.39597993827160494,80917,14314,66603,0.17689731453217494,42844,5839,72442,8475,0.00018930435180664062,0.0012011528015136719,0.0010118484497070312
Global_Threshold_CV2,Canny_Torch,0.39791666666666664,0.5797998783791254,0.12961429613060296,0.2118659475183322,0.11848437605910662,0.21186594751831084,0.11848437605909325,0.39791666666666664,80917,18089,62828,0.2235500574662926,41082,7601,70429,10488,0.00018930435180664062,0.0010914802551269531,0.0009021759033203125
Adaptive_Threshold_CV2,Global_Threshold_CV2,0.691604938271605,0.9059653719243175,0.6937643729830505,0.7857908502336749,0.6471626822981037,0.7857908502336327,0.6471626822980466,0.691604938271605,105667,80917,24750,0.765773609546973,16324,7609,32359,73308,0.00034689903259277344,0.00018930435180664062,0.0001575946807861328
Adaptive_Threshold_CV2,Adaptive_Threshold_CV2,1.0,1.0,1.0,1.0,1.0,0.9999999999999526,0.9999999999999054,1.0,105667,105667,0,1.0,23933,0,0,105667,0.00034689903259277344,0.00034689903259277344,0.0
Adaptive_Threshold_CV2,Otsu_Thresholding_CV2,0.6351234567901235,0.96510460651062,0.5732063936706824,0.7192357474499187,0.5615676312154055,0.719235747449876,0.5615676312153536,0.6351234567901235,105667,62759,42908,0.5939318803410715,21743,2190,45098,60569,0.00034689903259277344,0.0001685619354248047,0.00017833709716796875
Adaptive_Threshold_CV2,Niblack_Thresholding_CV2,0.7672453703703703,0.9595486195646882,0.7459755647458526,0.8393898250938423,0.7232314891274428,0.8393898250937976,0.7232314891273766,0.7672453703703703,105667,82148,23519,0.7774234150680913,20610,3323,26842,78825,0.00034689903259277344,0.0005946159362792969,0.00024771690368652344
Adaptive_Threshold_CV2,Sauvola_Thresholding_CV2,0.8732021604938272,0.8687172536898997,0.9948233601786746,0.9275034962258407,0.86480794385988,0.9275034962257998,0.864807943859809,0.8732021604938272,105667,121006,15339,0.8732376906930235,8047,15886,547,105120,0.00034689903259277344,0.0005924701690673828,0.0002455711364746094
Adaptive_Threshold_CV2,Sobel_CV2,0.19321759259259258,0.5322242903676129,0.0865927867735433,0.14895123678363,0.0804685644935757,0.1489512367836179,0.08046856449356864,0.19321759259259258,105667,17192,88475,0.16269980220882585,15891,8042,96517,9150,0.00034689903259277344,0.0010156631469726562,0.0006687641143798828
Adaptive_Threshold_CV2,Canny_CV2,0.20089506172839505,0.5866359067314822,0.06738149091012331,0.12087874775050084,0.0643272740414152,0.12087874775049057,0.0643272740414094,0.20089506172839505,105667,12137,93530,0.114860836401147,18916,5017,98547,7120,0.00034689903259277344,0.0003559589385986328,9.059906005859375e-06
Adaptive_Threshold_CV2,Global_Threshold_Sklearn,0.6737885802469136,0.8845827165287451,0.6899221138103665,0.7752191874777357,0.6329452417541392,0.7752191874776944,0.6329452417540843,0.6737885802469136,105667,82414,23253,0.7799407572846774,14421,9512,32765,72902,0.00034689903259277344,0.010231971740722656,0.009885072708129883
Adaptive_Threshold_CV2,Adaptive_Threshold_Sklearn,0.8547376543209877,0.8610642207938,0.9799558991927471,0.916671092933907,0.8461613891726252,0.9166710929338664,0.846161389172556,0.8547376543209877,105667,120257,14590,0.8786765011600156,7225,16708,2118,103549,0.00034689903259277344,0.01044917106628418,0.010102272033691406
Adaptive_Threshold_CV2,Otsu_Thresholding_Sklearn,0.6169521604938272,0.9429615104842025,0.5643294500648263,0.7060892217518724,0.545701630763036,0.7060892217518305,0.5457016307629862,0.6169521604938272,105667,63238,42429,0.5984649890694351,20326,3607,46036,59631,0.00034689903259277344,0.010417699813842773,0.01007080078125
Adaptive_Threshold_CV2,Niblack_Thresholding_Sklearn,0.4991512345679012,0.9296270528956634,0.41730152270813026,0.5760287393860222,0.4045227283152149,0.5760287393859845,0.40452272831517777,0.4991512345679012,105667,47433,58234,0.44889132841852236,20595,3338,61572,44095,0.00034689903259277344,0.01264810562133789,0.012301206588745117
Adaptive_Threshold_CV2,Sauvola_Thresholding_Sklearn,0.828996913580247,0.8289903948436306,0.9956561651225075,0.904711537634686,0.8260029834340896,0.9047115376346471,0.8260029834340248,0.828996913580247,105667,126911,21244,0.8326071026152185,2230,21703,459,105208,0.00034689903259277344,0.012035131454467773,0.011688232421875
Adaptive_Threshold_CV2,Sobel_Sklearn,0.19350308641975308,0.532836248924577,0.08791770372964124,0.150931747656415,0.08162583910308227,0.15093174765640274,0.08162583910307511,0.19350308641975308,105667,17435,88232,0.1649994794969101,15788,8145,96377,9290,0.00034689903259277344,0.002002716064453125,0.0016558170318603516
Adaptive_Threshold_CV2,Canny_Sklearn,0.1922145061728395,0.5684107442641299,0.03845098280447065,0.07202942871072109,0.03736023245549507,0.07202942871071472,0.03736023245549164,0.1922145061728395,105667,7148,98519,0.0676464743013429,20848,3085,101604,4063,0.00034689903259277344,0.005337715148925781,0.004990816116333008
Adaptive_Threshold_CV2,Global_Threshold_Torch,0.691604938271605,0.9059653719243175,0.6937643729830505,0.7857908502336749,0.6471626822981037,0.7857908502336327,0.6471626822980466,0.691604938271605,105667,80917,24750,0.765773609546973,16324,7609,32359,73308,0.00034689903259277344,0.003944873809814453,0.0035979747772216797
Adaptive_Threshold_CV2,Adaptive_Threshold_Torch,0.9435956790123456,0.9694979331150295,0.9610569051832644,0.9652589656581786,0.9328507651889548,0.9652589656581327,0.9328507651888691,0.9435956790123456,105667,104747,920,0.9912934028599278,20738,3195,4115,101552,0.00034689903259277344,0.00106048583984375,0.0007135868072509766
Adaptive_Threshold_CV2,Otsu_Thresholding_Torch,0.6352314814814815,0.9648902122510071,0.5734808407544456,0.7193921766486615,0.5617583803025809,0.7193921766486188,0.5617583803025288,0.6352314814814815,105667,62803,42864,0.594348282812988,21728,2205,45069,60598,0.00034689903259277344,0.0012373924255371094,0.0008904933929443359
Adaptive_Threshold_CV2,Niblack_Thresholding_Torch,0.7709799382716049,0.9598078133320425,0.7505370645518469,0.8423696858652646,0.7276672661210408,0.8423696858652199,0.7276672661209741,0.7709799382716049,105667,82628,23039,0.7819659874889985,20612,3321,26360,79307,0.00034689903259277344,0.046595096588134766,0.04624819755554199
Adaptive_Threshold_CV2,Sauvola_Thresholding_Torch,0.8732407407407408,0.8687531508004066,0.9948233601786746,0.9275239557414369,0.8648435186099319,0.9275239557413959,0.8648435186098608,0.8732407407407408,105667,121001,15334,0.8732737745969041,8052,15881,547,105120,0.00034689903259277344,0.04653668403625488,0.04618978500366211
Adaptive_Threshold_CV2,Sobel_Torch,0.1983564814814815,0.5619673047366215,0.07612594282036965,0.134087897250398,0.07186185086253875,0.1340878972503868,0.07186185086253233,0.1983564814814815,105667,14314,91353,0.13546329506846982,17663,6270,97623,8044,0.00034689903259277344,0.0012011528015136719,0.0008542537689208984
Adaptive_Threshold_CV2,Canny_Torch,0.200570987654321,0.5569683232903975,0.09534670237633319,0.16282038850641586,0.08862518802614333,0.1628203885064027,0.08862518802613553,0.200570987654321,105667,18089,87578,0.17118873442039614,15919,8014,95592,10075,0.00034689903259277344,0.0010914802551269531,0.0007445812225341797
Otsu_Thresholding_CV2,Global_Threshold_CV2,0.8598919753086419,0.7755972169012691,1.0,0.8736184192210251,0.7755972169012691,0.8736184192209642,0.7755972169011733,0.8598919753086419,62759,80917,18158,0.7755972169012691,48683,18158,0,62759,0.0001685619354248047,0.00018930435180664062,2.0742416381835938e-05
Otsu_Thresholding_CV2,Adaptive_Threshold_CV2,0.6351234567901235,0.5732063936706824,0.96510460651062,0.7192357474499187,0.5615676312154055,0.719235747449876,0.5615676312153536,0.6351234567901235,62759,105667,42908,0.5939318803410715,21743,45098,2190,60569,0.0001685619354248047,0.00034689903259277344,0.00017833709716796875
Otsu_Thresholding_CV2,Otsu_Thresholding_CV2,1.0,1.0,1.0,1.0,1.0,0.9999999999999204,0.9999999999998407,1.0,62759,62759,0,1.0,66841,0,0,62759,0.0001685619354248047,0.0001685619354248047,0.0
Otsu_Thresholding_CV2,Niblack_Thresholding_CV2,0.5680015432098765,0.5412182889419097,0.7084242897433037,0.6136349520727087,0.4426214819755692,0.6136349520726663,0.44262148197552514,0.5680015432098765,62759,82148,19389,0.7639747772313386,29153,37688,18299,44460,0.0001685619354248047,0.0005946159362792969,0.0004260540008544922
Otsu_Thresholding_CV2,Sauvola_Thresholding_CV2,0.5501774691358025,0.5184371022924483,0.9996016507592537,0.6827633118384894,0.5183300146243525,0.6827633118384522,0.5183300146243096,0.5501774691358025,62759,121006,58247,0.5186437036180024,8569,58272,25,62734,0.0001685619354248047,0.0005924701690673828,0.0004239082336425781
Otsu_Thresholding_CV2,Sobel_CV2,0.4615817901234568,0.295835272219637,0.08104016953743687,0.12722792710535202,0.06793561744473385,0.12722792710533612,0.06793561744472479,0.4615817901234568,62759,17192,45567,0.273936805876448,54735,12106,57673,5086,0.0001685619354248047,0.0010156631469726562,0.0008471012115478516
Otsu_Thresholding_CV2,Canny_CV2,0.46459876543209877,0.22690945044080085,0.0438821523606176,0.07354197820978424,0.03817471098666519,0.07354197820977441,0.0381747109866599,0.46459876543209877,62759,12137,50622,0.19339058939753662,57458,9383,60005,2754,0.0001685619354248047,0.0003559589385986328,0.00018739700317382812
Otsu_Thresholding_CV2,Global_Threshold_Sklearn,0.847199074074074,0.7606110612274614,0.9988208862473908,0.863590337046145,0.759928716904277,0.8635903370460853,0.7599287169041848,0.847199074074074,62759,82414,19655,0.7615089669230956,47112,19729,74,62685,0.0001685619354248047,0.010231971740722656,0.010063409805297852
Otsu_Thresholding_CV2,Adaptive_Threshold_Sklearn,0.5496296296296296,0.5182567334957633,0.9930687232110136,0.6810770643003891,0.5163888244456964,0.6810770643003518,0.5163888244456537,0.5496296296296296,62759,120257,57498,0.5218739865454818,8908,57933,435,62324,0.0001685619354248047,0.01044917106628418,0.010280609130859375
Otsu_Thresholding_CV2,Otsu_Thresholding_Sklearn,0.9792361111111111,0.9749359562288498,0.9823770295893816,0.9786423486273482,0.958177918687057,0.9786423486272706,0.9581779186869082,0.9792361111111111,62759,63238,479,0.9924254403997597,65256,1585,1106,61653,0.0001685619354248047,0.010417699813842773,0.010249137878417969
Otsu_Thresholding_CV2,Niblack_Thresholding_Sklearn,0.6124537037037037,0.6321126641789472,0.47774821141190904,0.5441955858864528,0.37381091897417995,0.5441955858864034,0.3738109189741334,0.6124537037037037,62759,47433,15326,0.7557959814528593,49391,17450,32776,29983,0.0001685619354248047,0.01264810562133789,0.012479543685913086
Otsu_Thresholding_CV2,Sauvola_Thresholding_Sklearn,0.505,0.4945119020415882,1.0,0.6617704434016977,0.4945119020415882,0.6617704434016628,0.49451190204154927,0.505,62759,126911,64152,0.4945119020415882,2689,64152,0,62759,0.0001685619354248047,0.012035131454467773,0.011866569519042969
Otsu_Thresholding_CV2,Sobel_Sklearn,0.4605864197530864,0.2949813593346716,0.08194840580633854,0.12826395989724917,0.068526735153429,0.1282639598972332,0.06852673515341988,0.4605864197530864,62759,17435,45324,0.2778087604965025,54549,12292,57616,5143,0.0001685619354248047,0.002002716064453125,0.0018341541290283203
Otsu_Thresholding_CV2,Canny_Sklearn,0.49222993827160494,0.2867935086737549,0.032664637741200465,0.058649348420043775,0.030210589917031405,0.058649348420035385,0.030210589917026954,0.49222993827160494,62759,7148,55611,0.11389601491419557,61743,5098,60709,2050,0.0001685619354248047,0.005337715148925781,0.0051691532135009766
Otsu_Thresholding_CV2,Global_Threshold_Torch,0.8598919753086419,0.7755972169012691,1.0,0.8736184192210251,0.7755972169012691,0.8736184192209642,0.7755972169011733,0.8598919753086419,62759,80917,18158,0.7755972169012691,48683,18158,0,62759,0.0001685619354248047,0.003944873809814453,0.0037763118743896484
Otsu_Thresholding_CV2,Adaptive_Threshold_Torch,0.6445833333333333,0.5797015666319799,0.9675425038639877,0.7250128353611214,0.5686432424333233,0.7250128353610781,0.5686432424332701,0.6445833333333333,62759,104747,41988,0.599148424298548,22816,44025,2037,60722,0.0001685619354248047,0.00106048583984375,0.0008919239044189453
Otsu_Thresholding_CV2,Otsu_Thresholding_Torch,0.9996604938271605,0.9992993965256437,1.0,0.9996495755085137,0.9992993965256437,0.9996495755084341,0.9992993965254846,0.9996604938271605,62759,62803,44,0.9992993965256437,66797,44,0,62759,0.0001685619354248047,0.0012373924255371094,0.0010688304901123047
Otsu_Thresholding_CV2,Niblack_Thresholding_Torch,0.5717206790123457,0.5438955317809944,0.7160885291352634,0.618225838623811,0.44741453119088864,0.6182258386237683,0.4474145311908441,0.5717206790123457,62759,82628,19869,0.7595367187878201,29154,37687,17818,44941,0.0001685619354248047,0.046595096588134766,0.04642653465270996
Otsu_Thresholding_CV2,Sauvola_Thresholding_Torch,0.5502314814814815,0.518466789530665,0.9996175847288835,0.6827927731824118,0.5183639743854576,0.6827927731823746,0.5183639743854147,0.5502314814814815,62759,121001,58242,0.5186651349988843,8575,58266,24,62735,0.0001685619354248047,0.04653668403625488,0.04636812210083008
Otsu_Thresholding_CV2,Sobel_Torch,0.4786188271604938,0.33191281263099065,0.0757022897114358,0.1232857161392446,0.06569232045573961,0.12328571613922862,0.06569232045573054,0.4786188271604938,62759,14314,48445,0.2280788412817285,57278,9563,58008,4751,0.0001685619354248047,0.0012011528015136719,0.0010325908660888672
Otsu_Thresholding_CV2,Canny_Torch,0.4631327160493827,0.3115152855326441,0.08978791886422664,0.1393973876904809,0.0749205589459269,0.13939738769046367,0.07492055894591694,0.4631327160493827,62759,18089,44670,0.28822957663442694,54387,12454,57124,5635,0.0001685619354248047,0.0010914802551269531,0.0009229183197021484
Niblack_Thresholding_CV2,Global_Threshold_CV2,0.6210725308641976,0.7041536389139489,0.6936017918878122,0.6988378867322846,0.5370874848002112,0.6988378867322418,0.5370874848001606,0.6210725308641976,82148,80917,1231,0.985014851244096,23513,23939,25170,56978,0.0005946159362792969,0.00018930435180664062,0.00040531158447265625
Niblack_Thresholding_CV2,Adaptive_Threshold_CV2,0.7672453703703703,0.7459755647458526,0.9595486195646882,0.8393898250938423,0.7232314891274428,0.8393898250937976,0.7232314891273766,0.7672453703703703,82148,105667,23519,0.7774234150680913,20610,26842,3323,78825,0.0005946159362792969,0.00034689903259277344,0.00024771690368652344
Niblack_Thresholding_CV2,Otsu_Thresholding_CV2,0.5680015432098765,0.7084242897433037,0.5412182889419097,0.6136349520727087,0.4426214819755692,0.6136349520726663,0.44262148197552514,0.5680015432098765,82148,62759,19389,0.7639747772313386,29153,18299,37688,44460,0.0005946159362792969,0.0001685619354248047,0.0004260540008544922
Niblack_Thresholding_CV2,Niblack_Thresholding_CV2,1.0,1.0,1.0,1.0,1.0,0.999999999999939,0.9999999999998783,1.0,82148,82148,0,1.0,47452,0,0,82148,0.0005946159362792969,0.0005946159362792969,0.0
Niblack_Thresholding_CV2,Sauvola_Thresholding_CV2,0.7001388888888889,0.6788588995586996,0.9999756536982033,0.8087066954133317,0.678847679492265,0.8087066954132919,0.6788476794922089,0.7001388888888889,82148,121006,38858,0.6788754276647438,8592,38860,2,82146,0.0005946159362792969,0.0005924701690673828,2.1457672119140625e-06
Niblack_Thresholding_CV2,Sobel_CV2,0.3863117283950617,0.5760237319683573,0.12055071334664265,0.19937588081336824,0.11072598588950881,0.19937588081334817,0.11072598588949643,0.3863117283950617,82148,17192,64956,0.2092808102449238,40163,7289,72245,9903,0.0005946159362792969,0.0010156631469726562,0.0004210472106933594
Niblack_Thresholding_CV2,Canny_CV2,0.38343364197530866,0.5923210018950317,0.0875127818084433,0.15249509465980804,0.08254110406907321,0.15249509465979186,0.08254110406906373,0.38343364197530866,82148,12137,70011,0.1477455324536203,42504,4948,74959,7189,0.0005946159362792969,0.0003559589385986328,0.00023865699768066406
Niblack_Thresholding_CV2,Global_Threshold_Sklearn,0.6026388888888888,0.6859514160215497,0.6881725665871354,0.6870601961570715,0.5232990835878922,0.6870601961570297,0.5232990835878438,0.6026388888888888,82148,82414,266,0.9967723930400175,21570,25882,25616,56532,0.0005946159362792969,0.010231971740722656,0.00963735580444336
Niblack_Thresholding_CV2,Adaptive_Threshold_Sklearn,0.6804398148148149,0.6693581246829706,0.9798777815649803,0.795385489488896,0.6602821753752769,0.7953854894888567,0.6602821753752227,0.6804398148148149,82148,120257,38109,0.683103686271901,7690,39762,1653,80495,0.0005946159362792969,0.01044917106628418,0.009854555130004883
Niblack_Thresholding_CV2,Otsu_Thresholding_Sklearn,0.5514506172839506,0.6898858281413074,0.5310780542435604,0.6001540726067159,0.428728662820979,0.6001540726066746,0.42872866282093686,0.5514506172839506,82148,63238,18910,0.7698057165116619,27841,19611,38521,43627,0.0005946159362792969,0.010417699813842773,0.009823083877563477
Niblack_Thresholding_CV2,Niblack_Thresholding_Sklearn,0.6767978395061729,0.9243986254295533,0.5337561474412037,0.6767504495257792,0.511430704271351,0.676750449525727,0.5114307042712913,0.6767978395061729,82148,47433,34715,0.5774090665627891,43866,3586,38301,43847,0.0005946159362792969,0.01264810562133789,0.012053489685058594
Niblack_Thresholding_CV2,Sauvola_Thresholding_Sklearn,0.6511496913580247,0.6455232406962359,0.9972732141987632,0.783740475176864,0.6443858890156133,0.7837404751768264,0.6443858890155627,0.6511496913580247,82148,126911,44763,0.6472882571250719,2465,44987,224,81924,0.0005946159362792969,0.012035131454467773,0.011440515518188477
Niblack_Thresholding_CV2,Sobel_Sklearn,0.3867206790123457,0.5764840837396042,0.12235233967960267,0.20186176355402027,0.11226153777420364,0.201861763554,0.1122615377741911,0.3867206790123457,82148,17435,64713,0.21223888591322979,40068,7384,72097,10051,0.0005946159362792969,0.002002716064453125,0.0014081001281738281
Niblack_Thresholding_CV2,Canny_Sklearn,0.3807561728395062,0.6324846110800224,0.05503481521156936,0.10125873499372873,0.053329401356532,0.10125873499371739,0.05332940135652571,0.3807561728395062,82148,7148,75000,0.08701368262160977,44825,2627,77627,4521,0.0005946159362792969,0.005337715148925781,0.004743099212646484
Niblack_Thresholding_CV2,Global_Threshold_Torch,0.6210725308641976,0.7041536389139489,0.6936017918878122,0.6988378867322846,0.5370874848002112,0.6988378867322418,0.5370874848001606,0.6210725308641976,82148,80917,1231,0.985014851244096,23513,23939,25170,56978,0.0005946159362792969,0.003944873809814453,0.0033502578735351562
Niblack_Thresholding_CV2,Adaptive_Threshold_Torch,0.7887268518518519,0.7614251482142687,0.9708939962019769,0.8534952780973274,0.7444324142694468,0.8534952780972817,0.7444324142693775,0.7887268518518519,82148,104747,22599,0.7842515776108147,22462,24990,2391,79757,0.0005946159362792969,0.00106048583984375,0.0004658699035644531
Niblack_Thresholding_CV2,Otsu_Thresholding_Torch,0.5680787037037037,0.7083578809929462,0.541546964016166,0.6138212223441025,0.44281533683707597,0.6138212223440601,0.4428153368370319,0.5680787037037037,82148,62803,19345,0.7645103958708672,29136,18316,37661,44487,0.0005946159362792969,0.0012373924255371094,0.0006427764892578125
Niblack_Thresholding_CV2,Niblack_Thresholding_Torch,0.975216049382716,0.9776589049716803,0.9833714758728149,0.9805068699325145,0.9617591732742815,0.9805068699324548,0.961759173274167,0.975216049382716,82148,82628,480,0.9941908311952364,45606,1846,1366,80782,0.0005946159362792969,0.046595096588134766,0.04600048065185547
Niblack_Thresholding_CV2,Sauvola_Thresholding_Torch,0.7002083333333333,0.6789034801365278,1.0,0.8087462896691591,0.6789034801365278,0.8087462896691192,0.6789034801364717,0.7002083333333333,82148,121001,38853,0.6789034801365278,8599,38853,0,82148,0.0005946159362792969,0.04653668403625488,0.045942068099975586
Niblack_Thresholding_CV2,Sobel_Torch,0.38160493827160497,0.5700013972334778,0.09932073817987047,0.16916505981630073,0.09239776678029059,0.1691650598162832,0.09239776678028012,0.38160493827160497,82148,14314,67834,0.17424648195939038,41297,6155,73989,8159,0.0005946159362792969,0.0012011528015136719,0.000606536865234375
Niblack_Thresholding_CV2,Canny_Torch,0.3852854938271605,0.5685775885897507,0.12520085698982325,0.2052136436645151,0.11433875844895056,0.20521364366449463,0.11433875844893784,0.3852854938271605,82148,18089,64059,0.22020012660076935,39648,7804,71863,10285,0.0005946159362792969,0.0010914802551269531,0.0004968643188476562
Sauvola_Thresholding_CV2,Global_Threshold_CV2,0.673233024691358,0.9860350729760124,0.6593639984794143,0.7902715391510625,0.6532635750311129,0.7902715391510233,0.6532635750310594,0.673233024691358,121006,80917,40089,0.6687023783944598,7464,1130,41219,79787,0.0005924701690673828,0.00018930435180664062,0.0004031658172607422
Sauvola_Thresholding_CV2,Adaptive_Threshold_CV2,0.8732021604938272,0.9948233601786746,0.8687172536898997,0.9275034962258407,0.86480794385988,0.9275034962257998,0.864807943859809,0.8732021604938272,121006,105667,15339,0.8732376906930235,8047,547,15886,105120,0.0005924701690673828,0.00034689903259277344,0.0002455711364746094
Sauvola_Thresholding_CV2,Otsu_Thresholding_CV2,0.5501774691358025,0.9996016507592537,0.5184371022924483,0.6827633118384894,0.5183300146243525,0.6827633118384522,0.5183300146243096,0.5501774691358025,121006,62759,58247,0.5186437036180024,8569,25,58272,62734,0.0005924701690673828,0.0001685619354248047,0.0004239082336425781
Sauvola_Thresholding_CV2,Niblack_Thresholding_CV2,0.7001388888888889,0.9999756536982033,0.6788588995586996,0.8087066954133317,0.678847679492265,0.8087066954132919,0.6788476794922089,0.7001388888888889,121006,82148,38858,0.6788754276647438,8592,2,38860,82146,0.0005924701690673828,0.0005946159362792969,2.1457672119140625e-06
Sauvola_Thresholding_CV2,Sauvola_Thresholding_CV2,1.0,1.0,1.0,1.0,1.0,0.9999999999999586,0.9999999999999174,1.0,121006,121006,0,1.0,8594,0,0,121006,0.0005924701690673828,0.0005924701690673828,0.0
Sauvola_Thresholding_CV2,Sobel_CV2,0.13137345679012347,0.7452303396928804,0.1058790473199676,0.18541512901778606,0.10218046671877243,0.18541512901777266,0.10218046671876428,0.13137345679012347,121006,17192,103814,0.14207559955704677,4214,4380,108194,12812,0.0005924701690673828,0.0010156631469726562,0.00042319297790527344
Sauvola_Thresholding_CV2,Canny_CV2,0.13224537037037037,0.8520227403806542,0.08545857230219989,0.1553367432009193,0.08420872624224361,0.15533674320090762,0.08420872624223676,0.13224537037037037,121006,12137,108869,0.10030081153000678,6798,1796,110665,10341,0.0005924701690673828,0.0003559589385986328,0.00023651123046875
Sauvola_Thresholding_CV2,Global_Threshold_Sklearn,0.670354938271605,0.974943577547504,0.6640083962778706,0.7899813194376167,0.6528670442265034,0.7899813194375779,0.6528670442264504,0.670354938271605,121006,82414,38592,0.6810736657686396,6529,2065,40657,80349,0.0005924701690673828,0.010231971740722656,0.009639501571655273
Sauvola_Thresholding_CV2,Adaptive_Threshold_Sklearn,0.9450077160493827,0.9734817931596498,0.9674561591987174,0.9704596229011494,0.9426144369741133,0.9704596229011091,0.9426144369740375,0.9450077160493827,121006,120257,749,0.993810224286399,5405,3189,3938,117068,0.0005924701690673828,0.01044917106628418,0.009856700897216797
Sauvola_Thresholding_CV2,Otsu_Thresholding_Sklearn,0.5411574074074074,0.9865745279736867,0.5155860039998017,0.6772432209461366,0.5119937630790694,0.6772432209460998,0.5119937630790273,0.5411574074074074,121006,63238,57768,0.5226021850156191,7745,849,58617,62389,0.0005924701690673828,0.010417699813842773,0.00982522964477539
Sauvola_Thresholding_CV2,Niblack_Thresholding_Sklearn,0.42329475308641973,0.9876878966120634,0.38716262003537016,0.5562725972013607,0.38530306768648737,0.5562725972013277,0.38530306768645567,0.42329475308641973,121006,47433,73573,0.391988827000314,8010,584,74157,46849,0.0005924701690673828,0.01264810562133789,0.012055635452270508
Sauvola_Thresholding_CV2,Sauvola_Thresholding_Sklearn,0.9503317901234568,0.9513753732930952,0.9978017618961044,0.9740356651621309,0.9493855020955047,0.9740356651620915,0.94938550209543,0.9503317901234568,121006,126911,5905,0.9534713303023379,2423,6171,266,120740,0.0005924701690673828,0.012035131454467773,0.01144266128540039
Sauvola_Thresholding_CV2,Sobel_Sklearn,0.1326466049382716,0.7465443074275881,0.1075649141364891,0.18803678101140558,0.10377516444090093,0.18803678101139198,0.10377516444089266,0.1326466049382716,121006,17435,103571,0.14408376444143264,4175,4419,107990,13016,0.0005924701690673828,0.002002716064453125,0.0014102458953857422
Sauvola_Thresholding_CV2,Canny_Sklearn,0.10459876543209877,0.8470900951315053,0.05003884104920417,0.0944956848791298,0.049590905740423755,0.09449568487912242,0.049590905740419695,0.10459876543209877,121006,7148,113858,0.05907145100242963,7501,1093,114951,6055,0.0005924701690673828,0.005337715148925781,0.0047452449798583984
Sauvola_Thresholding_CV2,Global_Threshold_Torch,0.673233024691358,0.9860350729760124,0.6593639984794143,0.7902715391510625,0.6532635750311129,0.7902715391510233,0.6532635750310594,0.673233024691358,121006,80917,40089,0.6687023783944598,7464,1130,41219,79787,0.0005924701690673828,0.003944873809814453,0.0033524036407470703
Sauvola_Thresholding_CV2,Adaptive_Threshold_Torch,0.8716126543209877,0.998186105568656,0.8640645918384212,0.9262955531044992,0.862709990428727,0.9262955531044581,0.8627099904286558,0.8716126543209877,121006,104747,16259,0.8656347619126324,8404,190,16449,104557,0.0005924701690673828,0.00106048583984375,0.0004680156707763672
Sauvola_Thresholding_CV2,Otsu_Thresholding_Torch,0.550516975308642,0.9996019298441158,0.5188007206254235,0.6830786305349574,0.5186935578488155,0.6830786305349202,0.5186935578487728,0.550516975308642,121006,62803,58203,0.5190073219509777,8569,25,58228,62778,0.0005924701690673828,0.0012373924255371094,0.0006449222564697266
Sauvola_Thresholding_CV2,Niblack_Thresholding_Torch,0.7038425925925926,0.9999757951299801,0.6828256450093384,0.8115147765107988,0.6828143593811979,0.8115147765107589,0.6828143593811415,0.7038425925925926,121006,82628,38378,0.6828421731153828,8592,2,38380,82626,0.0005924701690673828,0.046595096588134766,0.04600262641906738
Sauvola_Thresholding_CV2,Sauvola_Thresholding_Torch,0.9990663580246913,0.99952066511847,0.9994793646596036,0.9995000144623916,0.9990005286460054,0.9995000144623503,0.9990005286459229,0.9990663580246913,121006,121001,5,0.9999586797348892,8536,58,63,120943,0.0005924701690673828,0.04653668403625488,0.0459442138671875
Sauvola_Thresholding_CV2,Sobel_Torch,0.1237962962962963,0.760234735224256,0.08992942498719071,0.16083357966302098,0.08744917147495138,0.1608335796630091,0.08744917147494435,0.1237962962962963,121006,14314,106692,0.11829165495925822,5162,3432,110124,10882,0.0005924701690673828,0.0012011528015136719,0.0006086826324462891
Sauvola_Thresholding_CV2,Canny_Torch,0.139375,0.7617336502847034,0.11387038659240038,0.19812358460045293,0.10995403619649526,0.19812358460043866,0.10995403619648648,0.139375,121006,18089,102917,0.14948845511792805,4284,4310,107227,13779,0.0005924701690673828,0.0010914802551269531,0.0004990100860595703
Sobel_CV2,Global_Threshold_CV2,0.398016975308642,0.12415190874599899,0.5843415542112611,0.20479262860695757,0.11407742184572409,0.2047926286069367,0.11407742184571114,0.398016975308642,17192,80917,63725,0.2124646242445963,41537,70871,7146,10046,0.0010156631469726562,0.00018930435180664062,0.0008263587951660156
Sobel_CV2,Adaptive_Threshold_CV2,0.19321759259259258,0.0865927867735433,0.5322242903676129,0.14895123678363,0.0804685644935757,0.1489512367836179,0.08046856449356864,0.19321759259259258,17192,105667,88475,0.16269980220882585,15891,96517,8042,9150,0.0010156631469726562,0.00034689903259277344,0.0006687641143798828
Sobel_CV2,Otsu_Thresholding_CV2,0.4615817901234568,0.08104016953743687,0.295835272219637,0.12722792710535202,0.06793561744473385,0.12722792710533612,0.06793561744472479,0.4615817901234568,17192,62759,45567,0.273936805876448,54735,57673,12106,5086,0.0010156631469726562,0.0001685619354248047,0.0008471012115478516
Sobel_CV2,Niblack_Thresholding_CV2,0.3863117283950617,0.12055071334664265,0.5760237319683573,0.19937588081336824,0.11072598588950881,0.19937588081334817,0.11072598588949643,0.3863117283950617,17192,82148,64956,0.2092808102449238,40163,72245,7289,9903,0.0010156631469726562,0.0005946159362792969,0.0004210472106933594
Sobel_CV2,Sauvola_Thresholding_CV2,0.13137345679012347,0.1058790473199676,0.7452303396928804,0.18541512901778606,0.10218046671877243,0.18541512901777266,0.10218046671876428,0.13137345679012347,17192,121006,103814,0.14207559955704677,4214,108194,4380,12812,0.0010156631469726562,0.0005924701690673828,0.00042319297790527344
Sobel_CV2,Sobel_CV2,1.0,1.0,1.0,1.0,1.0,0.9999999999997092,0.9999999999994182,1.0,17192,17192,0,1.0,112408,0,0,17192,0.0010156631469726562,0.0010156631469726562,0.0
Sobel_CV2,Canny_CV2,0.9054861111111111,0.7036335173436599,0.496742671009772,0.582358757543728,0.4107941699937467,0.5823587575435295,0.41079416999354906,0.9054861111111111,17192,12137,5055,0.7059678920428106,108811,3597,8652,8540,0.0010156631469726562,0.0003559589385986328,0.0006597042083740234
Sobel_CV2,Global_Threshold_Sklearn,0.39557098765432097,0.12905574295629382,0.6186598417868776,0.21356143204224645,0.11954591435315275,0.21356143204222502,0.11954591435313931,0.39557098765432097,17192,82414,65222,0.2086053340451865,40630,71778,6556,10636,0.0010156631469726562,0.010231971740722656,0.00921630859375
Sobel_CV2,Adaptive_Threshold_Sklearn,0.1367824074074074,0.10633892413747224,0.7438343415542112,0.18607629011487897,0.10258220293435798,0.18607629011486543,0.10258220293434975,0.1367824074074074,17192,120257,103065,0.14296049294427768,4939,107469,4404,12788,0.0010156631469726562,0.01044917106628418,0.009433507919311523
Sobel_CV2,Otsu_Thresholding_Sklearn,0.46304012345679013,0.08570796040355483,0.3152629129827827,0.13477558125077707,0.07225703239568057,0.13477558125076033,0.07225703239567094,0.46304012345679013,17192,63238,46046,0.27186185521363737,54590,57818,11772,5420,0.0010156631469726562,0.010417699813842773,0.009402036666870117
Sobel_CV2,Niblack_Thresholding_Sklearn,0.6091898148148148,0.14732359327894082,0.40646812470916704,0.21626305609284333,0.12124156357895102,0.21626305609280988,0.12124156357893,0.6091898148148148,17192,47433,30241,0.3624480846667932,71963,40445,10204,6988,0.0010156631469726562,0.01264810562133789,0.011632442474365234
Sobel_CV2,Sauvola_Thresholding_Sklearn,0.13530092592592594,0.12622231327465705,0.9317705909725453,0.22232708548746383,0.12506636269947846,0.2223270854874484,0.12506636269946872,0.13530092592592594,17192,126911,109719,0.13546501091315963,1516,110892,1173,16019,0.0010156631469726562,0.012035131454467773,0.011019468307495117
Sobel_CV2,Sobel_Sklearn,0.9971527777777778,0.9824490966446803,0.9963355048859935,0.9893435758223351,0.9789118756429306,0.9893435758220496,0.9789118756423711,0.9971527777777778,17192,17435,243,0.9860625179237167,112102,306,63,17129,0.0010156631469726562,0.002002716064453125,0.0009870529174804688
Sobel_CV2,Canny_Sklearn,0.9133179012345679,0.9167599328483492,0.38116565844578876,0.5384552177485621,0.36841513464890085,0.5384552177483408,0.36841513464869374,0.9133179012345679,17192,7148,10044,0.41577477896696136,111813,595,10639,6553,0.0010156631469726562,0.005337715148925781,0.004322052001953125
Sobel_CV2,Global_Threshold_Torch,0.398016975308642,0.12415190874599899,0.5843415542112611,0.20479262860695757,0.11407742184572409,0.2047926286069367,0.11407742184571114,0.398016975308642,17192,80917,63725,0.2124646242445963,41537,70871,7146,10046,0.0010156631469726562,0.003944873809814453,0.002929210662841797
Sobel_CV2,Adaptive_Threshold_Torch,0.2019675925925926,0.08837484605764366,0.5384481154025128,0.1518300133673394,0.08215154150618555,0.15183001336732696,0.08215154150617826,0.2019675925925926,17192,104747,87555,0.16412880559825102,16918,95490,7935,9257,0.0010156631469726562,0.00106048583984375,4.482269287109375e-05
Sobel_CV2,Otsu_Thresholding_Torch,0.46131944444444445,0.08106300654427337,0.2961261051651931,0.12728295518469904,0.06796699775712912,0.12728295518468313,0.06796699775712005,0.46131944444444445,17192,62803,45611,0.2737448847984969,54696,57712,12101,5091,0.0010156631469726562,0.0012373924255371094,0.00022172927856445312
Sobel_CV2,Niblack_Thresholding_Torch,0.3824845679012346,0.11975359442319795,0.5755583992554677,0.19825686235223403,0.11003614122880177,0.19825686235221415,0.11003614122878955,0.3824845679012346,17192,82628,65436,0.20806506269061334,39675,72733,7297,9895,0.0010156631469726562,0.046595096588134766,0.04557943344116211
Sobel_CV2,Sauvola_Thresholding_Torch,0.13138117283950618,0.10586689366203585,0.745114006514658,0.18539289254882665,0.10216696043323258,0.18539289254881322,0.10216696043322443,0.13138117283950618,17192,121001,103809,0.14208147040107105,4217,108191,4382,12810,0.0010156631469726562,0.04653668403625488,0.04552102088928223
Sobel_CV2,Sobel_Torch,0.9558950617283951,0.9008662847561828,0.7500581665891112,0.8185742398273345,0.6928698081779593,0.8185742398270747,0.6928698081775869,0.9558950617283951,17192,14314,2878,0.8325965565379246,110989,1419,4297,12895,0.0010156631469726562,0.0012011528015136719,0.00018548965454101562
Sobel_CV2,Canny_Torch,0.9850231481481482,0.921554535905799,0.969637040483946,0.9449845525920467,0.8957068400408361,0.9449845525917789,0.8957068400403547,0.9850231481481482,17192,18089,897,0.9504118525070485,110989,1419,522,16670,0.0010156631469726562,0.0010914802551269531,7.581710815429688e-05
Canny_CV2,Global_Threshold_CV2,0.38141975308641973,0.0796248007217272,0.5308560599818736,0.1384787327788166,0.07439008901871587,0.1384787327788017,0.07439008901870728,0.38141975308641973,12137,80917,68780,0.1499932029116255,42989,74474,5694,6443,0.0003559589385986328,0.00018930435180664062,0.0001666545867919922
Canny_CV2,Adaptive_Threshold_CV2,0.20089506172839505,0.06738149091012331,0.5866359067314822,0.12087874775050084,0.0643272740414152,0.12087874775049057,0.0643272740414094,0.20089506172839505,12137,105667,93530,0.114860836401147,18916,98547,5017,7120,0.0003559589385986328,0.00034689903259277344,9.059906005859375e-06
Canny_CV2,Otsu_Thresholding_CV2,0.46459876543209877,0.0438821523606176,0.22690945044080085,0.07354197820978424,0.03817471098666519,0.07354197820977441,0.0381747109866599,0.46459876543209877,12137,62759,50622,0.19339058939753662,57458,60005,9383,2754,0.0003559589385986328,0.0001685619354248047,0.00018739700317382812
Canny_CV2,Niblack_Thresholding_CV2,0.38343364197530866,0.0875127818084433,0.5923210018950317,0.15249509465980804,0.08254110406907321,0.15249509465979186,0.08254110406906373,0.38343364197530866,12137,82148,70011,0.1477455324536203,42504,74959,4948,7189,0.0003559589385986328,0.0005946159362792969,0.00023865699768066406
Canny_CV2,Sauvola_Thresholding_CV2,0.13224537037037037,0.08545857230219989,0.8520227403806542,0.1553367432009193,0.08420872624224361,0.15533674320090762,0.08420872624223676,0.13224537037037037,12137,121006,108869,0.10030081153000678,6798,110665,1796,10341,0.0003559589385986328,0.0005924701690673828,0.00023651123046875
Canny_CV2,Sobel_CV2,0.9054861111111111,0.496742671009772,0.7036335173436599,0.582358757543728,0.4107941699937467,0.5823587575435295,0.41079416999354906,0.9054861111111111,12137,17192,5055,0.7059678920428106,108811,8652,3597,8540,0.0003559589385986328,0.0010156631469726562,0.0006597042083740234
Canny_CV2,Canny_CV2,1.0,1.0,1.0,1.0,1.0,0.999999999999588,0.999999999999176,1.0,12137,12137,0,1.0,117463,0,0,12137,0.0003559589385986328,0.0003559589385986328,0.0
Canny_CV2,Global_Threshold_Sklearn,0.37372685185185184,0.08121193001189118,0.5514542308642992,0.1415743884252943,0.07617974458785767,0.1415743884252793,0.07617974458784901,0.37372685185185184,12137,82414,70277,0.14726866794476667,41742,75721,5444,6693,0.0003559589385986328,0.010231971740722656,0.009876012802124023
Canny_CV2,Adaptive_Threshold_Sklearn,0.12844135802469137,0.0808268957316414,0.8008568839087089,0.1468344486910283,0.07923439359603501,0.1468344486910172,0.07923439359602856,0.12844135802469137,12137,120257,108120,0.10092551784927281,6926,110537,2417,9720,0.0003559589385986328,0.01044917106628418,0.010093212127685547
Canny_CV2,Otsu_Thresholding_Sklearn,0.4636496913580247,0.04636452765742117,0.2415753481090879,0.07779767827529022,0.04047319961901081,0.07779767827527989,0.04047319961900522,0.4636496913580247,12137,63238,51101,0.19192574085201936,57157,60306,9205,2932,0.0003559589385986328,0.010417699813842773,0.01006174087524414
Canny_CV2,Niblack_Thresholding_Sklearn,0.6050308641975308,0.08835620770349757,0.3453077366729834,0.14070841027362765,0.07567850629299915,0.14070841027360406,0.07567850629298549,0.6050308641975308,12137,47433,35296,0.25587671030717013,74221,43242,7946,4191,0.0003559589385986328,0.01264810562133789,0.012292146682739258
Canny_CV2,Sauvola_Thresholding_Sklearn,0.1063888888888889,0.09154446817060775,0.9572381972480843,0.16710776134859903,0.09117162363650631,0.16710776134858701,0.09117162363649917,0.1063888888888889,12137,126911,114774,0.09563394819991963,2170,115293,519,11618,0.0003559589385986328,0.012035131454467773,0.01167917251586914
Canny_CV2,Sobel_Sklearn,0.9048148148148148,0.49429308861485516,0.7100601466589767,0.5828486406059786,0.4112818554929846,0.5828486406057816,0.41128185549278834,0.9048148148148148,12137,17435,5298,0.6961284772010324,108646,8817,3519,8618,0.0003559589385986328,0.002002716064453125,0.0016467571258544922
Canny_CV2,Canny_Sklearn,0.9370138888888889,0.7779798545047566,0.45818571310867595,0.5767176562094892,0.405202564849898,0.5767176562091901,0.4052025648496027,0.9370138888888889,12137,7148,4989,0.588942901870314,115876,1587,6576,5561,0.0003559589385986328,0.005337715148925781,0.0049817562103271484
Canny_CV2,Global_Threshold_Torch,0.38141975308641973,0.0796248007217272,0.5308560599818736,0.1384787327788166,0.07439008901871587,0.1384787327788017,0.07439008901870728,0.38141975308641973,12137,80917,68780,0.1499932029116255,42989,74474,5694,6443,0.0003559589385986328,0.003944873809814453,0.0035889148712158203
Canny_CV2,Adaptive_Threshold_Torch,0.2063425925925926,0.06695179814219022,0.577819889593804,0.11999931556072688,0.06382939993264829,0.11999931556071661,0.06382939993264249,0.2063425925925926,12137,104747,92610,0.11586966691170153,19729,97734,5124,7013,0.0003559589385986328,0.00106048583984375,0.0007045269012451172
Canny_CV2,Otsu_Thresholding_Torch,0.4642901234567901,0.04388325398468226,0.22707423580786026,0.07355217507339205,0.03818020613986479,0.07355217507338223,0.0381802061398595,0.4642901234567901,12137,62803,50666,0.19325509927869688,57416,60047,9381,2756,0.0003559589385986328,0.0012373924255371094,0.0008814334869384766
Canny_CV2,Niblack_Thresholding_Torch,0.3794367283950617,0.08677445902115506,0.5907555409079673,0.15132169049754657,0.0818539870997203,0.1513216904975306,0.08185398709971096,0.3794367283950617,12137,82628,70491,0.14688725371544756,42005,75458,4967,7170,0.0003559589385986328,0.046595096588134766,0.04623913764953613
Canny_CV2,Sauvola_Thresholding_Torch,0.1322222222222222,0.08542904604094181,0.8516931696465354,0.1552824888461596,0.08417683895082288,0.15528248884614795,0.08417683895081603,0.1322222222222222,12137,121001,108864,0.10030495615738713,6799,110664,1800,10337,0.0003559589385986328,0.04653668403625488,0.04618072509765625
Canny_CV2,Sobel_Torch,0.9057947530864198,0.4974849797401146,0.586718299415012,0.5384295489773544,0.3683911019141231,0.5384295489771508,0.36839110191393254,0.9057947530864198,12137,14314,2177,0.8479111359508174,110270,7193,5016,7121,0.0003559589385986328,0.0012011528015136719,0.0008451938629150391
Canny_CV2,Canny_Torch,0.896033950617284,0.46304383879705896,0.6901211172447886,0.5542248395421161,0.38334096109839816,0.5542248395419327,0.3833409610982227,0.896033950617284,12137,18089,5952,0.6709602520869037,107750,9713,3761,8376,0.0003559589385986328,0.0010914802551269531,0.0007355213165283203
Global_Threshold_Sklearn,Global_Threshold_CV2,0.9759336419753086,0.9899773842332267,0.9719950493848133,0.980903808829922,0.9625232802643436,0.980903808829862,0.9625232802642281,0.9759336419753086,82414,80917,1497,0.9818356104545344,46375,811,2308,80106,0.010231971740722656,0.00018930435180664062,0.010042667388916016
Global_Threshold_Sklearn,Adaptive_Threshold_CV2,0.6737885802469136,0.6899221138103665,0.8845827165287451,0.7752191874777357,0.6329452417541392,0.7752191874776944,0.6329452417540843,0.6737885802469136,82414,105667,23253,0.7799407572846774,14421,32765,9512,72902,0.010231971740722656,0.00034689903259277344,0.009885072708129883
Global_Threshold_Sklearn,Otsu_Thresholding_CV2,0.847199074074074,0.9988208862473908,0.7606110612274614,0.863590337046145,0.759928716904277,0.8635903370460853,0.7599287169041848,0.847199074074074,82414,62759,19655,0.7615089669230956,47112,74,19729,62685,0.010231971740722656,0.0001685619354248047,0.010063409805297852
Global_Threshold_Sklearn,Niblack_Thresholding_CV2,0.6026388888888888,0.6881725665871354,0.6859514160215497,0.6870601961570715,0.5232990835878922,0.6870601961570297,0.5232990835878438,0.6026388888888888,82414,82148,266,0.9967723930400175,21570,25616,25882,56532,0.010231971740722656,0.0005946159362792969,0.00963735580444336
Global_Threshold_Sklearn,Sauvola_Thresholding_CV2,0.670354938271605,0.6640083962778706,0.974943577547504,0.7899813194376167,0.6528670442265034,0.7899813194375779,0.6528670442264504,0.670354938271605,82414,121006,38592,0.6810736657686396,6529,40657,2065,80349,0.010231971740722656,0.0005924701690673828,0.009639501571655273
Global_Threshold_Sklearn,Sobel_CV2,0.39557098765432097,0.6186598417868776,0.12905574295629382,0.21356143204224645,0.11954591435315275,0.21356143204222502,0.11954591435313931,0.39557098765432097,82414,17192,65222,0.2086053340451865,40630,6556,71778,10636,0.010231971740722656,0.0010156631469726562,0.00921630859375
Global_Threshold_Sklearn,Canny_CV2,0.37372685185185184,0.5514542308642992,0.08121193001189118,0.1415743884252943,0.07617974458785767,0.1415743884252793,0.07617974458784901,0.37372685185185184,82414,12137,70277,0.14726866794476667,41742,5444,75721,6693,0.010231971740722656,0.0003559589385986328,0.009876012802124023
Global_Threshold_Sklearn,Global_Threshold_Sklearn,1.0,1.0,1.0,1.0,1.0,0.9999999999999393,0.9999999999998787,1.0,82414,82414,0,1.0,47186,0,0,82414,0.010231971740722656,0.010231971740722656,0.0
Global_Threshold_Sklearn,Adaptive_Threshold_Sklearn,0.6740972222222222,0.6670464089408517,0.9733419079282646,0.7915982059594121,0.6550786417756872,0.7915982059593729,0.6550786417756337,0.6740972222222222,82414,120257,37843,0.6853156157229933,7146,40040,2197,80217,0.010231971740722656,0.01044917106628418,0.00021719932556152344
Global_Threshold_Sklearn,Otsu_Thresholding_Sklearn,0.852037037037037,1.0,0.7673210862232145,0.8683437233954906,0.7673210862232145,0.868343723395431,0.7673210862231215,0.852037037037037,82414,63238,19176,0.7673210862232145,47186,0,19176,63238,0.010231971740722656,0.010417699813842773,0.0001857280731201172
Global_Threshold_Sklearn,Niblack_Thresholding_Sklearn,0.5961496913580246,0.8170261210549618,0.4702356395758002,0.5969179110799634,0.42543334833631563,0.5969179110799174,0.42543334833626895,0.5961496913580246,82414,47433,34981,0.5755454170407941,38507,8679,43660,38754,0.010231971740722656,0.01264810562133789,0.0024161338806152344
Global_Threshold_Sklearn,Sauvola_Thresholding_Sklearn,0.6566280864197531,0.6493684550590572,0.9999757322784963,0.7874071420040607,0.6493582217739712,0.7874071420040231,0.64935822177392,0.6566280864197531,82414,126911,44497,0.6493842141343146,2687,44499,2,82412,0.010231971740722656,0.012035131454467773,0.0018031597137451172
Global_Threshold_Sklearn,Sobel_Sklearn,0.39570216049382717,0.6174935474620017,0.13063314485402966,0.21564562489358932,0.12085358598161265,0.21564562489356773,0.1208535859815991,0.39570216049382717,82414,17435,64979,0.2115538622078773,40517,6669,71648,10766,0.010231971740722656,0.002002716064453125,0.008229255676269531
Global_Threshold_Sklearn,Canny_Sklearn,0.37766975308641976,0.6231113598209289,0.05404421578857961,0.09946182532770595,0.0523335056633924,0.09946182532769485,0.05233350566338625,0.37766975308641976,82414,7148,75266,0.08673283665396656,44492,2694,77960,4454,0.010231971740722656,0.005337715148925781,0.004894256591796875
Global_Threshold_Sklearn,Global_Threshold_Torch,0.9759336419753086,0.9899773842332267,0.9719950493848133,0.980903808829922,0.9625232802643436,0.980903808829862,0.9625232802642281,0.9759336419753086,82414,80917,1497,0.9818356104545344,46375,811,2308,80106,0.010231971740722656,0.003944873809814453,0.006287097930908203
Global_Threshold_Sklearn,Adaptive_Threshold_Torch,0.679699074074074,0.6952466419085989,0.8836484092508554,0.7782069982528411,0.636938497061293,0.7782069982527995,0.6369384970612373,0.679699074074074,82414,104747,22333,0.7867910298146964,15264,31922,9589,72825,0.010231971740722656,0.00106048583984375,0.009171485900878906
Global_Threshold_Sklearn,Otsu_Thresholding_Torch,0.8475231481481481,0.9988057895323472,0.7611328172397893,0.8639208908047956,0.7604407860441998,0.863920890804736,0.7604407860441077,0.8475231481481481,82414,62803,19611,0.7620428567961754,47111,75,19686,62728,0.010231971740722656,0.0012373924255371094,0.008994579315185547
Global_Threshold_Sklearn,Niblack_Thresholding_Torch,0.6065432098765432,0.6901413564409159,0.691933409372194,0.6910362210831182,0.5279261597711471,0.6910362210830763,0.5279261597710982,0.6065432098765432,82414,82628,214,0.9974100789078763,21583,25603,25389,57025,0.010231971740722656,0.046595096588134766,0.03636312484741211
Global_Threshold_Sklearn,Sauvola_Thresholding_Torch,0.6703626543209876,0.6640193056255733,0.9749193098260004,0.7899810731755279,0.6528667078363182,0.7899810731754889,0.6528667078362651,0.6703626543209876,82414,121001,38587,0.6811018090759581,6532,40654,2067,80347,0.010231971740722656,0.04653668403625488,0.03630471229553223
Global_Threshold_Sklearn,Sobel_Torch,0.39103395061728397,0.6219784826044432,0.10802776227340015,0.18408320238193698,0.10137204668374608,0.18408320238191794,0.10137204668373455,0.39103395061728397,82414,14314,68100,0.17368408280146577,41775,5411,73511,8903,0.010231971740722656,0.0012011528015136719,0.009030818939208984
Global_Threshold_Sklearn,Canny_Torch,0.39520833333333333,0.6114765879816463,0.1342126337758148,0.2201128324527626,0.12366673374924532,0.22011283245274071,0.1236667337492315,0.39520833333333333,82414,18089,64325,0.21948940713956366,40158,7028,71353,11061,0.010231971740722656,0.0010914802551269531,0.009140491485595703
Adaptive_Threshold_Sklearn,Global_Threshold_CV2,0.6663425925925925,0.975888873784248,0.6566436881013163,0.7850517462495153,0.6461606441476826,0.7850517462494763,0.6461606441476297,0.6663425925925925,120257,80917,39340,0.6728672759174102,7392,1951,41291,78966,0.01044917106628418,0.00018930435180664062,0.010259866714477539
Adaptive_Threshold_Sklearn,Adaptive_Threshold_CV2,0.8547376543209877,0.9799558991927471,0.8610642207938,0.916671092933907,0.8461613891726252,0.9166710929338664,0.846161389172556,0.8547376543209877,120257,105667,14590,0.8786765011600156,7225,2118,16708,103549,0.01044917106628418,0.00034689903259277344,0.010102272033691406
Adaptive_Threshold_Sklearn,Otsu_Thresholding_CV2,0.5496296296296296,0.9930687232110136,0.5182567334957633,0.6810770643003891,0.5163888244456964,0.6810770643003518,0.5163888244456537,0.5496296296296296,120257,62759,57498,0.5218739865454818,8908,435,57933,62324,0.01044917106628418,0.0001685619354248047,0.010280609130859375
Adaptive_Threshold_Sklearn,Niblack_Thresholding_CV2,0.6804398148148149,0.9798777815649803,0.6693581246829706,0.795385489488896,0.6602821753752769,0.7953854894888567,0.6602821753752227,0.6804398148148149,120257,82148,38109,0.683103686271901,7690,1653,39762,80495,0.01044917106628418,0.0005946159362792969,0.009854555130004883
Adaptive_Threshold_Sklearn,Sauvola_Thresholding_CV2,0.9450077160493827,0.9674561591987174,0.9734817931596498,0.9704596229011494,0.9426144369741133,0.9704596229011091,0.9426144369740375,0.9450077160493827,120257,121006,749,0.993810224286399,5405,3938,3189,117068,0.01044917106628418,0.0005924701690673828,0.009856700897216797
Adaptive_Threshold_Sklearn,Sobel_CV2,0.1367824074074074,0.7438343415542112,0.10633892413747224,0.18607629011487897,0.10258220293435798,0.18607629011486543,0.10258220293434975,0.1367824074074074,120257,17192,103065,0.14296049294427768,4939,4404,107469,12788,0.01044917106628418,0.0010156631469726562,0.009433507919311523
Adaptive_Threshold_Sklearn,Canny_CV2,0.12844135802469137,0.8008568839087089,0.0808268957316414,0.1468344486910283,0.07923439359603501,0.1468344486910172,0.07923439359602856,0.12844135802469137,120257,12137,108120,0.10092551784927281,6926,2417,110537,9720,0.01044917106628418,0.0003559589385986328,0.010093212127685547
Adaptive_Threshold_Sklearn,Global_Threshold_Sklearn,0.6740972222222222,0.9733419079282646,0.6670464089408517,0.7915982059594121,0.6550786417756872,0.7915982059593729,0.6550786417756337,0.6740972222222222,120257,82414,37843,0.6853156157229933,7146,2197,40040,80217,0.01044917106628418,0.010231971740722656,0.00021719932556152344
Adaptive_Threshold_Sklearn,Adaptive_Threshold_Sklearn,1.0,1.0,1.0,1.0,1.0,0.9999999999999584,0.9999999999999168,1.0,120257,120257,0,1.0,9343,0,0,120257,0.01044917106628418,0.01044917106628418,0.0
Adaptive_Threshold_Sklearn,Otsu_Thresholding_Sklearn,0.5510570987654321,0.9907966728865556,0.5210174875475024,0.6829177906754953,0.5185080975512872,0.682917790675458,0.5185080975512444,0.5510570987654321,120257,63238,57019,0.5258571226622982,8761,582,57601,62656,0.01044917106628418,0.010417699813842773,3.147125244140625e-05
Adaptive_Threshold_Sklearn,Niblack_Thresholding_Sklearn,0.4364043209876543,0.9977020217991693,0.393523869712366,0.564422446180452,0.3931675057740558,0.5644224461804184,0.39316750577402315,0.4364043209876543,120257,47433,72824,0.3944302618558587,9234,109,72933,47324,0.01044917106628418,0.01264810562133789,0.002198934555053711
Adaptive_Threshold_Sklearn,Sauvola_Thresholding_Sklearn,0.9454012345679013,0.9459069741787552,0.9982454243827802,0.9713716986017608,0.9443369361715518,0.9713716986017213,0.9443369361714775,0.9454012345679013,120257,126911,6654,0.9475695566184177,2478,6865,211,120046,0.01044917106628418,0.012035131454467773,0.0015859603881835938
Adaptive_Threshold_Sklearn,Sobel_Sklearn,0.1380246913580247,0.7450530542013192,0.10801866003642199,0.1886819858815327,0.10416833731616174,0.18868198588151897,0.10416833731615338,0.1380246913580247,120257,17435,102822,0.14498116533756872,4898,4445,107267,12990,0.01044917106628418,0.002002716064453125,0.008446455001831055
Adaptive_Threshold_Sklearn,Canny_Sklearn,0.1047145061728395,0.795747062115277,0.047298701946664225,0.08929005925984067,0.04673135223510274,0.08929005925983366,0.0467313522350989,0.1047145061728395,120257,7148,113109,0.05943936735491489,7883,1460,114569,5688,0.01044917106628418,0.005337715148925781,0.0051114559173583984
Adaptive_Threshold_Sklearn,Global_Threshold_Torch,0.6663425925925925,0.975888873784248,0.6566436881013163,0.7850517462495153,0.6461606441476826,0.7850517462494763,0.6461606441476297,0.6663425925925925,120257,80917,39340,0.6728672759174102,7392,1951,41291,78966,0.01044917106628418,0.003944873809814453,0.0065042972564697266
Adaptive_Threshold_Sklearn,Adaptive_Threshold_Torch,0.8524691358024692,0.9827680029022311,0.8560166975726985,0.9150237329114149,0.8433582933263424,0.9150237329113742,0.8433582933262733,0.8524691358024692,120257,104747,15510,0.8710262188479673,7538,1805,17315,102942,0.01044917106628418,0.00106048583984375,0.00938868522644043
Adaptive_Threshold_Sklearn,Otsu_Thresholding_Torch,0.5498302469135803,0.9929302740314954,0.5185477768445912,0.6812957500273135,0.5166402929553193,0.6812957500272762,0.5166402929552766,0.5498302469135803,120257,62803,57454,0.5222398696125797,8899,444,57898,62359,0.01044917106628418,0.0012373924255371094,0.00921177864074707
Adaptive_Threshold_Sklearn,Niblack_Thresholding_Torch,0.6840972222222222,0.9799583676235658,0.6733246297512827,0.7982058801784262,0.6641785535586853,0.7982058801783868,0.6641785535586309,0.6840972222222222,120257,82628,37629,0.6870951379129697,7687,1656,39285,80972,0.01044917106628418,0.046595096588134766,0.036145925521850586
Adaptive_Threshold_Sklearn,Sauvola_Thresholding_Torch,0.9449845679012345,0.9674630788175305,0.9734485310626408,0.9704465758648418,0.9425898191539044,0.9704465758648015,0.9425898191538284,0.9449845679012345,120257,121001,744,0.9938512904852026,5406,3937,3193,117064,0.01044917106628418,0.04653668403625488,0.0360875129699707
Adaptive_Threshold_Sklearn,Sobel_Torch,0.12926697530864198,0.7588375017465419,0.09032322442768405,0.16143151198995326,0.08780282760348883,0.16143151198994124,0.08780282760348174,0.12926697530864198,120257,14314,105943,0.11902841414636986,5891,3452,109395,10862,0.01044917106628418,0.0012011528015136719,0.009248018264770508
Adaptive_Threshold_Sklearn,Canny_Torch,0.14439814814814814,0.7590248217148543,0.1141721479830696,0.1984878493053648,0.11017846825447776,0.19848784930535043,0.11017846825446892,0.14439814814814814,120257,18089,102168,0.15041951819852484,4984,4359,106527,13730,0.01044917106628418,0.0010914802551269531,0.009357690811157227
Otsu_Thresholding_Sklearn,Global_Threshold_CV2,0.8609336419753086,0.7793912280484941,0.9972801163857175,0.8749748534563491,0.7777380409180037,0.8749748534562883,0.7777380409179078,0.8609336419753086,63238,80917,17679,0.78151686295834,48511,17851,172,63066,0.010417699813842773,0.00018930435180664062,0.010228395462036133
Otsu_Thresholding_Sklearn,Adaptive_Threshold_CV2,0.6169521604938272,0.5643294500648263,0.9429615104842025,0.7060892217518724,0.545701630763036,0.7060892217518305,0.5457016307629862,0.6169521604938272,63238,105667,42429,0.5984649890694351,20326,46036,3607,59631,0.010417699813842773,0.00034689903259277344,0.01007080078125
Otsu_Thresholding_Sklearn,Otsu_Thresholding_CV2,0.9792361111111111,0.9823770295893816,0.9749359562288498,0.9786423486273482,0.958177918687057,0.9786423486272706,0.9581779186869082,0.9792361111111111,63238,62759,479,0.9924254403997597,65256,1106,1585,61653,0.010417699813842773,0.0001685619354248047,0.010249137878417969
Otsu_Thresholding_Sklearn,Niblack_Thresholding_CV2,0.5514506172839506,0.5310780542435604,0.6898858281413074,0.6001540726067159,0.428728662820979,0.6001540726066746,0.42872866282093686,0.5514506172839506,63238,82148,18910,0.7698057165116619,27841,38521,19611,43627,0.010417699813842773,0.0005946159362792969,0.009823083877563477
Otsu_Thresholding_Sklearn,Sauvola_Thresholding_CV2,0.5411574074074074,0.5155860039998017,0.9865745279736867,0.6772432209461366,0.5119937630790694,0.6772432209460998,0.5119937630790273,0.5411574074074074,63238,121006,57768,0.5226021850156191,7745,58617,849,62389,0.010417699813842773,0.0005924701690673828,0.00982522964477539
Otsu_Thresholding_Sklearn,Sobel_CV2,0.46304012345679013,0.3152629129827827,0.08570796040355483,0.13477558125077707,0.07225703239568057,0.13477558125076033,0.07225703239567094,0.46304012345679013,63238,17192,46046,0.27186185521363737,54590,11772,57818,5420,0.010417699813842773,0.0010156631469726562,0.009402036666870117
Otsu_Thresholding_Sklearn,Canny_CV2,0.4636496913580247,0.2415753481090879,0.04636452765742117,0.07779767827529022,0.04047319961901081,0.07779767827527989,0.04047319961900522,0.4636496913580247,63238,12137,51101,0.19192574085201936,57157,9205,60306,2932,0.010417699813842773,0.0003559589385986328,0.01006174087524414
Otsu_Thresholding_Sklearn,Global_Threshold_Sklearn,0.852037037037037,0.7673210862232145,1.0,0.8683437233954906,0.7673210862232145,0.868343723395431,0.7673210862231215,0.852037037037037,63238,82414,19176,0.7673210862232145,47186,19176,0,63238,0.010417699813842773,0.010231971740722656,0.0001857280731201172
Otsu_Thresholding_Sklearn,Adaptive_Threshold_Sklearn,0.5510570987654321,0.5210174875475024,0.9907966728865556,0.6829177906754953,0.5185080975512872,0.682917790675458,0.5185080975512444,0.5510570987654321,63238,120257,57019,0.5258571226622982,8761,57601,582,62656,0.010417699813842773,0.01044917106628418,3.147125244140625e-05
Otsu_Thresholding_Sklearn,Otsu_Thresholding_Sklearn,1.0,1.0,1.0,1.0,1.0,0.999999999999921,0.9999999999998419,1.0,63238,63238,0,1.0,66362,0,0,63238,0.010417699813842773,0.010417699813842773,0.0
Otsu_Thresholding_Sklearn,Niblack_Thresholding_Sklearn,0.6082021604938271,0.6313536989016086,0.47356020114488123,0.5411896522124133,0.370980129825083,0.5411896522123645,0.37098012982503703,0.6082021604938271,63238,47433,15805,0.7500711597457225,48876,17486,33291,29947,0.010417699813842773,0.01264810562133789,0.002230405807495117
Otsu_Thresholding_Sklearn,Sauvola_Thresholding_Sklearn,0.508695987654321,0.4982862005657508,1.0,0.6651415468921741,0.4982862005657508,0.665141546892139,0.49828620056571155,0.508695987654321,63238,126911,63673,0.4982862005657508,2689,63673,0,63238,0.010417699813842773,0.012035131454467773,0.001617431640625
Otsu_Thresholding_Sklearn,Sobel_Sklearn,0.4621527777777778,0.31453971895612276,0.08672001012049717,0.1359562678963222,0.0729362007740494,0.13595626789630536,0.0729362007740397,0.4621527777777778,63238,17435,45803,0.2757044814826528,54411,11951,57754,5484,0.010417699813842773,0.002002716064453125,0.008414983749389648
Otsu_Thresholding_Sklearn,Canny_Sklearn,0.4905864197530864,0.305400111919418,0.03452038331383029,0.062029380842781236,0.032007389704265206,0.06202938084277242,0.032007389704260515,0.4905864197530864,63238,7148,56090,0.11303330276099813,61397,4965,61055,2183,0.010417699813842773,0.005337715148925781,0.005079984664916992
Otsu_Thresholding_Sklearn,Global_Threshold_Torch,0.8609336419753086,0.7793912280484941,0.9972801163857175,0.8749748534563491,0.7777380409180037,0.8749748534562883,0.7777380409179078,0.8609336419753086,63238,80917,17679,0.78151686295834,48511,17851,172,63066,0.010417699813842773,0.003944873809814453,0.00647282600402832
Otsu_Thresholding_Sklearn,Adaptive_Threshold_Torch,0.6269058641975309,0.5710521542383076,0.945886966697239,0.7121588237044975,0.5529865303367878,0.7121588237044549,0.5529865303367367,0.6269058641975309,63238,104747,41509,0.6037213476280944,21431,44931,3422,59816,0.010417699813842773,0.00106048583984375,0.009357213973999023
Otsu_Thresholding_Sklearn,Otsu_Thresholding_Torch,0.9794984567901235,0.9823097622725029,0.9755526740251115,0.9789195579216287,0.9587095370557429,0.978919557921551,0.9587095370555939,0.9794984567901235,63238,62803,435,0.9931212245801575,65251,1111,1546,61692,0.010417699813842773,0.0012373924255371094,0.009180307388305664
Otsu_Thresholding_Sklearn,Niblack_Thresholding_Torch,0.5551388888888888,0.5337899985477078,0.6974603877415478,0.6047468224260623,0.4334316037735849,0.6047468224260207,0.43343160377354234,0.5551388888888888,63238,82628,19390,0.7653337851575737,27840,38522,19132,44106,0.010417699813842773,0.046595096588134766,0.03617739677429199
Otsu_Thresholding_Sklearn,Sauvola_Thresholding_Torch,0.5411651234567901,0.5155907802414856,0.9865429014200323,0.6772398894913672,0.5119899550274103,0.6772398894913304,0.5119899550273683,0.5411651234567901,63238,121001,57763,0.5226237799687606,7748,58614,851,62387,0.010417699813842773,0.04653668403625488,0.03611898422241211
Otsu_Thresholding_Sklearn,Sobel_Torch,0.4792901234567901,0.3516836663406455,0.07960403554824631,0.12982257066226532,0.06941724813149838,0.1298225706622486,0.06941724813148882,0.4792901234567901,63238,14314,48924,0.2263512445048863,57082,9280,58204,5034,0.010417699813842773,0.0012011528015136719,0.009216547012329102
Otsu_Thresholding_Sklearn,Canny_Torch,0.46457561728395064,0.32992426336447567,0.09437363610487365,0.14676552682381006,0.07919425682400244,0.14676552682379201,0.07919425682399193,0.46457561728395064,63238,18089,45149,0.2860463645276574,54241,12121,57270,5968,0.010417699813842773,0.0010914802551269531,0.00932621955871582
Niblack_Thresholding_Sklearn,Global_Threshold_CV2,0.6030401234567901,0.47520298577554776,0.8106592456728438,0.5991741332294507,0.4277292042092149,0.599174133229404,0.4277292042091673,0.6030401234567901,47433,80917,33484,0.586193259760001,39702,42465,8981,38452,0.01264810562133789,0.00018930435180664062,0.01245880126953125
Niblack_Thresholding_Sklearn,Adaptive_Threshold_CV2,0.4991512345679012,0.41730152270813026,0.9296270528956634,0.5760287393860222,0.4045227283152149,0.5760287393859845,0.40452272831517777,0.4991512345679012,47433,105667,58234,0.44889132841852236,20595,61572,3338,44095,0.01264810562133789,0.00034689903259277344,0.012301206588745117
Niblack_Thresholding_Sklearn,Otsu_Thresholding_CV2,0.6124537037037037,0.47774821141190904,0.6321126641789472,0.5441955858864528,0.37381091897417995,0.5441955858864034,0.3738109189741334,0.6124537037037037,47433,62759,15326,0.7557959814528593,49391,32776,17450,29983,0.01264810562133789,0.0001685619354248047,0.012479543685913086
Niblack_Thresholding_Sklearn,Niblack_Thresholding_CV2,0.6767978395061729,0.5337561474412037,0.9243986254295533,0.6767504495257792,0.511430704271351,0.676750449525727,0.5114307042712913,0.6767978395061729,47433,82148,34715,0.5774090665627891,43866,38301,3586,43847,0.01264810562133789,0.0005946159362792969,0.012053489685058594
Niblack_Thresholding_Sklearn,Sauvola_Thresholding_CV2,0.42329475308641973,0.38716262003537016,0.9876878966120634,0.5562725972013607,0.38530306768648737,0.5562725972013277,0.38530306768645567,0.42329475308641973,47433,121006,73573,0.391988827000314,8010,74157,584,46849,0.01264810562133789,0.0005924701690673828,0.012055635452270508
Niblack_Thresholding_Sklearn,Sobel_CV2,0.6091898148148148,0.40646812470916704,0.14732359327894082,0.21626305609284333,0.12124156357895102,0.21626305609280988,0.12124156357893,0.6091898148148148,47433,17192,30241,0.3624480846667932,71963,10204,40445,6988,0.01264810562133789,0.0010156631469726562,0.011632442474365234
Niblack_Thresholding_Sklearn,Canny_CV2,0.6050308641975308,0.3453077366729834,0.08835620770349757,0.14070841027362765,0.07567850629299915,0.14070841027360406,0.07567850629298549,0.6050308641975308,47433,12137,35296,0.25587671030717013,74221,7946,43242,4191,0.01264810562133789,0.0003559589385986328,0.012292146682739258
Niblack_Thresholding_Sklearn,Global_Threshold_Sklearn,0.5961496913580246,0.4702356395758002,0.8170261210549618,0.5969179110799634,0.42543334833631563,0.5969179110799174,0.42543334833626895,0.5961496913580246,47433,82414,34981,0.5755454170407941,38507,43660,8679,38754,0.01264810562133789,0.010231971740722656,0.0024161338806152344
Niblack_Thresholding_Sklearn,Adaptive_Threshold_Sklearn,0.4364043209876543,0.393523869712366,0.9977020217991693,0.564422446180452,0.3931675057740558,0.5644224461804184,0.39316750577402315,0.4364043209876543,47433,120257,72824,0.3944302618558587,9234,72933,109,47324,0.01264810562133789,0.01044917106628418,0.002198934555053711
Niblack_Thresholding_Sklearn,Otsu_Thresholding_Sklearn,0.6082021604938271,0.47356020114488123,0.6313536989016086,0.5411896522124133,0.370980129825083,0.5411896522123645,0.37098012982503703,0.6082021604938271,47433,63238,15805,0.7500711597457225,48876,33291,17486,29947,0.01264810562133789,0.010417699813842773,0.002230405807495117
Niblack_Thresholding_Sklearn,Niblack_Thresholding_Sklearn,1.0,1.0,1.0,1.0,1.0,0.9999999999998946,0.9999999999997893,1.0,47433,47433,0,1.0,82167,0,0,47433,0.01264810562133789,0.01264810562133789,0.0
Niblack_Thresholding_Sklearn,Sauvola_Thresholding_Sklearn,0.3867438271604938,0.3737501083436424,1.0,0.5441311430275777,0.3737501083436424,0.5441311430275464,0.37375010834361294,0.3867438271604938,47433,126911,79478,0.3737501083436424,2689,79478,0,47433,0.01264810562133789,0.012035131454467773,0.0006129741668701172
Niblack_Thresholding_Sklearn,Sobel_Sklearn,0.6087191358024692,0.40602236879839404,0.14924208884110218,0.21825861750015416,0.1224973610894807,0.21825861750012052,0.12249736108945951,0.6087191358024692,47433,17435,29998,0.36757110028882845,71811,10356,40354,7079,0.01264810562133789,0.002002716064453125,0.010645389556884766
Niblack_Thresholding_Sklearn,Canny_Sklearn,0.6227546296296296,0.3980134303301623,0.05997933927856134,0.104248731243473,0.05499072212772538,0.10424873124345391,0.05499072212771475,0.6227546296296296,47433,7148,40285,0.15069677228933442,77864,4303,44588,2845,0.01264810562133789,0.005337715148925781,0.007310390472412109
Niblack_Thresholding_Sklearn,Global_Threshold_Torch,0.6030401234567901,0.47520298577554776,0.8106592456728438,0.5991741332294507,0.4277292042092149,0.599174133229404,0.4277292042091673,0.6030401234567901,47433,80917,33484,0.586193259760001,39702,42465,8981,38452,0.01264810562133789,0.003944873809814453,0.008703231811523438
Niblack_Thresholding_Sklearn,Adaptive_Threshold_Torch,0.5216820987654321,0.4305135230603263,0.9507094217106234,0.5926534367196741,0.421114068263529,0.5926534367196351,0.4211140682634897,0.5216820987654321,47433,104747,57314,0.4528339713786552,22515,59652,2338,45095,0.01264810562133789,0.00106048583984375,0.01158761978149414
Niblack_Thresholding_Sklearn,Otsu_Thresholding_Torch,0.6124537037037037,0.4777638010923045,0.6325764762928763,0.5443775173264632,0.3739826251698221,0.5443775173264138,0.37398262516977554,0.6124537037037037,47433,62803,15370,0.7552664681623489,49369,32798,17428,30005,0.01264810562133789,0.0012373924255371094,0.011410713195800781
Niblack_Thresholding_Sklearn,Niblack_Thresholding_Torch,0.6759490740740741,0.5328944183569734,0.9282988636603209,0.6770976695550549,0.5118274070371619,0.677097669555003,0.5118274070371024,0.6759490740740741,47433,82628,35195,0.5740547998257249,43571,38596,3401,44032,0.01264810562133789,0.046595096588134766,0.033946990966796875
Niblack_Thresholding_Sklearn,Sauvola_Thresholding_Torch,0.42334876543209876,0.3871868827530351,0.9877089789808783,0.5563009843618272,0.385330306619292,0.5563009843617941,0.3853303066192603,0.42334876543209876,47433,121001,73568,0.39200502475186155,8016,74151,583,46850,0.01264810562133789,0.04653668403625488,0.03388857841491699
Niblack_Thresholding_Sklearn,Sobel_Torch,0.6160570987654321,0.4187508732709236,0.12636771867687052,0.19414708406886164,0.10750990978063961,0.19414708406883022,0.10750990978062033,0.6160570987654321,47433,14314,33119,0.3017730272173381,73847,8320,41439,5994,0.01264810562133789,0.0012011528015136719,0.011446952819824219
Niblack_Thresholding_Sklearn,Canny_Torch,0.6084567901234568,0.40848029189009893,0.1557776231737398,0.22554256585574312,0.12710508661173517,0.2255425658557087,0.1271050866117133,0.6084567901234568,47433,18089,29344,0.3813589694938123,71467,10700,40044,7389,0.01264810562133789,0.0010914802551269531,0.011556625366210938
Sauvola_Thresholding_Sklearn,Global_Threshold_CV2,0.6438888888888888,0.9990236909425708,0.6369660628314331,0.7779317512558461,0.6365698086463502,0.7779317512558087,0.6365698086463,0.6438888888888888,126911,80917,45994,0.6375885463041029,2610,79,46073,80838,0.012035131454467773,0.00018930435180664062,0.011845827102661133
Sauvola_Thresholding_Sklearn,Adaptive_Threshold_CV2,0.828996913580247,0.9956561651225075,0.8289903948436306,0.904711537634686,0.8260029834340896,0.9047115376346471,0.8260029834340248,0.828996913580247,126911,105667,21244,0.8326071026152185,2230,459,21703,105208,0.012035131454467773,0.00034689903259277344,0.011688232421875
Sauvola_Thresholding_Sklearn,Otsu_Thresholding_CV2,0.505,1.0,0.4945119020415882,0.6617704434016977,0.4945119020415882,0.6617704434016628,0.49451190204154927,0.505,126911,62759,64152,0.4945119020415882,2689,0,64152,62759,0.012035131454467773,0.0001685619354248047,0.011866569519042969
Sauvola_Thresholding_Sklearn,Niblack_Thresholding_CV2,0.6511496913580247,0.9972732141987632,0.6455232406962359,0.783740475176864,0.6443858890156133,0.7837404751768264,0.6443858890155627,0.6511496913580247,126911,82148,44763,0.6472882571250719,2465,224,44987,81924,0.012035131454467773,0.0005946159362792969,0.011440515518188477
Sauvola_Thresholding_Sklearn,Sauvola_Thresholding_CV2,0.9503317901234568,0.9978017618961044,0.9513753732930952,0.9740356651621309,0.9493855020955047,0.9740356651620915,0.94938550209543,0.9503317901234568,126911,121006,5905,0.9534713303023379,2423,266,6171,120740,0.012035131454467773,0.0005924701690673828,0.01144266128540039
Sauvola_Thresholding_Sklearn,Sobel_CV2,0.13530092592592594,0.9317705909725453,0.12622231327465705,0.22232708548746383,0.12506636269947846,0.2223270854874484,0.12506636269946872,0.13530092592592594,126911,17192,109719,0.13546501091315963,1516,1173,110892,16019,0.012035131454467773,0.0010156631469726562,0.011019468307495117
Sauvola_Thresholding_Sklearn,Canny_CV2,0.1063888888888889,0.9572381972480843,0.09154446817060775,0.16710776134859903,0.09117162363650631,0.16710776134858701,0.09117162363649917,0.1063888888888889,126911,12137,114774,0.09563394819991963,2170,519,115293,11618,0.012035131454467773,0.0003559589385986328,0.01167917251586914
Sauvola_Thresholding_Sklearn,Global_Threshold_Sklearn,0.6566280864197531,0.9999757322784963,0.6493684550590572,0.7874071420040607,0.6493582217739712,0.7874071420040231,0.64935822177392,0.6566280864197531,126911,82414,44497,0.6493842141343146,2687,2,44499,82412,0.012035131454467773,0.010231971740722656,0.0018031597137451172
Sauvola_Thresholding_Sklearn,Adaptive_Threshold_Sklearn,0.9454012345679013,0.9982454243827802,0.9459069741787552,0.9713716986017608,0.9443369361715518,0.9713716986017213,0.9443369361714775,0.9454012345679013,126911,120257,6654,0.9475695566184177,2478,211,6865,120046,0.012035131454467773,0.01044917106628418,0.0015859603881835938
Sauvola_Thresholding_Sklearn,Otsu_Thresholding_Sklearn,0.508695987654321,1.0,0.4982862005657508,0.6651415468921741,0.4982862005657508,0.665141546892139,0.49828620056571155,0.508695987654321,126911,63238,63673,0.4982862005657508,2689,0,63673,63238,0.012035131454467773,0.010417699813842773,0.001617431640625
Sauvola_Thresholding_Sklearn,Niblack_Thresholding_Sklearn,0.3867438271604938,1.0,0.3737501083436424,0.5441311430275777,0.3737501083436424,0.5441311430275464,0.37375010834361294,0.3867438271604938,126911,47433,79478,0.3737501083436424,2689,0,79478,47433,0.012035131454467773,0.01264810562133789,0.0006129741668701172
Sauvola_Thresholding_Sklearn,Sauvola_Thresholding_Sklearn,1.0,1.0,1.0,1.0,1.0,0.9999999999999606,0.9999999999999212,1.0,126911,126911,0,1.0,2689,0,0,126911,0.012035131454467773,0.012035131454467773,0.0
Sauvola_Thresholding_Sklearn,Sobel_Sklearn,0.13694444444444445,0.9318611987381703,0.12801884785400794,0.2251118839455198,0.12683159119118806,0.2251118839455042,0.12683159119117818,0.13694444444444445,126911,17435,109476,0.13737973855694147,1501,1188,110664,16247,0.012035131454467773,0.002002716064453125,0.010032415390014648
Sauvola_Thresholding_Sklearn,Canny_Sklearn,0.07122685185185185,0.9576105204252938,0.05393543506867017,0.10211921616601645,0.05380697093087239,0.10211921616600883,0.05380697093086816,0.07122685185185185,126911,7148,119763,0.05632293497017595,2386,303,120066,6845,0.012035131454467773,0.005337715148925781,0.006697416305541992
Sauvola_Thresholding_Sklearn,Global_Threshold_Torch,0.6438888888888888,0.9990236909425708,0.6369660628314331,0.7779317512558461,0.6365698086463502,0.7779317512558087,0.6365698086463,0.6438888888888888,126911,80917,45994,0.6375885463041029,2610,79,46073,80838,0.012035131454467773,0.003944873809814453,0.00809025764465332
Sauvola_Thresholding_Sklearn,Adaptive_Threshold_Torch,0.8240277777777778,0.9969354730923081,0.8228285964179622,0.901553151628694,0.8207526408450704,0.901553151628655,0.820752640845006,0.8240277777777778,126911,104747,22164,0.8253579279967852,2368,321,22485,104426,0.012035131454467773,0.00106048583984375,0.010974645614624023
Sauvola_Thresholding_Sklearn,Otsu_Thresholding_Torch,0.5053395061728395,1.0,0.49485860169725243,0.6620808163867716,0.49485860169725243,0.6620808163867368,0.4948586016972134,0.5053395061728395,126911,62803,64108,0.49485860169725243,2689,0,64108,62803,0.012035131454467773,0.0012373924255371094,0.010797739028930664
Sauvola_Thresholding_Sklearn,Niblack_Thresholding_Torch,0.6548379629629629,0.9972769521227671,0.6492975392203986,0.7865170684216304,0.6481484394663982,0.7865170684215927,0.6481484394663473,0.6548379629629629,126911,82628,44283,0.6510704351868633,2464,225,44508,82403,0.012035131454467773,0.046595096588134766,0.03455996513366699
Sauvola_Thresholding_Sklearn,Sauvola_Thresholding_Torch,0.9502777777777778,0.9977934066660606,0.9513280960673227,0.9740069056762077,0.9493308591108525,0.9740069056761683,0.9493308591107779,0.9502777777777778,126911,121001,5910,0.9534319326141942,2422,267,6177,120734,0.012035131454467773,0.04653668403625488,0.03450155258178711
Sauvola_Thresholding_Sklearn,Sobel_Torch,0.11625771604938272,0.9323738996786363,0.10516030919305655,0.18900336342715524,0.10436428186019597,0.18900336342714186,0.10436428186018781,0.11625771604938272,126911,14314,112597,0.11278770161766907,1721,968,113565,13346,0.012035131454467773,0.0012011528015136719,0.010833978652954102
Sauvola_Thresholding_Sklearn,Canny_Torch,0.1422530864197531,0.9352645254021781,0.13330601760288707,0.23335172413793104,0.13208725660123982,0.2333517241379149,0.13208725660122952,0.1422530864197531,126911,18089,108822,0.14253295616613218,1518,1171,109993,16918,0.012035131454467773,0.0010914802551269531,0.01094365119934082
Sobel_Sklearn,Global_Threshold_CV2,0.3980864197530864,0.1257090599008861,0.5834241468310869,0.20684886936717098,0.11535495577228397,0.20684886936714994,0.11535495577227088,0.3980864197530864,17435,80917,63482,0.2154677014718786,41420,70745,7263,10172,0.002002716064453125,0.00018930435180664062,0.0018134117126464844
Sobel_Sklearn,Adaptive_Threshold_CV2,0.19350308641975308,0.08791770372964124,0.532836248924577,0.150931747656415,0.08162583910308227,0.15093174765640274,0.08162583910307511,0.19350308641975308,17435,105667,88232,0.1649994794969101,15788,96377,8145,9290,0.002002716064453125,0.00034689903259277344,0.0016558170318603516
Sobel_Sklearn,Otsu_Thresholding_CV2,0.4605864197530864,0.08194840580633854,0.2949813593346716,0.12826395989724917,0.068526735153429,0.1282639598972332,0.06852673515341988,0.4605864197530864,17435,62759,45324,0.2778087604965025,54549,57616,12292,5143,0.002002716064453125,0.0001685619354248047,0.0018341541290283203
Sobel_Sklearn,Niblack_Thresholding_CV2,0.3867206790123457,0.12235233967960267,0.5764840837396042,0.20186176355402027,0.11226153777420364,0.201861763554,0.1122615377741911,0.3867206790123457,17435,82148,64713,0.21223888591322979,40068,72097,7384,10051,0.002002716064453125,0.0005946159362792969,0.0014081001281738281
Sobel_Sklearn,Sauvola_Thresholding_CV2,0.1326466049382716,0.1075649141364891,0.7465443074275881,0.18803678101140558,0.10377516444090093,0.18803678101139198,0.10377516444089266,0.1326466049382716,17435,121006,103571,0.14408376444143264,4175,107990,4419,13016,0.002002716064453125,0.0005924701690673828,0.0014102458953857422
Sobel_Sklearn,Sobel_CV2,0.9971527777777778,0.9963355048859935,0.9824490966446803,0.9893435758223351,0.9789118756429306,0.9893435758220496,0.9789118756423711,0.9971527777777778,17435,17192,243,0.9860625179237167,112102,63,306,17129,0.002002716064453125,0.0010156631469726562,0.0009870529174804688
Sobel_Sklearn,Canny_CV2,0.9048148148148148,0.7100601466589767,0.49429308861485516,0.5828486406059786,0.4112818554929846,0.5828486406057816,0.41128185549278834,0.9048148148148148,17435,12137,5298,0.6961284772010324,108646,3519,8817,8618,0.002002716064453125,0.0003559589385986328,0.0016467571258544922
Sobel_Sklearn,Global_Threshold_Sklearn,0.39570216049382717,0.13063314485402966,0.6174935474620017,0.21564562489358932,0.12085358598161265,0.21564562489356773,0.1208535859815991,0.39570216049382717,17435,82414,64979,0.2115538622078773,40517,71648,6669,10766,0.002002716064453125,0.010231971740722656,0.008229255676269531
Sobel_Sklearn,Adaptive_Threshold_Sklearn,0.1380246913580247,0.10801866003642199,0.7450530542013192,0.1886819858815327,0.10416833731616174,0.18868198588151897,0.10416833731615338,0.1380246913580247,17435,120257,102822,0.14498116533756872,4898,107267,4445,12990,0.002002716064453125,0.01044917106628418,0.008446455001831055
Sobel_Sklearn,Otsu_Thresholding_Sklearn,0.4621527777777778,0.08672001012049717,0.31453971895612276,0.1359562678963222,0.0729362007740494,0.13595626789630536,0.0729362007740397,0.4621527777777778,17435,63238,45803,0.2757044814826528,54411,57754,11951,5484,0.002002716064453125,0.010417699813842773,0.008414983749389648
Sobel_Sklearn,Niblack_Thresholding_Sklearn,0.6087191358024692,0.14924208884110218,0.40602236879839404,0.21825861750015416,0.1224973610894807,0.21825861750012052,0.12249736108945951,0.6087191358024692,17435,47433,29998,0.36757110028882845,71811,40354,10356,7079,0.002002716064453125,0.01264810562133789,0.010645389556884766
Sobel_Sklearn,Sauvola_Thresholding_Sklearn,0.13694444444444445,0.12801884785400794,0.9318611987381703,0.2251118839455198,0.12683159119118806,0.2251118839455042,0.12683159119117818,0.13694444444444445,17435,126911,109476,0.13737973855694147,1501,110664,1188,16247,0.002002716064453125,0.012035131454467773,0.010032415390014648
Sobel_Sklearn,Sobel_Sklearn,1.0,1.0,1.0,1.0,1.0,0.9999999999997133,0.9999999999994263,1.0,17435,17435,0,1.0,112165,0,0,17435,0.002002716064453125,0.002002716064453125,0.0
Sobel_Sklearn,Canny_Sklearn,0.911875,0.9206771124790151,0.3774591339260109,0.5354106496359272,0.36557049216753695,0.5354106496357095,0.36557049216733384,0.911875,17435,7148,10287,0.4099799254373387,111598,567,10854,6581,0.002002716064453125,0.005337715148925781,0.0033349990844726562
Sobel_Sklearn,Global_Threshold_Torch,0.3980864197530864,0.1257090599008861,0.5834241468310869,0.20684886936717098,0.11535495577228397,0.20684886936714994,0.11535495577227088,0.3980864197530864,17435,80917,63482,0.2154677014718786,41420,70745,7263,10172,0.002002716064453125,0.003944873809814453,0.0019421577453613281
Sobel_Sklearn,Adaptive_Threshold_Torch,0.2023148148148148,0.08974958710034656,0.5392027530828792,0.1538851876708517,0.08335623908282423,0.15388518767083909,0.08335623908281685,0.2023148148148148,17435,104747,87312,0.16644868110781216,16819,95346,8034,9401,0.002002716064453125,0.00106048583984375,0.000942230224609375
Sobel_Sklearn,Otsu_Thresholding_Torch,0.46032407407407405,0.0819706064996895,0.29526813880126185,0.1283182531967397,0.06855773072313225,0.12831825319672371,0.06855773072312311,0.46032407407407405,17435,62803,45368,0.277614126713692,54510,57655,12287,5148,0.002002716064453125,0.0012373924255371094,0.0007653236389160156
Sobel_Sklearn,Niblack_Thresholding_Torch,0.38286265432098765,0.12152054993464685,0.5759105248064239,0.20069356305527516,0.11153940147963831,0.20069356305525513,0.11153940147962592,0.38286265432098765,17435,82628,65193,0.2110059543980249,39578,72587,7394,10041,0.002002716064453125,0.046595096588134766,0.04459238052368164
Sobel_Sklearn,Sauvola_Thresholding_Torch,0.1326388888888889,0.10754456574739052,0.7463722397476341,0.18800023115374614,0.10375290018577135,0.18800023115373254,0.10375290018576308,0.1326388888888889,17435,121001,103566,0.14408971826679118,4177,107988,4422,13013,0.002002716064453125,0.04653668403625488,0.04453396797180176
Sobel_Sklearn,Sobel_Torch,0.9541743827160494,0.9015649014950399,0.740177803269286,0.8129389902044158,0.6848333687115262,0.8129389902041598,0.6848333687111627,0.9541743827160494,17435,14314,3121,0.820992256954402,110756,1409,4530,12905,0.002002716064453125,0.0012011528015136719,0.0008015632629394531
Sobel_Sklearn,Canny_Torch,0.9829629629629629,0.9208911493172647,0.9554344708918842,0.9378448372930976,0.8829640623343581,0.9378448372928337,0.88296406233389,0.9829629629629629,17435,18089,654,0.9638454309248715,110734,1431,777,16658,0.002002716064453125,0.0010914802551269531,0.0009112358093261719
Canny_Sklearn,Global_Threshold_CV2,0.386304012345679,0.052708330758678645,0.596670397313934,0.09686027366150003,0.050894988066825776,0.09686027366148903,0.050894988066819705,0.386304012345679,7148,80917,73769,0.08833743218359554,45800,76652,2883,4265,0.005337715148925781,0.00018930435180664062,0.005148410797119141
Canny_Sklearn,Adaptive_Threshold_CV2,0.1922145061728395,0.03845098280447065,0.5684107442641299,0.07202942871072109,0.03736023245549507,0.07202942871071472,0.03736023245549164,0.1922145061728395,7148,105667,98519,0.0676464743013429,20848,101604,3085,4063,0.005337715148925781,0.00034689903259277344,0.004990816116333008
Canny_Sklearn,Otsu_Thresholding_CV2,0.49222993827160494,0.032664637741200465,0.2867935086737549,0.058649348420043775,0.030210589917031405,0.058649348420035385,0.030210589917026954,0.49222993827160494,7148,62759,55611,0.11389601491419557,61743,60709,5098,2050,0.005337715148925781,0.0001685619354248047,0.0051691532135009766
Canny_Sklearn,Niblack_Thresholding_CV2,0.3807561728395062,0.05503481521156936,0.6324846110800224,0.10125873499372873,0.053329401356532,0.10125873499371739,0.05332940135652571,0.3807561728395062,7148,82148,75000,0.08701368262160977,44825,77627,2627,4521,0.005337715148925781,0.0005946159362792969,0.004743099212646484
Canny_Sklearn,Sauvola_Thresholding_CV2,0.10459876543209877,0.05003884104920417,0.8470900951315053,0.0944956848791298,0.049590905740423755,0.09449568487912242,0.049590905740419695,0.10459876543209877,7148,121006,113858,0.05907145100242963,7501,114951,1093,6055,0.005337715148925781,0.0005924701690673828,0.0047452449798583984
Canny_Sklearn,Sobel_CV2,0.9133179012345679,0.38116565844578876,0.9167599328483492,0.5384552177485621,0.36841513464890085,0.5384552177483408,0.36841513464869374,0.9133179012345679,7148,17192,10044,0.41577477896696136,111813,10639,595,6553,0.005337715148925781,0.0010156631469726562,0.004322052001953125
Canny_Sklearn,Canny_CV2,0.9370138888888889,0.45818571310867595,0.7779798545047566,0.5767176562094892,0.405202564849898,0.5767176562091901,0.4052025648496027,0.9370138888888889,7148,12137,4989,0.588942901870314,115876,6576,1587,5561,0.005337715148925781,0.0003559589385986328,0.0049817562103271484
Canny_Sklearn,Global_Threshold_Sklearn,0.37766975308641976,0.05404421578857961,0.6231113598209289,0.09946182532770595,0.0523335056633924,0.09946182532769485,0.05233350566338625,0.37766975308641976,7148,82414,75266,0.08673283665396656,44492,77960,2694,4454,0.005337715148925781,0.010231971740722656,0.004894256591796875
Canny_Sklearn,Adaptive_Threshold_Sklearn,0.1047145061728395,0.047298701946664225,0.795747062115277,0.08929005925984067,0.04673135223510274,0.08929005925983366,0.0467313522350989,0.1047145061728395,7148,120257,113109,0.05943936735491489,7883,114569,1460,5688,0.005337715148925781,0.01044917106628418,0.0051114559173583984
Canny_Sklearn,Otsu_Thresholding_Sklearn,0.4905864197530864,0.03452038331383029,0.305400111919418,0.062029380842781236,0.032007389704265206,0.06202938084277242,0.032007389704260515,0.4905864197530864,7148,63238,56090,0.11303330276099813,61397,61055,4965,2183,0.005337715148925781,0.010417699813842773,0.005079984664916992
Canny_Sklearn,Niblack_Thresholding_Sklearn,0.6227546296296296,0.05997933927856134,0.3980134303301623,0.104248731243473,0.05499072212772538,0.10424873124345391,0.05499072212771475,0.6227546296296296,7148,47433,40285,0.15069677228933442,77864,44588,4303,2845,0.005337715148925781,0.01264810562133789,0.007310390472412109
Canny_Sklearn,Sauvola_Thresholding_Sklearn,0.07122685185185185,0.05393543506867017,0.9576105204252938,0.10211921616601645,0.05380697093087239,0.10211921616600883,0.05380697093086816,0.07122685185185185,7148,126911,119763,0.05632293497017595,2386,120066,303,6845,0.005337715148925781,0.012035131454467773,0.006697416305541992
Canny_Sklearn,Sobel_Sklearn,0.911875,0.3774591339260109,0.9206771124790151,0.5354106496359272,0.36557049216753695,0.5354106496357095,0.36557049216733384,0.911875,7148,17435,10287,0.4099799254373387,111598,10854,567,6581,0.005337715148925781,0.002002716064453125,0.0033349990844726562
Canny_Sklearn,Canny_Sklearn,1.0,1.0,1.0,1.0,1.0,0.9999999999993004,0.999999999998601,1.0,7148,7148,0,1.0,122452,0,0,7148,0.005337715148925781,0.005337715148925781,0.0
Canny_Sklearn,Global_Threshold_Torch,0.386304012345679,0.052708330758678645,0.596670397313934,0.09686027366150003,0.050894988066825776,0.09686027366148903,0.050894988066819705,0.386304012345679,7148,80917,73769,0.08833743218359554,45800,76652,2883,4265,0.005337715148925781,0.003944873809814453,0.0013928413391113281
Canny_Sklearn,Adaptive_Threshold_Torch,0.20099537037037038,0.03982930298719772,0.5836597649692221,0.07456990928995934,0.03872896224575996,0.07456990928995268,0.038728962245756365,0.20099537037037038,7148,104747,97599,0.0682406178697242,21877,100575,2976,4172,0.005337715148925781,0.00106048583984375,0.004277229309082031
Canny_Sklearn,Otsu_Thresholding_Torch,0.4919212962962963,0.03267359839498113,0.2870733072188025,0.05866964017669511,0.030221358193787833,0.05866964017668673,0.030221358193783382,0.4919212962962963,7148,62803,55655,0.11381621897043134,61701,60751,5096,2052,0.005337715148925781,0.0012373924255371094,0.004100322723388672
Canny_Sklearn,Niblack_Thresholding_Torch,0.3770216049382716,0.05469090380984654,0.6322048125349748,0.10067278559971485,0.053004445382783816,0.10067278559970363,0.053004445382777605,0.3770216049382716,7148,82628,75480,0.08650820545093672,44343,78109,2629,4519,0.005337715148925781,0.046595096588134766,0.041257381439208984
Canny_Sklearn,Sauvola_Thresholding_Torch,0.10456018518518519,0.049999586780274545,0.8463905987688864,0.09442133766162826,0.04954995536408979,0.09442133766162089,0.04954995536408574,0.10456018518518519,7148,121001,113853,0.05907389195130619,7501,114951,1098,6050,0.005337715148925781,0.04653668403625488,0.0411989688873291
Canny_Sklearn,Sobel_Torch,0.9246604938271605,0.40862093055749615,0.8182708449916061,0.5450563787158699,0.3746237110100557,0.545056378715616,0.3746237110098158,0.9246604938271605,7148,14314,7166,0.49937124493502866,113987,8465,1299,5849,0.005337715148925781,0.0012011528015136719,0.004136562347412109
Canny_Sklearn,Canny_Torch,0.9052237654320988,0.35806291116147937,0.9061275881365417,0.5132939731346832,0.34525586353944565,0.5132939731344798,0.3452558635392616,0.9052237654320988,7148,18089,10941,0.39515727790369837,110840,11612,671,6477,0.005337715148925781,0.0010914802551269531,0.004246234893798828
Global_Threshold_Torch,Global_Threshold_CV2,1.0,1.0,1.0,1.0,1.0,0.9999999999999382,0.9999999999998764,1.0,80917,80917,0,1.0,48683,0,0,80917,0.003944873809814453,0.00018930435180664062,0.0037555694580078125
Global_Threshold_Torch,Adaptive_Threshold_CV2,0.691604938271605,0.6937643729830505,0.9059653719243175,0.7857908502336749,0.6471626822981037,0.7857908502336327,0.6471626822980466,0.691604938271605,80917,105667,24750,0.765773609546973,16324,32359,7609,73308,0.003944873809814453,0.00034689903259277344,0.0035979747772216797
Global_Threshold_Torch,Otsu_Thresholding_CV2,0.8598919753086419,1.0,0.7755972169012691,0.8736184192210251,0.7755972169012691,0.8736184192209642,0.7755972169011733,0.8598919753086419,80917,62759,18158,0.7755972169012691,48683,0,18158,62759,0.003944873809814453,0.0001685619354248047,0.0037763118743896484
Global_Threshold_Torch,Niblack_Thresholding_CV2,0.6210725308641976,0.6936017918878122,0.7041536389139489,0.6988378867322846,0.5370874848002112,0.6988378867322418,0.5370874848001606,0.6210725308641976,80917,82148,1231,0.985014851244096,23513,25170,23939,56978,0.003944873809814453,0.0005946159362792969,0.0033502578735351562
Global_Threshold_Torch,Sauvola_Thresholding_CV2,0.673233024691358,0.6593639984794143,0.9860350729760124,0.7902715391510625,0.6532635750311129,0.7902715391510233,0.6532635750310594,0.673233024691358,80917,121006,40089,0.6687023783944598,7464,41219,1130,79787,0.003944873809814453,0.0005924701690673828,0.0033524036407470703
Global_Threshold_Torch,Sobel_CV2,0.398016975308642,0.5843415542112611,0.12415190874599899,0.20479262860695757,0.11407742184572409,0.2047926286069367,0.11407742184571114,0.398016975308642,80917,17192,63725,0.2124646242445963,41537,7146,70871,10046,0.003944873809814453,0.0010156631469726562,0.002929210662841797
Global_Threshold_Torch,Canny_CV2,0.38141975308641973,0.5308560599818736,0.0796248007217272,0.1384787327788166,0.07439008901871587,0.1384787327788017,0.07439008901870728,0.38141975308641973,80917,12137,68780,0.1499932029116255,42989,5694,74474,6443,0.003944873809814453,0.0003559589385986328,0.0035889148712158203
Global_Threshold_Torch,Global_Threshold_Sklearn,0.9759336419753086,0.9719950493848133,0.9899773842332267,0.980903808829922,0.9625232802643436,0.980903808829862,0.9625232802642281,0.9759336419753086,80917,82414,1497,0.9818356104545344,46375,2308,811,80106,0.003944873809814453,0.010231971740722656,0.006287097930908203
Global_Threshold_Torch,Adaptive_Threshold_Sklearn,0.6663425925925925,0.6566436881013163,0.975888873784248,0.7850517462495153,0.6461606441476826,0.7850517462494763,0.6461606441476297,0.6663425925925925,80917,120257,39340,0.6728672759174102,7392,41291,1951,78966,0.003944873809814453,0.01044917106628418,0.0065042972564697266
Global_Threshold_Torch,Otsu_Thresholding_Sklearn,0.8609336419753086,0.9972801163857175,0.7793912280484941,0.8749748534563491,0.7777380409180037,0.8749748534562883,0.7777380409179078,0.8609336419753086,80917,63238,17679,0.78151686295834,48511,172,17851,63066,0.003944873809814453,0.010417699813842773,0.00647282600402832
Global_Threshold_Torch,Niblack_Thresholding_Sklearn,0.6030401234567901,0.8106592456728438,0.47520298577554776,0.5991741332294507,0.4277292042092149,0.599174133229404,0.4277292042091673,0.6030401234567901,80917,47433,33484,0.586193259760001,39702,8981,42465,38452,0.003944873809814453,0.01264810562133789,0.008703231811523438
Global_Threshold_Torch,Sauvola_Thresholding_Sklearn,0.6438888888888888,0.6369660628314331,0.9990236909425708,0.7779317512558461,0.6365698086463502,0.7779317512558087,0.6365698086463,0.6438888888888888,80917,126911,45994,0.6375885463041029,2610,46073,79,80838,0.003944873809814453,0.012035131454467773,0.00809025764465332
Global_Threshold_Torch,Sobel_Sklearn,0.3980864197530864,0.5834241468310869,0.1257090599008861,0.20684886936717098,0.11535495577228397,0.20684886936714994,0.11535495577227088,0.3980864197530864,80917,17435,63482,0.2154677014718786,41420,7263,70745,10172,0.003944873809814453,0.002002716064453125,0.0019421577453613281
Global_Threshold_Torch,Canny_Sklearn,0.386304012345679,0.596670397313934,0.052708330758678645,0.09686027366150003,0.050894988066825776,0.09686027366148903,0.050894988066819705,0.386304012345679,80917,7148,73769,0.08833743218359554,45800,2883,76652,4265,0.003944873809814453,0.005337715148925781,0.0013928413391113281
Global_Threshold_Torch,Global_Threshold_Torch,1.0,1.0,1.0,1.0,1.0,0.9999999999999382,0.9999999999998764,1.0,80917,80917,0,1.0,48683,0,0,80917,0.003944873809814453,0.003944873809814453,0.0
Global_Threshold_Torch,Adaptive_Threshold_Torch,0.6973148148148148,0.6989985393376421,0.9048531210993982,0.7887150982419855,0.6511392134891415,0.788715098241943,0.6511392134890835,0.6973148148148148,80917,104747,23830,0.7724994510582642,17154,31529,7699,73218,0.003944873809814453,0.00106048583984375,0.002884387969970703
Global_Threshold_Torch,Otsu_Thresholding_Torch,0.8602314814814814,1.0,0.7761409839712298,0.8739632618981352,0.7761409839712298,0.8739632618980744,0.7761409839711338,0.8602314814814814,80917,62803,18114,0.7761409839712298,48683,0,18114,62803,0.003944873809814453,0.0012373924255371094,0.0027074813842773438
Global_Threshold_Torch,Niblack_Thresholding_Torch,0.6249922839506172,0.695551144890352,0.7102586601085062,0.7028279678375983,0.5418155421266486,0.7028279678375552,0.5418155421265975,0.6249922839506172,80917,82628,1711,0.9792927336980201,23527,25156,23445,57472,0.003944873809814453,0.046595096588134766,0.04265022277832031
Global_Threshold_Torch,Sauvola_Thresholding_Torch,0.6732407407407407,0.6593747159114387,0.9860103562910143,0.7902712982497846,0.6532632458058019,0.7902712982497454,0.6532632458057483,0.6732407407407407,80917,121001,40084,0.6687300104957811,7467,41216,1132,79785,0.003944873809814453,0.04653668403625488,0.04259181022644043
Global_Threshold_Torch,Sobel_Torch,0.39597993827160494,0.5920776861813609,0.10473695267990657,0.17798826012537933,0.09768776799299184,0.17798826012536065,0.09768776799298058,0.39597993827160494,80917,14314,66603,0.17689731453217494,42844,5839,72442,8475,0.003944873809814453,0.0012011528015136719,0.0027437210083007812
Global_Threshold_Torch,Canny_Torch,0.39791666666666664,0.5797998783791254,0.12961429613060296,0.2118659475183322,0.11848437605910662,0.21186594751831084,0.11848437605909325,0.39791666666666664,80917,18089,62828,0.2235500574662926,41082,7601,70429,10488,0.003944873809814453,0.0010914802551269531,0.0028533935546875
Adaptive_Threshold_Torch,Global_Threshold_CV2,0.6973148148148148,0.9048531210993982,0.6989985393376421,0.7887150982419855,0.6511392134891415,0.788715098241943,0.6511392134890835,0.6973148148148148,104747,80917,23830,0.7724994510582642,17154,7699,31529,73218,0.00106048583984375,0.00018930435180664062,0.0008711814880371094
Adaptive_Threshold_Torch,Adaptive_Threshold_CV2,0.9435956790123456,0.9610569051832644,0.9694979331150295,0.9652589656581786,0.9328507651889548,0.9652589656581327,0.9328507651888691,0.9435956790123456,104747,105667,920,0.9912934028599278,20738,4115,3195,101552,0.00106048583984375,0.00034689903259277344,0.0007135868072509766
Adaptive_Threshold_Torch,Otsu_Thresholding_CV2,0.6445833333333333,0.9675425038639877,0.5797015666319799,0.7250128353611214,0.5686432424333233,0.7250128353610781,0.5686432424332701,0.6445833333333333,104747,62759,41988,0.599148424298548,22816,2037,44025,60722,0.00106048583984375,0.0001685619354248047,0.0008919239044189453
Adaptive_Threshold_Torch,Niblack_Thresholding_CV2,0.7887268518518519,0.9708939962019769,0.7614251482142687,0.8534952780973274,0.7444324142694468,0.8534952780972817,0.7444324142693775,0.7887268518518519,104747,82148,22599,0.7842515776108147,22462,2391,24990,79757,0.00106048583984375,0.0005946159362792969,0.0004658699035644531
Adaptive_Threshold_Torch,Sauvola_Thresholding_CV2,0.8716126543209877,0.8640645918384212,0.998186105568656,0.9262955531044992,0.862709990428727,0.9262955531044581,0.8627099904286558,0.8716126543209877,104747,121006,16259,0.8656347619126324,8404,16449,190,104557,0.00106048583984375,0.0005924701690673828,0.0004680156707763672
Adaptive_Threshold_Torch,Sobel_CV2,0.2019675925925926,0.5384481154025128,0.08837484605764366,0.1518300133673394,0.08215154150618555,0.15183001336732696,0.08215154150617826,0.2019675925925926,104747,17192,87555,0.16412880559825102,16918,7935,95490,9257,0.00106048583984375,0.0010156631469726562,4.482269287109375e-05
Adaptive_Threshold_Torch,Canny_CV2,0.2063425925925926,0.577819889593804,0.06695179814219022,0.11999931556072688,0.06382939993264829,0.11999931556071661,0.06382939993264249,0.2063425925925926,104747,12137,92610,0.11586966691170153,19729,5124,97734,7013,0.00106048583984375,0.0003559589385986328,0.0007045269012451172
Adaptive_Threshold_Torch,Global_Threshold_Sklearn,0.679699074074074,0.8836484092508554,0.6952466419085989,0.7782069982528411,0.636938497061293,0.7782069982527995,0.6369384970612373,0.679699074074074,104747,82414,22333,0.7867910298146964,15264,9589,31922,72825,0.00106048583984375,0.010231971740722656,0.009171485900878906
Adaptive_Threshold_Torch,Adaptive_Threshold_Sklearn,0.8524691358024692,0.8560166975726985,0.9827680029022311,0.9150237329114149,0.8433582933263424,0.9150237329113742,0.8433582933262733,0.8524691358024692,104747,120257,15510,0.8710262188479673,7538,17315,1805,102942,0.00106048583984375,0.01044917106628418,0.00938868522644043
Adaptive_Threshold_Torch,Otsu_Thresholding_Sklearn,0.6269058641975309,0.945886966697239,0.5710521542383076,0.7121588237044975,0.5529865303367878,0.7121588237044549,0.5529865303367367,0.6269058641975309,104747,63238,41509,0.6037213476280944,21431,3422,44931,59816,0.00106048583984375,0.010417699813842773,0.009357213973999023
Adaptive_Threshold_Torch,Niblack_Thresholding_Sklearn,0.5216820987654321,0.9507094217106234,0.4305135230603263,0.5926534367196741,0.421114068263529,0.5926534367196351,0.4211140682634897,0.5216820987654321,104747,47433,57314,0.4528339713786552,22515,2338,59652,45095,0.00106048583984375,0.01264810562133789,0.01158761978149414
Adaptive_Threshold_Torch,Sauvola_Thresholding_Sklearn,0.8240277777777778,0.8228285964179622,0.9969354730923081,0.901553151628694,0.8207526408450704,0.901553151628655,0.820752640845006,0.8240277777777778,104747,126911,22164,0.8253579279967852,2368,22485,321,104426,0.00106048583984375,0.012035131454467773,0.010974645614624023
Adaptive_Threshold_Torch,Sobel_Sklearn,0.2023148148148148,0.5392027530828792,0.08974958710034656,0.1538851876708517,0.08335623908282423,0.15388518767083909,0.08335623908281685,0.2023148148148148,104747,17435,87312,0.16644868110781216,16819,8034,95346,9401,0.00106048583984375,0.002002716064453125,0.000942230224609375
Adaptive_Threshold_Torch,Canny_Sklearn,0.20099537037037038,0.5836597649692221,0.03982930298719772,0.07456990928995934,0.03872896224575996,0.07456990928995268,0.038728962245756365,0.20099537037037038,104747,7148,97599,0.0682406178697242,21877,2976,100575,4172,0.00106048583984375,0.005337715148925781,0.004277229309082031
Adaptive_Threshold_Torch,Global_Threshold_Torch,0.6973148148148148,0.9048531210993982,0.6989985393376421,0.7887150982419855,0.6511392134891415,0.788715098241943,0.6511392134890835,0.6973148148148148,104747,80917,23830,0.7724994510582642,17154,7699,31529,73218,0.00106048583984375,0.003944873809814453,0.002884387969970703
Adaptive_Threshold_Torch,Adaptive_Threshold_Torch,1.0,1.0,1.0,1.0,1.0,0.9999999999999523,0.9999999999999045,1.0,104747,104747,0,1.0,24853,0,0,104747,0.00106048583984375,0.00106048583984375,0.0
Adaptive_Threshold_Torch,Otsu_Thresholding_Torch,0.6446759259259259,0.9673104787987835,0.5799688773902832,0.7251566696508505,0.5688202247191011,0.7251566696508072,0.5688202247190479,0.6446759259259259,104747,62803,41944,0.599568484061596,22800,2053,43997,60750,0.00106048583984375,0.0012373924255371094,0.00017690658569335938
Adaptive_Threshold_Torch,Niblack_Thresholding_Torch,0.7925848765432099,0.971184102241371,0.7661030864845771,0.8565390260173449,0.7490758718542304,0.8565390260172991,0.7490758718541606,0.7925848765432099,104747,82628,22119,0.7888340477531576,22472,2381,24500,80247,0.00106048583984375,0.046595096588134766,0.045534610748291016
Adaptive_Threshold_Torch,Sauvola_Thresholding_Torch,0.8716975308641975,0.8641250898752902,0.9982147460070455,0.9263426475539097,0.862791695547414,0.9263426475538686,0.8627916955473428,0.8716975308641975,104747,121001,16254,0.8656705316484987,8412,16441,187,104560,0.00106048583984375,0.04653668403625488,0.04547619819641113
Adaptive_Threshold_Torch,Sobel_Torch,0.21040895061728396,0.5843929020539332,0.07985908904312296,0.14051620597844802,0.07556731950567319,0.14051620597843623,0.07556731950566636,0.21040895061728396,104747,14314,90433,0.13665307836978624,18904,5949,96382,8365,0.00106048583984375,0.0012011528015136719,0.00014066696166992188
Adaptive_Threshold_Torch,Canny_Torch,0.2123456790123457,0.5737188346508928,0.09907682320257383,0.16897326516656355,0.09228334133632111,0.16897326516654979,0.09228334133631291,0.2123456790123457,104747,18089,86658,0.17269229667675445,17142,7711,94369,10378,0.00106048583984375,0.0010914802551269531,3.0994415283203125e-05
Otsu_Thresholding_Torch,Global_Threshold_CV2,0.8602314814814814,0.7761409839712298,1.0,0.8739632618981352,0.7761409839712298,0.8739632618980744,0.7761409839711338,0.8602314814814814,62803,80917,18114,0.7761409839712298,48683,18114,0,62803,0.0012373924255371094,0.00018930435180664062,0.0010480880737304688
Otsu_Thresholding_Torch,Adaptive_Threshold_CV2,0.6352314814814815,0.5734808407544456,0.9648902122510071,0.7193921766486615,0.5617583803025809,0.7193921766486188,0.5617583803025288,0.6352314814814815,62803,105667,42864,0.594348282812988,21728,45069,2205,60598,0.0012373924255371094,0.00034689903259277344,0.0008904933929443359
Otsu_Thresholding_Torch,Otsu_Thresholding_CV2,0.9996604938271605,1.0,0.9992993965256437,0.9996495755085137,0.9992993965256437,0.9996495755084341,0.9992993965254846,0.9996604938271605,62803,62759,44,0.9992993965256437,66797,0,44,62759,0.0012373924255371094,0.0001685619354248047,0.0010688304901123047
Otsu_Thresholding_Torch,Niblack_Thresholding_CV2,0.5680787037037037,0.541546964016166,0.7083578809929462,0.6138212223441025,0.44281533683707597,0.6138212223440601,0.4428153368370319,0.5680787037037037,62803,82148,19345,0.7645103958708672,29136,37661,18316,44487,0.0012373924255371094,0.0005946159362792969,0.0006427764892578125
Otsu_Thresholding_Torch,Sauvola_Thresholding_CV2,0.550516975308642,0.5188007206254235,0.9996019298441158,0.6830786305349574,0.5186935578488155,0.6830786305349202,0.5186935578487728,0.550516975308642,62803,121006,58203,0.5190073219509777,8569,58228,25,62778,0.0012373924255371094,0.0005924701690673828,0.0006449222564697266
Otsu_Thresholding_Torch,Sobel_CV2,0.46131944444444445,0.2961261051651931,0.08106300654427337,0.12728295518469904,0.06796699775712912,0.12728295518468313,0.06796699775712005,0.46131944444444445,62803,17192,45611,0.2737448847984969,54696,12101,57712,5091,0.0012373924255371094,0.0010156631469726562,0.00022172927856445312
Otsu_Thresholding_Torch,Canny_CV2,0.4642901234567901,0.22707423580786026,0.04388325398468226,0.07355217507339205,0.03818020613986479,0.07355217507338223,0.0381802061398595,0.4642901234567901,62803,12137,50666,0.19325509927869688,57416,9381,60047,2756,0.0012373924255371094,0.0003559589385986328,0.0008814334869384766
Otsu_Thresholding_Torch,Global_Threshold_Sklearn,0.8475231481481481,0.7611328172397893,0.9988057895323472,0.8639208908047956,0.7604407860441998,0.863920890804736,0.7604407860441077,0.8475231481481481,62803,82414,19611,0.7620428567961754,47111,19686,75,62728,0.0012373924255371094,0.010231971740722656,0.008994579315185547
Otsu_Thresholding_Torch,Adaptive_Threshold_Sklearn,0.5498302469135803,0.5185477768445912,0.9929302740314954,0.6812957500273135,0.5166402929553193,0.6812957500272762,0.5166402929552766,0.5498302469135803,62803,120257,57454,0.5222398696125797,8899,57898,444,62359,0.0012373924255371094,0.01044917106628418,0.00921177864074707
Otsu_Thresholding_Torch,Otsu_Thresholding_Sklearn,0.9794984567901235,0.9755526740251115,0.9823097622725029,0.9789195579216287,0.9587095370557429,0.978919557921551,0.9587095370555939,0.9794984567901235,62803,63238,435,0.9931212245801575,65251,1546,1111,61692,0.0012373924255371094,0.010417699813842773,0.009180307388305664
Otsu_Thresholding_Torch,Niblack_Thresholding_Sklearn,0.6124537037037037,0.6325764762928763,0.4777638010923045,0.5443775173264632,0.3739826251698221,0.5443775173264138,0.37398262516977554,0.6124537037037037,62803,47433,15370,0.7552664681623489,49369,17428,32798,30005,0.0012373924255371094,0.01264810562133789,0.011410713195800781
Otsu_Thresholding_Torch,Sauvola_Thresholding_Sklearn,0.5053395061728395,0.49485860169725243,1.0,0.6620808163867716,0.49485860169725243,0.6620808163867368,0.4948586016972134,0.5053395061728395,62803,126911,64108,0.49485860169725243,2689,64108,0,62803,0.0012373924255371094,0.012035131454467773,0.010797739028930664
Otsu_Thresholding_Torch,Sobel_Sklearn,0.46032407407407405,0.29526813880126185,0.0819706064996895,0.1283182531967397,0.06855773072313225,0.12831825319672371,0.06855773072312311,0.46032407407407405,62803,17435,45368,0.277614126713692,54510,12287,57655,5148,0.0012373924255371094,0.002002716064453125,0.0007653236389160156
Otsu_Thresholding_Torch,Canny_Sklearn,0.4919212962962963,0.2870733072188025,0.03267359839498113,0.05866964017669511,0.030221358193787833,0.05866964017668673,0.030221358193783382,0.4919212962962963,62803,7148,55655,0.11381621897043134,61701,5096,60751,2052,0.0012373924255371094,0.005337715148925781,0.004100322723388672
Otsu_Thresholding_Torch,Global_Threshold_Torch,0.8602314814814814,0.7761409839712298,1.0,0.8739632618981352,0.7761409839712298,0.8739632618980744,0.7761409839711338,0.8602314814814814,62803,80917,18114,0.7761409839712298,48683,18114,0,62803,0.0012373924255371094,0.003944873809814453,0.0027074813842773438
Otsu_Thresholding_Torch,Adaptive_Threshold_Torch,0.6446759259259259,0.5799688773902832,0.9673104787987835,0.7251566696508505,0.5688202247191011,0.7251566696508072,0.5688202247190479,0.6446759259259259,62803,104747,41944,0.599568484061596,22800,43997,2053,60750,0.0012373924255371094,0.00106048583984375,0.00017690658569335938
Otsu_Thresholding_Torch,Otsu_Thresholding_Torch,1.0,1.0,1.0,1.0,1.0,0.9999999999999204,0.9999999999998408,1.0,62803,62803,0,1.0,66797,0,0,62803,0.0012373924255371094,0.0012373924255371094,0.0
Otsu_Thresholding_Torch,Niblack_Thresholding_Torch,0.5717978395061728,0.5442222975262623,0.7160167507921597,0.6184101051357689,0.44760757691886566,0.6184101051357263,0.44760757691882114,0.5717978395061728,62803,82628,19825,0.7600692259282568,29137,37660,17835,44968,0.0012373924255371094,0.046595096588134766,0.045357704162597656
Otsu_Thresholding_Torch,Sauvola_Thresholding_Torch,0.550570987654321,0.518830422889067,0.9996178526503511,0.6831080934038433,0.5187275356331337,0.683108093403806,0.5187275356330908,0.550570987654321,62803,121001,58198,0.5190287683572863,8575,58222,24,62779,0.0012373924255371094,0.04653668403625488,0.04529929161071777
Otsu_Thresholding_Torch,Sobel_Torch,0.4783256172839506,0.3321223976526478,0.07569702084295336,0.12329317789851783,0.06569655763304451,0.12329317789850186,0.06569655763303543,0.4783256172839506,62803,14314,48489,0.22791904845309938,57237,9560,58049,4754,0.0012373924255371094,0.0012011528015136719,3.62396240234375e-05
Otsu_Thresholding_Torch,Canny_Torch,0.46285493827160495,0.311736414395489,0.08978870436125663,0.13942046185036838,0.0749338896788168,0.13942046185035117,0.07493388967880683,0.46285493827160495,62803,18089,44714,0.2880276419916246,54347,12450,57164,5639,0.0012373924255371094,0.0010914802551269531,0.00014591217041015625
Niblack_Thresholding_Torch,Global_Threshold_CV2,0.6249922839506172,0.7102586601085062,0.695551144890352,0.7028279678375983,0.5418155421266486,0.7028279678375552,0.5418155421265975,0.6249922839506172,82628,80917,1711,0.9792927336980201,23527,23445,25156,57472,0.046595096588134766,0.00018930435180664062,0.046405792236328125
Niblack_Thresholding_Torch,Adaptive_Threshold_CV2,0.7709799382716049,0.7505370645518469,0.9598078133320425,0.8423696858652646,0.7276672661210408,0.8423696858652199,0.7276672661209741,0.7709799382716049,82628,105667,23039,0.7819659874889985,20612,26360,3321,79307,0.046595096588134766,0.00034689903259277344,0.04624819755554199
Niblack_Thresholding_Torch,Otsu_Thresholding_CV2,0.5717206790123457,0.7160885291352634,0.5438955317809944,0.618225838623811,0.44741453119088864,0.6182258386237683,0.4474145311908441,0.5717206790123457,82628,62759,19869,0.7595367187878201,29154,17818,37687,44941,0.046595096588134766,0.0001685619354248047,0.04642653465270996
Niblack_Thresholding_Torch,Niblack_Thresholding_CV2,0.975216049382716,0.9833714758728149,0.9776589049716803,0.9805068699325145,0.9617591732742815,0.9805068699324548,0.961759173274167,0.975216049382716,82628,82148,480,0.9941908311952364,45606,1366,1846,80782,0.046595096588134766,0.0005946159362792969,0.04600048065185547
Niblack_Thresholding_Torch,Sauvola_Thresholding_CV2,0.7038425925925926,0.6828256450093384,0.9999757951299801,0.8115147765107988,0.6828143593811979,0.8115147765107589,0.6828143593811415,0.7038425925925926,82628,121006,38378,0.6828421731153828,8592,38380,2,82626,0.046595096588134766,0.0005924701690673828,0.04600262641906738
Niblack_Thresholding_Torch,Sobel_CV2,0.3824845679012346,0.5755583992554677,0.11975359442319795,0.19825686235223403,0.11003614122880177,0.19825686235221415,0.11003614122878955,0.3824845679012346,82628,17192,65436,0.20806506269061334,39675,7297,72733,9895,0.046595096588134766,0.0010156631469726562,0.04557943344116211
Niblack_Thresholding_Torch,Canny_CV2,0.3794367283950617,0.5907555409079673,0.08677445902115506,0.15132169049754657,0.0818539870997203,0.1513216904975306,0.08185398709971096,0.3794367283950617,82628,12137,70491,0.14688725371544756,42005,4967,75458,7170,0.046595096588134766,0.0003559589385986328,0.04623913764953613
Niblack_Thresholding_Torch,Global_Threshold_Sklearn,0.6065432098765432,0.691933409372194,0.6901413564409159,0.6910362210831182,0.5279261597711471,0.6910362210830763,0.5279261597710982,0.6065432098765432,82628,82414,214,0.9974100789078763,21583,25389,25603,57025,0.046595096588134766,0.010231971740722656,0.03636312484741211
Niblack_Thresholding_Torch,Adaptive_Threshold_Sklearn,0.6840972222222222,0.6733246297512827,0.9799583676235658,0.7982058801784262,0.6641785535586853,0.7982058801783868,0.6641785535586309,0.6840972222222222,82628,120257,37629,0.6870951379129697,7687,39285,1656,80972,0.046595096588134766,0.01044917106628418,0.036145925521850586
Niblack_Thresholding_Torch,Otsu_Thresholding_Sklearn,0.5551388888888888,0.6974603877415478,0.5337899985477078,0.6047468224260623,0.4334316037735849,0.6047468224260207,0.43343160377354234,0.5551388888888888,82628,63238,19390,0.7653337851575737,27840,19132,38522,44106,0.046595096588134766,0.010417699813842773,0.03617739677429199
Niblack_Thresholding_Torch,Niblack_Thresholding_Sklearn,0.6759490740740741,0.9282988636603209,0.5328944183569734,0.6770976695550549,0.5118274070371619,0.677097669555003,0.5118274070371024,0.6759490740740741,82628,47433,35195,0.5740547998257249,43571,3401,38596,44032,0.046595096588134766,0.01264810562133789,0.033946990966796875
Niblack_Thresholding_Torch,Sauvola_Thresholding_Sklearn,0.6548379629629629,0.6492975392203986,0.9972769521227671,0.7865170684216304,0.6481484394663982,0.7865170684215927,0.6481484394663473,0.6548379629629629,82628,126911,44283,0.6510704351868633,2464,44508,225,82403,0.046595096588134766,0.012035131454467773,0.03455996513366699
Niblack_Thresholding_Torch,Sobel_Sklearn,0.38286265432098765,0.5759105248064239,0.12152054993464685,0.20069356305527516,0.11153940147963831,0.20069356305525513,0.11153940147962592,0.38286265432098765,82628,17435,65193,0.2110059543980249,39578,7394,72587,10041,0.046595096588134766,0.002002716064453125,0.04459238052368164
Niblack_Thresholding_Torch,Canny_Sklearn,0.3770216049382716,0.6322048125349748,0.05469090380984654,0.10067278559971485,0.053004445382783816,0.10067278559970363,0.053004445382777605,0.3770216049382716,82628,7148,75480,0.08650820545093672,44343,2629,78109,4519,0.046595096588134766,0.005337715148925781,0.041257381439208984
Niblack_Thresholding_Torch,Global_Threshold_Torch,0.6249922839506172,0.7102586601085062,0.695551144890352,0.7028279678375983,0.5418155421266486,0.7028279678375552,0.5418155421265975,0.6249922839506172,82628,80917,1711,0.9792927336980201,23527,23445,25156,57472,0.046595096588134766,0.003944873809814453,0.04265022277832031
Niblack_Thresholding_Torch,Adaptive_Threshold_Torch,0.7925848765432099,0.7661030864845771,0.971184102241371,0.8565390260173449,0.7490758718542304,0.8565390260172991,0.7490758718541606,0.7925848765432099,82628,104747,22119,0.7888340477531576,22472,24500,2381,80247,0.046595096588134766,0.00106048583984375,0.045534610748291016
Niblack_Thresholding_Torch,Otsu_Thresholding_Torch,0.5717978395061728,0.7160167507921597,0.5442222975262623,0.6184101051357689,0.44760757691886566,0.6184101051357263,0.44760757691882114,0.5717978395061728,82628,62803,19825,0.7600692259282568,29137,17835,37660,44968,0.046595096588134766,0.0012373924255371094,0.045357704162597656
Niblack_Thresholding_Torch,Niblack_Thresholding_Torch,1.0,1.0,1.0,1.0,1.0,0.9999999999999394,0.999999999999879,1.0,82628,82628,0,1.0,46972,0,0,82628,0.046595096588134766,0.046595096588134766,0.0
Niblack_Thresholding_Torch,Sauvola_Thresholding_Torch,0.7039120370370371,0.6828703895009132,1.0,0.8115543463848469,0.6828703895009132,0.8115543463848071,0.6828703895008568,0.7039120370370371,82628,121001,38373,0.6828703895009132,8599,38373,0,82628,0.046595096588134766,0.04653668403625488,5.841255187988281e-05
Niblack_Thresholding_Torch,Sobel_Torch,0.38058641975308644,0.5821573284895906,0.10084959093769666,0.1719172288584927,0.09404236589962645,0.171917228858475,0.09404236589961584,0.38058641975308644,82628,14314,68314,0.1732342547320521,40991,5981,74295,8333,0.046595096588134766,0.0012011528015136719,0.045393943786621094
Niblack_Thresholding_Torch,Canny_Torch,0.3840972222222222,0.5775885897506772,0.12644624098368593,0.20747242272903282,0.11574294608337303,0.20747242272901223,0.11574294608336021,0.3840972222222222,82628,18089,64539,0.2189209468945152,39331,7641,72180,10448,0.046595096588134766,0.0010914802551269531,0.04550361633300781
Sauvola_Thresholding_Torch,Global_Threshold_CV2,0.6732407407407407,0.9860103562910143,0.6593747159114387,0.7902712982497846,0.6532632458058019,0.7902712982497454,0.6532632458057483,0.6732407407407407,121001,80917,40084,0.6687300104957811,7467,1132,41216,79785,0.04653668403625488,0.00018930435180664062,0.04634737968444824
Sauvola_Thresholding_Torch,Adaptive_Threshold_CV2,0.8732407407407408,0.9948233601786746,0.8687531508004066,0.9275239557414369,0.8648435186099319,0.9275239557413959,0.8648435186098608,0.8732407407407408,121001,105667,15334,0.8732737745969041,8052,547,15881,105120,0.04653668403625488,0.00034689903259277344,0.04618978500366211
Sauvola_Thresholding_Torch,Otsu_Thresholding_CV2,0.5502314814814815,0.9996175847288835,0.518466789530665,0.6827927731824118,0.5183639743854576,0.6827927731823746,0.5183639743854147,0.5502314814814815,121001,62759,58242,0.5186651349988843,8575,24,58266,62735,0.04653668403625488,0.0001685619354248047,0.04636812210083008
Sauvola_Thresholding_Torch,Niblack_Thresholding_CV2,0.7002083333333333,1.0,0.6789034801365278,0.8087462896691591,0.6789034801365278,0.8087462896691192,0.6789034801364717,0.7002083333333333,121001,82148,38853,0.6789034801365278,8599,0,38853,82148,0.04653668403625488,0.0005946159362792969,0.045942068099975586
Sauvola_Thresholding_Torch,Sauvola_Thresholding_CV2,0.9990663580246913,0.9994793646596036,0.99952066511847,0.9995000144623916,0.9990005286460054,0.9995000144623503,0.9990005286459229,0.9990663580246913,121001,121006,5,0.9999586797348892,8536,63,58,120943,0.04653668403625488,0.0005924701690673828,0.0459442138671875
Sauvola_Thresholding_Torch,Sobel_CV2,0.13138117283950618,0.745114006514658,0.10586689366203585,0.18539289254882665,0.10216696043323258,0.18539289254881322,0.10216696043322443,0.13138117283950618,121001,17192,103809,0.14208147040107105,4217,4382,108191,12810,0.04653668403625488,0.0010156631469726562,0.04552102088928223
Sauvola_Thresholding_Torch,Canny_CV2,0.1322222222222222,0.8516931696465354,0.08542904604094181,0.1552824888461596,0.08417683895082288,0.15528248884614795,0.08417683895081603,0.1322222222222222,121001,12137,108864,0.10030495615738713,6799,1800,110664,10337,0.04653668403625488,0.0003559589385986328,0.04618072509765625
Sauvola_Thresholding_Torch,Global_Threshold_Sklearn,0.6703626543209876,0.9749193098260004,0.6640193056255733,0.7899810731755279,0.6528667078363182,0.7899810731754889,0.6528667078362651,0.6703626543209876,121001,82414,38587,0.6811018090759581,6532,2067,40654,80347,0.04653668403625488,0.010231971740722656,0.03630471229553223
Sauvola_Thresholding_Torch,Adaptive_Threshold_Sklearn,0.9449845679012345,0.9734485310626408,0.9674630788175305,0.9704465758648418,0.9425898191539044,0.9704465758648015,0.9425898191538284,0.9449845679012345,121001,120257,744,0.9938512904852026,5406,3193,3937,117064,0.04653668403625488,0.01044917106628418,0.0360875129699707
Sauvola_Thresholding_Torch,Otsu_Thresholding_Sklearn,0.5411651234567901,0.9865429014200323,0.5155907802414856,0.6772398894913672,0.5119899550274103,0.6772398894913304,0.5119899550273683,0.5411651234567901,121001,63238,57763,0.5226237799687606,7748,851,58614,62387,0.04653668403625488,0.010417699813842773,0.03611898422241211
Sauvola_Thresholding_Torch,Niblack_Thresholding_Sklearn,0.42334876543209876,0.9877089789808783,0.3871868827530351,0.5563009843618272,0.385330306619292,0.5563009843617941,0.3853303066192603,0.42334876543209876,121001,47433,73568,0.39200502475186155,8016,583,74151,46850,0.04653668403625488,0.01264810562133789,0.03388857841491699
Sauvola_Thresholding_Torch,Sauvola_Thresholding_Sklearn,0.9502777777777778,0.9513280960673227,0.9977934066660606,0.9740069056762077,0.9493308591108525,0.9740069056761683,0.9493308591107779,0.9502777777777778,121001,126911,5910,0.9534319326141942,2422,6177,267,120734,0.04653668403625488,0.012035131454467773,0.03450155258178711
Sauvola_Thresholding_Torch,Sobel_Sklearn,0.1326388888888889,0.7463722397476341,0.10754456574739052,0.18800023115374614,0.10375290018577135,0.18800023115373254,0.10375290018576308,0.1326388888888889,121001,17435,103566,0.14408971826679118,4177,4422,107988,13013,0.04653668403625488,0.002002716064453125,0.04453396797180176
Sauvola_Thresholding_Torch,Canny_Sklearn,0.10456018518518519,0.8463905987688864,0.049999586780274545,0.09442133766162826,0.04954995536408979,0.09442133766162089,0.04954995536408574,0.10456018518518519,121001,7148,113853,0.05907389195130619,7501,1098,114951,6050,0.04653668403625488,0.005337715148925781,0.0411989688873291
Sauvola_Thresholding_Torch,Global_Threshold_Torch,0.6732407407407407,0.9860103562910143,0.6593747159114387,0.7902712982497846,0.6532632458058019,0.7902712982497454,0.6532632458057483,0.6732407407407407,121001,80917,40084,0.6687300104957811,7467,1132,41216,79785,0.04653668403625488,0.003944873809814453,0.04259181022644043
Sauvola_Thresholding_Torch,Adaptive_Threshold_Torch,0.8716975308641975,0.9982147460070455,0.8641250898752902,0.9263426475539097,0.862791695547414,0.9263426475538686,0.8627916955473428,0.8716975308641975,121001,104747,16254,0.8656705316484987,8412,187,16441,104560,0.04653668403625488,0.00106048583984375,0.04547619819641113
Sauvola_Thresholding_Torch,Otsu_Thresholding_Torch,0.550570987654321,0.9996178526503511,0.518830422889067,0.6831080934038433,0.5187275356331337,0.683108093403806,0.5187275356330908,0.550570987654321,121001,62803,58198,0.5190287683572863,8575,24,58222,62779,0.04653668403625488,0.0012373924255371094,0.04529929161071777
Sauvola_Thresholding_Torch,Niblack_Thresholding_Torch,0.7039120370370371,1.0,0.6828703895009132,0.8115543463848469,0.6828703895009132,0.8115543463848071,0.6828703895008568,0.7039120370370371,121001,82628,38373,0.6828703895009132,8599,0,38373,82628,0.04653668403625488,0.046595096588134766,5.841255187988281e-05
Sauvola_Thresholding_Torch,Sauvola_Thresholding_Torch,1.0,1.0,1.0,1.0,1.0,0.9999999999999586,0.9999999999999174,1.0,121001,121001,0,1.0,8599,0,0,121001,0.04653668403625488,0.04653668403625488,0.0
Sauvola_Thresholding_Torch,Sobel_Torch,0.1238966049382716,0.7605141819197988,0.08996619862645763,0.1608986439049625,0.08748764355576272,0.1608986439049506,0.0874876435557557,0.1238966049382716,121001,14314,106687,0.11829654300377683,5171,3428,110115,10886,0.04653668403625488,0.0012011528015136719,0.04533553123474121
Sauvola_Thresholding_Torch,Canny_Torch,0.139429012345679,0.7617889325004146,0.11388335633589805,0.1981450859155942,0.10996728114276594,0.19814508591557994,0.10996728114275717,0.139429012345679,121001,18089,102912,0.14949463227576631,4290,4309,107221,13780,0.04653668403625488,0.0010914802551269531,0.04544520378112793
Sobel_Torch,Global_Threshold_CV2,0.39597993827160494,0.10473695267990657,0.5920776861813609,0.17798826012537933,0.09768776799299184,0.17798826012536065,0.09768776799298058,0.39597993827160494,14314,80917,66603,0.17689731453217494,42844,72442,5839,8475,0.0012011528015136719,0.00018930435180664062,0.0010118484497070312
Sobel_Torch,Adaptive_Threshold_CV2,0.1983564814814815,0.07612594282036965,0.5619673047366215,0.134087897250398,0.07186185086253875,0.1340878972503868,0.07186185086253233,0.1983564814814815,14314,105667,91353,0.13546329506846982,17663,97623,6270,8044,0.0012011528015136719,0.00034689903259277344,0.0008542537689208984
Sobel_Torch,Otsu_Thresholding_CV2,0.4786188271604938,0.0757022897114358,0.33191281263099065,0.1232857161392446,0.06569232045573961,0.12328571613922862,0.06569232045573054,0.4786188271604938,14314,62759,48445,0.2280788412817285,57278,58008,9563,4751,0.0012011528015136719,0.0001685619354248047,0.0010325908660888672
Sobel_Torch,Niblack_Thresholding_CV2,0.38160493827160497,0.09932073817987047,0.5700013972334778,0.16916505981630073,0.09239776678029059,0.1691650598162832,0.09239776678028012,0.38160493827160497,14314,82148,67834,0.17424648195939038,41297,73989,6155,8159,0.0012011528015136719,0.0005946159362792969,0.000606536865234375
Sobel_Torch,Sauvola_Thresholding_CV2,0.1237962962962963,0.08992942498719071,0.760234735224256,0.16083357966302098,0.08744917147495138,0.1608335796630091,0.08744917147494435,0.1237962962962963,14314,121006,106692,0.11829165495925822,5162,110124,3432,10882,0.0012011528015136719,0.0005924701690673828,0.0006086826324462891
Sobel_Torch,Sobel_CV2,0.9558950617283951,0.7500581665891112,0.9008662847561828,0.8185742398273345,0.6928698081779593,0.8185742398270747,0.6928698081775869,0.9558950617283951,14314,17192,2878,0.8325965565379246,110989,4297,1419,12895,0.0012011528015136719,0.0010156631469726562,0.00018548965454101562
Sobel_Torch,Canny_CV2,0.9057947530864198,0.586718299415012,0.4974849797401146,0.5384295489773544,0.3683911019141231,0.5384295489771508,0.36839110191393254,0.9057947530864198,14314,12137,2177,0.8479111359508174,110270,5016,7193,7121,0.0012011528015136719,0.0003559589385986328,0.0008451938629150391
Sobel_Torch,Global_Threshold_Sklearn,0.39103395061728397,0.10802776227340015,0.6219784826044432,0.18408320238193698,0.10137204668374608,0.18408320238191794,0.10137204668373455,0.39103395061728397,14314,82414,68100,0.17368408280146577,41775,73511,5411,8903,0.0012011528015136719,0.010231971740722656,0.009030818939208984
Sobel_Torch,Adaptive_Threshold_Sklearn,0.12926697530864198,0.09032322442768405,0.7588375017465419,0.16143151198995326,0.08780282760348883,0.16143151198994124,0.08780282760348174,0.12926697530864198,14314,120257,105943,0.11902841414636986,5891,109395,3452,10862,0.0012011528015136719,0.01044917106628418,0.009248018264770508
Sobel_Torch,Otsu_Thresholding_Sklearn,0.4792901234567901,0.07960403554824631,0.3516836663406455,0.12982257066226532,0.06941724813149838,0.1298225706622486,0.06941724813148882,0.4792901234567901,14314,63238,48924,0.2263512445048863,57082,58204,9280,5034,0.0012011528015136719,0.010417699813842773,0.009216547012329102
Sobel_Torch,Niblack_Thresholding_Sklearn,0.6160570987654321,0.12636771867687052,0.4187508732709236,0.19414708406886164,0.10750990978063961,0.19414708406883022,0.10750990978062033,0.6160570987654321,14314,47433,33119,0.3017730272173381,73847,41439,8320,5994,0.0012011528015136719,0.01264810562133789,0.011446952819824219
Sobel_Torch,Sauvola_Thresholding_Sklearn,0.11625771604938272,0.10516030919305655,0.9323738996786363,0.18900336342715524,0.10436428186019597,0.18900336342714186,0.10436428186018781,0.11625771604938272,14314,126911,112597,0.11278770161766907,1721,113565,968,13346,0.0012011528015136719,0.012035131454467773,0.010833978652954102
Sobel_Torch,Sobel_Sklearn,0.9541743827160494,0.740177803269286,0.9015649014950399,0.8129389902044158,0.6848333687115262,0.8129389902041598,0.6848333687111627,0.9541743827160494,14314,17435,3121,0.820992256954402,110756,4530,1409,12905,0.0012011528015136719,0.002002716064453125,0.0008015632629394531
Sobel_Torch,Canny_Sklearn,0.9246604938271605,0.8182708449916061,0.40862093055749615,0.5450563787158699,0.3746237110100557,0.545056378715616,0.3746237110098158,0.9246604938271605,14314,7148,7166,0.49937124493502866,113987,1299,8465,5849,0.0012011528015136719,0.005337715148925781,0.004136562347412109
Sobel_Torch,Global_Threshold_Torch,0.39597993827160494,0.10473695267990657,0.5920776861813609,0.17798826012537933,0.09768776799299184,0.17798826012536065,0.09768776799298058,0.39597993827160494,14314,80917,66603,0.17689731453217494,42844,72442,5839,8475,0.0012011528015136719,0.003944873809814453,0.0027437210083007812
Sobel_Torch,Adaptive_Threshold_Torch,0.21040895061728396,0.07985908904312296,0.5843929020539332,0.14051620597844802,0.07556731950567319,0.14051620597843623,0.07556731950566636,0.21040895061728396,14314,104747,90433,0.13665307836978624,18904,96382,5949,8365,0.0012011528015136719,0.00106048583984375,0.00014066696166992188
Sobel_Torch,Otsu_Thresholding_Torch,0.4783256172839506,0.07569702084295336,0.3321223976526478,0.12329317789851783,0.06569655763304451,0.12329317789850186,0.06569655763303543,0.4783256172839506,14314,62803,48489,0.22791904845309938,57237,58049,9560,4754,0.0012011528015136719,0.0012373924255371094,3.62396240234375e-05
Sobel_Torch,Niblack_Thresholding_Torch,0.38058641975308644,0.10084959093769666,0.5821573284895906,0.1719172288584927,0.09404236589962645,0.171917228858475,0.09404236589961584,0.38058641975308644,14314,82628,68314,0.1732342547320521,40991,74295,5981,8333,0.0012011528015136719,0.046595096588134766,0.045393943786621094
Sobel_Torch,Sauvola_Thresholding_Torch,0.1238966049382716,0.08996619862645763,0.7605141819197988,0.1608986439049625,0.08748764355576272,0.1608986439049506,0.0874876435557557,0.1238966049382716,14314,121001,106687,0.11829654300377683,5171,110115,3428,10886,0.0012011528015136719,0.04653668403625488,0.04533553123474121
Sobel_Torch,Sobel_Torch,1.0,1.0,1.0,1.0,1.0,0.9999999999996506,0.9999999999993013,1.0,14314,14314,0,1.0,115286,0,0,14314,0.0012011528015136719,0.0012011528015136719,0.0
Sobel_Torch,Canny_Torch,0.9708719135802469,0.7913096356901984,1.0,0.88349844150233,0.7913096356901984,0.8834984415020574,0.791309635689761,0.9708719135802469,14314,18089,3775,0.7913096356901984,111511,3775,0,14314,0.0012011528015136719,0.0010914802551269531,0.00010967254638671875
Canny_Torch,Global_Threshold_CV2,0.39791666666666664,0.12961429613060296,0.5797998783791254,0.2118659475183322,0.11848437605910662,0.21186594751831084,0.11848437605909325,0.39791666666666664,18089,80917,62828,0.2235500574662926,41082,70429,7601,10488,0.0010914802551269531,0.00018930435180664062,0.0009021759033203125
Canny_Torch,Adaptive_Threshold_CV2,0.200570987654321,0.09534670237633319,0.5569683232903975,0.16282038850641586,0.08862518802614333,0.1628203885064027,0.08862518802613553,0.200570987654321,18089,105667,87578,0.17118873442039614,15919,95592,8014,10075,0.0010914802551269531,0.00034689903259277344,0.0007445812225341797
Canny_Torch,Otsu_Thresholding_CV2,0.4631327160493827,0.08978791886422664,0.3115152855326441,0.1393973876904809,0.0749205589459269,0.13939738769046367,0.07492055894591694,0.4631327160493827,18089,62759,44670,0.28822957663442694,54387,57124,12454,5635,0.0010914802551269531,0.0001685619354248047,0.0009229183197021484
Canny_Torch,Niblack_Thresholding_CV2,0.3852854938271605,0.12520085698982325,0.5685775885897507,0.2052136436645151,0.11433875844895056,0.20521364366449463,0.11433875844893784,0.3852854938271605,18089,82148,64059,0.22020012660076935,39648,71863,7804,10285,0.0010914802551269531,0.0005946159362792969,0.0004968643188476562
Canny_Torch,Sauvola_Thresholding_CV2,0.139375,0.11387038659240038,0.7617336502847034,0.19812358460045293,0.10995403619649526,0.19812358460043866,0.10995403619648648,0.139375,18089,121006,102917,0.14948845511792805,4284,107227,4310,13779,0.0010914802551269531,0.0005924701690673828,0.0004990100860595703
Canny_Torch,Sobel_CV2,0.9850231481481482,0.969637040483946,0.921554535905799,0.9449845525920467,0.8957068400408361,0.9449845525917789,0.8957068400403547,0.9850231481481482,18089,17192,897,0.9504118525070485,110989,522,1419,16670,0.0010914802551269531,0.0010156631469726562,7.581710815429688e-05
Canny_Torch,Canny_CV2,0.896033950617284,0.6901211172447886,0.46304383879705896,0.5542248395421161,0.38334096109839816,0.5542248395419327,0.3833409610982227,0.896033950617284,18089,12137,5952,0.6709602520869037,107750,3761,9713,8376,0.0010914802551269531,0.0003559589385986328,0.0007355213165283203
Canny_Torch,Global_Threshold_Sklearn,0.39520833333333333,0.1342126337758148,0.6114765879816463,0.2201128324527626,0.12366673374924532,0.22011283245274071,0.1236667337492315,0.39520833333333333,18089,82414,64325,0.21948940713956366,40158,71353,7028,11061,0.0010914802551269531,0.010231971740722656,0.009140491485595703
Canny_Torch,Adaptive_Threshold_Sklearn,0.14439814814814814,0.1141721479830696,0.7590248217148543,0.1984878493053648,0.11017846825447776,0.19848784930535043,0.11017846825446892,0.14439814814814814,18089,120257,102168,0.15041951819852484,4984,106527,4359,13730,0.0010914802551269531,0.01044917106628418,0.009357690811157227
Canny_Torch,Otsu_Thresholding_Sklearn,0.46457561728395064,0.09437363610487365,0.32992426336447567,0.14676552682381006,0.07919425682400244,0.14676552682379201,0.07919425682399193,0.46457561728395064,18089,63238,45149,0.2860463645276574,54241,57270,12121,5968,0.0010914802551269531,0.010417699813842773,0.00932621955871582
Canny_Torch,Niblack_Thresholding_Sklearn,0.6084567901234568,0.1557776231737398,0.40848029189009893,0.22554256585574312,0.12710508661173517,0.2255425658557087,0.1271050866117133,0.6084567901234568,18089,47433,29344,0.3813589694938123,71467,40044,10700,7389,0.0010914802551269531,0.01264810562133789,0.011556625366210938
Canny_Torch,Sauvola_Thresholding_Sklearn,0.1422530864197531,0.13330601760288707,0.9352645254021781,0.23335172413793104,0.13208725660123982,0.2333517241379149,0.13208725660122952,0.1422530864197531,18089,126911,108822,0.14253295616613218,1518,109993,1171,16918,0.0010914802551269531,0.012035131454467773,0.01094365119934082
Canny_Torch,Sobel_Sklearn,0.9829629629629629,0.9554344708918842,0.9208911493172647,0.9378448372930976,0.8829640623343581,0.9378448372928337,0.88296406233389,0.9829629629629629,18089,17435,654,0.9638454309248715,110734,777,1431,16658,0.0010914802551269531,0.002002716064453125,0.0009112358093261719
Canny_Torch,Canny_Sklearn,0.9052237654320988,0.9061275881365417,0.35806291116147937,0.5132939731346832,0.34525586353944565,0.5132939731344798,0.3452558635392616,0.9052237654320988,18089,7148,10941,0.39515727790369837,110840,671,11612,6477,0.0010914802551269531,0.005337715148925781,0.004246234893798828
Canny_Torch,Global_Threshold_Torch,0.39791666666666664,0.12961429613060296,0.5797998783791254,0.2118659475183322,0.11848437605910662,0.21186594751831084,0.11848437605909325,0.39791666666666664,18089,80917,62828,0.2235500574662926,41082,70429,7601,10488,0.0010914802551269531,0.003944873809814453,0.0028533935546875
Canny_Torch,Adaptive_Threshold_Torch,0.2123456790123457,0.09907682320257383,0.5737188346508928,0.16897326516656355,0.09228334133632111,0.16897326516654979,0.09228334133631291,0.2123456790123457,18089,104747,86658,0.17269229667675445,17142,94369,7711,10378,0.0010914802551269531,0.00106048583984375,3.0994415283203125e-05
Canny_Torch,Otsu_Thresholding_Torch,0.46285493827160495,0.08978870436125663,0.311736414395489,0.13942046185036838,0.0749338896788168,0.13942046185035117,0.07493388967880683,0.46285493827160495,18089,62803,44714,0.2880276419916246,54347,57164,12450,5639,0.0010914802551269531,0.0012373924255371094,0.00014591217041015625
Canny_Torch,Niblack_Thresholding_Torch,0.3840972222222222,0.12644624098368593,0.5775885897506772,0.20747242272903282,0.11574294608337303,0.20747242272901223,0.11574294608336021,0.3840972222222222,18089,82628,64539,0.2189209468945152,39331,72180,7641,10448,0.0010914802551269531,0.046595096588134766,0.04550361633300781
Canny_Torch,Sauvola_Thresholding_Torch,0.139429012345679,0.11388335633589805,0.7617889325004146,0.1981450859155942,0.10996728114276594,0.19814508591557994,0.10996728114275717,0.139429012345679,18089,121001,102912,0.14949463227576631,4290,107221,4309,13780,0.0010914802551269531,0.04653668403625488,0.04544520378112793
Canny_Torch,Sobel_Torch,0.9708719135802469,1.0,0.7913096356901984,0.88349844150233,0.7913096356901984,0.8834984415020574,0.791309635689761,0.9708719135802469,18089,14314,3775,0.7913096356901984,111511,0,3775,14314,0.0010914802551269531,0.0012011528015136719,0.00010967254638671875
Canny_Torch,Canny_Torch,1.0,1.0,1.0,1.0,1.0,0.9999999999997237,0.9999999999994471,1.0,18089,18089,0,1.0,111511,0,0,18089,0.0010914802551269531,0.0010914802551269531,0.0
