method1,method2,accuracy,precision,recall,f1_score,jaccard,dice_coefficient,intersection_over_union,pixel_agreement,area1,area2,area_difference,area_ratio,true_negative,false_positive,false_negative,true_positive,time1,time2,time_diff
Global_Threshold_CV2,Global_Threshold_CV2,1.0,1.0,1.0,1.0,1.0,0.9999999999999728,0.9999999999999457,1.0,184263,184263,0,1.0,628281,0,0,184263,0.0005633831024169922,0.0005633831024169922,0.0
Global_Threshold_CV2,Adaptive_Threshold_CV2,0.4457457073093888,0.26297693128555216,0.8011103694176259,0.39597041789947773,0.24685979754871057,0.3959704178994724,0.24685979754870643,0.4457457073093888,184263,561323,377060,0.3282655440806808,214573,413708,36648,147615,0.0005633831024169922,0.0019354820251464844,0.0013720989227294922
Global_Threshold_CV2,Otsu_Thresholding_CV2,0.7457380769533711,0.47142725565544874,1.0,0.6407754835905238,0.47142725565544874,0.6407754835905126,0.47142725565543664,0.7457380769533711,184263,390862,206599,0.47142725565544874,421682,206599,0,184263,0.0005633831024169922,0.0007965564727783203,0.00023317337036132812
Global_Threshold_CV2,Niblack_Thresholding_CV2,0.5489524259609325,0.3064172429544175,0.7827181799927277,0.44041969744162895,0.2823962938741625,0.44041969744162224,0.28239629387415693,0.5489524259609325,184263,470685,286422,0.3914783772586762,301822,326459,40037,144226,0.0005633831024169922,0.0037431716918945312,0.003179788589477539
Global_Threshold_CV2,Sauvola_Thresholding_CV2,0.3449893175015753,0.2524473395142885,0.9628682915181018,0.4000171351205715,0.2500133869563134,0.40001713512056697,0.2500133869563099,0.3449893175015753,184263,702804,518541,0.26218262844263834,102898,525383,6842,177421,0.0005633831024169922,0.003965139389038086,0.0034017562866210938
Global_Threshold_CV2,Sobel_CV2,0.7547985093730308,0.43443728326736486,0.269240162159522,0.332447672879692,0.1993626631518035,0.33244767287968086,0.1993626631517955,0.7547985093730308,184263,114196,70067,0.6197446041798951,563696,64585,134652,49611,0.0005633831024169922,0.006262540817260742,0.00569915771484375
Global_Threshold_CV2,Canny_CV2,0.6811901878544423,0.25110164414564334,0.20472368299658641,0.22555330006905974,0.12711190484213364,0.225553300069053,0.12711190484212936,0.6811901878544423,184263,150230,34033,0.8153020411042912,515774,112507,146540,37723,0.0005633831024169922,0.0012812614440917969,0.0007178783416748047
Global_Threshold_CV2,Global_Threshold_Sklearn,0.9573081580812854,0.8997808307050836,0.9134877864791087,0.9065825014205579,0.8291274857027452,0.9065825014205334,0.8291274857027043,0.9573081580812854,184263,187070,2807,0.984994921687069,609533,18748,15941,168322,0.0005633831024169922,0.055350303649902344,0.05478692054748535
Global_Threshold_CV2,Adaptive_Threshold_Sklearn,0.269932459042218,0.22186583964144105,0.8851912755138036,0.35480320373101537,0.21566003807911996,0.3548032037310115,0.2156600380791171,0.269932459042218,184263,735165,550902,0.2506416926812348,56224,572057,21155,163108,0.0005633831024169922,0.06869983673095703,0.06813645362854004
Global_Threshold_CV2,Otsu_Thresholding_Sklearn,0.7312871672180214,0.457539223699687,0.9964290172199519,0.6271187309047376,0.45679021560110067,0.6271187309047269,0.4567902156010893,0.7312871672180214,184263,401288,217025,0.4591789438009609,410598,217683,658,183605,0.0005633831024169922,0.05801701545715332,0.05745363235473633
Global_Threshold_CV2,Niblack_Thresholding_Sklearn,0.6925901858853182,0.37035659307391855,0.50790446264307,0.4283595752471622,0.27255571217222135,0.4283595752471524,0.2725557121722134,0.6925901858853182,184263,252697,68434,0.7291855463262326,469172,159109,90675,93588,0.0005633831024169922,0.07541656494140625,0.07485318183898926
Global_Threshold_CV2,Sauvola_Thresholding_Sklearn,0.25287245982986767,0.23280092923200593,0.9996038271383837,0.37764979178925917,0.23277945161159866,0.3776497917892553,0.23277945161159572,0.25287245982986767,184263,791191,606928,0.23289319519559754,21280,607001,73,184190,0.0005633831024169922,0.07718229293823242,0.07661890983581543
Global_Threshold_CV2,Sobel_Sklearn,0.7531345994801513,0.4302391166868922,0.27321817185218955,0.33420407133634494,0.2006272590691539,0.33420407133633384,0.2006272590691459,0.7531345994801513,184263,117014,67249,0.6350379620433837,561611,66670,133919,50344,0.0005633831024169922,0.012919425964355469,0.012356042861938477
Global_Threshold_CV2,Canny_Sklearn,0.7541351606805293,0.3767146149566876,0.1286259314132517,0.19177273058281885,0.10605565673425006,0.19177273058281108,0.1060556567342453,0.7541351606805293,184263,62915,121348,0.341441309432713,589067,39214,160562,23701,0.0005633831024169922,0.0336911678314209,0.033127784729003906
Global_Threshold_CV2,Global_Threshold_Torch,1.0,1.0,1.0,1.0,1.0,0.9999999999999728,0.9999999999999457,1.0,184263,184263,0,1.0,628281,0,0,184263,0.0005633831024169922,0.007098674774169922,0.00653529167175293
Global_Threshold_CV2,Adaptive_Threshold_Torch,0.4499276346880907,0.26447894794410504,0.800469980408438,0.3975917579573881,0.2481213884987089,0.3975917579573827,0.24812138849870471,0.4499276346880907,184263,557689,373426,0.3304045803306144,218089,410192,36766,147497,0.0005633831024169922,0.004970550537109375,0.004407167434692383
Global_Threshold_CV2,Otsu_Thresholding_Torch,0.7443990725425331,0.47011863758132416,1.0,0.6395655773125563,0.47011863758132416,0.6395655773125452,0.4701186375813121,0.7443990725425331,184263,391950,207687,0.47011863758132416,420594,207687,0,184263,0.0005633831024169922,0.0047266483306884766,0.004163265228271484
Global_Threshold_CV2,Niblack_Thresholding_Torch,0.5488145872715816,0.3063797164051367,0.7829515420892963,0.4404178610569247,0.282394783871656,0.440417861056918,0.28239478387165046,0.5488145872715816,184263,470883,286620,0.391313765839922,301667,326614,39994,144269,0.0005633831024169922,0.28358960151672363,0.28302621841430664
Global_Threshold_CV2,Sauvola_Thresholding_Torch,0.3449351665879017,0.2524294222599105,0.9628520104415971,0.39999323642635315,0.24999471598042516,0.3999932364263486,0.24999471598042164,0.3449351665879017,184263,702842,518579,0.2621684532227727,102857,525424,6845,177418,0.0005633831024169922,0.2868204116821289,0.2862570285797119
Global_Threshold_CV2,Sobel_Torch,0.7569288555450535,0.4391937187198678,0.25955292163917876,0.3262813909223013,0.19494399426083836,0.32628139092229014,0.19494399426083042,0.7569288555450535,184263,108895,75368,0.5909759419959515,567212,61069,136437,47826,0.0005633831024169922,0.0054779052734375,0.004914522171020508
Global_Threshold_CV2,Canny_Torch,0.7375575968809074,0.396653901285809,0.30185115839859333,0.3428191046763189,0.2068688491664993,0.3428191046763083,0.2068688491664916,0.7375575968809074,184263,140223,44040,0.7609937969098517,543678,84603,128643,55620,0.0005633831024169922,0.006171464920043945,0.005608081817626953
Adaptive_Threshold_CV2,Global_Threshold_CV2,0.4457457073093888,0.8011103694176259,0.26297693128555216,0.39597041789947773,0.24685979754871057,0.3959704178994724,0.24685979754870643,0.4457457073093888,561323,184263,377060,0.3282655440806808,214573,36648,413708,147615,0.0019354820251464844,0.0005633831024169922,0.0013720989227294922
Adaptive_Threshold_CV2,Adaptive_Threshold_CV2,1.0,1.0,1.0,1.0,1.0,0.9999999999999911,0.9999999999999821,1.0,561323,561323,0,1.0,251221,0,0,561323,0.0019354820251464844,0.0019354820251464844,0.0
Adaptive_Threshold_CV2,Otsu_Thresholding_CV2,0.5573470482829238,0.7579529347954009,0.5277799056871,0.6222635307214459,0.4516564267528547,0.6222635307214394,0.45165642675284784,0.5573470482829238,561323,390862,170461,0.6963227945407546,156614,94607,265068,296255,0.0019354820251464844,0.0007965564727783203,0.001138925552368164
Adaptive_Threshold_CV2,Niblack_Thresholding_CV2,0.7949083372715816,0.9192581025526626,0.7708235721678962,0.8385225695924837,0.7219447813964663,0.8385225695924756,0.7219447813964543,0.7949083372715816,561323,470685,90638,0.8385279063925761,213217,38004,128642,432681,0.0019354820251464844,0.0037431716918945312,0.0018076896667480469
Adaptive_Threshold_CV2,Sauvola_Thresholding_CV2,0.8037287826874606,0.7858862499359708,0.9839682321942981,0.873842580690073,0.7759506492667213,0.8738425806900662,0.7759506492667103,0.8037287826874606,561323,702804,141481,0.7986906733598557,100741,150480,8999,552324,0.0019354820251464844,0.003965139389038086,0.0020296573638916016
Adaptive_Threshold_CV2,Sobel_CV2,0.318223997715816,0.5321815124873025,0.10826743247648858,0.17992980212251616,0.09885871563214726,0.1799298021225135,0.09885871563214566,0.318223997715816,561323,114196,447127,0.20344079968217943,197798,53423,500550,60773,0.0019354820251464844,0.006262540817260742,0.004327058792114258
Adaptive_Threshold_CV2,Canny_CV2,0.3439776799779458,0.5941090328163483,0.15900470851898105,0.2508681714503347,0.143424393379399,0.25086817145033113,0.1434243933793967,0.3439776799779458,561323,150230,411093,0.2676355681131897,190244,60977,472070,89253,0.0019354820251464844,0.0012812614440917969,0.0006542205810546875
Adaptive_Threshold_CV2,Global_Threshold_Sklearn,0.40984980505671076,0.718634735660448,0.23949668907206725,0.3592631144331922,0.21896448942761557,0.35926311443318737,0.21896448942761199,0.40984980505671076,561323,187070,374253,0.33326622996029026,198586,52635,426888,134435,0.0019354820251464844,0.055350303649902344,0.05341482162475586
Adaptive_Threshold_CV2,Adaptive_Threshold_Sklearn,0.7199191674543163,0.7269864588221692,0.9521345107896879,0.8244657875738148,0.7013541408311713,0.8244657875738084,0.7013541408311621,0.7199191674543163,561323,735165,173842,0.763533356457394,50511,200710,26868,534455,0.0019354820251464844,0.06869983673095703,0.06676435470581055
Adaptive_Threshold_CV2,Otsu_Thresholding_Sklearn,0.5309977059703844,0.7245743705269033,0.5179958775963216,0.6041131879855933,0.43278092663816814,0.6041131879855871,0.4327809266381617,0.5309977059703844,561323,401288,160035,0.7148967706650182,140696,110525,270560,290763,0.0019354820251464844,0.05801701545715332,0.056081533432006836
Adaptive_Threshold_CV2,Niblack_Thresholding_Sklearn,0.5119205852236925,0.82595756973767,0.37183047906463834,0.5128055821724282,0.3448140848467627,0.5128055821724219,0.344814084846757,0.5119205852236925,561323,252697,308626,0.4501810900319424,207241,43980,352606,208717,0.0019354820251464844,0.07541656494140625,0.07348108291625977
Adaptive_Threshold_CV2,Sauvola_Thresholding_Sklearn,0.7029280875866415,0.7021882200378923,0.9897420914518023,0.8215293889749016,0.6971148718424893,0.8215293889748955,0.6971148718424806,0.7029280875866415,561323,791191,229868,0.7094658559058432,15595,235626,5758,555565,0.0019354820251464844,0.07718229293823242,0.07524681091308594
Adaptive_Threshold_CV2,Sobel_Sklearn,0.3185612102236925,0.5325772984429213,0.11102163994705366,0.18374053014946848,0.10116425169394401,0.18374053014946576,0.10116425169394236,0.3185612102236925,561323,117014,444309,0.20846108212205808,196526,54695,499004,62319,0.0019354820251464844,0.012919425964355469,0.010983943939208984
Adaptive_Threshold_CV2,Canny_Sklearn,0.31680499763705106,0.5492489867281253,0.0615617033330186,0.11071418273158636,0.05860107651242534,0.11071418273158458,0.05860107651242435,0.31680499763705106,561323,62915,498408,0.11208341721254964,222862,28359,526767,34556,0.0019354820251464844,0.0336911678314209,0.031755685806274414
Adaptive_Threshold_CV2,Global_Threshold_Torch,0.4457457073093888,0.8011103694176259,0.26297693128555216,0.39597041789947773,0.24685979754871057,0.3959704178994724,0.24685979754870643,0.4457457073093888,561323,184263,377060,0.3282655440806808,214573,36648,413708,147615,0.0019354820251464844,0.007098674774169922,0.0051631927490234375
Adaptive_Threshold_CV2,Adaptive_Threshold_Torch,0.9169349598298677,0.9427458673203165,0.9366425391441291,0.9396842929298346,0.8862306638145951,0.9396842929298261,0.8862306638145802,0.9169349598298677,561323,557689,3634,0.9935260090892409,219291,31930,35564,525759,0.0019354820251464844,0.004970550537109375,0.0030350685119628906
Adaptive_Threshold_CV2,Otsu_Thresholding_Torch,0.5573544324984246,0.7572445464982779,0.528754389184124,0.6227009471578446,0.4521174583492645,0.6227009471578381,0.4521174583492576,0.5573544324984246,561323,391950,169373,0.6982610725019285,156073,95148,264521,296802,0.0019354820251464844,0.0047266483306884766,0.002791166305541992
Adaptive_Threshold_CV2,Niblack_Thresholding_Torch,0.7952750866414618,0.9193982369293434,0.7712653855266932,0.8388422466058132,0.7224188480452278,0.8388422466058051,0.7224188480452157,0.7952750866414618,561323,470883,90440,0.838880644477422,213267,37954,128394,432929,0.0019354820251464844,0.28358960151672363,0.28165411949157715
Adaptive_Threshold_CV2,Sauvola_Thresholding_Torch,0.8035491001102709,0.7857669291248958,0.983872030898431,0.8737308816491518,0.7757745173094347,0.8737308816491449,0.7757745173094238,0.8035491001102709,561323,702842,141519,0.7986474911857857,100649,150572,9053,552270,0.0019354820251464844,0.2868204116821289,0.2848849296569824
Adaptive_Threshold_CV2,Sobel_Torch,0.3193131695022054,0.5378116534276137,0.1043338683788122,0.17476403200152787,0.09574873335044544,0.17476403200152524,0.09574873335044387,0.3193131695022054,561323,108895,452428,0.19399703913789387,200891,50330,502758,58565,0.0019354820251464844,0.0054779052734375,0.0035424232482910156
Adaptive_Threshold_CV2,Canny_Torch,0.32366001102709513,0.541958166634575,0.13538550887813255,0.2166500842425158,0.1214848989131182,0.21665008424251272,0.12148489891311626,0.32366001102709513,561323,140223,421100,0.2498080427846356,186993,64228,485328,75995,0.0019354820251464844,0.006171464920043945,0.004235982894897461
Otsu_Thresholding_CV2,Global_Threshold_CV2,0.7457380769533711,1.0,0.47142725565544874,0.6407754835905238,0.47142725565544874,0.6407754835905126,0.47142725565543664,0.7457380769533711,390862,184263,206599,0.47142725565544874,421682,0,206599,184263,0.0007965564727783203,0.0005633831024169922,0.00023317337036132812
Otsu_Thresholding_CV2,Adaptive_Threshold_CV2,0.5573470482829238,0.5277799056871,0.7579529347954009,0.6222635307214459,0.4516564267528547,0.6222635307214394,0.45165642675284784,0.5573470482829238,390862,561323,170461,0.6963227945407546,156614,265068,94607,296255,0.0007965564727783203,0.0019354820251464844,0.001138925552368164
Otsu_Thresholding_CV2,Otsu_Thresholding_CV2,1.0,1.0,1.0,1.0,1.0,0.9999999999999872,0.9999999999999744,1.0,390862,390862,0,1.0,421682,0,0,390862,0.0007965564727783203,0.0007965564727783203,0.0
Otsu_Thresholding_CV2,Niblack_Thresholding_CV2,0.5692922475582861,0.5434398801746391,0.6544227886056971,0.5937900079740281,0.42226268575899945,0.5937900079740213,0.4222626857589925,0.5692922475582861,390862,470685,79823,0.8304109967387956,206786,214896,135073,255789,0.0007965564727783203,0.0037431716918945312,0.002946615219116211
Otsu_Thresholding_CV2,Sauvola_Thresholding_CV2,0.5604225740390675,0.5239654299064889,0.9421355874963542,0.673414003909786,0.5076293628113882,0.6734140039097798,0.5076293628113812,0.5604225740390675,390862,702804,311942,0.5561465216475717,87123,334559,22617,368245,0.0007965564727783203,0.003965139389038086,0.0031685829162597656
Otsu_Thresholding_CV2,Sobel_CV2,0.5596989209199748,0.6449175102455428,0.18842200060379366,0.2916377920951653,0.1707119197238828,0.29163779209515955,0.17071191972387884,0.5596989209199748,390862,114196,276666,0.29216449795580024,381133,40549,317215,73647,0.0007965564727783203,0.006262540817260742,0.005465984344482422
Otsu_Thresholding_CV2,Canny_CV2,0.48928796471329555,0.41974306064035144,0.16133059749988488,0.23307681503330302,0.13191111929276997,0.23307681503329872,0.13191111929276722,0.48928796471329555,390862,150230,240632,0.3843556037680818,334510,87172,327804,63058,0.0007965564727783203,0.0012812614440917969,0.00048470497131347656
Otsu_Thresholding_CV2,Global_Threshold_Sklearn,0.7414047731568998,0.9830865451435291,0.4705138898127728,0.6364278150370631,0.4667356976443179,0.6364278150370521,0.466735697644306,0.7414047731568998,390862,187070,203792,0.47860881845766534,418518,3164,206956,183906,0.0007965564727783203,0.055350303649902344,0.05455374717712402
Otsu_Thresholding_CV2,Adaptive_Threshold_Sklearn,0.47495397172337744,0.47567824910054207,0.8946942910797161,0.6211254259444934,0.45045824880043794,0.6211254259444878,0.45045824880043217,0.47495397172337744,390862,735165,344303,0.5316656804934946,36219,385463,41160,349702,0.0007965564727783203,0.06869983673095703,0.06790328025817871
Otsu_Thresholding_CV2,Otsu_Thresholding_Sklearn,0.971843986294896,0.9585036183489165,0.9840711043795508,0.9711191062298807,0.9438595974616822,0.9711191062298684,0.9438595974616591,0.971843986294896,390862,401288,10426,0.9740186599150734,405030,16652,6226,384636,0.0007965564727783203,0.05801701545715332,0.057220458984375
Otsu_Thresholding_CV2,Niblack_Thresholding_Sklearn,0.5601727414146188,0.5662512811786448,0.3660882869145632,0.4446833934417823,0.2859118147177947,0.44468339344177543,0.285911814717789,0.5601727414146188,390862,252697,138165,0.6465120681979829,312075,109607,247772,143090,0.0007965564727783203,0.07541656494140625,0.07462000846862793
Otsu_Thresholding_CV2,Sauvola_Thresholding_Sklearn,0.5060661330340265,0.49337644133970177,0.9987028669965359,0.660469539013902,0.4930604851850074,0.6604695390138965,0.4930604851850012,0.5060661330340265,390862,791191,400329,0.4940172474156051,20846,400836,507,390355,0.0007965564727783203,0.07718229293823242,0.0763857364654541
Otsu_Thresholding_CV2,Sobel_Sklearn,0.5592509451795841,0.639872152050182,0.1915612159790412,0.2948514991848404,0.17291836989205592,0.2948514991848346,0.17291836989205192,0.5592509451795841,390862,117014,273848,0.2993742036831414,379542,42140,315988,74874,0.0007965564727783203,0.012919425964355469,0.012122869491577148
Otsu_Thresholding_CV2,Canny_Sklearn,0.5322185629332074,0.5855837240721609,0.09425833158506071,0.16237931847581522,0.0883638936524878,0.16237931847581163,0.08836389365248568,0.5322185629332074,390862,62915,327947,0.16096473947326678,395609,26073,354020,36842,0.0007965564727783203,0.0336911678314209,0.03289461135864258
Otsu_Thresholding_CV2,Global_Threshold_Torch,0.7457380769533711,1.0,0.47142725565544874,0.6407754835905238,0.47142725565544874,0.6407754835905126,0.47142725565543664,0.7457380769533711,390862,184263,206599,0.47142725565544874,421682,0,206599,184263,0.0007965564727783203,0.007098674774169922,0.0063021183013916016
Otsu_Thresholding_CV2,Adaptive_Threshold_Torch,0.5620827918241966,0.5314108759541608,0.7582266887034299,0.6248730959115535,0.4544112212870809,0.6248730959115469,0.4544112212870739,0.5620827918241966,390862,557689,166827,0.7008601568257578,160355,261327,94500,296362,0.0007965564727783203,0.004970550537109375,0.004173994064331055
Otsu_Thresholding_CV2,Otsu_Thresholding_Torch,0.998660995589162,0.9972241357315984,1.0,0.9986101388328232,0.9972241357315984,0.9986101388328105,0.997224135731573,0.998660995589162,390862,391950,1088,0.9972241357315984,420594,1088,0,390862,0.0007965564727783203,0.0047266483306884766,0.003930091857910156
Otsu_Thresholding_CV2,Niblack_Thresholding_Torch,0.5696466899023315,0.543727422735584,0.655044491406174,0.5942175469541454,0.42269523685309707,0.5942175469541384,0.42269523685309013,0.5696466899023315,390862,470883,80021,0.8300618200274803,206831,214851,134830,256032,0.0007965564727783203,0.28358960151672363,0.2827930450439453
Otsu_Thresholding_CV2,Sauvola_Thresholding_Torch,0.5604299582545683,0.5239684025712749,0.9421918733466031,0.6734308368626246,0.5076484932530323,0.6734308368626185,0.5076484932530253,0.5604299582545683,390862,702842,311980,0.556116452915449,87107,334575,22595,368267,0.0007965564727783203,0.2868204116821289,0.2860238552093506
Otsu_Thresholding_CV2,Sobel_Torch,0.5617874232041588,0.6597639928371367,0.183811677778858,0.2875197345910112,0.1678966703434351,0.2875197345910055,0.16789667034343117,0.5617874232041588,390862,108895,281967,0.278602166493545,384632,37050,319017,71845,0.0007965564727783203,0.0054779052734375,0.00468134880065918
Otsu_Thresholding_CV2,Canny_Torch,0.5558578981568998,0.606890453064048,0.21772390255384252,0.32047600666559967,0.19081359238539414,0.3204760066655936,0.19081359238538984,0.5558578981568998,390862,140223,250639,0.3587532172480313,366559,55123,305762,85100,0.0007965564727783203,0.006171464920043945,0.005374908447265625
Niblack_Thresholding_CV2,Global_Threshold_CV2,0.5489524259609325,0.7827181799927277,0.3064172429544175,0.44041969744162895,0.2823962938741625,0.44041969744162224,0.28239629387415693,0.5489524259609325,470685,184263,286422,0.3914783772586762,301822,40037,326459,144226,0.0037431716918945312,0.0005633831024169922,0.003179788589477539
Niblack_Thresholding_CV2,Adaptive_Threshold_CV2,0.7949083372715816,0.7708235721678962,0.9192581025526626,0.8385225695924837,0.7219447813964663,0.8385225695924756,0.7219447813964543,0.7949083372715816,470685,561323,90638,0.8385279063925761,213217,128642,38004,432681,0.0037431716918945312,0.0019354820251464844,0.0018076896667480469
Niblack_Thresholding_CV2,Otsu_Thresholding_CV2,0.5692922475582861,0.6544227886056971,0.5434398801746391,0.5937900079740281,0.42226268575899945,0.5937900079740213,0.4222626857589925,0.5692922475582861,470685,390862,79823,0.8304109967387956,206786,135073,214896,255789,0.0037431716918945312,0.0007965564727783203,0.002946615219116211
Niblack_Thresholding_CV2,Niblack_Thresholding_CV2,1.0,1.0,1.0,1.0,1.0,0.9999999999999893,0.9999999999999787,1.0,470685,470685,0,1.0,341859,0,0,470685,0.0037431716918945312,0.0037431716918945312,0.0
Niblack_Thresholding_CV2,Sauvola_Thresholding_CV2,0.7143305470226843,0.6697244181877167,1.0,0.8021975493592185,0.6697244181877167,0.8021975493592117,0.6697244181877071,0.7143305470226843,470685,702804,232119,0.6697244181877167,109740,232119,0,470685,0.0037431716918945312,0.003965139389038086,0.0002219676971435547
Niblack_Thresholding_CV2,Sobel_CV2,0.4426726429584121,0.5780762898875618,0.14025091090644487,0.2257348075933395,0.12722720851393518,0.22573480759333564,0.1272272085139327,0.4426726429584121,470685,114196,356489,0.2426166119591659,293677,48182,404671,66014,0.0037431716918945312,0.006262540817260742,0.002519369125366211
Niblack_Thresholding_CV2,Canny_CV2,0.46113810452110904,0.6092857618318578,0.19446763759202015,0.29483262604382243,0.1729053877918025,0.29483262604381766,0.17290538779179926,0.46113810452110904,470685,150230,320455,0.3191731200271944,283162,58697,379152,91533,0.0037431716918945312,0.0012812614440917969,0.0024619102478027344
Niblack_Thresholding_CV2,Global_Threshold_Sklearn,0.5148385810491494,0.7043887314908858,0.27995368452361985,0.40066590143746533,0.2505204521041475,0.4006659014374592,0.2505204521041427,0.5148385810491494,470685,187070,283615,0.39744202598340717,286559,55300,338915,131770,0.0037431716918945312,0.055350303649902344,0.05160713195800781
Niblack_Thresholding_CV2,Adaptive_Threshold_Sklearn,0.6110462941083806,0.6051757088544748,0.945226637772608,0.7379093585437658,0.5846722369261419,0.7379093585437597,0.5846722369261342,0.6110462941083806,470685,735165,264480,0.640244026851115,51598,290261,25781,444904,0.0037431716918945312,0.06869983673095703,0.0649566650390625
Niblack_Thresholding_CV2,Otsu_Thresholding_Sklearn,0.5439250059073724,0.6247283746336796,0.5326194801194004,0.5750086298543647,0.40351727168396706,0.5750086298543582,0.40351727168396057,0.5439250059073724,470685,401288,69397,0.8525616920020821,191267,150592,219989,250696,0.0037431716918945312,0.05801701545715332,0.05427384376525879
Niblack_Thresholding_CV2,Niblack_Thresholding_Sklearn,0.6682567344045368,0.8979647562100065,0.4820909950391451,0.6273670066437926,0.4570537133234905,0.627367006643784,0.45705371332348127,0.6682567344045368,470685,252697,217988,0.5368707309559472,316075,25784,243772,226913,0.0037431716918945312,0.07541656494140625,0.07167339324951172
Niblack_Thresholding_CV2,Sauvola_Thresholding_Sklearn,0.6035931592627599,0.5939008406314026,0.9983088477431828,0.7447467104533251,0.5933039304938086,0.7447467104533192,0.5933039304938011,0.6035931592627599,470685,791191,320506,0.5949069188097438,20557,321302,796,469889,0.0037431716918945312,0.07718229293823242,0.07343912124633789
Niblack_Thresholding_CV2,Sobel_Sklearn,0.4432658416036547,0.5782555933478045,0.14375644008200814,0.2302675349115789,0.13011431922851346,0.23026753491157495,0.13011431922851097,0.4432658416036547,470685,117014,353671,0.24860363087840062,292509,49350,403021,67664,0.0037431716918945312,0.012919425964355469,0.009176254272460938
Niblack_Thresholding_CV2,Canny_Sklearn,0.43741138941398866,0.6077406024000636,0.08123479609505295,0.14331334332833584,0.07718768420797635,0.14331334332833315,0.0771876842079748,0.43741138941398866,470685,62915,407770,0.13366688974579602,317180,24679,432449,38236,0.0037431716918945312,0.0336911678314209,0.029947996139526367
Niblack_Thresholding_CV2,Global_Threshold_Torch,0.5489524259609325,0.7827181799927277,0.3064172429544175,0.44041969744162895,0.2823962938741625,0.44041969744162224,0.28239629387415693,0.5489524259609325,470685,184263,286422,0.3914783772586762,301822,40037,326459,144226,0.0037431716918945312,0.007098674774169922,0.0033555030822753906
Niblack_Thresholding_CV2,Adaptive_Threshold_Torch,0.8453105308758664,0.8093059034694965,0.9589024506835782,0.8777759842236385,0.7821753695195942,0.8777759842236299,0.7821753695195807,0.8453105308758664,470685,557689,87004,0.8439919022967999,235511,106348,19344,451341,0.0037431716918945312,0.004970550537109375,0.0012273788452148438
Niblack_Thresholding_CV2,Otsu_Thresholding_Torch,0.569294708963453,0.6539966832504146,0.5445977670841433,0.5943046595605326,0.42278340296321465,0.5943046595605257,0.42278340296320766,0.569294708963453,470685,391950,78735,0.8327225214315307,206243,135616,214351,256334,0.0037431716918945312,0.0047266483306884766,0.0009834766387939453
Niblack_Thresholding_CV2,Niblack_Thresholding_Torch,0.9884560097668557,0.9898297453932293,0.9902461306393873,0.9900378942359979,0.9802723177292554,0.9900378942359873,0.9802723177292348,0.9884560097668557,470685,470883,198,0.9995795133823051,337070,4789,4591,466094,0.0037431716918945312,0.28358960151672363,0.2798464298248291
Niblack_Thresholding_CV2,Sauvola_Thresholding_Torch,0.7142788575141777,0.6696853631399375,0.9999957508737266,0.8021681648568801,0.6696834574955467,0.8021681648568734,0.6696834574955371,0.7142788575141777,470685,702842,232157,0.6696882087297003,109700,232159,2,470683,0.0037431716918945312,0.2868204116821289,0.2830772399902344
Niblack_Thresholding_CV2,Sobel_Torch,0.4417188484562067,0.578318563754075,0.133796488097135,0.2173159874391801,0.12190381801147494,0.21731598743917635,0.12190381801147258,0.4417188484562067,470685,108895,361790,0.2313543027714926,295940,45919,407709,62976,0.0037431716918945312,0.0054779052734375,0.0017347335815429688
Niblack_Thresholding_CV2,Canny_Torch,0.4484754056395715,0.5803969391611933,0.17290757088073766,0.266439463879995,0.1536949292098738,0.2664394638799907,0.15369492920987088,0.4484754056395715,470685,140223,330462,0.2979126167181873,283021,58838,389300,81385,0.0037431716918945312,0.006171464920043945,0.002428293228149414
Sauvola_Thresholding_CV2,Global_Threshold_CV2,0.3449893175015753,0.9628682915181018,0.2524473395142885,0.4000171351205715,0.2500133869563134,0.40001713512056697,0.2500133869563099,0.3449893175015753,702804,184263,518541,0.26218262844263834,102898,6842,525383,177421,0.003965139389038086,0.0005633831024169922,0.0034017562866210938
Sauvola_Thresholding_CV2,Adaptive_Threshold_CV2,0.8037287826874606,0.9839682321942981,0.7858862499359708,0.873842580690073,0.7759506492667213,0.8738425806900662,0.7759506492667103,0.8037287826874606,702804,561323,141481,0.7986906733598557,100741,8999,150480,552324,0.003965139389038086,0.0019354820251464844,0.0020296573638916016
Sauvola_Thresholding_CV2,Otsu_Thresholding_CV2,0.5604225740390675,0.9421355874963542,0.5239654299064889,0.673414003909786,0.5076293628113882,0.6734140039097798,0.5076293628113812,0.5604225740390675,702804,390862,311942,0.5561465216475717,87123,22617,334559,368245,0.003965139389038086,0.0007965564727783203,0.0031685829162597656
Sauvola_Thresholding_CV2,Niblack_Thresholding_CV2,0.7143305470226843,1.0,0.6697244181877167,0.8021975493592185,0.6697244181877167,0.8021975493592117,0.6697244181877071,0.7143305470226843,702804,470685,232119,0.6697244181877167,109740,0,232119,470685,0.003965139389038086,0.0037431716918945312,0.0002219676971435547
Sauvola_Thresholding_CV2,Sauvola_Thresholding_CV2,1.0,1.0,1.0,1.0,1.0,0.9999999999999929,0.9999999999999858,1.0,702804,702804,0,1.0,109740,0,0,702804,0.003965139389038086,0.003965139389038086,0.0
Sauvola_Thresholding_CV2,Sobel_CV2,0.19889138311279142,0.7271007741076745,0.11814389218046568,0.2032607099143207,0.11312754779499924,0.2032607099143182,0.11312754779499769,0.19889138311279142,702804,114196,588608,0.1624862692870274,78576,31164,619772,83032,0.003965139389038086,0.006262540817260742,0.0022974014282226562
Sauvola_Thresholding_CV2,Canny_CV2,0.25763035601764334,0.8314783997869932,0.1777351864815795,0.29286757620446546,0.17155527721354005,0.292867576204462,0.1715552772135377,0.25763035601764334,702804,150230,552574,0.213758032111371,84423,25317,577891,124913,0.003965139389038086,0.0012812614440917969,0.002683877944946289
Sauvola_Thresholding_CV2,Global_Threshold_Sklearn,0.3226803717706364,0.9074731383973913,0.24154814144484096,0.38153940895003113,0.23574216824303965,0.38153940895002686,0.23574216824303634,0.3226803717706364,702804,187070,515734,0.2661766296150847,92431,17309,533043,169761,0.003965139389038086,0.055350303649902344,0.05138516426086426
Sauvola_Thresholding_CV2,Adaptive_Threshold_Sklearn,0.8539562165248897,0.897282922881258,0.9385988127557612,0.9174759678407531,0.8475340413558469,0.9174759678407468,0.847534041355836,0.8539562165248897,702804,735165,32361,0.9559813103180919,34226,75514,43153,659651,0.003965139389038086,0.06869983673095703,0.06473469734191895
Sauvola_Thresholding_CV2,Otsu_Thresholding_Sklearn,0.5408716327977315,0.9108545483542991,0.5200809898634612,0.6621096792658583,0.4948908509200801,0.6621096792658523,0.4948908509200734,0.5408716327977315,702804,401288,301516,0.5709813831452297,73967,35773,337289,365515,0.003965139389038086,0.05801701545715332,0.054051876068115234
Sauvola_Thresholding_CV2,Niblack_Thresholding_Sklearn,0.4290561495746692,0.9726747844256165,0.34973050807906614,0.5144777451828936,0.3463278611374521,0.5144777451828881,0.34632786113744723,0.4290561495746692,702804,252697,450107,0.35955543793148587,102835,6905,457012,245792,0.003965139389038086,0.07541656494140625,0.07145142555236816
Sauvola_Thresholding_CV2,Sauvola_Thresholding_Sklearn,0.8876823901228733,0.8864686276765029,0.99795391033631,0.9389134501788828,0.8848603823478576,0.9389134501788765,0.8848603823478464,0.8876823901228733,702804,791191,88387,0.8882861407675264,19915,89825,1438,701366,0.003965139389038086,0.07718229293823242,0.07321715354919434
Sauvola_Thresholding_CV2,Sobel_Sklearn,0.20088512129804661,0.7285538482574735,0.12130124472825994,0.20797542869270985,0.116056125581465,0.2079754286927073,0.11605612558146342,0.20088512129804661,702804,117014,585790,0.16649592204939073,77977,31763,617553,85251,0.003965139389038086,0.012919425964355469,0.008954286575317383
Sauvola_Thresholding_CV2,Canny_Sklearn,0.18066836995904223,0.7945323054915362,0.07112651606991423,0.1305648677909259,0.06984188193609052,0.13056486779092422,0.06984188193608953,0.18066836995904223,702804,62915,639889,0.0895199799659649,96813,12927,652816,49988,0.003965139389038086,0.0336911678314209,0.029726028442382812
Sauvola_Thresholding_CV2,Global_Threshold_Torch,0.3449893175015753,0.9628682915181018,0.2524473395142885,0.4000171351205715,0.2500133869563134,0.40001713512056697,0.2500133869563099,0.3449893175015753,702804,184263,518541,0.26218262844263834,102898,6842,525383,177421,0.003965139389038086,0.007098674774169922,0.003133535385131836
Sauvola_Thresholding_CV2,Adaptive_Threshold_Torch,0.8140076106647763,0.9946098990656083,0.7892428045372536,0.8801048478650814,0.7858814695172922,0.8801048478650744,0.785881469517281,0.8140076106647763,702804,557689,145115,0.7935199572000159,106734,3006,148121,554683,0.003965139389038086,0.004970550537109375,0.001005411148071289
Sauvola_Thresholding_CV2,Otsu_Thresholding_Torch,0.5610280797101449,0.9415359101926266,0.5250894986368888,0.6741879910920627,0.5085094919658987,0.6741879910920565,0.5085094919658917,0.5610280797101449,702804,391950,310854,0.5576946061775403,86825,22915,333769,369035,0.003965139389038086,0.0047266483306884766,0.0007615089416503906
Sauvola_Thresholding_CV2,Niblack_Thresholding_Torch,0.7145717647290485,0.9999978763302136,0.6700047239344114,0.802397913583434,0.6700037706049331,0.8023979135834273,0.6700037706049236,0.7145717647290485,702804,470883,231921,0.670006146806222,109739,1,231922,470882,0.003965139389038086,0.28358960151672363,0.27962446212768555
Sauvola_Thresholding_CV2,Sauvola_Thresholding_Torch,0.9977478142722117,0.9986711095808162,0.998725106857673,0.9986981074893678,0.9973996004194743,0.9986981074893607,0.9973996004194601,0.9977478142722117,702804,702842,38,0.9999459337945086,108806,934,896,701908,0.003965139389038086,0.2868204116821289,0.2828552722930908
Sauvola_Thresholding_CV2,Sobel_Torch,0.19660104560491493,0.7296110932549704,0.11304858822658949,0.19576468617061252,0.10850285695556697,0.1957646861706101,0.10850285695556548,0.19660104560491493,702804,108895,593909,0.15494362581886273,80296,29444,623353,79451,0.003965139389038086,0.0054779052734375,0.001512765884399414
Sauvola_Thresholding_CV2,Canny_Torch,0.2181998759451796,0.740891294580775,0.14782215240664537,0.24646897430331413,0.14055581035721387,0.2464689743033112,0.14055581035721199,0.2181998759451796,702804,140223,562581,0.19951935390236822,73407,36333,598914,103890,0.003965139389038086,0.006171464920043945,0.0022063255310058594
Sobel_CV2,Global_Threshold_CV2,0.7547985093730308,0.269240162159522,0.43443728326736486,0.332447672879692,0.1993626631518035,0.33244767287968086,0.1993626631517955,0.7547985093730308,114196,184263,70067,0.6197446041798951,563696,134652,64585,49611,0.006262540817260742,0.0005633831024169922,0.00569915771484375
Sobel_CV2,Adaptive_Threshold_CV2,0.318223997715816,0.10826743247648858,0.5321815124873025,0.17992980212251616,0.09885871563214726,0.1799298021225135,0.09885871563214566,0.318223997715816,114196,561323,447127,0.20344079968217943,197798,500550,53423,60773,0.006262540817260742,0.0019354820251464844,0.004327058792114258
Sobel_CV2,Otsu_Thresholding_CV2,0.5596989209199748,0.18842200060379366,0.6449175102455428,0.2916377920951653,0.1707119197238828,0.29163779209515955,0.17071191972387884,0.5596989209199748,114196,390862,276666,0.29216449795580024,381133,317215,40549,73647,0.006262540817260742,0.0007965564727783203,0.005465984344482422
Sobel_CV2,Niblack_Thresholding_CV2,0.4426726429584121,0.14025091090644487,0.5780762898875618,0.2257348075933395,0.12722720851393518,0.22573480759333564,0.1272272085139327,0.4426726429584121,114196,470685,356489,0.2426166119591659,293677,404671,48182,66014,0.006262540817260742,0.0037431716918945312,0.002519369125366211
Sobel_CV2,Sauvola_Thresholding_CV2,0.19889138311279142,0.11814389218046568,0.7271007741076745,0.2032607099143207,0.11312754779499924,0.2032607099143182,0.11312754779499769,0.19889138311279142,114196,702804,588608,0.1624862692870274,78576,619772,31164,83032,0.006262540817260742,0.003965139389038086,0.0022974014282226562
Sobel_CV2,Sobel_CV2,1.0,1.0,1.0,1.0,1.0,0.9999999999999561,0.9999999999999124,1.0,114196,114196,0,1.0,698348,0,0,114196,0.006262540817260742,0.006262540817260742,0.0
Sobel_CV2,Canny_CV2,0.8379656978575929,0.4418757904546362,0.5813075764475113,0.5020913223359277,0.33519488191958313,0.5020913223359086,0.3351948819195662,0.8379656978575929,114196,150230,36034,0.7601411169540039,614501,83847,47813,66383,0.006262540817260742,0.0012812614440917969,0.004981279373168945
Sobel_CV2,Global_Threshold_Sklearn,0.759833313642092,0.2836371411770995,0.46463974219762516,0.35224685161949904,0.21377404252918947,0.3522468516194873,0.21377404252918084,0.759833313642092,114196,187070,72874,0.6104452878601593,564338,134010,61136,53060,0.006262540817260742,0.055350303649902344,0.0490877628326416
Sobel_CV2,Adaptive_Threshold_Sklearn,0.1558327918241966,0.11115735923228119,0.7156029983537077,0.19242465806647585,0.10645457127150416,0.19242465806647358,0.10645457127150278,0.1558327918241966,114196,735165,620969,0.15533383662171077,44902,653446,32477,81719,0.006262540817260742,0.06869983673095703,0.06243729591369629
Sobel_CV2,Otsu_Thresholding_Sklearn,0.5644592785129174,0.20133669583939715,0.7075028897684682,0.31346850726695685,0.185865789413145,0.3134685072669508,0.18586578941314072,0.5644592785129174,114196,401288,287092,0.2845736727736688,377854,320494,33402,80794,0.006262540817260742,0.05801701545715332,0.05175447463989258
Sobel_CV2,Niblack_Thresholding_Sklearn,0.6444094104442344,0.15425588748580316,0.34134295421906197,0.21248701937622141,0.11887299375139138,0.2124870193762156,0.11887299375138774,0.6444094104442344,114196,252697,138501,0.45190880778165154,484631,213717,75216,38980,0.006262540817260742,0.07541656494140625,0.06915402412414551
Sobel_CV2,Sauvola_Thresholding_Sklearn,0.15993349283238814,0.14079786044077852,0.9754982661389191,0.2460781963955745,0.14030169183704055,0.24607819639557177,0.1403016918370388,0.15993349283238814,114196,791191,676995,0.14433430107268663,18555,679793,2798,111398,0.006262540817260742,0.07718229293823242,0.07091975212097168
Sobel_CV2,Sobel_Sklearn,0.9965048046628859,0.975823405746321,0.9999036743843918,0.9877167942563038,0.975731681264687,0.987716794256261,0.9757316812646036,0.9965048046628859,114196,117014,2818,0.9759174115917754,695519,2829,11,114185,0.006262540817260742,0.012919425964355469,0.0066568851470947266
Sobel_CV2,Canny_Sklearn,0.9019782313327032,0.7745688627513312,0.42673999089285086,0.5502989650558124,0.3795947935409997,0.5502989650557814,0.37959479354097014,0.9019782313327032,114196,62915,51281,0.5509387369084732,684165,14183,65464,48732,0.006262540817260742,0.0336911678314209,0.027428627014160156
Sobel_CV2,Global_Threshold_Torch,0.7547985093730308,0.269240162159522,0.43443728326736486,0.332447672879692,0.1993626631518035,0.33244767287968086,0.1993626631517955,0.7547985093730308,114196,184263,70067,0.6197446041798951,563696,134652,64585,49611,0.006262540817260742,0.007098674774169922,0.0008361339569091797
Sobel_CV2,Adaptive_Threshold_Torch,0.32449565808128544,0.11028368857911847,0.5385827874881782,0.18307894952261175,0.1007632937460373,0.18307894952260903,0.10076329374603565,0.32449565808128544,114196,557689,443493,0.20476645585622094,202163,496185,52692,61504,0.006262540817260742,0.004970550537109375,0.0012919902801513672
Sobel_CV2,Otsu_Thresholding_Torch,0.5592263311279143,0.18879704043883147,0.6479999299450069,0.2924017971099248,0.1712357137733225,0.29240179710991904,0.17123571377331853,0.5592263311279143,114196,391950,277754,0.2913534889654293,380397,317951,40197,73999,0.006262540817260742,0.0047266483306884766,0.0015358924865722656
Sobel_CV2,Niblack_Thresholding_Torch,0.4423772743383743,0.1401473402097761,0.5778923955304914,0.22558663018156522,0.12713307621473127,0.22558663018156136,0.12713307621472883,0.4423772743383743,114196,470883,356687,0.24251459492060662,293458,404890,48203,65993,0.006262540817260742,0.28358960151672363,0.2773270606994629
Sobel_CV2,Sauvola_Thresholding_Torch,0.19884707781978575,0.11813892738339485,0.7271095309818207,0.2032537042340748,0.1131232076075776,0.2032537042340723,0.11312320760757606,0.19884707781978575,114196,702842,588646,0.1624774842710026,78539,619809,31163,83033,0.006262540817260742,0.2868204116821289,0.28055787086486816
Sobel_CV2,Sobel_Torch,0.9850678855545053,0.9686303319711649,0.923666328067533,0.9456141215916375,0.8968387579498691,0.9456141215915951,0.8968387579497928,0.9850678855545053,114196,108895,5301,0.9535798101509685,694932,3416,8717,105479,0.006262540817260742,0.0054779052734375,0.0007846355438232422
Sobel_CV2,Canny_Torch,0.9679685038594833,0.8143885097309286,1.0,0.8977002503743824,0.8143885097309286,0.8977002503743471,0.8143885097308704,0.9679685038594833,114196,140223,26027,0.8143885097309286,672321,26027,0,114196,0.006262540817260742,0.006171464920043945,9.107589721679688e-05
Canny_CV2,Global_Threshold_CV2,0.6811901878544423,0.20472368299658641,0.25110164414564334,0.22555330006905974,0.12711190484213364,0.225553300069053,0.12711190484212936,0.6811901878544423,150230,184263,34033,0.8153020411042912,515774,146540,112507,37723,0.0012812614440917969,0.0005633831024169922,0.0007178783416748047
Canny_CV2,Adaptive_Threshold_CV2,0.3439776799779458,0.15900470851898105,0.5941090328163483,0.2508681714503347,0.143424393379399,0.25086817145033113,0.1434243933793967,0.3439776799779458,150230,561323,411093,0.2676355681131897,190244,472070,60977,89253,0.0012812614440917969,0.0019354820251464844,0.0006542205810546875
Canny_CV2,Otsu_Thresholding_CV2,0.48928796471329555,0.16133059749988488,0.41974306064035144,0.23307681503330302,0.13191111929276997,0.23307681503329872,0.13191111929276722,0.48928796471329555,150230,390862,240632,0.3843556037680818,334510,327804,87172,63058,0.0012812614440917969,0.0007965564727783203,0.00048470497131347656
Canny_CV2,Niblack_Thresholding_CV2,0.46113810452110904,0.19446763759202015,0.6092857618318578,0.29483262604382243,0.1729053877918025,0.29483262604381766,0.17290538779179926,0.46113810452110904,150230,470685,320455,0.3191731200271944,283162,379152,58697,91533,0.0012812614440917969,0.0037431716918945312,0.0024619102478027344
Canny_CV2,Sauvola_Thresholding_CV2,0.25763035601764334,0.1777351864815795,0.8314783997869932,0.29286757620446546,0.17155527721354005,0.292867576204462,0.1715552772135377,0.25763035601764334,150230,702804,552574,0.213758032111371,84423,577891,25317,124913,0.0012812614440917969,0.003965139389038086,0.002683877944946289
Canny_CV2,Sobel_CV2,0.8379656978575929,0.5813075764475113,0.4418757904546362,0.5020913223359277,0.33519488191958313,0.5020913223359086,0.3351948819195662,0.8379656978575929,150230,114196,36034,0.7601411169540039,614501,47813,83847,66383,0.0012812614440917969,0.006262540817260742,0.004981279373168945
Canny_CV2,Canny_CV2,1.0,1.0,1.0,1.0,1.0,0.9999999999999667,0.9999999999999334,1.0,150230,150230,0,1.0,662314,0,0,150230,0.0012812614440917969,0.0012812614440917969,0.0
Canny_CV2,Global_Threshold_Sklearn,0.6813834081600504,0.20957395627305286,0.26096651800572457,0.2324636821820338,0.13151847565373453,0.2324636821820269,0.13151847565373012,0.6813834081600504,150230,187070,36840,0.8030683701288288,514449,147865,111025,39205,0.0012812614440917969,0.055350303649902344,0.05406904220581055
Canny_CV2,Adaptive_Threshold_Sklearn,0.22007546668241965,0.1711670169281726,0.8376223124542368,0.284248273369513,0.16566981630130115,0.2842482733695098,0.16566981630129896,0.22007546668241965,150230,735165,584935,0.20434868362884523,52985,609329,24394,125836,0.0012812614440917969,0.06869983673095703,0.06741857528686523
Canny_CV2,Otsu_Thresholding_Sklearn,0.48505680923125394,0.16584597595741712,0.44300073221061037,0.24134117109505038,0.1372302388208658,0.24134117109504602,0.13723023882086297,0.48505680923125394,150230,401288,251058,0.37436953011303603,327578,334736,83678,66552,0.0012812614440917969,0.05801701545715332,0.05673575401306152
Canny_CV2,Niblack_Thresholding_Sklearn,0.627349411231884,0.19812661012991845,0.3332623310923251,0.2485115169745388,0.14188589841325622,0.24851151697453264,0.1418858984132522,0.627349411231884,150230,252697,102467,0.594506464263525,459683,202631,100164,50066,0.0012812614440917969,0.07541656494140625,0.07413530349731445
Canny_CV2,Sauvola_Thresholding_Sklearn,0.20285301472904851,0.18560878473086775,0.9775144778007056,0.3119794438407471,0.184819694702411,0.31197944384074383,0.18481969470240867,0.20285301472904851,150230,791191,640961,0.18987829740227075,17975,644339,3378,146852,0.0012812614440917969,0.07718229293823242,0.07590103149414062
Canny_CV2,Sobel_Sklearn,0.8378820100819155,0.5790589160271421,0.4510284230846036,0.5070871563065962,0.33966293373971107,0.5070871563065772,0.33966293373969403,0.8378820100819155,150230,117014,33216,0.778899021500366,613058,49256,82472,67758,0.0012812614440917969,0.012919425964355469,0.011638164520263672
Canny_CV2,Canny_Sklearn,0.8540817481884058,0.7516490503059684,0.3147839978699328,0.4437354852330573,0.28512857616592807,0.44373548523303646,0.28512857616591086,0.8540817481884058,150230,62915,87315,0.41879118684683486,646689,15625,102940,47290,0.0012812614440917969,0.0336911678314209,0.0324099063873291
Canny_CV2,Global_Threshold_Torch,0.6811901878544423,0.20472368299658641,0.25110164414564334,0.22555330006905974,0.12711190484213364,0.225553300069053,0.12711190484212936,0.6811901878544423,150230,184263,34033,0.8153020411042912,515774,146540,112507,37723,0.0012812614440917969,0.007098674774169922,0.005817413330078125
Canny_CV2,Adaptive_Threshold_Torch,0.35018042099873975,0.16130137047709386,0.598788524262797,0.25414206992607913,0.14556858582148122,0.2541420699260755,0.14556858582147886,0.35018042099873975,150230,557689,407459,0.26937952873375665,194581,467733,60274,89956,0.0012812614440917969,0.004970550537109375,0.003689289093017578
Canny_CV2,Otsu_Thresholding_Torch,0.4889285995589162,0.16189820130118637,0.4223923317579711,0.23407724371979785,0.1325523683792749,0.23407724371979352,0.13255236837927215,0.4889285995589162,150230,391950,241720,0.3832886847812221,333820,328494,86774,63456,0.0012812614440917969,0.0047266483306884766,0.0034453868865966797
Canny_CV2,Niblack_Thresholding_Torch,0.4608058148235665,0.19430941444052982,0.609046129268455,0.2946227176053311,0.17276101930455273,0.2946227176053263,0.17276101930454946,0.4608058148235665,150230,470883,320653,0.3190389120014951,282928,379386,58733,91497,0.0012812614440917969,0.28358960151672363,0.28230834007263184
Canny_CV2,Sauvola_Thresholding_Torch,0.2576623542848141,0.17777110645066743,0.8316914065100179,0.2929295534257366,0.17159781192017326,0.2929295534257332,0.1715978119201709,0.2576623542848141,150230,702842,552612,0.21374647502568145,84417,577897,25285,124945,0.0012812614440917969,0.2868204116821289,0.2855391502380371
Canny_CV2,Sobel_Torch,0.8347006439035917,0.5730841636438772,0.4154030486587233,0.4816671490593343,0.31723422750217317,0.4816671490593157,0.317234227502157,0.8347006439035917,150230,108895,41335,0.7248552219929442,615825,46489,87824,62406,0.0012812614440917969,0.0054779052734375,0.004196643829345703
Canny_CV2,Canny_Torch,0.833991759215501,0.5547021529991514,0.5177527790720895,0.535590956196011,0.36573862915018973,0.5355909561959926,0.3657386291501725,0.833991759215501,150230,140223,10007,0.933388803834121,599873,62441,72448,77782,0.0012812614440917969,0.006171464920043945,0.0048902034759521484
Global_Threshold_Sklearn,Global_Threshold_CV2,0.9573081580812854,0.9134877864791087,0.8997808307050836,0.9065825014205579,0.8291274857027452,0.9065825014205334,0.8291274857027043,0.9573081580812854,187070,184263,2807,0.984994921687069,609533,15941,18748,168322,0.055350303649902344,0.0005633831024169922,0.05478692054748535
Global_Threshold_Sklearn,Adaptive_Threshold_CV2,0.40984980505671076,0.23949668907206725,0.718634735660448,0.3592631144331922,0.21896448942761557,0.35926311443318737,0.21896448942761199,0.40984980505671076,187070,561323,374253,0.33326622996029026,198586,426888,52635,134435,0.055350303649902344,0.0019354820251464844,0.05341482162475586
Global_Threshold_Sklearn,Otsu_Thresholding_CV2,0.7414047731568998,0.4705138898127728,0.9830865451435291,0.6364278150370631,0.4667356976443179,0.6364278150370521,0.466735697644306,0.7414047731568998,187070,390862,203792,0.47860881845766534,418518,206956,3164,183906,0.055350303649902344,0.0007965564727783203,0.05455374717712402
Global_Threshold_Sklearn,Niblack_Thresholding_CV2,0.5148385810491494,0.27995368452361985,0.7043887314908858,0.40066590143746533,0.2505204521041475,0.4006659014374592,0.2505204521041427,0.5148385810491494,187070,470685,283615,0.39744202598340717,286559,338915,55300,131770,0.055350303649902344,0.0037431716918945312,0.05160713195800781
Global_Threshold_Sklearn,Sauvola_Thresholding_CV2,0.3226803717706364,0.24154814144484096,0.9074731383973913,0.38153940895003113,0.23574216824303965,0.38153940895002686,0.23574216824303634,0.3226803717706364,187070,702804,515734,0.2661766296150847,92431,533043,17309,169761,0.055350303649902344,0.003965139389038086,0.05138516426086426
Global_Threshold_Sklearn,Sobel_CV2,0.759833313642092,0.46463974219762516,0.2836371411770995,0.35224685161949904,0.21377404252918947,0.3522468516194873,0.21377404252918084,0.759833313642092,187070,114196,72874,0.6104452878601593,564338,61136,134010,53060,0.055350303649902344,0.006262540817260742,0.0490877628326416
Global_Threshold_Sklearn,Canny_CV2,0.6813834081600504,0.26096651800572457,0.20957395627305286,0.2324636821820338,0.13151847565373453,0.2324636821820269,0.13151847565373012,0.6813834081600504,187070,150230,36840,0.8030683701288288,514449,111025,147865,39205,0.055350303649902344,0.0012812614440917969,0.05406904220581055
Global_Threshold_Sklearn,Global_Threshold_Sklearn,1.0,1.0,1.0,1.0,1.0,0.9999999999999732,0.9999999999999465,1.0,187070,187070,0,1.0,625474,0,0,187070,0.055350303649902344,0.055350303649902344,0.0
Global_Threshold_Sklearn,Adaptive_Threshold_Sklearn,0.27091332900126025,0.22431699006345515,0.8815416688939969,0.35763118944737515,0.2177532763344667,0.35763118944737127,0.21775327633446384,0.27091332900126025,187070,735165,548095,0.2544598831554821,55219,570255,22160,164910,0.055350303649902344,0.06869983673095703,0.013349533081054688
Global_Threshold_Sklearn,Otsu_Thresholding_Sklearn,0.7363613539697542,0.4661739199776719,1.0,0.63590535014396,0.4661739199776719,0.6359053501439491,0.4661739199776603,0.7363613539697542,187070,401288,214218,0.4661739199776719,411256,214218,0,187070,0.055350303649902344,0.05801701545715332,0.0026667118072509766
Global_Threshold_Sklearn,Niblack_Thresholding_Sklearn,0.6894137425173283,0.3708037689406681,0.5008873683647832,0.42613929649109644,0.2707604907734363,0.4261392964910867,0.27076049077342845,0.6894137425173283,187070,252697,65627,0.7402937114409748,466478,158996,93369,93701,0.055350303649902344,0.07541656494140625,0.020066261291503906
Global_Threshold_Sklearn,Sauvola_Thresholding_Sklearn,0.25641565256773785,0.23639424614284035,0.9998022130753194,0.3823785267939742,0.23638319169695712,0.3823785267939703,0.23638319169695415,0.25641565256773785,187070,791191,604121,0.23644101108329088,21316,604158,37,187033,0.055350303649902344,0.07718229293823242,0.021831989288330078
Global_Threshold_Sklearn,Sobel_Sklearn,0.7582014020163831,0.45982532004717386,0.2876249532260651,0.35388905697110007,0.21498493675033362,0.3538890569710884,0.21498493675032504,0.7582014020163831,187070,117014,70056,0.6255091676912385,562266,63208,133264,53806,0.055350303649902344,0.012919425964355469,0.042430877685546875
Global_Threshold_Sklearn,Canny_Sklearn,0.754648363657845,0.40233648573472147,0.13531298444432566,0.20251615096905815,0.11266646489104117,0.20251615096905004,0.11266646489103614,0.754648363657845,187070,62915,124155,0.33631795584540547,587872,37602,161757,25313,0.055350303649902344,0.0336911678314209,0.021659135818481445
Global_Threshold_Sklearn,Global_Threshold_Torch,0.9573081580812854,0.9134877864791087,0.8997808307050836,0.9065825014205579,0.8291274857027452,0.9065825014205334,0.8291274857027043,0.9573081580812854,187070,184263,2807,0.984994921687069,609533,15941,18748,168322,0.055350303649902344,0.007098674774169922,0.04825162887573242
Global_Threshold_Sklearn,Adaptive_Threshold_Torch,0.41635529891304346,0.24253840402087903,0.7230501951141284,0.3632342811567232,0.22192197513363457,0.3632342811567183,0.22192197513363093,0.41635529891304346,187070,557689,370619,0.33543785156242995,203046,422428,51809,135261,0.055350303649902344,0.004970550537109375,0.05037975311279297
Global_Threshold_Sklearn,Otsu_Thresholding_Torch,0.7402749881852552,0.46942467151422373,0.9835409205110387,0.6355255431591309,0.4657658045358695,0.6355255431591199,0.4657658045358577,0.7402749881852552,187070,391950,204880,0.4772802653399668,417515,207959,3079,183991,0.055350303649902344,0.0047266483306884766,0.05062365531921387
Global_Threshold_Sklearn,Niblack_Thresholding_Torch,0.5146810511184625,0.2799102961882251,0.7045758272304485,0.4006517182838288,0.25050936238472826,0.4006517182838227,0.2505093623847235,0.5146810511184625,187070,470883,283813,0.3972749069301716,286396,339078,55265,131805,0.055350303649902344,0.28358960151672363,0.2282392978668213
Global_Threshold_Sklearn,Sauvola_Thresholding_Torch,0.3226803717706364,0.24156211495613522,0.9075747046560111,0.3815658177437769,0.23576233246127098,0.38156581774377263,0.2357623324612677,0.3226803717706364,187070,702842,515772,0.2661622384547309,92412,533062,17290,169780,0.055350303649902344,0.2868204116821289,0.23147010803222656
Global_Threshold_Sklearn,Sobel_Torch,0.7617962842627599,0.4702419762156205,0.27373175816539264,0.3460341594445289,0.20921481626749688,0.3460341594445172,0.2092148162674883,0.7617962842627599,187070,108895,78175,0.5821083017052441,567786,57688,135863,51207,0.055350303649902344,0.0054779052734375,0.049872398376464844
Global_Threshold_Sklearn,Canny_Torch,0.7424201027882797,0.4207512319662252,0.3153846153846154,0.3605271117927973,0.21990428410624166,0.36052711179278624,0.21990428410623344,0.7424201027882797,187070,140223,46847,0.7495750253915646,544250,81224,128071,58999,0.055350303649902344,0.006171464920043945,0.0491788387298584
Adaptive_Threshold_Sklearn,Global_Threshold_CV2,0.269932459042218,0.8851912755138036,0.22186583964144105,0.35480320373101537,0.21566003807911996,0.3548032037310115,0.2156600380791171,0.269932459042218,735165,184263,550902,0.2506416926812348,56224,21155,572057,163108,0.06869983673095703,0.0005633831024169922,0.06813645362854004
Adaptive_Threshold_Sklearn,Adaptive_Threshold_CV2,0.7199191674543163,0.9521345107896879,0.7269864588221692,0.8244657875738148,0.7013541408311713,0.8244657875738084,0.7013541408311621,0.7199191674543163,735165,561323,173842,0.763533356457394,50511,26868,200710,534455,0.06869983673095703,0.0019354820251464844,0.06676435470581055
Adaptive_Threshold_Sklearn,Otsu_Thresholding_CV2,0.47495397172337744,0.8946942910797161,0.47567824910054207,0.6211254259444934,0.45045824880043794,0.6211254259444878,0.45045824880043217,0.47495397172337744,735165,390862,344303,0.5316656804934946,36219,41160,385463,349702,0.06869983673095703,0.0007965564727783203,0.06790328025817871
Adaptive_Threshold_Sklearn,Niblack_Thresholding_CV2,0.6110462941083806,0.945226637772608,0.6051757088544748,0.7379093585437658,0.5846722369261419,0.7379093585437597,0.5846722369261342,0.6110462941083806,735165,470685,264480,0.640244026851115,51598,25781,290261,444904,0.06869983673095703,0.0037431716918945312,0.0649566650390625
Adaptive_Threshold_Sklearn,Sauvola_Thresholding_CV2,0.8539562165248897,0.9385988127557612,0.897282922881258,0.9174759678407531,0.8475340413558469,0.9174759678407468,0.847534041355836,0.8539562165248897,735165,702804,32361,0.9559813103180919,34226,43153,75514,659651,0.06869983673095703,0.003965139389038086,0.06473469734191895
Adaptive_Threshold_Sklearn,Sobel_CV2,0.1558327918241966,0.7156029983537077,0.11115735923228119,0.19242465806647585,0.10645457127150416,0.19242465806647358,0.10645457127150278,0.1558327918241966,735165,114196,620969,0.15533383662171077,44902,32477,653446,81719,0.06869983673095703,0.006262540817260742,0.06243729591369629
Adaptive_Threshold_Sklearn,Canny_CV2,0.22007546668241965,0.8376223124542368,0.1711670169281726,0.284248273369513,0.16566981630130115,0.2842482733695098,0.16566981630129896,0.22007546668241965,735165,150230,584935,0.20434868362884523,52985,24394,609329,125836,0.06869983673095703,0.0012812614440917969,0.06741857528686523
Adaptive_Threshold_Sklearn,Global_Threshold_Sklearn,0.27091332900126025,0.8815416688939969,0.22431699006345515,0.35763118944737515,0.2177532763344667,0.35763118944737127,0.21775327633446384,0.27091332900126025,735165,187070,548095,0.2544598831554821,55219,22160,570255,164910,0.06869983673095703,0.055350303649902344,0.013349533081054688
Adaptive_Threshold_Sklearn,Adaptive_Threshold_Sklearn,1.0,1.0,1.0,1.0,1.0,0.9999999999999932,0.9999999999999863,1.0,735165,735165,0,1.0,77379,0,0,735165,0.06869983673095703,0.06869983673095703,0.0
Adaptive_Threshold_Sklearn,Otsu_Thresholding_Sklearn,0.4747841347668557,0.8842676581407867,0.4826753177858032,0.6244798509045248,0.4539954222518478,0.6244798509045194,0.453995422251842,0.4747841347668557,735165,401288,333877,0.5458475308264131,30937,46442,380319,354846,0.06869983673095703,0.05801701545715332,0.010682821273803711
Adaptive_Threshold_Sklearn,Niblack_Thresholding_Sklearn,0.40086936830497794,0.9913888965836555,0.34076839893085226,0.5071983738619362,0.3397627420691376,0.507198373861931,0.339762742069133,0.40086936830497794,735165,252697,482468,0.34372827868573724,75203,2176,484644,250521,0.06869983673095703,0.07541656494140625,0.006716728210449219
Adaptive_Threshold_Sklearn,Sauvola_Thresholding_Sklearn,0.8958013350661626,0.9110884729477459,0.9805213795542497,0.9445306337446834,0.8948915657266009,0.9445306337446773,0.8948915657265898,0.8958013350661626,735165,791191,56026,0.9291877688194128,7033,70346,14320,720845,0.06869983673095703,0.07718229293823242,0.00848245620727539
Adaptive_Threshold_Sklearn,Sobel_Sklearn,0.15783391422495274,0.7173586066624507,0.11417980997463155,0.197003211766542,0.10926431652690963,0.1970032117665397,0.10926431652690821,0.15783391422495274,735165,117014,618151,0.15916698972339544,44306,33073,651224,83941,0.06869983673095703,0.012919425964355469,0.05578041076660156
Adaptive_Threshold_Sklearn,Canny_Sklearn,0.13564557734719596,0.7609790987840738,0.06512415580175879,0.11998045308740979,0.06381872639805493,0.11998045308740828,0.06381872639805407,0.13564557734719596,735165,62915,672250,0.08557942774751247,62341,15038,687288,47877,0.06869983673095703,0.0336911678314209,0.03500866889953613
Adaptive_Threshold_Sklearn,Global_Threshold_Torch,0.269932459042218,0.8851912755138036,0.22186583964144105,0.35480320373101537,0.21566003807911996,0.3548032037310115,0.2156600380791171,0.269932459042218,735165,184263,550902,0.2506416926812348,56224,21155,572057,163108,0.06869983673095703,0.007098674774169922,0.06160116195678711
Adaptive_Threshold_Sklearn,Adaptive_Threshold_Torch,0.7216126142091998,0.9563143615886274,0.725450749151551,0.8250367017466783,0.7021808280932369,0.8250367017466719,0.7021808280932276,0.7216126142091998,735165,557689,177476,0.7585902484476275,53016,24363,201839,533326,0.06869983673095703,0.004970550537109375,0.06372928619384766
Adaptive_Threshold_Sklearn,Otsu_Thresholding_Torch,0.4755397861531191,0.8942058936088787,0.4767419558874538,0.6219134693442994,0.4512876771594232,0.6219134693442938,0.45128767715941737,0.4755397861531191,735165,391950,343215,0.5331456203709372,35913,41466,384681,350484,0.06869983673095703,0.0047266483306884766,0.06397318840026855
Adaptive_Threshold_Sklearn,Niblack_Thresholding_Torch,0.6113441241335854,0.9452963899737302,0.6054749614032224,0.738153042001645,0.5849782632693935,0.7381530420016389,0.5849782632693858,0.6113441241335854,735165,470883,264282,0.6405133541449879,51620,25759,290041,445124,0.06869983673095703,0.28358960151672363,0.2148897647857666
Adaptive_Threshold_Sklearn,Sauvola_Thresholding_Torch,0.8539537551197227,0.9385736765873411,0.8973074071807009,0.9174767577626535,0.847535389509442,0.917476757762647,0.847535389509431,0.8539537551197227,735165,702842,32323,0.9560329993946937,34206,43173,75496,659669,0.06869983673095703,0.2868204116821289,0.21812057495117188
Adaptive_Threshold_Sklearn,Sobel_Torch,0.1531781663516068,0.7161944992883053,0.10608502853101004,0.1847972892922304,0.10180531805187515,0.18479728929222822,0.10180531805187383,0.1531781663516068,735165,108895,626270,0.14812321043575252,46474,30905,657175,77990,0.06869983673095703,0.0054779052734375,0.06322193145751953
Adaptive_Threshold_Sklearn,Canny_Torch,0.1761603063957152,0.7344800781612146,0.14009236021845436,0.23530365963435643,0.13333946144275546,0.23530365963435373,0.13333946144275374,0.1761603063957152,735165,140223,594942,0.19073677337740508,40147,37232,632174,102991,0.06869983673095703,0.006171464920043945,0.06252837181091309
Otsu_Thresholding_Sklearn,Global_Threshold_CV2,0.7312871672180214,0.9964290172199519,0.457539223699687,0.6271187309047376,0.45679021560110067,0.6271187309047269,0.4567902156010893,0.7312871672180214,401288,184263,217025,0.4591789438009609,410598,658,217683,183605,0.05801701545715332,0.0005633831024169922,0.05745363235473633
Otsu_Thresholding_Sklearn,Adaptive_Threshold_CV2,0.5309977059703844,0.5179958775963216,0.7245743705269033,0.6041131879855933,0.43278092663816814,0.6041131879855871,0.4327809266381617,0.5309977059703844,401288,561323,160035,0.7148967706650182,140696,270560,110525,290763,0.05801701545715332,0.0019354820251464844,0.056081533432006836
Otsu_Thresholding_Sklearn,Otsu_Thresholding_CV2,0.971843986294896,0.9840711043795508,0.9585036183489165,0.9711191062298807,0.9438595974616822,0.9711191062298684,0.9438595974616591,0.971843986294896,401288,390862,10426,0.9740186599150734,405030,6226,16652,384636,0.05801701545715332,0.0007965564727783203,0.057220458984375
Otsu_Thresholding_Sklearn,Niblack_Thresholding_CV2,0.5439250059073724,0.5326194801194004,0.6247283746336796,0.5750086298543647,0.40351727168396706,0.5750086298543582,0.40351727168396057,0.5439250059073724,401288,470685,69397,0.8525616920020821,191267,219989,150592,250696,0.05801701545715332,0.0037431716918945312,0.05427384376525879
Otsu_Thresholding_Sklearn,Sauvola_Thresholding_CV2,0.5408716327977315,0.5200809898634612,0.9108545483542991,0.6621096792658583,0.4948908509200801,0.6621096792658523,0.4948908509200734,0.5408716327977315,401288,702804,301516,0.5709813831452297,73967,337289,35773,365515,0.05801701545715332,0.003965139389038086,0.054051876068115234
Otsu_Thresholding_Sklearn,Sobel_CV2,0.5644592785129174,0.7075028897684682,0.20133669583939715,0.31346850726695685,0.185865789413145,0.3134685072669508,0.18586578941314072,0.5644592785129174,401288,114196,287092,0.2845736727736688,377854,33402,320494,80794,0.05801701545715332,0.006262540817260742,0.05175447463989258
Otsu_Thresholding_Sklearn,Canny_CV2,0.48505680923125394,0.44300073221061037,0.16584597595741712,0.24134117109505038,0.1372302388208658,0.24134117109504602,0.13723023882086297,0.48505680923125394,401288,150230,251058,0.37436953011303603,327578,83678,334736,66552,0.05801701545715332,0.0012812614440917969,0.05673575401306152
Otsu_Thresholding_Sklearn,Global_Threshold_Sklearn,0.7363613539697542,1.0,0.4661739199776719,0.63590535014396,0.4661739199776719,0.6359053501439491,0.4661739199776603,0.7363613539697542,401288,187070,214218,0.4661739199776719,411256,0,214218,187070,0.05801701545715332,0.055350303649902344,0.0026667118072509766
Otsu_Thresholding_Sklearn,Adaptive_Threshold_Sklearn,0.4747841347668557,0.4826753177858032,0.8842676581407867,0.6244798509045248,0.4539954222518478,0.6244798509045194,0.453995422251842,0.4747841347668557,401288,735165,333877,0.5458475308264131,30937,380319,46442,354846,0.05801701545715332,0.06869983673095703,0.010682821273803711
Otsu_Thresholding_Sklearn,Otsu_Thresholding_Sklearn,1.0,1.0,1.0,1.0,1.0,0.9999999999999876,0.999999999999975,1.0,401288,401288,0,1.0,411256,0,0,401288,0.05801701545715332,0.05801701545715332,0.0
Otsu_Thresholding_Sklearn,Niblack_Thresholding_Sklearn,0.5504624980308759,0.571269148426772,0.35973664799346106,0.4414718992025811,0.2832620720644707,0.44147189920257435,0.28326207206446513,0.5504624980308759,401288,252697,148591,0.6297148182851219,302917,108339,256930,144358,0.05801701545715332,0.07541656494140625,0.01739954948425293
Otsu_Thresholding_Sklearn,Sauvola_Thresholding_Sklearn,0.5186069923597983,0.5064049009657592,0.9984425151013736,0.6719833221381676,0.5060051830223183,0.671983322138162,0.5060051830223119,0.5186069923597983,401288,791191,389903,0.5071948492841805,20728,390528,625,400663,0.05801701545715332,0.07718229293823242,0.0191652774810791
Otsu_Thresholding_Sklearn,Sobel_Sklearn,0.5641811397290485,0.7015399866682619,0.2045662965251889,0.31676512921038313,0.18818831210512318,0.316765129210377,0.18818831210511888,0.5641811397290485,401288,117014,284274,0.2915960606845956,376332,34924,319198,82090,0.05801701545715332,0.012919425964355469,0.04509758949279785
Otsu_Thresholding_Sklearn,Canny_Sklearn,0.526734552221172,0.6330286895017087,0.09924792169215127,0.17159303149699592,0.09384837973872226,0.17159303149699223,0.09384837973872005,0.526734552221172,401288,62915,338373,0.15678265983533024,388168,23088,361461,39827,0.05801701545715332,0.0336911678314209,0.024325847625732422
Otsu_Thresholding_Sklearn,Global_Threshold_Torch,0.7312871672180214,0.9964290172199519,0.457539223699687,0.6271187309047376,0.45679021560110067,0.6271187309047269,0.4567902156010893,0.7312871672180214,401288,184263,217025,0.4591789438009609,410598,658,217683,183605,0.05801701545715332,0.007098674774169922,0.0509183406829834
Otsu_Thresholding_Sklearn,Adaptive_Threshold_Torch,0.5361888094675489,0.521894819514102,0.7253020274715416,0.607011429888308,0.435761960228889,0.6070114298883017,0.4357619602288825,0.5361888094675489,401288,557689,156401,0.7195551642582156,144622,266634,110233,291055,0.05801701545715332,0.004970550537109375,0.053046464920043945
Otsu_Thresholding_Sklearn,Otsu_Thresholding_Torch,0.9721738145872716,0.9830692690394183,0.9601931779669465,0.9714965747984842,0.9445730086976986,0.971496574798472,0.9445730086976754,0.9721738145872716,401288,391950,9338,0.9767299296266023,404620,6636,15974,385314,0.05801701545715332,0.0047266483306884766,0.053290367126464844
Otsu_Thresholding_Sklearn,Niblack_Thresholding_Torch,0.5442622184152489,0.5328967068252624,0.6253164809314009,0.5754192698450189,0.4039218400647738,0.5754192698450123,0.4039218400647673,0.5442622184152489,401288,470883,69595,0.852203201219836,191305,219951,150356,250932,0.05801701545715332,0.28358960151672363,0.2255725860595703
Otsu_Thresholding_Sklearn,Sauvola_Thresholding_Torch,0.5409060924700693,0.5200998232888757,0.9109367835569466,0.6621466675119777,0.4949321808546647,0.6621466675119717,0.49493218085465807,0.5409060924700693,401288,702842,301554,0.5709505123484367,73962,337294,35740,365548,0.05801701545715332,0.2868204116821289,0.22880339622497559
Otsu_Thresholding_Sklearn,Sobel_Torch,0.5657822837901701,0.7225400615271592,0.19607115089412094,0.308442264834383,0.1823421444164801,0.3084422648343769,0.18234214441647587,0.5657822837901701,401288,108895,292393,0.2713637088574789,381042,30214,322607,78681,0.05801701545715332,0.0054779052734375,0.05253911018371582
Otsu_Thresholding_Sklearn,Canny_Torch,0.5620483321518589,0.6620026671801345,0.23132513307150973,0.342848067721616,0.20688994234236643,0.34284806772160964,0.20688994234236183,0.5620483321518589,401288,140223,261065,0.34943232790414863,363861,47395,308460,92828,0.05801701545715332,0.006171464920043945,0.051845550537109375
Niblack_Thresholding_Sklearn,Global_Threshold_CV2,0.6925901858853182,0.50790446264307,0.37035659307391855,0.4283595752471622,0.27255571217222135,0.4283595752471524,0.2725557121722134,0.6925901858853182,252697,184263,68434,0.7291855463262326,469172,90675,159109,93588,0.07541656494140625,0.0005633831024169922,0.07485318183898926
Niblack_Thresholding_Sklearn,Adaptive_Threshold_CV2,0.5119205852236925,0.37183047906463834,0.82595756973767,0.5128055821724282,0.3448140848467627,0.5128055821724219,0.344814084846757,0.5119205852236925,252697,561323,308626,0.4501810900319424,207241,352606,43980,208717,0.07541656494140625,0.0019354820251464844,0.07348108291625977
Niblack_Thresholding_Sklearn,Otsu_Thresholding_CV2,0.5601727414146188,0.3660882869145632,0.5662512811786448,0.4446833934417823,0.2859118147177947,0.44468339344177543,0.285911814717789,0.5601727414146188,252697,390862,138165,0.6465120681979829,312075,247772,109607,143090,0.07541656494140625,0.0007965564727783203,0.07462000846862793
Niblack_Thresholding_Sklearn,Niblack_Thresholding_CV2,0.6682567344045368,0.4820909950391451,0.8979647562100065,0.6273670066437926,0.4570537133234905,0.627367006643784,0.45705371332348127,0.6682567344045368,252697,470685,217988,0.5368707309559472,316075,243772,25784,226913,0.07541656494140625,0.0037431716918945312,0.07167339324951172
Niblack_Thresholding_Sklearn,Sauvola_Thresholding_CV2,0.4290561495746692,0.34973050807906614,0.9726747844256165,0.5144777451828936,0.3463278611374521,0.5144777451828881,0.34632786113744723,0.4290561495746692,252697,702804,450107,0.35955543793148587,102835,457012,6905,245792,0.07541656494140625,0.003965139389038086,0.07145142555236816
Niblack_Thresholding_Sklearn,Sobel_CV2,0.6444094104442344,0.34134295421906197,0.15425588748580316,0.21248701937622141,0.11887299375139138,0.2124870193762156,0.11887299375138774,0.6444094104442344,252697,114196,138501,0.45190880778165154,484631,75216,213717,38980,0.07541656494140625,0.006262540817260742,0.06915402412414551
Niblack_Thresholding_Sklearn,Canny_CV2,0.627349411231884,0.3332623310923251,0.19812661012991845,0.2485115169745388,0.14188589841325622,0.24851151697453264,0.1418858984132522,0.627349411231884,252697,150230,102467,0.594506464263525,459683,100164,202631,50066,0.07541656494140625,0.0012812614440917969,0.07413530349731445
Niblack_Thresholding_Sklearn,Global_Threshold_Sklearn,0.6894137425173283,0.5008873683647832,0.3708037689406681,0.42613929649109644,0.2707604907734363,0.4261392964910867,0.27076049077342845,0.6894137425173283,252697,187070,65627,0.7402937114409748,466478,93369,158996,93701,0.07541656494140625,0.055350303649902344,0.020066261291503906
Niblack_Thresholding_Sklearn,Adaptive_Threshold_Sklearn,0.40086936830497794,0.34076839893085226,0.9913888965836555,0.5071983738619362,0.3397627420691376,0.507198373861931,0.339762742069133,0.40086936830497794,252697,735165,482468,0.34372827868573724,75203,484644,2176,250521,0.07541656494140625,0.06869983673095703,0.006716728210449219
Niblack_Thresholding_Sklearn,Otsu_Thresholding_Sklearn,0.5504624980308759,0.35973664799346106,0.571269148426772,0.4414718992025811,0.2832620720644707,0.44147189920257435,0.28326207206446513,0.5504624980308759,252697,401288,148591,0.6297148182851219,302917,256930,108339,144358,0.07541656494140625,0.05801701545715332,0.01739954948425293
Niblack_Thresholding_Sklearn,Niblack_Thresholding_Sklearn,1.0,1.0,1.0,1.0,1.0,0.9999999999999802,0.9999999999999604,1.0,252697,252697,0,1.0,559847,0,0,252697,0.07541656494140625,0.07541656494140625,0.0
Niblack_Thresholding_Sklearn,Sauvola_Thresholding_Sklearn,0.3372740430056711,0.3193881123521375,1.0,0.48414580874576585,0.3193881123521375,0.4841458087457612,0.31938811235213344,0.3372740430056711,252697,791191,538494,0.3193881123521375,21353,538494,0,252697,0.07541656494140625,0.07718229293823242,0.0017657279968261719
Niblack_Thresholding_Sklearn,Sobel_Sklearn,0.6431934762917454,0.340942109491172,0.15787682481390755,0.21581721939569015,0.12096138452955588,0.2158172193956843,0.1209613845295522,0.6431934762917454,252697,117014,135683,0.4630605032905021,482728,77119,212802,39895,0.07541656494140625,0.012919425964355469,0.06249713897705078
Niblack_Thresholding_Sklearn,Canny_Sklearn,0.6625068919344675,0.3288881824684098,0.08188462862637863,0.1311230244730872,0.070161399701614,0.13112302447308305,0.07016139970161162,0.6625068919344675,252697,62915,189782,0.2489740677570371,517624,42223,232005,20692,0.07541656494140625,0.0336911678314209,0.04172539710998535
Niblack_Thresholding_Sklearn,Global_Threshold_Torch,0.6925901858853182,0.50790446264307,0.37035659307391855,0.4283595752471622,0.27255571217222135,0.4283595752471524,0.2725557121722134,0.6925901858853182,252697,184263,68434,0.7291855463262326,469172,90675,159109,93588,0.07541656494140625,0.007098674774169922,0.06831789016723633
Niblack_Thresholding_Sklearn,Adaptive_Threshold_Torch,0.5535552536231884,0.40132582855319004,0.8857050143056704,0.5523664031708346,0.38156506203000146,0.5523664031708279,0.38156506202999496,0.5535552536231884,252697,557689,304992,0.45311454950698327,225973,333874,28882,223815,0.07541656494140625,0.004970550537109375,0.07044601440429688
Niblack_Thresholding_Sklearn,Otsu_Thresholding_Torch,0.5596287708727158,0.36589616022451843,0.5675294918420084,0.44493497991924263,0.286119856194911,0.4449349799192357,0.28611985619490526,0.5596287708727158,252697,391950,139253,0.6447174384487817,311310,248537,109284,143413,0.07541656494140625,0.0047266483306884766,0.07068991661071777
Niblack_Thresholding_Sklearn,Niblack_Thresholding_Torch,0.6682173519218652,0.48206454681948596,0.8982932128200968,0.6274247491638796,0.4571150097465887,0.6274247491638709,0.4571150097465795,0.6682173519218652,252697,470883,218186,0.5366449839981482,315960,243887,25701,226996,0.07541656494140625,0.28358960151672363,0.20817303657531738
Niblack_Thresholding_Sklearn,Sauvola_Thresholding_Torch,0.4290216899023314,0.3497187134519565,0.972694570968393,0.5144677506621917,0.34631880317072966,0.5144677506621863,0.3463188031707248,0.4290216899023314,252697,702842,450145,0.3595359981332931,102802,457045,6900,245797,0.07541656494140625,0.2868204116821289,0.21140384674072266
Niblack_Thresholding_Sklearn,Sobel_Torch,0.6459514807813485,0.33937279030258505,0.1462462949698651,0.20440717714993695,0.11383826809103119,0.20440717714993129,0.11383826809102768,0.6459514807813485,252697,108895,143802,0.4309311151299778,487908,71939,215741,36956,0.07541656494140625,0.0054779052734375,0.06993865966796875
Niblack_Thresholding_Sklearn,Canny_Torch,0.6322956049149339,0.3356938590673427,0.18627842831533417,0.23960093657742035,0.13610603502116536,0.23960093657741424,0.13610603502116142,0.6322956049149339,252697,140223,112474,0.5549056775505843,466696,93151,205625,47072,0.07541656494140625,0.006171464920043945,0.0692451000213623
Sauvola_Thresholding_Sklearn,Global_Threshold_CV2,0.25287245982986767,0.9996038271383837,0.23280092923200593,0.37764979178925917,0.23277945161159866,0.3776497917892553,0.23277945161159572,0.25287245982986767,791191,184263,606928,0.23289319519559754,21280,73,607001,184190,0.07718229293823242,0.0005633831024169922,0.07661890983581543
Sauvola_Thresholding_Sklearn,Adaptive_Threshold_CV2,0.7029280875866415,0.9897420914518023,0.7021882200378923,0.8215293889749016,0.6971148718424893,0.8215293889748955,0.6971148718424806,0.7029280875866415,791191,561323,229868,0.7094658559058432,15595,5758,235626,555565,0.07718229293823242,0.0019354820251464844,0.07524681091308594
Sauvola_Thresholding_Sklearn,Otsu_Thresholding_CV2,0.5060661330340265,0.9987028669965359,0.49337644133970177,0.660469539013902,0.4930604851850074,0.6604695390138965,0.4930604851850012,0.5060661330340265,791191,390862,400329,0.4940172474156051,20846,507,400836,390355,0.07718229293823242,0.0007965564727783203,0.0763857364654541
Sauvola_Thresholding_Sklearn,Niblack_Thresholding_CV2,0.6035931592627599,0.9983088477431828,0.5939008406314026,0.7447467104533251,0.5933039304938086,0.7447467104533192,0.5933039304938011,0.6035931592627599,791191,470685,320506,0.5949069188097438,20557,796,321302,469889,0.07718229293823242,0.0037431716918945312,0.07343912124633789
Sauvola_Thresholding_Sklearn,Sauvola_Thresholding_CV2,0.8876823901228733,0.99795391033631,0.8864686276765029,0.9389134501788828,0.8848603823478576,0.9389134501788765,0.8848603823478464,0.8876823901228733,791191,702804,88387,0.8882861407675264,19915,1438,89825,701366,0.07718229293823242,0.003965139389038086,0.07321715354919434
Sauvola_Thresholding_Sklearn,Sobel_CV2,0.15993349283238814,0.9754982661389191,0.14079786044077852,0.2460781963955745,0.14030169183704055,0.24607819639557177,0.1403016918370388,0.15993349283238814,791191,114196,676995,0.14433430107268663,18555,2798,679793,111398,0.07718229293823242,0.006262540817260742,0.07091975212097168
Sauvola_Thresholding_Sklearn,Canny_CV2,0.20285301472904851,0.9775144778007056,0.18560878473086775,0.3119794438407471,0.184819694702411,0.31197944384074383,0.18481969470240867,0.20285301472904851,791191,150230,640961,0.18987829740227075,17975,3378,644339,146852,0.07718229293823242,0.0012812614440917969,0.07590103149414062
Sauvola_Thresholding_Sklearn,Global_Threshold_Sklearn,0.25641565256773785,0.9998022130753194,0.23639424614284035,0.3823785267939742,0.23638319169695712,0.3823785267939703,0.23638319169695415,0.25641565256773785,791191,187070,604121,0.23644101108329088,21316,37,604158,187033,0.07718229293823242,0.055350303649902344,0.021831989288330078
Sauvola_Thresholding_Sklearn,Adaptive_Threshold_Sklearn,0.8958013350661626,0.9805213795542497,0.9110884729477459,0.9445306337446834,0.8948915657266009,0.9445306337446773,0.8948915657265898,0.8958013350661626,791191,735165,56026,0.9291877688194128,7033,14320,70346,720845,0.07718229293823242,0.06869983673095703,0.00848245620727539
Sauvola_Thresholding_Sklearn,Otsu_Thresholding_Sklearn,0.5186069923597983,0.9984425151013736,0.5064049009657592,0.6719833221381676,0.5060051830223183,0.671983322138162,0.5060051830223119,0.5186069923597983,791191,401288,389903,0.5071948492841805,20728,625,390528,400663,0.07718229293823242,0.05801701545715332,0.0191652774810791
Sauvola_Thresholding_Sklearn,Niblack_Thresholding_Sklearn,0.3372740430056711,1.0,0.3193881123521375,0.48414580874576585,0.3193881123521375,0.4841458087457612,0.31938811235213344,0.3372740430056711,791191,252697,538494,0.3193881123521375,21353,0,538494,252697,0.07718229293823242,0.07541656494140625,0.0017657279968261719
Sauvola_Thresholding_Sklearn,Sauvola_Thresholding_Sklearn,1.0,1.0,1.0,1.0,1.0,0.9999999999999937,0.9999999999999873,1.0,791191,791191,0,1.0,21353,0,0,791191,0.07718229293823242,0.07718229293823242,0.0
Sauvola_Thresholding_Sklearn,Sobel_Sklearn,0.16326131261814744,0.9756012101116106,0.14428753613223608,0.25139478421721967,0.14376874891379088,0.2513947842172169,0.14376874891378907,0.16326131261814744,791191,117014,674177,0.1478960200507842,18498,2855,677032,114159,0.07718229293823242,0.012919425964355469,0.06426286697387695
Sauvola_Thresholding_Sklearn,Canny_Sklearn,0.10093730308758664,0.9821028371612494,0.07809618663508558,0.1446869592298848,0.07798520036803451,0.14468695922988312,0.07798520036803352,0.10093730308758664,791191,62915,728276,0.07951935752555325,20227,1126,729402,61789,0.07718229293823242,0.0336911678314209,0.04349112510681152
Sauvola_Thresholding_Sklearn,Global_Threshold_Torch,0.25287245982986767,0.9996038271383837,0.23280092923200593,0.37764979178925917,0.23277945161159866,0.3776497917892553,0.23277945161159572,0.25287245982986767,791191,184263,606928,0.23289319519559754,21280,73,607001,184190,0.07718229293823242,0.007098674774169922,0.0700836181640625
Sauvola_Thresholding_Sklearn,Adaptive_Threshold_Torch,0.7072010869565217,0.9960461834463294,0.7020858427358249,0.8236225609394461,0.7001346112155846,0.82362256093944,0.7001346112155759,0.7072010869565217,791191,557689,233502,0.7048727804032149,19148,2205,235707,555484,0.07718229293823242,0.004970550537109375,0.07221174240112305
Sauvola_Thresholding_Sklearn,Otsu_Thresholding_Torch,0.5073706777725268,0.9986707488200025,0.4947338885300768,0.6616776867676802,0.49440832019724346,0.6616776867676747,0.4944083201972372,0.5073706777725268,791191,391950,399241,0.4953923894483127,20832,521,399762,391429,0.07718229293823242,0.0047266483306884766,0.07245564460754395
Sauvola_Thresholding_Sklearn,Niblack_Thresholding_Torch,0.6038048401071203,0.9982819511428529,0.5941346653336552,0.7449230393780396,0.5935277777777778,0.7449230393780337,0.5935277777777703,0.6038048401071203,791191,470883,320308,0.5951571744370197,20544,809,321117,470074,0.07718229293823242,0.28358960151672363,0.2064073085784912
Sauvola_Thresholding_Sklearn,Sauvola_Thresholding_Torch,0.8877537708727158,0.9979682489094277,0.8865292957073576,0.9389538249824468,0.8849321048322082,0.9389538249824405,0.884932104832197,0.8877537708727158,791191,702842,88349,0.8883341696252864,19925,1428,89777,701414,0.07718229293823242,0.2868204116821289,0.20963811874389648
Sauvola_Thresholding_Sklearn,Sobel_Torch,0.15381074747952111,0.9758023784379448,0.1343038533047014,0.23611077163737687,0.13385804949699304,0.23611077163737423,0.13385804949699134,0.15381074747952111,791191,108895,682296,0.13763427541516524,18718,2635,684931,106260,0.07718229293823242,0.0054779052734375,0.07170438766479492
Sauvola_Thresholding_Sklearn,Canny_Torch,0.19047337744171391,0.975724381877438,0.17292790236491568,0.2937877248999908,0.17218708902019267,0.2937877248999876,0.1721870890201905,0.19047337744171391,791191,140223,650968,0.17723027688636497,17949,3404,654372,136819,0.07718229293823242,0.006171464920043945,0.07101082801818848
Sobel_Sklearn,Global_Threshold_CV2,0.7531345994801513,0.27321817185218955,0.4302391166868922,0.33420407133634494,0.2006272590691539,0.33420407133633384,0.2006272590691459,0.7531345994801513,117014,184263,67249,0.6350379620433837,561611,133919,66670,50344,0.012919425964355469,0.0005633831024169922,0.012356042861938477
Sobel_Sklearn,Adaptive_Threshold_CV2,0.3185612102236925,0.11102163994705366,0.5325772984429213,0.18374053014946848,0.10116425169394401,0.18374053014946576,0.10116425169394236,0.3185612102236925,117014,561323,444309,0.20846108212205808,196526,499004,54695,62319,0.012919425964355469,0.0019354820251464844,0.010983943939208984
Sobel_Sklearn,Otsu_Thresholding_CV2,0.5592509451795841,0.1915612159790412,0.639872152050182,0.2948514991848404,0.17291836989205592,0.2948514991848346,0.17291836989205192,0.5592509451795841,117014,390862,273848,0.2993742036831414,379542,315988,42140,74874,0.012919425964355469,0.0007965564727783203,0.012122869491577148
Sobel_Sklearn,Niblack_Thresholding_CV2,0.4432658416036547,0.14375644008200814,0.5782555933478045,0.2302675349115789,0.13011431922851346,0.23026753491157495,0.13011431922851097,0.4432658416036547,117014,470685,353671,0.24860363087840062,292509,403021,49350,67664,0.012919425964355469,0.0037431716918945312,0.009176254272460938
Sobel_Sklearn,Sauvola_Thresholding_CV2,0.20088512129804661,0.12130124472825994,0.7285538482574735,0.20797542869270985,0.116056125581465,0.2079754286927073,0.11605612558146342,0.20088512129804661,117014,702804,585790,0.16649592204939073,77977,617553,31763,85251,0.012919425964355469,0.003965139389038086,0.008954286575317383
Sobel_Sklearn,Sobel_CV2,0.9965048046628859,0.9999036743843918,0.975823405746321,0.9877167942563038,0.975731681264687,0.987716794256261,0.9757316812646036,0.9965048046628859,117014,114196,2818,0.9759174115917754,695519,11,2829,114185,0.012919425964355469,0.006262540817260742,0.0066568851470947266
Sobel_Sklearn,Canny_CV2,0.8378820100819155,0.4510284230846036,0.5790589160271421,0.5070871563065962,0.33966293373971107,0.5070871563065772,0.33966293373969403,0.8378820100819155,117014,150230,33216,0.778899021500366,613058,82472,49256,67758,0.012919425964355469,0.0012812614440917969,0.011638164520263672
Sobel_Sklearn,Global_Threshold_Sklearn,0.7582014020163831,0.2876249532260651,0.45982532004717386,0.35388905697110007,0.21498493675033362,0.3538890569710884,0.21498493675032504,0.7582014020163831,117014,187070,70056,0.6255091676912385,562266,133264,63208,53806,0.012919425964355469,0.055350303649902344,0.042430877685546875
Sobel_Sklearn,Adaptive_Threshold_Sklearn,0.15783391422495274,0.11417980997463155,0.7173586066624507,0.197003211766542,0.10926431652690963,0.1970032117665397,0.10926431652690821,0.15783391422495274,117014,735165,618151,0.15916698972339544,44306,651224,33073,83941,0.012919425964355469,0.06869983673095703,0.05578041076660156
Sobel_Sklearn,Otsu_Thresholding_Sklearn,0.5641811397290485,0.2045662965251889,0.7015399866682619,0.31676512921038313,0.18818831210512318,0.316765129210377,0.18818831210511888,0.5641811397290485,117014,401288,284274,0.2915960606845956,376332,319198,34924,82090,0.012919425964355469,0.05801701545715332,0.04509758949279785
Sobel_Sklearn,Niblack_Thresholding_Sklearn,0.6431934762917454,0.15787682481390755,0.340942109491172,0.21581721939569015,0.12096138452955588,0.2158172193956843,0.1209613845295522,0.6431934762917454,117014,252697,135683,0.4630605032905021,482728,212802,77119,39895,0.012919425964355469,0.07541656494140625,0.06249713897705078
Sobel_Sklearn,Sauvola_Thresholding_Sklearn,0.16326131261814744,0.14428753613223608,0.9756012101116106,0.25139478421721967,0.14376874891379088,0.2513947842172169,0.14376874891378907,0.16326131261814744,117014,791191,674177,0.1478960200507842,18498,677032,2855,114159,0.012919425964355469,0.07718229293823242,0.06426286697387695
Sobel_Sklearn,Sobel_Sklearn,1.0,1.0,1.0,1.0,1.0,0.9999999999999573,0.9999999999999145,1.0,117014,117014,0,1.0,695530,0,0,117014,0.012919425964355469,0.012919425964355469,0.0
Sobel_Sklearn,Canny_Sklearn,0.899718661389414,0.7823730429945164,0.42065906643649476,0.5471380377815694,0.376593270393096,0.5471380377815389,0.37659327039306717,0.899718661389414,117014,62915,54099,0.5376707060693592,681838,13692,67791,49223,0.012919425964355469,0.0336911678314209,0.02077174186706543
Sobel_Sklearn,Global_Threshold_Torch,0.7531345994801513,0.27321817185218955,0.4302391166868922,0.33420407133634494,0.2006272590691539,0.33420407133633384,0.2006272590691459,0.7531345994801513,117014,184263,67249,0.6350379620433837,561611,133919,66670,50344,0.012919425964355469,0.007098674774169922,0.005820751190185547
Sobel_Sklearn,Adaptive_Threshold_Torch,0.3249140969596723,0.11311501571664494,0.5391064317090263,0.18699487033554024,0.10314083908309081,0.18699487033553747,0.10314083908308912,0.3249140969596723,117014,557689,440675,0.2098194513429528,200924,494606,53931,63083,0.012919425964355469,0.004970550537109375,0.007948875427246094
Sobel_Sklearn,Otsu_Thresholding_Torch,0.5587931238185255,0.19194284985329763,0.642931615020425,0.29562798154682846,0.17345273117962243,0.2956279815468226,0.17345273117961843,0.5587931238185255,117014,391950,274936,0.29854318152825615,378812,316718,41782,75232,0.012919425964355469,0.0047266483306884766,0.008192777633666992
Sobel_Sklearn,Niblack_Thresholding_Torch,0.44296555017328293,0.14364714801766043,0.5780590356709454,0.2301117372600983,0.13001483884856685,0.23011173726009437,0.13001483884856435,0.44296555017328293,117014,470883,353869,0.24849909637850592,292288,403242,49373,67641,0.012919425964355469,0.28358960151672363,0.27067017555236816
Sobel_Sklearn,Sauvola_Thresholding_Torch,0.2008482002205419,0.1213003776097615,0.7285880322012751,0.20797554692531373,0.11605619921562862,0.20797554692531117,0.11605619921562704,0.2008482002205419,117014,702842,585828,0.16648692024665573,77943,617587,31759,85255,0.012919425964355469,0.2868204116821289,0.27390098571777344
Sobel_Sklearn,Sobel_Torch,0.9817720640359168,0.9692731530373295,0.9020202710786743,0.9344382029932407,0.8769441674975075,0.9344382029931992,0.8769441674974346,0.9817720640359168,117014,108895,8119,0.9306151400687097,692184,3346,11465,105549,0.012919425964355469,0.0054779052734375,0.007441520690917969
Sobel_Sklearn,Canny_Torch,0.9714366237397606,0.8344850702095947,1.0,0.9097758098562804,0.8344850702095947,0.909775809856245,0.8344850702095351,0.9714366237397606,117014,140223,23209,0.8344850702095947,672321,23209,0,117014,0.012919425964355469,0.006171464920043945,0.0067479610443115234
Canny_Sklearn,Global_Threshold_CV2,0.7541351606805293,0.1286259314132517,0.3767146149566876,0.19177273058281885,0.10605565673425006,0.19177273058281108,0.1060556567342453,0.7541351606805293,62915,184263,121348,0.341441309432713,589067,160562,39214,23701,0.0336911678314209,0.0005633831024169922,0.033127784729003906
Canny_Sklearn,Adaptive_Threshold_CV2,0.31680499763705106,0.0615617033330186,0.5492489867281253,0.11071418273158636,0.05860107651242534,0.11071418273158458,0.05860107651242435,0.31680499763705106,62915,561323,498408,0.11208341721254964,222862,526767,28359,34556,0.0336911678314209,0.0019354820251464844,0.031755685806274414
Canny_Sklearn,Otsu_Thresholding_CV2,0.5322185629332074,0.09425833158506071,0.5855837240721609,0.16237931847581522,0.0883638936524878,0.16237931847581163,0.08836389365248568,0.5322185629332074,62915,390862,327947,0.16096473947326678,395609,354020,26073,36842,0.0336911678314209,0.0007965564727783203,0.03289461135864258
Canny_Sklearn,Niblack_Thresholding_CV2,0.43741138941398866,0.08123479609505295,0.6077406024000636,0.14331334332833584,0.07718768420797635,0.14331334332833315,0.0771876842079748,0.43741138941398866,62915,470685,407770,0.13366688974579602,317180,432449,24679,38236,0.0336911678314209,0.0037431716918945312,0.029947996139526367
Canny_Sklearn,Sauvola_Thresholding_CV2,0.18066836995904223,0.07112651606991423,0.7945323054915362,0.1305648677909259,0.06984188193609052,0.13056486779092422,0.06984188193608953,0.18066836995904223,62915,702804,639889,0.0895199799659649,96813,652816,12927,49988,0.0336911678314209,0.003965139389038086,0.029726028442382812
Canny_Sklearn,Sobel_CV2,0.9019782313327032,0.42673999089285086,0.7745688627513312,0.5502989650558124,0.3795947935409997,0.5502989650557814,0.37959479354097014,0.9019782313327032,62915,114196,51281,0.5509387369084732,684165,65464,14183,48732,0.0336911678314209,0.006262540817260742,0.027428627014160156
Canny_Sklearn,Canny_CV2,0.8540817481884058,0.3147839978699328,0.7516490503059684,0.4437354852330573,0.28512857616592807,0.44373548523303646,0.28512857616591086,0.8540817481884058,62915,150230,87315,0.41879118684683486,646689,102940,15625,47290,0.0336911678314209,0.0012812614440917969,0.0324099063873291
Canny_Sklearn,Global_Threshold_Sklearn,0.754648363657845,0.13531298444432566,0.40233648573472147,0.20251615096905815,0.11266646489104117,0.20251615096905004,0.11266646489103614,0.754648363657845,62915,187070,124155,0.33631795584540547,587872,161757,37602,25313,0.0336911678314209,0.055350303649902344,0.021659135818481445
Canny_Sklearn,Adaptive_Threshold_Sklearn,0.13564557734719596,0.06512415580175879,0.7609790987840738,0.11998045308740979,0.06381872639805493,0.11998045308740828,0.06381872639805407,0.13564557734719596,62915,735165,672250,0.08557942774751247,62341,687288,15038,47877,0.0336911678314209,0.06869983673095703,0.03500866889953613
Canny_Sklearn,Otsu_Thresholding_Sklearn,0.526734552221172,0.09924792169215127,0.6330286895017087,0.17159303149699592,0.09384837973872226,0.17159303149699223,0.09384837973872005,0.526734552221172,62915,401288,338373,0.15678265983533024,388168,361461,23088,39827,0.0336911678314209,0.05801701545715332,0.024325847625732422
Canny_Sklearn,Niblack_Thresholding_Sklearn,0.6625068919344675,0.08188462862637863,0.3288881824684098,0.1311230244730872,0.070161399701614,0.13112302447308305,0.07016139970161162,0.6625068919344675,62915,252697,189782,0.2489740677570371,517624,232005,42223,20692,0.0336911678314209,0.07541656494140625,0.04172539710998535
Canny_Sklearn,Sauvola_Thresholding_Sklearn,0.10093730308758664,0.07809618663508558,0.9821028371612494,0.1446869592298848,0.07798520036803451,0.14468695922988312,0.07798520036803352,0.10093730308758664,62915,791191,728276,0.07951935752555325,20227,729402,1126,61789,0.0336911678314209,0.07718229293823242,0.04349112510681152
Canny_Sklearn,Sobel_Sklearn,0.899718661389414,0.42065906643649476,0.7823730429945164,0.5471380377815694,0.376593270393096,0.5471380377815389,0.37659327039306717,0.899718661389414,62915,117014,54099,0.5376707060693592,681838,67791,13692,49223,0.0336911678314209,0.012919425964355469,0.02077174186706543
Canny_Sklearn,Canny_Sklearn,1.0,1.0,1.0,1.0,1.0,0.9999999999999205,0.9999999999998411,1.0,62915,62915,0,1.0,749629,0,0,62915,0.0336911678314209,0.0336911678314209,0.0
Canny_Sklearn,Global_Threshold_Torch,0.7541351606805293,0.1286259314132517,0.3767146149566876,0.19177273058281885,0.10605565673425006,0.19177273058281108,0.1060556567342453,0.7541351606805293,62915,184263,121348,0.341441309432713,589067,160562,39214,23701,0.0336911678314209,0.007098674774169922,0.026592493057250977
Canny_Sklearn,Adaptive_Threshold_Torch,0.3231726528040328,0.06334354810656119,0.5614877215290471,0.11384393268493274,0.06035764200943825,0.11384393268493091,0.06035764200943722,0.3231726528040328,62915,557689,494774,0.11281377255065099,227266,522363,27589,35326,0.0336911678314209,0.004970550537109375,0.028720617294311523
Canny_Sklearn,Otsu_Thresholding_Torch,0.5314136834436043,0.09455032529659395,0.5890328220615115,0.16294504963011003,0.08869906128681733,0.16294504963010645,0.0886990612868152,0.5314136834436043,62915,391950,329035,0.16051792320449038,394738,354891,25856,37059,0.0336911678314209,0.0047266483306884766,0.028964519500732422
Canny_Sklearn,Niblack_Thresholding_Torch,0.4371381734404537,0.08117515391296777,0.6075498688706985,0.14321522373631973,0.07713076150080513,0.14321522373631704,0.07713076150080357,0.4371381734404537,62915,470883,407968,0.13361068460742903,316970,432659,24691,38224,0.0336911678314209,0.28358960151672363,0.24989843368530273
Canny_Sklearn,Sauvola_Thresholding_Torch,0.18064867871770637,0.07113832127277539,0.7947071445601208,0.13058711836783732,0.06985461566618885,0.1305871183678356,0.06985461566618788,0.18064867871770637,62915,702842,639927,0.08951513996033247,96786,652843,12916,49999,0.0336911678314209,0.2868204116821289,0.253129243850708
Canny_Sklearn,Sobel_Torch,0.9040273511342155,0.4308186785435511,0.7456727330525312,0.5461148943600489,0.37562451960030746,0.546114894360017,0.3756245196002774,0.9040273511342155,62915,108895,45980,0.5777583911107029,687648,61981,16001,46914,0.0336911678314209,0.0054779052734375,0.0282132625579834
Canny_Sklearn,Canny_Torch,0.8791966958097038,0.37433231352916424,0.8343002463641421,0.516791540726009,0.34842812383835164,0.5167915407259834,0.3484281238383285,0.8791966958097038,62915,140223,77308,0.4486781769039316,661896,87733,10425,52490,0.0336911678314209,0.006171464920043945,0.027519702911376953
Global_Threshold_Torch,Global_Threshold_CV2,1.0,1.0,1.0,1.0,1.0,0.9999999999999728,0.9999999999999457,1.0,184263,184263,0,1.0,628281,0,0,184263,0.007098674774169922,0.0005633831024169922,0.00653529167175293
Global_Threshold_Torch,Adaptive_Threshold_CV2,0.4457457073093888,0.26297693128555216,0.8011103694176259,0.39597041789947773,0.24685979754871057,0.3959704178994724,0.24685979754870643,0.4457457073093888,184263,561323,377060,0.3282655440806808,214573,413708,36648,147615,0.007098674774169922,0.0019354820251464844,0.0051631927490234375
Global_Threshold_Torch,Otsu_Thresholding_CV2,0.7457380769533711,0.47142725565544874,1.0,0.6407754835905238,0.47142725565544874,0.6407754835905126,0.47142725565543664,0.7457380769533711,184263,390862,206599,0.47142725565544874,421682,206599,0,184263,0.007098674774169922,0.0007965564727783203,0.0063021183013916016
Global_Threshold_Torch,Niblack_Thresholding_CV2,0.5489524259609325,0.3064172429544175,0.7827181799927277,0.44041969744162895,0.2823962938741625,0.44041969744162224,0.28239629387415693,0.5489524259609325,184263,470685,286422,0.3914783772586762,301822,326459,40037,144226,0.007098674774169922,0.0037431716918945312,0.0033555030822753906
Global_Threshold_Torch,Sauvola_Thresholding_CV2,0.3449893175015753,0.2524473395142885,0.9628682915181018,0.4000171351205715,0.2500133869563134,0.40001713512056697,0.2500133869563099,0.3449893175015753,184263,702804,518541,0.26218262844263834,102898,525383,6842,177421,0.007098674774169922,0.003965139389038086,0.003133535385131836
Global_Threshold_Torch,Sobel_CV2,0.7547985093730308,0.43443728326736486,0.269240162159522,0.332447672879692,0.1993626631518035,0.33244767287968086,0.1993626631517955,0.7547985093730308,184263,114196,70067,0.6197446041798951,563696,64585,134652,49611,0.007098674774169922,0.006262540817260742,0.0008361339569091797
Global_Threshold_Torch,Canny_CV2,0.6811901878544423,0.25110164414564334,0.20472368299658641,0.22555330006905974,0.12711190484213364,0.225553300069053,0.12711190484212936,0.6811901878544423,184263,150230,34033,0.8153020411042912,515774,112507,146540,37723,0.007098674774169922,0.0012812614440917969,0.005817413330078125
Global_Threshold_Torch,Global_Threshold_Sklearn,0.9573081580812854,0.8997808307050836,0.9134877864791087,0.9065825014205579,0.8291274857027452,0.9065825014205334,0.8291274857027043,0.9573081580812854,184263,187070,2807,0.984994921687069,609533,18748,15941,168322,0.007098674774169922,0.055350303649902344,0.04825162887573242
Global_Threshold_Torch,Adaptive_Threshold_Sklearn,0.269932459042218,0.22186583964144105,0.8851912755138036,0.35480320373101537,0.21566003807911996,0.3548032037310115,0.2156600380791171,0.269932459042218,184263,735165,550902,0.2506416926812348,56224,572057,21155,163108,0.007098674774169922,0.06869983673095703,0.06160116195678711
Global_Threshold_Torch,Otsu_Thresholding_Sklearn,0.7312871672180214,0.457539223699687,0.9964290172199519,0.6271187309047376,0.45679021560110067,0.6271187309047269,0.4567902156010893,0.7312871672180214,184263,401288,217025,0.4591789438009609,410598,217683,658,183605,0.007098674774169922,0.05801701545715332,0.0509183406829834
Global_Threshold_Torch,Niblack_Thresholding_Sklearn,0.6925901858853182,0.37035659307391855,0.50790446264307,0.4283595752471622,0.27255571217222135,0.4283595752471524,0.2725557121722134,0.6925901858853182,184263,252697,68434,0.7291855463262326,469172,159109,90675,93588,0.007098674774169922,0.07541656494140625,0.06831789016723633
Global_Threshold_Torch,Sauvola_Thresholding_Sklearn,0.25287245982986767,0.23280092923200593,0.9996038271383837,0.37764979178925917,0.23277945161159866,0.3776497917892553,0.23277945161159572,0.25287245982986767,184263,791191,606928,0.23289319519559754,21280,607001,73,184190,0.007098674774169922,0.07718229293823242,0.0700836181640625
Global_Threshold_Torch,Sobel_Sklearn,0.7531345994801513,0.4302391166868922,0.27321817185218955,0.33420407133634494,0.2006272590691539,0.33420407133633384,0.2006272590691459,0.7531345994801513,184263,117014,67249,0.6350379620433837,561611,66670,133919,50344,0.007098674774169922,0.012919425964355469,0.005820751190185547
Global_Threshold_Torch,Canny_Sklearn,0.7541351606805293,0.3767146149566876,0.1286259314132517,0.19177273058281885,0.10605565673425006,0.19177273058281108,0.1060556567342453,0.7541351606805293,184263,62915,121348,0.341441309432713,589067,39214,160562,23701,0.007098674774169922,0.0336911678314209,0.026592493057250977
Global_Threshold_Torch,Global_Threshold_Torch,1.0,1.0,1.0,1.0,1.0,0.9999999999999728,0.9999999999999457,1.0,184263,184263,0,1.0,628281,0,0,184263,0.007098674774169922,0.007098674774169922,0.0
Global_Threshold_Torch,Adaptive_Threshold_Torch,0.4499276346880907,0.26447894794410504,0.800469980408438,0.3975917579573881,0.2481213884987089,0.3975917579573827,0.24812138849870471,0.4499276346880907,184263,557689,373426,0.3304045803306144,218089,410192,36766,147497,0.007098674774169922,0.004970550537109375,0.002128124237060547
Global_Threshold_Torch,Otsu_Thresholding_Torch,0.7443990725425331,0.47011863758132416,1.0,0.6395655773125563,0.47011863758132416,0.6395655773125452,0.4701186375813121,0.7443990725425331,184263,391950,207687,0.47011863758132416,420594,207687,0,184263,0.007098674774169922,0.0047266483306884766,0.0023720264434814453
Global_Threshold_Torch,Niblack_Thresholding_Torch,0.5488145872715816,0.3063797164051367,0.7829515420892963,0.4404178610569247,0.282394783871656,0.440417861056918,0.28239478387165046,0.5488145872715816,184263,470883,286620,0.391313765839922,301667,326614,39994,144269,0.007098674774169922,0.28358960151672363,0.2764909267425537
Global_Threshold_Torch,Sauvola_Thresholding_Torch,0.3449351665879017,0.2524294222599105,0.9628520104415971,0.39999323642635315,0.24999471598042516,0.3999932364263486,0.24999471598042164,0.3449351665879017,184263,702842,518579,0.2621684532227727,102857,525424,6845,177418,0.007098674774169922,0.2868204116821289,0.279721736907959
Global_Threshold_Torch,Sobel_Torch,0.7569288555450535,0.4391937187198678,0.25955292163917876,0.3262813909223013,0.19494399426083836,0.32628139092229014,0.19494399426083042,0.7569288555450535,184263,108895,75368,0.5909759419959515,567212,61069,136437,47826,0.007098674774169922,0.0054779052734375,0.0016207695007324219
Global_Threshold_Torch,Canny_Torch,0.7375575968809074,0.396653901285809,0.30185115839859333,0.3428191046763189,0.2068688491664993,0.3428191046763083,0.2068688491664916,0.7375575968809074,184263,140223,44040,0.7609937969098517,543678,84603,128643,55620,0.007098674774169922,0.006171464920043945,0.0009272098541259766
Adaptive_Threshold_Torch,Global_Threshold_CV2,0.4499276346880907,0.800469980408438,0.26447894794410504,0.3975917579573881,0.2481213884987089,0.3975917579573827,0.24812138849870471,0.4499276346880907,557689,184263,373426,0.3304045803306144,218089,36766,410192,147497,0.004970550537109375,0.0005633831024169922,0.004407167434692383
Adaptive_Threshold_Torch,Adaptive_Threshold_CV2,0.9169349598298677,0.9366425391441291,0.9427458673203165,0.9396842929298346,0.8862306638145951,0.9396842929298261,0.8862306638145802,0.9169349598298677,557689,561323,3634,0.9935260090892409,219291,35564,31930,525759,0.004970550537109375,0.0019354820251464844,0.0030350685119628906
Adaptive_Threshold_Torch,Otsu_Thresholding_CV2,0.5620827918241966,0.7582266887034299,0.5314108759541608,0.6248730959115535,0.4544112212870809,0.6248730959115469,0.4544112212870739,0.5620827918241966,557689,390862,166827,0.7008601568257578,160355,94500,261327,296362,0.004970550537109375,0.0007965564727783203,0.004173994064331055
Adaptive_Threshold_Torch,Niblack_Thresholding_CV2,0.8453105308758664,0.9589024506835782,0.8093059034694965,0.8777759842236385,0.7821753695195942,0.8777759842236299,0.7821753695195807,0.8453105308758664,557689,470685,87004,0.8439919022967999,235511,19344,106348,451341,0.004970550537109375,0.0037431716918945312,0.0012273788452148438
Adaptive_Threshold_Torch,Sauvola_Thresholding_CV2,0.8140076106647763,0.7892428045372536,0.9946098990656083,0.8801048478650814,0.7858814695172922,0.8801048478650744,0.785881469517281,0.8140076106647763,557689,702804,145115,0.7935199572000159,106734,148121,3006,554683,0.004970550537109375,0.003965139389038086,0.001005411148071289
Adaptive_Threshold_Torch,Sobel_CV2,0.32449565808128544,0.5385827874881782,0.11028368857911847,0.18307894952261175,0.1007632937460373,0.18307894952260903,0.10076329374603565,0.32449565808128544,557689,114196,443493,0.20476645585622094,202163,52692,496185,61504,0.004970550537109375,0.006262540817260742,0.0012919902801513672
Adaptive_Threshold_Torch,Canny_CV2,0.35018042099873975,0.598788524262797,0.16130137047709386,0.25414206992607913,0.14556858582148122,0.2541420699260755,0.14556858582147886,0.35018042099873975,557689,150230,407459,0.26937952873375665,194581,60274,467733,89956,0.004970550537109375,0.0012812614440917969,0.003689289093017578
Adaptive_Threshold_Torch,Global_Threshold_Sklearn,0.41635529891304346,0.7230501951141284,0.24253840402087903,0.3632342811567232,0.22192197513363457,0.3632342811567183,0.22192197513363093,0.41635529891304346,557689,187070,370619,0.33543785156242995,203046,51809,422428,135261,0.004970550537109375,0.055350303649902344,0.05037975311279297
Adaptive_Threshold_Torch,Adaptive_Threshold_Sklearn,0.7216126142091998,0.725450749151551,0.9563143615886274,0.8250367017466783,0.7021808280932369,0.8250367017466719,0.7021808280932276,0.7216126142091998,557689,735165,177476,0.7585902484476275,53016,201839,24363,533326,0.004970550537109375,0.06869983673095703,0.06372928619384766
Adaptive_Threshold_Torch,Otsu_Thresholding_Sklearn,0.5361888094675489,0.7253020274715416,0.521894819514102,0.607011429888308,0.435761960228889,0.6070114298883017,0.4357619602288825,0.5361888094675489,557689,401288,156401,0.7195551642582156,144622,110233,266634,291055,0.004970550537109375,0.05801701545715332,0.053046464920043945
Adaptive_Threshold_Torch,Niblack_Thresholding_Sklearn,0.5535552536231884,0.8857050143056704,0.40132582855319004,0.5523664031708346,0.38156506203000146,0.5523664031708279,0.38156506202999496,0.5535552536231884,557689,252697,304992,0.45311454950698327,225973,28882,333874,223815,0.004970550537109375,0.07541656494140625,0.07044601440429688
Adaptive_Threshold_Torch,Sauvola_Thresholding_Sklearn,0.7072010869565217,0.7020858427358249,0.9960461834463294,0.8236225609394461,0.7001346112155846,0.82362256093944,0.7001346112155759,0.7072010869565217,557689,791191,233502,0.7048727804032149,19148,235707,2205,555484,0.004970550537109375,0.07718229293823242,0.07221174240112305
Adaptive_Threshold_Torch,Sobel_Sklearn,0.3249140969596723,0.5391064317090263,0.11311501571664494,0.18699487033554024,0.10314083908309081,0.18699487033553747,0.10314083908308912,0.3249140969596723,557689,117014,440675,0.2098194513429528,200924,53931,494606,63083,0.004970550537109375,0.012919425964355469,0.007948875427246094
Adaptive_Threshold_Torch,Canny_Sklearn,0.3231726528040328,0.5614877215290471,0.06334354810656119,0.11384393268493274,0.06035764200943825,0.11384393268493091,0.06035764200943722,0.3231726528040328,557689,62915,494774,0.11281377255065099,227266,27589,522363,35326,0.004970550537109375,0.0336911678314209,0.028720617294311523
Adaptive_Threshold_Torch,Global_Threshold_Torch,0.4499276346880907,0.800469980408438,0.26447894794410504,0.3975917579573881,0.2481213884987089,0.3975917579573827,0.24812138849870471,0.4499276346880907,557689,184263,373426,0.3304045803306144,218089,36766,410192,147497,0.004970550537109375,0.007098674774169922,0.002128124237060547
Adaptive_Threshold_Torch,Adaptive_Threshold_Torch,1.0,1.0,1.0,1.0,1.0,0.999999999999991,0.999999999999982,1.0,557689,557689,0,1.0,254855,0,0,557689,0.004970550537109375,0.004970550537109375,0.0
Adaptive_Threshold_Torch,Otsu_Thresholding_Torch,0.5620631005828608,0.757489475698431,0.5323719851028081,0.6252860297439343,0.4548480944202984,0.6252860297439277,0.45484809442029145,0.5620631005828608,557689,391950,165739,0.7028110649483852,159803,95052,260791,296898,0.004970550537109375,0.0047266483306884766,0.00024390220642089844
Adaptive_Threshold_Torch,Niblack_Thresholding_Torch,0.8458421943919344,0.9591682010180873,0.8098707344057351,0.878219512100271,0.7828800033280409,0.8782195121002625,0.7828800033280272,0.8458421943919344,557689,470883,86806,0.8443469388852927,235628,19227,106033,451656,0.004970550537109375,0.28358960151672363,0.27861905097961426
Adaptive_Threshold_Torch,Sauvola_Thresholding_Torch,0.8138230052772527,0.7891204566602451,0.9945094846769436,0.8799894647573125,0.7856974886103493,0.8799894647573056,0.7856974886103382,0.8138230052772527,557689,702842,145153,0.7934770545869484,106640,148215,3062,554627,0.004970550537109375,0.2868204116821289,0.28184986114501953
Adaptive_Threshold_Torch,Sobel_Torch,0.3274308837429111,0.5514119105560402,0.10766932824567098,0.1801603398821454,0.09899791933893672,0.18016033988214267,0.09899791933893509,0.3274308837429111,557689,108895,448794,0.19526115810066183,206006,48849,497643,60046,0.004970550537109375,0.0054779052734375,0.000507354736328125
Adaptive_Threshold_Torch,Canny_Torch,0.33210509215500944,0.5534684038995029,0.13916179089062183,0.22240339756301655,0.1251146617056503,0.22240339756301336,0.12511466170564828,0.33210509215500944,557689,140223,417466,0.2514358361022003,192241,62614,480080,77609,0.004970550537109375,0.006171464920043945,0.0012009143829345703
Otsu_Thresholding_Torch,Global_Threshold_CV2,0.7443990725425331,1.0,0.47011863758132416,0.6395655773125563,0.47011863758132416,0.6395655773125452,0.4701186375813121,0.7443990725425331,391950,184263,207687,0.47011863758132416,420594,0,207687,184263,0.0047266483306884766,0.0005633831024169922,0.004163265228271484
Otsu_Thresholding_Torch,Adaptive_Threshold_CV2,0.5573544324984246,0.528754389184124,0.7572445464982779,0.6227009471578446,0.4521174583492645,0.6227009471578381,0.4521174583492576,0.5573544324984246,391950,561323,169373,0.6982610725019285,156073,264521,95148,296802,0.0047266483306884766,0.0019354820251464844,0.002791166305541992
Otsu_Thresholding_Torch,Otsu_Thresholding_CV2,0.998660995589162,1.0,0.9972241357315984,0.9986101388328232,0.9972241357315984,0.9986101388328105,0.997224135731573,0.998660995589162,391950,390862,1088,0.9972241357315984,420594,0,1088,390862,0.0047266483306884766,0.0007965564727783203,0.003930091857910156
Otsu_Thresholding_Torch,Niblack_Thresholding_CV2,0.569294708963453,0.5445977670841433,0.6539966832504146,0.5943046595605326,0.42278340296321465,0.5943046595605257,0.42278340296320766,0.569294708963453,391950,470685,78735,0.8327225214315307,206243,214351,135616,256334,0.0047266483306884766,0.0037431716918945312,0.0009834766387939453
Otsu_Thresholding_Torch,Sauvola_Thresholding_CV2,0.5610280797101449,0.5250894986368888,0.9415359101926266,0.6741879910920627,0.5085094919658987,0.6741879910920565,0.5085094919658917,0.5610280797101449,391950,702804,310854,0.5576946061775403,86825,333769,22915,369035,0.0047266483306884766,0.003965139389038086,0.0007615089416503906
Otsu_Thresholding_Torch,Sobel_CV2,0.5592263311279143,0.6479999299450069,0.18879704043883147,0.2924017971099248,0.1712357137733225,0.29240179710991904,0.17123571377331853,0.5592263311279143,391950,114196,277754,0.2913534889654293,380397,40197,317951,73999,0.0047266483306884766,0.006262540817260742,0.0015358924865722656
Otsu_Thresholding_Torch,Canny_CV2,0.4889285995589162,0.4223923317579711,0.16189820130118637,0.23407724371979785,0.1325523683792749,0.23407724371979352,0.13255236837927215,0.4889285995589162,391950,150230,241720,0.3832886847812221,333820,86774,328494,63456,0.0047266483306884766,0.0012812614440917969,0.0034453868865966797
Otsu_Thresholding_Torch,Global_Threshold_Sklearn,0.7402749881852552,0.9835409205110387,0.46942467151422373,0.6355255431591309,0.4657658045358695,0.6355255431591199,0.4657658045358577,0.7402749881852552,391950,187070,204880,0.4772802653399668,417515,3079,207959,183991,0.0047266483306884766,0.055350303649902344,0.05062365531921387
Otsu_Thresholding_Torch,Adaptive_Threshold_Sklearn,0.4755397861531191,0.4767419558874538,0.8942058936088787,0.6219134693442994,0.4512876771594232,0.6219134693442938,0.45128767715941737,0.4755397861531191,391950,735165,343215,0.5331456203709372,35913,384681,41466,350484,0.0047266483306884766,0.06869983673095703,0.06397318840026855
Otsu_Thresholding_Torch,Otsu_Thresholding_Sklearn,0.9721738145872716,0.9601931779669465,0.9830692690394183,0.9714965747984842,0.9445730086976986,0.971496574798472,0.9445730086976754,0.9721738145872716,391950,401288,9338,0.9767299296266023,404620,15974,6636,385314,0.0047266483306884766,0.05801701545715332,0.053290367126464844
Otsu_Thresholding_Torch,Niblack_Thresholding_Sklearn,0.5596287708727158,0.5675294918420084,0.36589616022451843,0.44493497991924263,0.286119856194911,0.4449349799192357,0.28611985619490526,0.5596287708727158,391950,252697,139253,0.6447174384487817,311310,109284,248537,143413,0.0047266483306884766,0.07541656494140625,0.07068991661071777
Otsu_Thresholding_Torch,Sauvola_Thresholding_Sklearn,0.5073706777725268,0.4947338885300768,0.9986707488200025,0.6616776867676802,0.49440832019724346,0.6616776867676747,0.4944083201972372,0.5073706777725268,391950,791191,399241,0.4953923894483127,20832,399762,521,391429,0.0047266483306884766,0.07718229293823242,0.07245564460754395
Otsu_Thresholding_Torch,Sobel_Sklearn,0.5587931238185255,0.642931615020425,0.19194284985329763,0.29562798154682846,0.17345273117962243,0.2956279815468226,0.17345273117961843,0.5587931238185255,391950,117014,274936,0.29854318152825615,378812,41782,316718,75232,0.0047266483306884766,0.012919425964355469,0.008192777633666992
Otsu_Thresholding_Torch,Canny_Sklearn,0.5314136834436043,0.5890328220615115,0.09455032529659395,0.16294504963011003,0.08869906128681733,0.16294504963010645,0.0886990612868152,0.5314136834436043,391950,62915,329035,0.16051792320449038,394738,25856,354891,37059,0.0047266483306884766,0.0336911678314209,0.028964519500732422
Otsu_Thresholding_Torch,Global_Threshold_Torch,0.7443990725425331,1.0,0.47011863758132416,0.6395655773125563,0.47011863758132416,0.6395655773125452,0.4701186375813121,0.7443990725425331,391950,184263,207687,0.47011863758132416,420594,0,207687,184263,0.0047266483306884766,0.007098674774169922,0.0023720264434814453
Otsu_Thresholding_Torch,Adaptive_Threshold_Torch,0.5620631005828608,0.5323719851028081,0.757489475698431,0.6252860297439343,0.4548480944202984,0.6252860297439277,0.45484809442029145,0.5620631005828608,391950,557689,165739,0.7028110649483852,159803,260791,95052,296898,0.0047266483306884766,0.004970550537109375,0.00024390220642089844
Otsu_Thresholding_Torch,Otsu_Thresholding_Torch,1.0,1.0,1.0,1.0,1.0,0.9999999999999872,0.9999999999999745,1.0,391950,391950,0,1.0,420594,0,0,391950,0.0047266483306884766,0.0047266483306884766,0.0
Otsu_Thresholding_Torch,Niblack_Thresholding_Torch,0.5696565355229993,0.544891193778497,0.6546243143258068,0.5947384951665038,0.4232226479704018,0.5947384951664969,0.4232226479703948,0.5696565355229993,391950,470883,78933,0.8323723727550156,206291,214303,135370,256580,0.0047266483306884766,0.28358960151672363,0.27886295318603516
Otsu_Thresholding_Torch,Sauvola_Thresholding_Torch,0.5610453095463138,0.5250981017070693,0.9416022451843348,0.6742120877755775,0.5085369096814109,0.6742120877755713,0.5085369096814039,0.5610453095463138,391950,702842,310892,0.5576644537463612,86813,333781,22889,369061,0.0047266483306884766,0.2868204116821289,0.28209376335144043
Otsu_Thresholding_Torch,Sobel_Torch,0.5612606824984246,0.6627944350061986,0.18414338563592295,0.2882129201649213,0.16836960832341893,0.2882129201649155,0.16836960832341502,0.5612606824984246,391950,108895,283055,0.27782880469447635,383874,36720,319775,72175,0.0047266483306884766,0.0054779052734375,0.0007512569427490234
Otsu_Thresholding_Torch,Canny_Torch,0.555557606726528,0.6098999450874678,0.21819619849470595,0.3214067605834945,0.1914738800540019,0.32140676058348844,0.1914738800539976,0.555557606726528,391950,140223,251727,0.35775736701109834,365893,54701,306428,85522,0.0047266483306884766,0.006171464920043945,0.0014448165893554688
Niblack_Thresholding_Torch,Global_Threshold_CV2,0.5488145872715816,0.7829515420892963,0.3063797164051367,0.4404178610569247,0.282394783871656,0.440417861056918,0.28239478387165046,0.5488145872715816,470883,184263,286620,0.391313765839922,301667,39994,326614,144269,0.28358960151672363,0.0005633831024169922,0.28302621841430664
Niblack_Thresholding_Torch,Adaptive_Threshold_CV2,0.7952750866414618,0.7712653855266932,0.9193982369293434,0.8388422466058132,0.7224188480452278,0.8388422466058051,0.7224188480452157,0.7952750866414618,470883,561323,90440,0.838880644477422,213267,128394,37954,432929,0.28358960151672363,0.0019354820251464844,0.28165411949157715
Niblack_Thresholding_Torch,Otsu_Thresholding_CV2,0.5696466899023315,0.655044491406174,0.543727422735584,0.5942175469541454,0.42269523685309707,0.5942175469541384,0.42269523685309013,0.5696466899023315,470883,390862,80021,0.8300618200274803,206831,134830,214851,256032,0.28358960151672363,0.0007965564727783203,0.2827930450439453
Niblack_Thresholding_Torch,Niblack_Thresholding_CV2,0.9884560097668557,0.9902461306393873,0.9898297453932293,0.9900378942359979,0.9802723177292554,0.9900378942359873,0.9802723177292348,0.9884560097668557,470883,470685,198,0.9995795133823051,337070,4591,4789,466094,0.28358960151672363,0.0037431716918945312,0.2798464298248291
Niblack_Thresholding_Torch,Sauvola_Thresholding_CV2,0.7145717647290485,0.6700047239344114,0.9999978763302136,0.802397913583434,0.6700037706049331,0.8023979135834273,0.6700037706049236,0.7145717647290485,470883,702804,231921,0.670006146806222,109739,231922,1,470882,0.28358960151672363,0.003965139389038086,0.27962446212768555
Niblack_Thresholding_Torch,Sobel_CV2,0.4423772743383743,0.5778923955304914,0.1401473402097761,0.22558663018156522,0.12713307621473127,0.22558663018156136,0.12713307621472883,0.4423772743383743,470883,114196,356687,0.24251459492060662,293458,48203,404890,65993,0.28358960151672363,0.006262540817260742,0.2773270606994629
Niblack_Thresholding_Torch,Canny_CV2,0.4608058148235665,0.609046129268455,0.19430941444052982,0.2946227176053311,0.17276101930455273,0.2946227176053263,0.17276101930454946,0.4608058148235665,470883,150230,320653,0.3190389120014951,282928,58733,379386,91497,0.28358960151672363,0.0012812614440917969,0.28230834007263184
Niblack_Thresholding_Torch,Global_Threshold_Sklearn,0.5146810511184625,0.7045758272304485,0.2799102961882251,0.4006517182838288,0.25050936238472826,0.4006517182838227,0.2505093623847235,0.5146810511184625,470883,187070,283813,0.3972749069301716,286396,55265,339078,131805,0.28358960151672363,0.055350303649902344,0.2282392978668213
Niblack_Thresholding_Torch,Adaptive_Threshold_Sklearn,0.6113441241335854,0.6054749614032224,0.9452963899737302,0.738153042001645,0.5849782632693935,0.7381530420016389,0.5849782632693858,0.6113441241335854,470883,735165,264282,0.6405133541449879,51620,290041,25759,445124,0.28358960151672363,0.06869983673095703,0.2148897647857666
Niblack_Thresholding_Torch,Otsu_Thresholding_Sklearn,0.5442622184152489,0.6253164809314009,0.5328967068252624,0.5754192698450189,0.4039218400647738,0.5754192698450123,0.4039218400647673,0.5442622184152489,470883,401288,69595,0.852203201219836,191305,150356,219951,250932,0.28358960151672363,0.05801701545715332,0.2255725860595703
Niblack_Thresholding_Torch,Niblack_Thresholding_Sklearn,0.6682173519218652,0.8982932128200968,0.48206454681948596,0.6274247491638796,0.4571150097465887,0.6274247491638709,0.4571150097465795,0.6682173519218652,470883,252697,218186,0.5366449839981482,315960,25701,243887,226996,0.28358960151672363,0.07541656494140625,0.20817303657531738
Niblack_Thresholding_Torch,Sauvola_Thresholding_Sklearn,0.6038048401071203,0.5941346653336552,0.9982819511428529,0.7449230393780396,0.5935277777777778,0.7449230393780337,0.5935277777777703,0.6038048401071203,470883,791191,320308,0.5951571744370197,20544,321117,809,470074,0.28358960151672363,0.07718229293823242,0.2064073085784912
Niblack_Thresholding_Torch,Sobel_Sklearn,0.44296555017328293,0.5780590356709454,0.14364714801766043,0.2301117372600983,0.13001483884856685,0.23011173726009437,0.13001483884856435,0.44296555017328293,470883,117014,353869,0.24849909637850592,292288,49373,403242,67641,0.28358960151672363,0.012919425964355469,0.27067017555236816
Niblack_Thresholding_Torch,Canny_Sklearn,0.4371381734404537,0.6075498688706985,0.08117515391296777,0.14321522373631973,0.07713076150080513,0.14321522373631704,0.07713076150080357,0.4371381734404537,470883,62915,407968,0.13361068460742903,316970,24691,432659,38224,0.28358960151672363,0.0336911678314209,0.24989843368530273
Niblack_Thresholding_Torch,Global_Threshold_Torch,0.5488145872715816,0.7829515420892963,0.3063797164051367,0.4404178610569247,0.282394783871656,0.440417861056918,0.28239478387165046,0.5488145872715816,470883,184263,286620,0.391313765839922,301667,39994,326614,144269,0.28358960151672363,0.007098674774169922,0.2764909267425537
Niblack_Thresholding_Torch,Adaptive_Threshold_Torch,0.8458421943919344,0.8098707344057351,0.9591682010180873,0.878219512100271,0.7828800033280409,0.8782195121002625,0.7828800033280272,0.8458421943919344,470883,557689,86806,0.8443469388852927,235628,106033,19227,451656,0.28358960151672363,0.004970550537109375,0.27861905097961426
Niblack_Thresholding_Torch,Otsu_Thresholding_Torch,0.5696565355229993,0.6546243143258068,0.544891193778497,0.5947384951665038,0.4232226479704018,0.5947384951664969,0.4232226479703948,0.5696565355229993,470883,391950,78933,0.8323723727550156,206291,135370,214303,256580,0.28358960151672363,0.0047266483306884766,0.27886295318603516
Niblack_Thresholding_Torch,Niblack_Thresholding_Torch,1.0,1.0,1.0,1.0,1.0,0.9999999999999893,0.9999999999999787,1.0,470883,470883,0,1.0,341661,0,0,470883,0.28358960151672363,0.28358960151672363,0.0
Niblack_Thresholding_Torch,Sauvola_Thresholding_Torch,0.7145274594360429,0.6699699221162082,1.0,0.8023736394811392,0.6699699221162082,0.8023736394811323,0.6699699221161987,0.7145274594360429,470883,702842,231959,0.6699699221162082,109702,231959,0,470883,0.28358960151672363,0.2868204116821289,0.0032308101654052734
Niblack_Thresholding_Torch,Sobel_Torch,0.44159085538752363,0.5787501721842142,0.13384004094435348,0.2174039028731687,0.12195914891970082,0.21740390287316494,0.12195914891969846,0.44159085538752363,470883,108895,361988,0.23125702138323107,295789,45872,407860,63023,0.28358960151672363,0.0054779052734375,0.27811169624328613
Niblack_Thresholding_Torch,Canny_Torch,0.44829572306238186,0.5805823581010248,0.17289008097552896,0.2664382283924556,0.15369410698609579,0.2664382283924513,0.15369410698609287,0.44829572306238186,470883,140223,330660,0.29778734844961485,282849,58812,389472,81411,0.28358960151672363,0.006171464920043945,0.2774181365966797
Sauvola_Thresholding_Torch,Global_Threshold_CV2,0.3449351665879017,0.9628520104415971,0.2524294222599105,0.39999323642635315,0.24999471598042516,0.3999932364263486,0.24999471598042164,0.3449351665879017,702842,184263,518579,0.2621684532227727,102857,6845,525424,177418,0.2868204116821289,0.0005633831024169922,0.2862570285797119
Sauvola_Thresholding_Torch,Adaptive_Threshold_CV2,0.8035491001102709,0.983872030898431,0.7857669291248958,0.8737308816491518,0.7757745173094347,0.8737308816491449,0.7757745173094238,0.8035491001102709,702842,561323,141519,0.7986474911857857,100649,9053,150572,552270,0.2868204116821289,0.0019354820251464844,0.2848849296569824
Sauvola_Thresholding_Torch,Otsu_Thresholding_CV2,0.5604299582545683,0.9421918733466031,0.5239684025712749,0.6734308368626246,0.5076484932530323,0.6734308368626185,0.5076484932530253,0.5604299582545683,702842,390862,311980,0.556116452915449,87107,22595,334575,368267,0.2868204116821289,0.0007965564727783203,0.2860238552093506
Sauvola_Thresholding_Torch,Niblack_Thresholding_CV2,0.7142788575141777,0.9999957508737266,0.6696853631399375,0.8021681648568801,0.6696834574955467,0.8021681648568734,0.6696834574955371,0.7142788575141777,702842,470685,232157,0.6696882087297003,109700,2,232159,470683,0.2868204116821289,0.0037431716918945312,0.2830772399902344
Sauvola_Thresholding_Torch,Sauvola_Thresholding_CV2,0.9977478142722117,0.998725106857673,0.9986711095808162,0.9986981074893678,0.9973996004194743,0.9986981074893607,0.9973996004194601,0.9977478142722117,702842,702804,38,0.9999459337945086,108806,896,934,701908,0.2868204116821289,0.003965139389038086,0.2828552722930908
Sauvola_Thresholding_Torch,Sobel_CV2,0.19884707781978575,0.7271095309818207,0.11813892738339485,0.2032537042340748,0.1131232076075776,0.2032537042340723,0.11312320760757606,0.19884707781978575,702842,114196,588646,0.1624774842710026,78539,31163,619809,83033,0.2868204116821289,0.006262540817260742,0.28055787086486816
Sauvola_Thresholding_Torch,Canny_CV2,0.2576623542848141,0.8316914065100179,0.17777110645066743,0.2929295534257366,0.17159781192017326,0.2929295534257332,0.1715978119201709,0.2576623542848141,702842,150230,552612,0.21374647502568145,84417,25285,577897,124945,0.2868204116821289,0.0012812614440917969,0.2855391502380371
Sauvola_Thresholding_Torch,Global_Threshold_Sklearn,0.3226803717706364,0.9075747046560111,0.24156211495613522,0.3815658177437769,0.23576233246127098,0.38156581774377263,0.2357623324612677,0.3226803717706364,702842,187070,515772,0.2661622384547309,92412,17290,533062,169780,0.2868204116821289,0.055350303649902344,0.23147010803222656
Sauvola_Thresholding_Torch,Adaptive_Threshold_Sklearn,0.8539537551197227,0.8973074071807009,0.9385736765873411,0.9174767577626535,0.847535389509442,0.917476757762647,0.847535389509431,0.8539537551197227,702842,735165,32323,0.9560329993946937,34206,75496,43173,659669,0.2868204116821289,0.06869983673095703,0.21812057495117188
Sauvola_Thresholding_Torch,Otsu_Thresholding_Sklearn,0.5409060924700693,0.9109367835569466,0.5200998232888757,0.6621466675119777,0.4949321808546647,0.6621466675119717,0.49493218085465807,0.5409060924700693,702842,401288,301554,0.5709505123484367,73962,35740,337294,365548,0.2868204116821289,0.05801701545715332,0.22880339622497559
Sauvola_Thresholding_Torch,Niblack_Thresholding_Sklearn,0.4290216899023314,0.972694570968393,0.3497187134519565,0.5144677506621917,0.34631880317072966,0.5144677506621863,0.3463188031707248,0.4290216899023314,702842,252697,450145,0.3595359981332931,102802,6900,457045,245797,0.2868204116821289,0.07541656494140625,0.21140384674072266
Sauvola_Thresholding_Torch,Sauvola_Thresholding_Sklearn,0.8877537708727158,0.8865292957073576,0.9979682489094277,0.9389538249824468,0.8849321048322082,0.9389538249824405,0.884932104832197,0.8877537708727158,702842,791191,88349,0.8883341696252864,19925,89777,1428,701414,0.2868204116821289,0.07718229293823242,0.20963811874389648
Sauvola_Thresholding_Torch,Sobel_Sklearn,0.2008482002205419,0.7285880322012751,0.1213003776097615,0.20797554692531373,0.11605619921562862,0.20797554692531117,0.11605619921562704,0.2008482002205419,702842,117014,585828,0.16648692024665573,77943,31759,617587,85255,0.2868204116821289,0.012919425964355469,0.27390098571777344
Sauvola_Thresholding_Torch,Canny_Sklearn,0.18064867871770637,0.7947071445601208,0.07113832127277539,0.13058711836783732,0.06985461566618885,0.1305871183678356,0.06985461566618788,0.18064867871770637,702842,62915,639927,0.08951513996033247,96786,12916,652843,49999,0.2868204116821289,0.0336911678314209,0.253129243850708
Sauvola_Thresholding_Torch,Global_Threshold_Torch,0.3449351665879017,0.9628520104415971,0.2524294222599105,0.39999323642635315,0.24999471598042516,0.3999932364263486,0.24999471598042164,0.3449351665879017,702842,184263,518579,0.2621684532227727,102857,6845,525424,177418,0.2868204116821289,0.007098674774169922,0.279721736907959
Sauvola_Thresholding_Torch,Adaptive_Threshold_Torch,0.8138230052772527,0.9945094846769436,0.7891204566602451,0.8799894647573125,0.7856974886103493,0.8799894647573056,0.7856974886103382,0.8138230052772527,702842,557689,145153,0.7934770545869484,106640,3062,148215,554627,0.2868204116821289,0.004970550537109375,0.28184986114501953
Sauvola_Thresholding_Torch,Otsu_Thresholding_Torch,0.5610453095463138,0.9416022451843348,0.5250981017070693,0.6742120877755775,0.5085369096814109,0.6742120877755713,0.5085369096814039,0.5610453095463138,702842,391950,310892,0.5576644537463612,86813,22889,333781,369061,0.2868204116821289,0.0047266483306884766,0.28209376335144043
Sauvola_Thresholding_Torch,Niblack_Thresholding_Torch,0.7145274594360429,1.0,0.6699699221162082,0.8023736394811392,0.6699699221162082,0.8023736394811323,0.6699699221161987,0.7145274594360429,702842,470883,231959,0.6699699221162082,109702,0,231959,470883,0.2868204116821289,0.28358960151672363,0.0032308101654052734
Sauvola_Thresholding_Torch,Sauvola_Thresholding_Torch,1.0,1.0,1.0,1.0,1.0,0.9999999999999929,0.9999999999999858,1.0,702842,702842,0,1.0,109702,0,0,702842,0.2868204116821289,0.2868204116821289,0.0
Sauvola_Thresholding_Torch,Sobel_Torch,0.1965395104757404,0.729555994306442,0.1130339393490998,0.19574073868753056,0.10848814407367553,0.19574073868752814,0.10848814407367405,0.1965395104757404,702842,108895,593947,0.15493524860494962,80252,29450,623397,79445,0.2868204116821289,0.0054779052734375,0.2813425064086914
Sauvola_Thresholding_Torch,Canny_Torch,0.21816295486767487,0.7409198205715182,0.1478198514033026,0.24646735423721777,0.14055475661247532,0.24646735423721483,0.14055475661247344,0.21816295486767487,702842,140223,562619,0.19950856664798064,73373,36329,598948,103894,0.2868204116821289,0.006171464920043945,0.28064894676208496
Sobel_Torch,Global_Threshold_CV2,0.7569288555450535,0.25955292163917876,0.4391937187198678,0.3262813909223013,0.19494399426083836,0.32628139092229014,0.19494399426083042,0.7569288555450535,108895,184263,75368,0.5909759419959515,567212,136437,61069,47826,0.0054779052734375,0.0005633831024169922,0.004914522171020508
Sobel_Torch,Adaptive_Threshold_CV2,0.3193131695022054,0.1043338683788122,0.5378116534276137,0.17476403200152787,0.09574873335044544,0.17476403200152524,0.09574873335044387,0.3193131695022054,108895,561323,452428,0.19399703913789387,200891,502758,50330,58565,0.0054779052734375,0.0019354820251464844,0.0035424232482910156
Sobel_Torch,Otsu_Thresholding_CV2,0.5617874232041588,0.183811677778858,0.6597639928371367,0.2875197345910112,0.1678966703434351,0.2875197345910055,0.16789667034343117,0.5617874232041588,108895,390862,281967,0.278602166493545,384632,319017,37050,71845,0.0054779052734375,0.0007965564727783203,0.00468134880065918
Sobel_Torch,Niblack_Thresholding_CV2,0.4417188484562067,0.133796488097135,0.578318563754075,0.2173159874391801,0.12190381801147494,0.21731598743917635,0.12190381801147258,0.4417188484562067,108895,470685,361790,0.2313543027714926,295940,407709,45919,62976,0.0054779052734375,0.0037431716918945312,0.0017347335815429688
Sobel_Torch,Sauvola_Thresholding_CV2,0.19660104560491493,0.11304858822658949,0.7296110932549704,0.19576468617061252,0.10850285695556697,0.1957646861706101,0.10850285695556548,0.19660104560491493,108895,702804,593909,0.15494362581886273,80296,623353,29444,79451,0.0054779052734375,0.003965139389038086,0.001512765884399414
Sobel_Torch,Sobel_CV2,0.9850678855545053,0.923666328067533,0.9686303319711649,0.9456141215916375,0.8968387579498691,0.9456141215915951,0.8968387579497928,0.9850678855545053,108895,114196,5301,0.9535798101509685,694932,8717,3416,105479,0.0054779052734375,0.006262540817260742,0.0007846355438232422
Sobel_Torch,Canny_CV2,0.8347006439035917,0.4154030486587233,0.5730841636438772,0.4816671490593343,0.31723422750217317,0.4816671490593157,0.317234227502157,0.8347006439035917,108895,150230,41335,0.7248552219929442,615825,87824,46489,62406,0.0054779052734375,0.0012812614440917969,0.004196643829345703
Sobel_Torch,Global_Threshold_Sklearn,0.7617962842627599,0.27373175816539264,0.4702419762156205,0.3460341594445289,0.20921481626749688,0.3460341594445172,0.2092148162674883,0.7617962842627599,108895,187070,78175,0.5821083017052441,567786,135863,57688,51207,0.0054779052734375,0.055350303649902344,0.049872398376464844
Sobel_Torch,Adaptive_Threshold_Sklearn,0.1531781663516068,0.10608502853101004,0.7161944992883053,0.1847972892922304,0.10180531805187515,0.18479728929222822,0.10180531805187383,0.1531781663516068,108895,735165,626270,0.14812321043575252,46474,657175,30905,77990,0.0054779052734375,0.06869983673095703,0.06322193145751953
Sobel_Torch,Otsu_Thresholding_Sklearn,0.5657822837901701,0.19607115089412094,0.7225400615271592,0.308442264834383,0.1823421444164801,0.3084422648343769,0.18234214441647587,0.5657822837901701,108895,401288,292393,0.2713637088574789,381042,322607,30214,78681,0.0054779052734375,0.05801701545715332,0.05253911018371582
Sobel_Torch,Niblack_Thresholding_Sklearn,0.6459514807813485,0.1462462949698651,0.33937279030258505,0.20440717714993695,0.11383826809103119,0.20440717714993129,0.11383826809102768,0.6459514807813485,108895,252697,143802,0.4309311151299778,487908,215741,71939,36956,0.0054779052734375,0.07541656494140625,0.06993865966796875
Sobel_Torch,Sauvola_Thresholding_Sklearn,0.15381074747952111,0.1343038533047014,0.9758023784379448,0.23611077163737687,0.13385804949699304,0.23611077163737423,0.13385804949699134,0.15381074747952111,108895,791191,682296,0.13763427541516524,18718,684931,2635,106260,0.0054779052734375,0.07718229293823242,0.07170438766479492
Sobel_Torch,Sobel_Sklearn,0.9817720640359168,0.9020202710786743,0.9692731530373295,0.9344382029932407,0.8769441674975075,0.9344382029931992,0.8769441674974346,0.9817720640359168,108895,117014,8119,0.9306151400687097,692184,11465,3346,105549,0.0054779052734375,0.012919425964355469,0.007441520690917969
Sobel_Torch,Canny_Sklearn,0.9040273511342155,0.7456727330525312,0.4308186785435511,0.5461148943600489,0.37562451960030746,0.546114894360017,0.3756245196002774,0.9040273511342155,108895,62915,45980,0.5777583911107029,687648,16001,61981,46914,0.0054779052734375,0.0336911678314209,0.0282132625579834
Sobel_Torch,Global_Threshold_Torch,0.7569288555450535,0.25955292163917876,0.4391937187198678,0.3262813909223013,0.19494399426083836,0.32628139092229014,0.19494399426083042,0.7569288555450535,108895,184263,75368,0.5909759419959515,567212,136437,61069,47826,0.0054779052734375,0.007098674774169922,0.0016207695007324219
Sobel_Torch,Adaptive_Threshold_Torch,0.3274308837429111,0.10766932824567098,0.5514119105560402,0.1801603398821454,0.09899791933893672,0.18016033988214267,0.09899791933893509,0.3274308837429111,108895,557689,448794,0.19526115810066183,206006,497643,48849,60046,0.0054779052734375,0.004970550537109375,0.000507354736328125
Sobel_Torch,Otsu_Thresholding_Torch,0.5612606824984246,0.18414338563592295,0.6627944350061986,0.2882129201649213,0.16836960832341893,0.2882129201649155,0.16836960832341502,0.5612606824984246,108895,391950,283055,0.27782880469447635,383874,319775,36720,72175,0.0054779052734375,0.0047266483306884766,0.0007512569427490234
Sobel_Torch,Niblack_Thresholding_Torch,0.44159085538752363,0.13384004094435348,0.5787501721842142,0.2174039028731687,0.12195914891970082,0.21740390287316494,0.12195914891969846,0.44159085538752363,108895,470883,361988,0.23125702138323107,295789,407860,45872,63023,0.0054779052734375,0.28358960151672363,0.27811169624328613
Sobel_Torch,Sauvola_Thresholding_Torch,0.1965395104757404,0.1130339393490998,0.729555994306442,0.19574073868753056,0.10848814407367553,0.19574073868752814,0.10848814407367405,0.1965395104757404,108895,702842,593947,0.15493524860494962,80252,623397,29450,79445,0.0054779052734375,0.2868204116821289,0.2813425064086914
Sobel_Torch,Sobel_Torch,1.0,1.0,1.0,1.0,1.0,0.999999999999954,0.9999999999999082,1.0,108895,108895,0,1.0,703649,0,0,108895,0.0054779052734375,0.0054779052734375,0.0
Sobel_Torch,Canny_Torch,0.9614445494643983,0.7765844404983491,1.0,0.8742443340103887,0.7765844404983491,0.8742443340103535,0.7765844404982936,0.9614445494643983,108895,140223,31328,0.7765844404983491,672321,31328,0,108895,0.0054779052734375,0.006171464920043945,0.0006935596466064453
Canny_Torch,Global_Threshold_CV2,0.7375575968809074,0.30185115839859333,0.396653901285809,0.3428191046763189,0.2068688491664993,0.3428191046763083,0.2068688491664916,0.7375575968809074,140223,184263,44040,0.7609937969098517,543678,128643,84603,55620,0.006171464920043945,0.0005633831024169922,0.005608081817626953
Canny_Torch,Adaptive_Threshold_CV2,0.32366001102709513,0.13538550887813255,0.541958166634575,0.2166500842425158,0.1214848989131182,0.21665008424251272,0.12148489891311626,0.32366001102709513,140223,561323,421100,0.2498080427846356,186993,485328,64228,75995,0.006171464920043945,0.0019354820251464844,0.004235982894897461
Canny_Torch,Otsu_Thresholding_CV2,0.5558578981568998,0.21772390255384252,0.606890453064048,0.32047600666559967,0.19081359238539414,0.3204760066655936,0.19081359238538984,0.5558578981568998,140223,390862,250639,0.3587532172480313,366559,305762,55123,85100,0.006171464920043945,0.0007965564727783203,0.005374908447265625
Canny_Torch,Niblack_Thresholding_CV2,0.4484754056395715,0.17290757088073766,0.5803969391611933,0.266439463879995,0.1536949292098738,0.2664394638799907,0.15369492920987088,0.4484754056395715,140223,470685,330462,0.2979126167181873,283021,389300,58838,81385,0.006171464920043945,0.0037431716918945312,0.002428293228149414
Canny_Torch,Sauvola_Thresholding_CV2,0.2181998759451796,0.14782215240664537,0.740891294580775,0.24646897430331413,0.14055581035721387,0.2464689743033112,0.14055581035721199,0.2181998759451796,140223,702804,562581,0.19951935390236822,73407,598914,36333,103890,0.006171464920043945,0.003965139389038086,0.0022063255310058594
Canny_Torch,Sobel_CV2,0.9679685038594833,1.0,0.8143885097309286,0.8977002503743824,0.8143885097309286,0.8977002503743471,0.8143885097308704,0.9679685038594833,140223,114196,26027,0.8143885097309286,672321,0,26027,114196,0.006171464920043945,0.006262540817260742,9.107589721679688e-05
Canny_Torch,Canny_CV2,0.833991759215501,0.5177527790720895,0.5547021529991514,0.535590956196011,0.36573862915018973,0.5355909561959926,0.3657386291501725,0.833991759215501,140223,150230,10007,0.933388803834121,599873,72448,62441,77782,0.006171464920043945,0.0012812614440917969,0.0048902034759521484
Canny_Torch,Global_Threshold_Sklearn,0.7424201027882797,0.3153846153846154,0.4207512319662252,0.3605271117927973,0.21990428410624166,0.36052711179278624,0.21990428410623344,0.7424201027882797,140223,187070,46847,0.7495750253915646,544250,128071,81224,58999,0.006171464920043945,0.055350303649902344,0.0491788387298584
Canny_Torch,Adaptive_Threshold_Sklearn,0.1761603063957152,0.14009236021845436,0.7344800781612146,0.23530365963435643,0.13333946144275546,0.23530365963435373,0.13333946144275374,0.1761603063957152,140223,735165,594942,0.19073677337740508,40147,632174,37232,102991,0.006171464920043945,0.06869983673095703,0.06252837181091309
Canny_Torch,Otsu_Thresholding_Sklearn,0.5620483321518589,0.23132513307150973,0.6620026671801345,0.342848067721616,0.20688994234236643,0.34284806772160964,0.20688994234236183,0.5620483321518589,140223,401288,261065,0.34943232790414863,363861,308460,47395,92828,0.006171464920043945,0.05801701545715332,0.051845550537109375
Canny_Torch,Niblack_Thresholding_Sklearn,0.6322956049149339,0.18627842831533417,0.3356938590673427,0.23960093657742035,0.13610603502116536,0.23960093657741424,0.13610603502116142,0.6322956049149339,140223,252697,112474,0.5549056775505843,466696,205625,93151,47072,0.006171464920043945,0.07541656494140625,0.0692451000213623
Canny_Torch,Sauvola_Thresholding_Sklearn,0.19047337744171391,0.17292790236491568,0.975724381877438,0.2937877248999908,0.17218708902019267,0.2937877248999876,0.1721870890201905,0.19047337744171391,140223,791191,650968,0.17723027688636497,17949,654372,3404,136819,0.006171464920043945,0.07718229293823242,0.07101082801818848
Canny_Torch,Sobel_Sklearn,0.9714366237397606,1.0,0.8344850702095947,0.9097758098562804,0.8344850702095947,0.909775809856245,0.8344850702095351,0.9714366237397606,140223,117014,23209,0.8344850702095947,672321,0,23209,117014,0.006171464920043945,0.012919425964355469,0.0067479610443115234
Canny_Torch,Canny_Sklearn,0.8791966958097038,0.8343002463641421,0.37433231352916424,0.516791540726009,0.34842812383835164,0.5167915407259834,0.3484281238383285,0.8791966958097038,140223,62915,77308,0.4486781769039316,661896,10425,87733,52490,0.006171464920043945,0.0336911678314209,0.027519702911376953
Canny_Torch,Global_Threshold_Torch,0.7375575968809074,0.30185115839859333,0.396653901285809,0.3428191046763189,0.2068688491664993,0.3428191046763083,0.2068688491664916,0.7375575968809074,140223,184263,44040,0.7609937969098517,543678,128643,84603,55620,0.006171464920043945,0.007098674774169922,0.0009272098541259766
Canny_Torch,Adaptive_Threshold_Torch,0.33210509215500944,0.13916179089062183,0.5534684038995029,0.22240339756301655,0.1251146617056503,0.22240339756301336,0.12511466170564828,0.33210509215500944,140223,557689,417466,0.2514358361022003,192241,480080,62614,77609,0.006171464920043945,0.004970550537109375,0.0012009143829345703
Canny_Torch,Otsu_Thresholding_Torch,0.555557606726528,0.21819619849470595,0.6098999450874678,0.3214067605834945,0.1914738800540019,0.32140676058348844,0.1914738800539976,0.555557606726528,140223,391950,251727,0.35775736701109834,365893,306428,54701,85522,0.006171464920043945,0.0047266483306884766,0.0014448165893554688
Canny_Torch,Niblack_Thresholding_Torch,0.44829572306238186,0.17289008097552896,0.5805823581010248,0.2664382283924556,0.15369410698609579,0.2664382283924513,0.15369410698609287,0.44829572306238186,140223,470883,330660,0.29778734844961485,282849,389472,58812,81411,0.006171464920043945,0.28358960151672363,0.2774181365966797
Canny_Torch,Sauvola_Thresholding_Torch,0.21816295486767487,0.1478198514033026,0.7409198205715182,0.24646735423721777,0.14055475661247532,0.24646735423721483,0.14055475661247344,0.21816295486767487,140223,702842,562619,0.19950856664798064,73373,598948,36329,103894,0.006171464920043945,0.2868204116821289,0.28064894676208496
Canny_Torch,Sobel_Torch,0.9614445494643983,1.0,0.7765844404983491,0.8742443340103887,0.7765844404983491,0.8742443340103535,0.7765844404982936,0.9614445494643983,140223,108895,31328,0.7765844404983491,672321,0,31328,108895,0.006171464920043945,0.0054779052734375,0.0006935596466064453
Canny_Torch,Canny_Torch,1.0,1.0,1.0,1.0,1.0,0.9999999999999643,0.9999999999999286,1.0,140223,140223,0,1.0,672321,0,0,140223,0.006171464920043945,0.006171464920043945,0.0
