method1,method2,accuracy,precision,recall,f1_score,jaccard,dice_coefficient,intersection_over_union,pixel_agreement,area1,area2,area_difference,area_ratio,true_negative,false_positive,false_negative,true_positive,time1,time2,time_diff
Global_Threshold_CV2,Global_Threshold_CV2,1.0,1.0,1.0,1.0,1.0,0.9999999999999674,0.9999999999999347,1.0,153393,153393,0,1.0,461007,0,0,153393,0.0005083084106445312,0.0005083084106445312,0.0
Global_Threshold_CV2,Adaptive_Threshold_CV2,0.5999283854166667,0.3692910022376301,0.8510427464095494,0.5150761897997995,0.3468704496901804,0.5150761897997894,0.3468704496901711,0.5999283854166667,153393,353499,200106,0.43392767730601783,238052,222955,22849,130544,0.0005083084106445312,0.0015788078308105469,0.0010704994201660156
Global_Threshold_CV2,Otsu_Thresholding_CV2,0.8889664713541666,0.6921691966139017,1.0,0.8180850921987707,0.6921691966139017,0.8180850921987488,0.6921691966138706,0.8889664713541666,153393,221612,68219,0.6921691966139017,392788,68219,0,153393,0.0005083084106445312,0.0005435943603515625,3.528594970703125e-05
Global_Threshold_CV2,Niblack_Thresholding_CV2,0.5680289713541666,0.3341152914274882,0.7353790590183386,0.4594720645530512,0.2982562366970294,0.4594720645530418,0.2982562366970215,0.5680289713541666,153393,337614,184221,0.45434431036627626,236195,224812,40591,112802,0.0005083084106445312,0.002774953842163086,0.0022666454315185547
Global_Threshold_CV2,Sauvola_Thresholding_CV2,0.47443196614583333,0.32175498513187833,0.9974314342897003,0.48655524584716026,0.3214886070416971,0.4865552458471525,0.32148860704169036,0.47443196614583333,153393,475514,322121,0.32258356220847334,138492,322515,394,152999,0.0005083084106445312,0.0029468536376953125,0.0024385452270507812
Global_Threshold_CV2,Sobel_CV2,0.4826220703125,0.1530634628689064,0.23654273663074588,0.18585972416089333,0.10245058038575676,0.18585972416088858,0.10245058038575386,0.4826220703125,153393,237052,83659,0.6470858714543645,260239,200768,117109,36284,0.0005083084106445312,0.004628896713256836,0.004120588302612305
Global_Threshold_CV2,Canny_CV2,0.5436165364583333,0.15931610542748775,0.19360075101210616,0.17479311116081414,0.09576619079713253,0.17479311116080898,0.09576619079712943,0.5436165364583333,153393,186403,33010,0.8229105754735707,304301,156706,123696,29697,0.0005083084106445312,0.0010488033294677734,0.0005404949188232422
Global_Threshold_CV2,Global_Threshold_Sklearn,0.944873046875,0.918073384868306,0.855540996003729,0.885704837044186,0.7948565752495397,0.8857048370441561,0.7948565752494915,0.944873046875,153393,142945,10448,0.9318873742608854,449296,11711,22159,131234,0.0005083084106445312,0.03941535949707031,0.03890705108642578
Global_Threshold_CV2,Adaptive_Threshold_Sklearn,0.4944352213541667,0.32293890825878174,0.9347297464682222,0.48003200637449134,0.3158171806167401,0.4800320063744833,0.31581718061673314,0.4944352213541667,153393,443988,290595,0.34548906727208845,160400,300607,10012,143381,0.0005083084106445312,0.05003666877746582,0.04952836036682129
Global_Threshold_CV2,Otsu_Thresholding_Sklearn,0.8449430338541667,0.6239984299135599,0.9534594147060166,0.7543240281090838,0.6055539683919825,0.7543240281090644,0.6055539683919574,0.8449430338541667,153393,234382,80989,0.6544572535433608,372879,88128,7139,146254,0.0005083084106445312,0.05037236213684082,0.04986405372619629
Global_Threshold_CV2,Niblack_Thresholding_Sklearn,0.7383772786458334,0.4710110621912923,0.3891637819196443,0.4261934594885964,0.27080422435536844,0.42619345948858117,0.27080422435535617,0.7383772786458334,153393,126738,26655,0.8262306624161467,393964,67043,93698,59695,0.0005083084106445312,0.05633211135864258,0.05582380294799805
Global_Threshold_CV2,Sauvola_Thresholding_Sklearn,0.2862776692708333,0.25912496325007855,0.9997848663237566,0.411577081468699,0.2591105156360085,0.41157708146869343,0.2591105156360041,0.2862776692708333,153393,591838,438445,0.2591807217515604,22529,438478,33,153360,0.0005083084106445312,0.05606865882873535,0.05556035041809082
Global_Threshold_CV2,Sobel_Sklearn,0.475615234375,0.1521664763898792,0.24068894930016363,0.18645428789309684,0.10281201441373203,0.18645428789309212,0.10281201441372917,0.475615234375,153393,242629,89236,0.6322121428188716,255298,205709,116473,36920,0.0005083084106445312,0.010305166244506836,0.009796857833862305
Global_Threshold_CV2,Canny_Sklearn,0.6193587239583334,0.12395442948064936,0.08646418024290548,0.10186948907800547,0.05366832706804948,0.10186948907800156,0.053668327068047306,0.6193587239583334,153393,106999,46394,0.6975481280110566,367271,93736,140130,13263,0.0005083084106445312,0.03558158874511719,0.035073280334472656
Global_Threshold_CV2,Global_Threshold_Torch,1.0,1.0,1.0,1.0,1.0,0.9999999999999674,0.9999999999999347,1.0,153393,153393,0,1.0,461007,0,0,153393,0.0005083084106445312,0.005978107452392578,0.005469799041748047
Global_Threshold_CV2,Adaptive_Threshold_Torch,0.6068440755208333,0.37576657723265616,0.8692117632486489,0.5247010627350128,0.35565745319910586,0.5247010627350025,0.35565745319909636,0.6068440755208333,153393,354824,201431,0.4323072847383492,239514,221493,20062,133331,0.0005083084106445312,0.0037751197814941406,0.0032668113708496094
Global_Threshold_CV2,Otsu_Thresholding_Torch,0.8854085286458333,0.6854082699577297,1.0,0.8133439026912095,0.6854082699577297,0.813343902691188,0.6854082699576991,0.8854085286458333,153393,223798,70405,0.6854082699577297,390602,70405,0,153393,0.0005083084106445312,0.003566265106201172,0.0030579566955566406
Global_Threshold_CV2,Niblack_Thresholding_Torch,0.5686149088541667,0.3348392326718027,0.7378237598847405,0.4606336628021742,0.2992358944529639,0.46063366280216483,0.29923589445295595,0.5686149088541667,153393,338004,184611,0.45382007313522915,236180,224827,40216,113177,0.0005083084106445312,0.21494841575622559,0.21444010734558105
Global_Threshold_CV2,Sauvola_Thresholding_Torch,0.47447591145833334,0.3217777534758222,0.9974705495035627,0.4865859320837282,0.32151540176554516,0.4865859320837205,0.32151540176553844,0.47447591145833334,153393,475499,322106,0.3225937383674834,138513,322494,388,153005,0.0005083084106445312,0.21479225158691406,0.21428394317626953
Global_Threshold_CV2,Sobel_Torch,0.4812841796875,0.15465127939431417,0.24129523511503131,0.18849322044687758,0.10405327905721483,0.18849322044687278,0.1040532790572119,0.4812841796875,153393,239332,85939,0.640921397890796,258688,202319,116380,37013,0.0005083084106445312,0.003263711929321289,0.002755403518676758
Global_Threshold_CV2,Canny_Torch,0.46599446614583334,0.1535627315200406,0.25241699425658276,0.19095457560581067,0.10555543439145938,0.19095457560580595,0.10555543439145651,0.46599446614583334,153393,252138,98745,0.6083692263760322,247588,213419,114674,38719,0.0005083084106445312,0.003108501434326172,0.0026001930236816406
Adaptive_Threshold_CV2,Global_Threshold_CV2,0.5999283854166667,0.8510427464095494,0.3692910022376301,0.5150761897997995,0.3468704496901804,0.5150761897997894,0.3468704496901711,0.5999283854166667,353499,153393,200106,0.43392767730601783,238052,22849,222955,130544,0.0015788078308105469,0.0005083084106445312,0.0010704994201660156
Adaptive_Threshold_CV2,Adaptive_Threshold_CV2,1.0,1.0,1.0,1.0,1.0,0.9999999999999858,0.9999999999999717,1.0,353499,353499,0,1.0,260901,0,0,353499,0.0015788078308105469,0.0015788078308105469,0.0
Adaptive_Threshold_CV2,Otsu_Thresholding_CV2,0.6586474609375,0.8243777412775481,0.5168105143154578,0.6353277888964044,0.4655534008292157,0.6353277888963933,0.4655534008292038,0.6586474609375,353499,221612,131887,0.626909835671388,221981,38920,170807,182692,0.0015788078308105469,0.0005435943603515625,0.0010352134704589844
Adaptive_Threshold_CV2,Niblack_Thresholding_CV2,0.8495296223958333,0.8866101524225891,0.8467690149052756,0.8662317160869496,0.7640288834833746,0.866231716086937,0.7640288834833551,0.8495296223958333,353499,337614,15885,0.9550635221033157,222619,38282,54167,299332,0.0015788078308105469,0.002774953842163086,0.001196146011352539
Adaptive_Threshold_CV2,Sauvola_Thresholding_CV2,0.7785139973958334,0.7286136685775814,0.980104611328462,0.8358517900201806,0.7179943093626113,0.8358517900201705,0.7179943093625965,0.7785139973958334,353499,475514,122015,0.7434039796935527,131853,129048,7033,346466,0.0015788078308105469,0.0029468536376953125,0.0013680458068847656
Adaptive_Threshold_CV2,Sobel_CV2,0.4536279296875,0.5375613789379545,0.3604819249842291,0.43156306567934016,0.27515487313250747,0.43156306567933284,0.27515487313250153,0.4536279296875,353499,237052,116447,0.6705874698372556,151279,109622,226069,127430,0.0015788078308105469,0.004628896713256836,0.003050088882446289
Adaptive_Threshold_CV2,Canny_CV2,0.46984700520833333,0.5744971915688052,0.3029372077431619,0.39669421487603307,0.24742268041237114,0.3966942148760257,0.2474226804123654,0.46984700520833333,353499,186403,167096,0.5273084223717748,181586,79315,246411,107088,0.0015788078308105469,0.0010488033294677734,0.0005300045013427734
Adaptive_Threshold_CV2,Global_Threshold_Sklearn,0.554658203125,0.7794116618279758,0.31517203726177445,0.44884417980678587,0.28936111637764234,0.4488441798067768,0.2893611163776348,0.554658203125,353499,142945,210554,0.40437172382382974,229369,31532,242086,111413,0.0015788078308105469,0.03941535949707031,0.037836551666259766
Adaptive_Threshold_CV2,Adaptive_Threshold_Sklearn,0.6409358723958334,0.6496549456291612,0.8159542176922707,0.7233697853381936,0.5666243654822335,0.7233697853381845,0.5666243654822224,0.6409358723958334,353499,443988,90489,0.796190437579394,105352,155549,65060,288439,0.0015788078308105469,0.05003666877746582,0.04845786094665527
Adaptive_Threshold_CV2,Otsu_Thresholding_Sklearn,0.5727652994791667,0.6941403350086611,0.4602389257112467,0.5534929688151173,0.38264104970283663,0.5534929688151079,0.38264104970282764,0.5727652994791667,353499,234382,119117,0.6630344074523549,189213,71688,190805,162694,0.0015788078308105469,0.05037236213684082,0.04879355430603027
Adaptive_Threshold_CV2,Niblack_Thresholding_Sklearn,0.5333837890625,0.7635752497277849,0.2737603218113771,0.40302600590958215,0.2523685466394411,0.4030260059095737,0.2523685466394345,0.5333837890625,353499,126738,226761,0.35852435226125107,230937,29964,256725,96774,0.0015788078308105469,0.05633211135864258,0.05475330352783203
Adaptive_Threshold_CV2,Sauvola_Thresholding_Sklearn,0.5956884765625,0.5887827412231049,0.9857566782367135,0.7372270417850989,0.5838159876556654,0.737227041785091,0.5838159876556557,0.5956884765625,353499,591838,238339,0.5972901368279834,17527,243374,5035,348464,0.0015788078308105469,0.05606865882873535,0.054489850997924805
Adaptive_Threshold_CV2,Sobel_Sklearn,0.45335286458333335,0.536349735604565,0.3681311686878888,0.43659750925975627,0.2792611063661764,0.43659750925974894,0.2792611063661704,0.45335286458333335,353499,242629,110870,0.6863640349760537,148406,112495,223365,130134,0.0015788078308105469,0.010305166244506836,0.008726358413696289
Adaptive_Threshold_CV2,Canny_Sklearn,0.44282877604166665,0.5522107683249377,0.16714615882930361,0.2566178354737697,0.14719540023716282,0.2566178354737641,0.14719540023715916,0.44282877604166665,353499,106999,246500,0.30268543899699857,212988,47913,294413,59086,0.0015788078308105469,0.03558158874511719,0.03400278091430664
Adaptive_Threshold_CV2,Global_Threshold_Torch,0.5999283854166667,0.8510427464095494,0.3692910022376301,0.5150761897997995,0.3468704496901804,0.5150761897997894,0.3468704496901711,0.5999283854166667,353499,153393,200106,0.43392767730601783,238052,22849,222955,130544,0.0015788078308105469,0.005978107452392578,0.004399299621582031
Adaptive_Threshold_CV2,Adaptive_Threshold_Torch,0.9170263671875,0.9262958537190269,0.9297678352696895,0.928028597123064,0.8657214125604832,0.9280285971230507,0.8657214125604603,0.9170263671875,353499,354824,1325,0.9962657542894505,234749,26152,24827,328672,0.0015788078308105469,0.0037751197814941406,0.0021963119506835938
Adaptive_Threshold_CV2,Otsu_Thresholding_Torch,0.6601936848958333,0.8233317545286374,0.5212461704276391,0.63835426132476,0.46881082442619904,0.6383542613247489,0.4688108244261871,0.6601936848958333,353499,223798,129701,0.6330937286951307,221363,39538,169239,184260,0.0015788078308105469,0.003566265106201172,0.001987457275390625
Adaptive_Threshold_CV2,Niblack_Thresholding_Torch,0.8500862630208333,0.8866699802369202,0.8478043785130934,0.8668017347719388,0.7649162210793634,0.8668017347719262,0.7649162210793439,0.8500862630208333,353499,338004,15495,0.9561667784067281,222595,38306,53801,299698,0.0015788078308105469,0.21494841575622559,0.21336960792541504
Adaptive_Threshold_CV2,Sauvola_Thresholding_Torch,0.7784733072916666,0.7285945922073442,0.9800480340821331,0.835818663012456,0.7179454234984002,0.8358186630124459,0.7179454234983853,0.7784733072916666,353499,475499,122000,0.7434274309725152,131848,129053,7053,346446,0.0015788078308105469,0.21479225158691406,0.21321344375610352
Adaptive_Threshold_CV2,Sobel_Torch,0.45472819010416665,0.5386158140156769,0.36466298348793064,0.4348895385025412,0.27786507674764993,0.43488953850253387,0.27786507674764394,0.45472819010416665,353499,239332,114167,0.6770372759187437,150477,110424,224591,128908,0.0015788078308105469,0.003263711929321289,0.0016849040985107422
Adaptive_Threshold_CV2,Canny_Torch,0.4547802734375,0.5367179877686029,0.3828214506971731,0.4468914547823201,0.2877400012757543,0.44689145478231274,0.28774000127574817,0.4547802734375,353499,252138,101361,0.7132636867431025,144090,116811,218172,135327,0.0015788078308105469,0.003108501434326172,0.001529693603515625
Otsu_Thresholding_CV2,Global_Threshold_CV2,0.8889664713541666,1.0,0.6921691966139017,0.8180850921987707,0.6921691966139017,0.8180850921987488,0.6921691966138706,0.8889664713541666,221612,153393,68219,0.6921691966139017,392788,0,68219,153393,0.0005435943603515625,0.0005083084106445312,3.528594970703125e-05
Otsu_Thresholding_CV2,Adaptive_Threshold_CV2,0.6586474609375,0.5168105143154578,0.8243777412775481,0.6353277888964044,0.4655534008292157,0.6353277888963933,0.4655534008292038,0.6586474609375,221612,353499,131887,0.626909835671388,221981,170807,38920,182692,0.0005435943603515625,0.0015788078308105469,0.0010352134704589844
Otsu_Thresholding_CV2,Otsu_Thresholding_CV2,1.0,1.0,1.0,1.0,1.0,0.9999999999999775,0.9999999999999548,1.0,221612,221612,0,1.0,392788,0,0,221612,0.0005435943603515625,0.0005435943603515625,0.0
Otsu_Thresholding_CV2,Niblack_Thresholding_CV2,0.6395149739583333,0.5001925275610608,0.7620164973015902,0.6039490295515587,0.43261244921276587,0.603949029551548,0.43261244921275477,0.6395149739583333,221612,337614,116002,0.656406428643362,224046,168742,52740,168872,0.0005435943603515625,0.002774953842163086,0.0022313594818115234
Otsu_Thresholding_CV2,Sauvola_Thresholding_CV2,0.5805989583333333,0.46207472335199384,0.9914760933523455,0.6303681113600698,0.4602463746562129,0.6303681113600608,0.4602463746562032,0.5805989583333333,221612,475514,253902,0.466047266747141,136997,255791,1889,219723,0.0005435943603515625,0.0029468536376953125,0.00240325927734375
Otsu_Thresholding_CV2,Sobel_CV2,0.478564453125,0.29169549297200614,0.3120183022580005,0.301514834388572,0.17751985150840657,0.30151483438856547,0.177519851508402,0.478564453125,221612,237052,15440,0.9348666115451462,224883,167905,152465,69147,0.0005435943603515625,0.004628896713256836,0.0040853023529052734
Otsu_Thresholding_CV2,Canny_CV2,0.5129736328125,0.29180324351002934,0.2454424850639857,0.2666225506415205,0.15381678741707247,0.26662255064151397,0.1538167874170681,0.5129736328125,221612,186403,35209,0.8411232243741313,260778,132010,167219,54393,0.0005435943603515625,0.0010488033294677734,0.0005052089691162109
Otsu_Thresholding_CV2,Global_Threshold_Sklearn,0.8647086588541667,0.9844135856448284,0.6349701279714095,0.7719890168066996,0.6286499285203717,0.7719890168066784,0.6286499285203436,0.8647086588541667,221612,142945,78667,0.6450237351767955,390560,2228,80895,140717,0.0005435943603515625,0.03941535949707031,0.03887176513671875
Otsu_Thresholding_CV2,Adaptive_Threshold_Sklearn,0.5556022135416666,0.4420862726019622,0.8856966229265564,0.5897866586538462,0.4182251304549784,0.5897866586538373,0.41822513045496945,0.5556022135416666,221612,443988,222376,0.49913961638602844,145081,247707,25331,196281,0.0005435943603515625,0.05003666877746582,0.04949307441711426
Otsu_Thresholding_CV2,Otsu_Thresholding_Sklearn,0.89052734375,0.8292744323369542,0.8770599065032579,0.8524980591849892,0.7429164421103327,0.8524980591849706,0.7429164421103042,0.89052734375,221612,234382,12770,0.9455162939133551,352773,40015,27245,194367,0.0005435943603515625,0.05037236213684082,0.04982876777648926
Otsu_Thresholding_CV2,Niblack_Thresholding_Sklearn,0.6875325520833333,0.6169025864381638,0.35280129234878976,0.4488876130328692,0.28939722021727465,0.44888761303285635,0.2893972202172639,0.6875325520833333,221612,126738,94874,0.5718914138223562,344235,48553,143427,78185,0.0005435943603515625,0.05633211135864258,0.055788516998291016
Otsu_Thresholding_CV2,Sauvola_Thresholding_Sklearn,0.3971484375,0.3743068204474873,0.9996254715448621,0.5446653144016227,0.37425433461559904,0.544665314401616,0.3742543346155927,0.3971484375,221612,591838,370226,0.3744470615269719,22479,370309,83,221529,0.0005435943603515625,0.05606865882873535,0.05552506446838379
Otsu_Thresholding_CV2,Sobel_Sklearn,0.47363444010416667,0.29024147979013226,0.31776708842481455,0.3033812179449898,0.17881519475902696,0.30338121794498324,0.1788151947590224,0.47363444010416667,221612,242629,21017,0.9133780380745913,220580,172208,151191,70421,0.0005435943603515625,0.010305166244506836,0.009761571884155273
Otsu_Thresholding_CV2,Canny_Sklearn,0.5544612630208333,0.25641361134216206,0.12380196018266158,0.16698162873427852,0.09109653855731717,0.16698162873427344,0.09109653855731414,0.5544612630208333,221612,106999,114613,0.48282132736494415,313225,79563,194176,27436,0.0005435943603515625,0.03558158874511719,0.035037994384765625
Otsu_Thresholding_CV2,Global_Threshold_Torch,0.8889664713541666,1.0,0.6921691966139017,0.8180850921987707,0.6921691966139017,0.8180850921987488,0.6921691966138706,0.8889664713541666,221612,153393,68219,0.6921691966139017,392788,0,68219,153393,0.0005435943603515625,0.005978107452392578,0.005434513092041016
Otsu_Thresholding_CV2,Adaptive_Threshold_Torch,0.671103515625,0.527531959506685,0.84463386459217,0.6494424359339112,0.48086986679682986,0.6494424359338998,0.4808698667968175,0.671103515625,221612,354824,133212,0.6245688003066309,225145,167643,34431,187181,0.0005435943603515625,0.0037751197814941406,0.003231525421142578
Otsu_Thresholding_CV2,Otsu_Thresholding_Torch,0.9964420572916667,0.9902322630229046,1.0,0.9950921622774522,0.9902322630229046,0.9950921622774299,0.9902322630228603,0.9964420572916667,221612,223798,2186,0.9902322630229046,390602,2186,0,221612,0.0005435943603515625,0.003566265106201172,0.0030226707458496094
Otsu_Thresholding_CV2,Niblack_Thresholding_Torch,0.6401236979166667,0.5007455533070615,0.7637402306734292,0.6048933554437328,0.43358216219816476,0.604893355443722,0.43358216219815365,0.6401236979166667,221612,338004,116392,0.6556490455734252,224038,168750,52358,169254,0.0005435943603515625,0.21494841575622559,0.21440482139587402
Otsu_Thresholding_CV2,Sauvola_Thresholding_Torch,0.5806526692708334,0.462108227356945,0.9915167048715774,0.6304074960802513,0.4602883662666351,0.6304074960802422,0.46028836626662545,0.5806526692708334,221612,475499,253887,0.46606196858458165,137021,255767,1880,219732,0.0005435943603515625,0.21479225158691406,0.2142486572265625
Otsu_Thresholding_CV2,Sobel_Torch,0.47755859375,0.2923888155365768,0.31576809920040433,0.30362907424763097,0.1789874311321189,0.30362907424762436,0.17898743113211432,0.47755859375,221612,239332,17720,0.9259605903096954,223434,169354,151634,69978,0.0005435943603515625,0.003263711929321289,0.0027201175689697266
Otsu_Thresholding_CV2,Canny_Torch,0.46728515625,0.2904163592953065,0.33041983286103643,0.3091292875989446,0.1828225454091505,0.30912928759893804,0.18282254540914591,0.46728515625,221612,252138,30526,0.8789313788480911,213875,178913,148387,73225,0.0005435943603515625,0.003108501434326172,0.0025649070739746094
Niblack_Thresholding_CV2,Global_Threshold_CV2,0.5680289713541666,0.7353790590183386,0.3341152914274882,0.4594720645530512,0.2982562366970294,0.4594720645530418,0.2982562366970215,0.5680289713541666,337614,153393,184221,0.45434431036627626,236195,40591,224812,112802,0.002774953842163086,0.0005083084106445312,0.0022666454315185547
Niblack_Thresholding_CV2,Adaptive_Threshold_CV2,0.8495296223958333,0.8467690149052756,0.8866101524225891,0.8662317160869496,0.7640288834833746,0.866231716086937,0.7640288834833551,0.8495296223958333,337614,353499,15885,0.9550635221033157,222619,54167,38282,299332,0.002774953842163086,0.0015788078308105469,0.001196146011352539
Niblack_Thresholding_CV2,Otsu_Thresholding_CV2,0.6395149739583333,0.7620164973015902,0.5001925275610608,0.6039490295515587,0.43261244921276587,0.603949029551548,0.43261244921275477,0.6395149739583333,337614,221612,116002,0.656406428643362,224046,52740,168742,168872,0.002774953842163086,0.0005435943603515625,0.0022313594818115234
Niblack_Thresholding_CV2,Niblack_Thresholding_CV2,1.0,1.0,1.0,1.0,1.0,0.9999999999999851,0.9999999999999704,1.0,337614,337614,0,1.0,276786,0,0,337614,0.002774953842163086,0.002774953842163086,0.0
Niblack_Thresholding_CV2,Sauvola_Thresholding_CV2,0.7755013020833333,0.7099643753916814,0.9999526086003543,0.8303686504461782,0.7099404874561016,0.830368650446168,0.7099404874560866,0.7755013020833333,337614,475514,137900,0.7099980231917462,138870,137916,16,337598,0.002774953842163086,0.0029468536376953125,0.00017189979553222656
Niblack_Thresholding_CV2,Sobel_CV2,0.5265690104166667,0.5985817457772978,0.4202876657958497,0.4938346796225982,0.3278754814902108,0.4938346796225896,0.3278754814902032,0.5265690104166667,337614,237052,100562,0.70213912930151,181629,95157,195719,141895,0.002774953842163086,0.004628896713256836,0.00185394287109375
Niblack_Thresholding_CV2,Canny_CV2,0.5159423828125,0.6078550237925355,0.3356081205163293,0.4324516189360269,0.27587768528235185,0.43245161893601863,0.2758776852823451,0.5159423828125,337614,186403,151211,0.5521186917604127,203689,73097,224308,113306,0.002774953842163086,0.0010488033294677734,0.0017261505126953125
Niblack_Thresholding_CV2,Global_Threshold_Sklearn,0.5247542317708334,0.6595823568505369,0.2792656702624891,0.3923930256222441,0.24408517248074557,0.39239302562223594,0.24408517248073924,0.5247542317708334,337614,142945,194669,0.423397726397602,228125,48661,243330,94284,0.002774953842163086,0.03941535949707031,0.03664040565490723
Niblack_Thresholding_CV2,Adaptive_Threshold_Sklearn,0.6018229166666667,0.6047032802688361,0.7952306480181509,0.6870018244579722,0.5232313625830944,0.6870018244579634,0.5232313625830842,0.6018229166666667,337614,443988,106374,0.7604124435795562,101279,175507,69133,268481,0.002774953842163086,0.05003666877746582,0.047261714935302734
Niblack_Thresholding_CV2,Otsu_Thresholding_Sklearn,0.55748046875,0.6402198121016119,0.4444602415776597,0.5246749977272568,0.3556335023937053,0.5246749977272477,0.35563350239369684,0.55748046875,337614,234382,103232,0.6942306894856256,192460,84326,187558,150056,0.002774953842163086,0.05037236213684082,0.047597408294677734
Niblack_Thresholding_CV2,Niblack_Thresholding_Sklearn,0.5921484375,0.8433461156085783,0.3165863974835167,0.4603576597064296,0.2990029876800161,0.4603576597064197,0.2990029876800077,0.5921484375,337614,126738,210876,0.3753932005189358,256932,19854,230730,106884,0.002774953842163086,0.05633211135864258,0.05355715751647949
Niblack_Thresholding_CV2,Sauvola_Thresholding_Sklearn,0.5822298177083334,0.5683768193323173,0.9963656720396666,0.7238394236603934,0.567200897034895,0.7238394236603857,0.5672008970348854,0.5822298177083334,337614,591838,254224,0.5704500217965052,21335,255451,1227,336387,0.002774953842163086,0.05606865882873535,0.053293704986572266
Niblack_Thresholding_CV2,Sobel_Sklearn,0.5266292317708333,0.5963920223880904,0.42860189447120084,0.49876344910666737,0.33223508234586413,0.49876344910665876,0.33223508234585647,0.5266292317708333,337614,242629,94985,0.7186579940405315,178859,97927,192912,144702,0.002774953842163086,0.010305166244506836,0.00753021240234375
Niblack_Thresholding_CV2,Canny_Sklearn,0.49551595052083336,0.6292488714847803,0.19942597167179085,0.3028656382067101,0.1784570774270841,0.30286563820670326,0.17845707742707936,0.49551595052083336,337614,106999,230615,0.3169270231684705,237116,39670,270285,67329,0.002774953842163086,0.03558158874511719,0.0328066349029541
Niblack_Thresholding_CV2,Global_Threshold_Torch,0.5680289713541666,0.7353790590183386,0.3341152914274882,0.4594720645530512,0.2982562366970294,0.4594720645530418,0.2982562366970215,0.5680289713541666,337614,153393,184221,0.45434431036627626,236195,40591,224812,112802,0.002774953842163086,0.005978107452392578,0.003203153610229492
Niblack_Thresholding_CV2,Adaptive_Threshold_Torch,0.8963248697916667,0.8859885464342886,0.9311521441646378,0.9080090925108096,0.8315170815832073,0.9080090925107965,0.8315170815831853,0.8963248697916667,337614,354824,17210,0.9514970802425992,236332,40454,23244,314370,0.002774953842163086,0.0037751197814941406,0.0010001659393310547
Niblack_Thresholding_CV2,Otsu_Thresholding_Torch,0.6414583333333334,0.7621247732330048,0.5051982441486431,0.6076179347787365,0.436387360880133,0.6076179347787256,0.43638736088012187,0.6414583333333334,337614,223798,113816,0.6628812786199625,223550,53236,167052,170562,0.002774953842163086,0.003566265106201172,0.0007913112640380859
Niblack_Thresholding_CV2,Niblack_Thresholding_Torch,0.9920865885416666,0.9922308611732406,0.9933770518995065,0.9928036257174913,0.9857100869974136,0.9928036257174765,0.9857100869973846,0.9920865885416666,337614,338004,390,0.9988461675009763,274160,2626,2236,335378,0.002774953842163086,0.21494841575622559,0.2121734619140625
Niblack_Thresholding_CV2,Sauvola_Thresholding_Torch,0.7755192057291667,0.7099825656836292,0.9999466846753985,0.830379049406417,0.7099556903328378,0.8303790494064068,0.7099556903328228,0.7755192057291667,337614,475499,137885,0.71002042065283,138883,137903,18,337596,0.002774953842163086,0.21479225158691406,0.21201729774475098
Niblack_Thresholding_CV2,Sobel_Torch,0.526630859375,0.5977219928801831,0.42372058030768867,0.49590082954037296,0.32969955657168143,0.4959008295403643,0.3296995565716738,0.526630859375,337614,239332,98282,0.7088924037510292,180508,96278,194560,143054,0.002774953842163086,0.003263711929321289,0.0004887580871582031
Niblack_Thresholding_CV2,Canny_Torch,0.5277180989583333,0.5940833987736874,0.44367532152102696,0.5079796253340387,0.3404642684237921,0.5079796253340301,0.34046426842378436,0.5277180989583333,337614,252138,85476,0.7468232952424959,174439,102347,187823,149791,0.002774953842163086,0.003108501434326172,0.00033354759216308594
Sauvola_Thresholding_CV2,Global_Threshold_CV2,0.47443196614583333,0.9974314342897003,0.32175498513187833,0.48655524584716026,0.3214886070416971,0.4865552458471525,0.32148860704169036,0.47443196614583333,475514,153393,322121,0.32258356220847334,138492,394,322515,152999,0.0029468536376953125,0.0005083084106445312,0.0024385452270507812
Sauvola_Thresholding_CV2,Adaptive_Threshold_CV2,0.7785139973958334,0.980104611328462,0.7286136685775814,0.8358517900201806,0.7179943093626113,0.8358517900201705,0.7179943093625965,0.7785139973958334,475514,353499,122015,0.7434039796935527,131853,7033,129048,346466,0.0029468536376953125,0.0015788078308105469,0.0013680458068847656
Sauvola_Thresholding_CV2,Otsu_Thresholding_CV2,0.5805989583333333,0.9914760933523455,0.46207472335199384,0.6303681113600698,0.4602463746562129,0.6303681113600608,0.4602463746562032,0.5805989583333333,475514,221612,253902,0.466047266747141,136997,1889,255791,219723,0.0029468536376953125,0.0005435943603515625,0.00240325927734375
Sauvola_Thresholding_CV2,Niblack_Thresholding_CV2,0.7755013020833333,0.9999526086003543,0.7099643753916814,0.8303686504461782,0.7099404874561016,0.830368650446168,0.7099404874560866,0.7755013020833333,475514,337614,137900,0.7099980231917462,138870,16,137916,337598,0.0029468536376953125,0.002774953842163086,0.00017189979553222656
Sauvola_Thresholding_CV2,Sauvola_Thresholding_CV2,1.0,1.0,1.0,1.0,1.0,0.9999999999999895,0.9999999999999789,1.0,475514,475514,0,1.0,138886,0,0,475514,0.0029468536376953125,0.0029468536376953125,0.0
Sauvola_Thresholding_CV2,Sobel_CV2,0.4261067708333333,0.7592553532558257,0.37850199994111633,0.5051686440273603,0.33794356935914216,0.5051686440273532,0.3379435693591358,0.4261067708333333,475514,237052,238462,0.498517393809646,81817,57069,295531,179983,0.0029468536376953125,0.004628896713256836,0.0016820430755615234
Sauvola_Thresholding_CV2,Canny_CV2,0.4197314453125,0.8191928241498259,0.32112619186816793,0.4613871527699092,0.2998721566640548,0.4613871527699022,0.29987215666404893,0.4197314453125,475514,186403,289111,0.39200317971710613,105183,33703,322814,152700,0.0029468536376953125,0.0010488033294677734,0.001898050308227539
Sauvola_Thresholding_CV2,Global_Threshold_Sklearn,0.4472900390625,0.9754590926580153,0.293234268601976,0.45091752242266664,0.2910868394353495,0.45091752242265937,0.2910868394353434,0.4472900390625,475514,142945,332569,0.30061154876617724,135378,3508,336077,139437,0.0029468536376953125,0.03941535949707031,0.036468505859375
Sauvola_Thresholding_CV2,Adaptive_Threshold_Sklearn,0.7336002604166667,0.8511784102273035,0.7947463166173867,0.8219949494400229,0.6977855901800073,0.821994949440014,0.6977855901799944,0.7336002604166667,475514,443988,31526,0.9337012159473749,72811,66075,97601,377913,0.0029468536376953125,0.05003666877746582,0.04708981513977051
Sauvola_Thresholding_CV2,Otsu_Thresholding_Sklearn,0.55931640625,0.9368040207865792,0.46175296626387446,0.6185976537408296,0.4478041139976261,0.6185976537408209,0.44780411399761694,0.55931640625,475514,234382,241132,0.49290241717383715,124074,14812,255944,219570,0.0029468536376953125,0.05037236213684082,0.04742550849914551
Sauvola_Thresholding_CV2,Niblack_Thresholding_Sklearn,0.41417317708333334,0.9559879436317442,0.2547979659904861,0.40235648864594886,0.2518437221986647,0.4023564886459422,0.25184372219865947,0.41417317708333334,475514,126738,348776,0.2665284302880672,133308,5578,354354,121160,0.0029468536376953125,0.05633211135864258,0.053385257720947266
Sauvola_Thresholding_CV2,Sauvola_Thresholding_Sklearn,0.8049446614583333,0.8004808748339918,0.9963008449803791,0.8877202647299111,0.7981088179354007,0.8877202647299027,0.7981088179353871,0.8049446614583333,475514,591838,116324,0.803452971928129,20803,118083,1759,473755,0.0029468536376953125,0.05606865882873535,0.05312180519104004
Sauvola_Thresholding_CV2,Sobel_Sklearn,0.42980305989583334,0.7579761693779392,0.3867541229070017,0.512173759265216,0.34424299373310674,0.5121737592652088,0.34424299373310024,0.42980305989583334,475514,242629,232885,0.510245755119723,80164,58722,291607,183907,0.0029468536376953125,0.010305166244506836,0.0073583126068115234
Sauvola_Thresholding_CV2,Canny_Sklearn,0.3342203776041667,0.8105589771867027,0.18239000323860075,0.29777532861927547,0.17493303535410581,0.2977753286192703,0.1749330353541023,0.3342203776041667,475514,106999,368515,0.2250175599456588,118616,20270,388785,86729,0.0029468536376953125,0.03558158874511719,0.032634735107421875
Sauvola_Thresholding_CV2,Global_Threshold_Torch,0.47443196614583333,0.9974314342897003,0.32175498513187833,0.48655524584716026,0.3214886070416971,0.4865552458471525,0.32148860704169036,0.47443196614583333,475514,153393,322121,0.32258356220847334,138492,394,322515,152999,0.0029468536376953125,0.005978107452392578,0.0030312538146972656
Sauvola_Thresholding_CV2,Adaptive_Threshold_Torch,0.7951204427083334,0.9926893333032715,0.7407352885509154,0.8484014943312241,0.7367163904389803,0.8484014943312139,0.7367163904389649,0.7951204427083334,475514,354824,120690,0.7461904381364166,136292,2594,123284,352230,0.0029468536376953125,0.0037751197814941406,0.0008282661437988281
Sauvola_Thresholding_CV2,Otsu_Thresholding_Torch,0.5840104166666666,0.9913582784475286,0.4665772195981612,0.6345207861440959,0.4646872538999011,0.6345207861440868,0.4646872538998914,0.5840104166666666,475514,223798,251716,0.47064439743099046,136952,1934,253650,221864,0.0029468536376953125,0.003566265106201172,0.0006194114685058594
Sauvola_Thresholding_CV2,Niblack_Thresholding_Torch,0.7761360677083333,0.9999526632820913,0.7107845405182602,0.8309293709542998,0.7107606249868568,0.8309293709542895,0.7107606249868418,0.7761360677083333,475514,338004,137510,0.710818188318325,138870,16,137526,337988,0.0029468536376953125,0.21494841575622559,0.21200156211853027
Sauvola_Thresholding_CV2,Sauvola_Thresholding_Torch,0.9969612630208333,0.9980525721400045,0.9980210887586906,0.9980368302010593,0.9960813533708337,0.9980368302010488,0.9960813533708127,0.9969612630208333,475514,475499,15,0.9999684551874393,137960,926,941,474573,0.0029468536376953125,0.21479225158691406,0.21184539794921875
Sauvola_Thresholding_CV2,Sobel_Torch,0.4283268229166667,0.7596351511707586,0.3823336431734923,0.5086550110093643,0.34107132471986207,0.5086550110093572,0.3410713247198557,0.4283268229166667,475514,239332,236182,0.503312205318876,81359,57527,293709,181805,0.0029468536376953125,0.003263711929321289,0.00031685829162597656
Sauvola_Thresholding_CV2,Canny_Torch,0.4384309895833333,0.7587590922431366,0.402326745374479,0.5258337776849373,0.35669910877428496,0.5258337776849301,0.3566991087742783,0.4384309895833333,475514,252138,223376,0.5302430632957179,78060,60826,284202,191312,0.0029468536376953125,0.003108501434326172,0.00016164779663085938
Sobel_CV2,Global_Threshold_CV2,0.4826220703125,0.23654273663074588,0.1530634628689064,0.18585972416089333,0.10245058038575676,0.18585972416088858,0.10245058038575386,0.4826220703125,237052,153393,83659,0.6470858714543645,260239,117109,200768,36284,0.004628896713256836,0.0005083084106445312,0.004120588302612305
Sobel_CV2,Adaptive_Threshold_CV2,0.4536279296875,0.3604819249842291,0.5375613789379545,0.43156306567934016,0.27515487313250747,0.43156306567933284,0.27515487313250153,0.4536279296875,237052,353499,116447,0.6705874698372556,151279,226069,109622,127430,0.004628896713256836,0.0015788078308105469,0.003050088882446289
Sobel_CV2,Otsu_Thresholding_CV2,0.478564453125,0.3120183022580005,0.29169549297200614,0.301514834388572,0.17751985150840657,0.30151483438856547,0.177519851508402,0.478564453125,237052,221612,15440,0.9348666115451462,224883,152465,167905,69147,0.004628896713256836,0.0005435943603515625,0.0040853023529052734
Sobel_CV2,Niblack_Thresholding_CV2,0.5265690104166667,0.4202876657958497,0.5985817457772978,0.4938346796225982,0.3278754814902108,0.4938346796225896,0.3278754814902032,0.5265690104166667,237052,337614,100562,0.70213912930151,181629,195719,95157,141895,0.004628896713256836,0.002774953842163086,0.00185394287109375
Sobel_CV2,Sauvola_Thresholding_CV2,0.4261067708333333,0.37850199994111633,0.7592553532558257,0.5051686440273603,0.33794356935914216,0.5051686440273532,0.3379435693591358,0.4261067708333333,237052,475514,238462,0.498517393809646,81817,295531,57069,179983,0.004628896713256836,0.0029468536376953125,0.0016820430755615234
Sobel_CV2,Sobel_CV2,1.0,1.0,1.0,1.0,1.0,0.9999999999999789,0.9999999999999578,1.0,237052,237052,0,1.0,377348,0,0,237052,0.004628896713256836,0.004628896713256836,0.0
Sobel_CV2,Canny_CV2,0.7463688151041666,0.7178639828758121,0.5644837419637886,0.632001039071448,0.4619894145551593,0.632001039071433,0.4619894145551433,0.7463688151041666,237052,186403,50649,0.7863380186625719,324757,52591,103240,133812,0.004628896713256836,0.0010488033294677734,0.0035800933837890625
Sobel_CV2,Global_Threshold_Sklearn,0.4619970703125,0.17296162859841197,0.10429779120193038,0.1301273431106035,0.069591553537702,0.13012734311060006,0.06959155353770004,0.4619970703125,237052,142945,94107,0.6030111536709245,259127,118221,212328,24724,0.004628896713256836,0.03941535949707031,0.03478646278381348
Sobel_CV2,Adaptive_Threshold_Sklearn,0.36663411458333334,0.3287251006783967,0.6156876972141133,0.42860918595089864,0.2727578538189837,0.4286091859508923,0.2727578538189786,0.36663411458333334,237052,443988,206936,0.5339153310449832,79310,298038,91102,145950,0.004628896713256836,0.05003666877746582,0.045407772064208984
Sobel_CV2,Otsu_Thresholding_Sklearn,0.460087890625,0.2980433651048289,0.2946863979211312,0.29635537530173894,0.17395375244659816,0.29635537530173267,0.17395375244659383,0.460087890625,237052,234382,2670,0.9887366484990635,212822,164526,167196,69856,0.004628896713256836,0.05037236213684082,0.045743465423583984
Sobel_CV2,Niblack_Thresholding_Sklearn,0.5511848958333333,0.3473228234625763,0.18569343435195654,0.24200225404766487,0.13765788642497287,0.2420022540476582,0.13765788642496857,0.5511848958333333,237052,126738,110314,0.5346421882118692,294629,82719,193033,44019,0.004628896713256836,0.05633211135864258,0.05170321464538574
Sobel_CV2,Sauvola_Thresholding_Sklearn,0.40490559895833333,0.39137737015872587,0.9771358183014697,0.5588968379398955,0.38782569676756107,0.5588968379398888,0.3878256967675546,0.40490559895833333,237052,591838,354786,0.4005352816142255,17142,360206,5420,231632,0.004628896713256836,0.05606865882873535,0.051439762115478516
Sobel_CV2,Sobel_Sklearn,0.9898388671875,0.9756418235248053,0.998595244925164,0.9869851005147171,0.9743046237683259,0.9869851005146965,0.9743046237682857,0.9898388671875,237052,242629,5577,0.977014289305895,371438,5910,333,236719,0.004628896713256836,0.010305166244506836,0.00567626953125
Sobel_CV2,Canny_Sklearn,0.7453792317708333,0.8766997822409556,0.39571908273290246,0.5453028766084098,0.37485664049231754,0.5453028766083939,0.37485664049230255,0.7453792317708333,237052,106999,130053,0.4513735382953951,364155,13193,143246,93806,0.004628896713256836,0.03558158874511719,0.03095269203186035
Sobel_CV2,Global_Threshold_Torch,0.4826220703125,0.23654273663074588,0.1530634628689064,0.18585972416089333,0.10245058038575676,0.18585972416088858,0.10245058038575386,0.4826220703125,237052,153393,83659,0.6470858714543645,260239,117109,200768,36284,0.004628896713256836,0.005978107452392578,0.0013492107391357422
Sobel_CV2,Adaptive_Threshold_Torch,0.4674153645833333,0.3729398236872365,0.5582235121407961,0.44714771337239556,0.28795250985751214,0.447147713372388,0.28795250985750587,0.4674153645833333,237052,354824,117772,0.6680833314544675,154852,222496,104724,132328,0.004628896713256836,0.0037751197814941406,0.0008537769317626953
Sobel_CV2,Otsu_Thresholding_Torch,0.4784212239583333,0.3136578521702607,0.2961206823819246,0.3046370836497776,0.17968841993170426,0.304637083649771,0.17968841993169968,0.4784212239583333,237052,223798,13254,0.9440882169313062,223746,153602,166856,70196,0.004628896713256836,0.003566265106201172,0.001062631607055664
Sobel_CV2,Niblack_Thresholding_Torch,0.5259505208333334,0.4198175169524621,0.5986028381958389,0.49351715311204475,0.32759560066119364,0.49351715311203614,0.3275956006611861,0.5259505208333334,237052,338004,100952,0.7013289783552857,181244,196104,95152,141900,0.004628896713256836,0.21494841575622559,0.21031951904296875
Sobel_CV2,Sauvola_Thresholding_Torch,0.4260660807291667,0.37847187901551843,0.7591709835816615,0.5051231420628137,0.33790284422480416,0.5051231420628066,0.3379028442247978,0.4260660807291667,237052,475499,238447,0.49853311994346994,81812,295536,57089,179963,0.004628896713256836,0.21479225158691406,0.21016335487365723
Sobel_CV2,Sobel_Torch,0.9933919270833333,0.9867548008624003,0.9962455494996878,0.9914774635588097,0.9830989667890535,0.9914774635587889,0.9830989667890125,0.9933919270833333,237052,239332,2280,0.9904734845319473,374178,3170,890,236162,0.004628896713256836,0.003263711929321289,0.0013651847839355469
Sobel_CV2,Canny_Torch,0.9754459635416667,0.9401676859497576,1.0,0.9691612665835361,0.9401676859497576,0.9691612665835162,0.9401676859497203,0.9754459635416667,237052,252138,15086,0.9401676859497576,362262,15086,0,237052,0.004628896713256836,0.003108501434326172,0.001520395278930664
Canny_CV2,Global_Threshold_CV2,0.5436165364583333,0.19360075101210616,0.15931610542748775,0.17479311116081414,0.09576619079713253,0.17479311116080898,0.09576619079712943,0.5436165364583333,186403,153393,33010,0.8229105754735707,304301,123696,156706,29697,0.0010488033294677734,0.0005083084106445312,0.0005404949188232422
Canny_CV2,Adaptive_Threshold_CV2,0.46984700520833333,0.3029372077431619,0.5744971915688052,0.39669421487603307,0.24742268041237114,0.3966942148760257,0.2474226804123654,0.46984700520833333,186403,353499,167096,0.5273084223717748,181586,246411,79315,107088,0.0010488033294677734,0.0015788078308105469,0.0005300045013427734
Canny_CV2,Otsu_Thresholding_CV2,0.5129736328125,0.2454424850639857,0.29180324351002934,0.2666225506415205,0.15381678741707247,0.26662255064151397,0.1538167874170681,0.5129736328125,186403,221612,35209,0.8411232243741313,260778,167219,132010,54393,0.0010488033294677734,0.0005435943603515625,0.0005052089691162109
Canny_CV2,Niblack_Thresholding_CV2,0.5159423828125,0.3356081205163293,0.6078550237925355,0.4324516189360269,0.27587768528235185,0.43245161893601863,0.2758776852823451,0.5159423828125,186403,337614,151211,0.5521186917604127,203689,224308,73097,113306,0.0010488033294677734,0.002774953842163086,0.0017261505126953125
Canny_CV2,Sauvola_Thresholding_CV2,0.4197314453125,0.32112619186816793,0.8191928241498259,0.4613871527699092,0.2998721566640548,0.4613871527699022,0.29987215666404893,0.4197314453125,186403,475514,289111,0.39200317971710613,105183,322814,33703,152700,0.0010488033294677734,0.0029468536376953125,0.001898050308227539
Canny_CV2,Sobel_CV2,0.7463688151041666,0.5644837419637886,0.7178639828758121,0.632001039071448,0.4619894145551593,0.632001039071433,0.4619894145551433,0.7463688151041666,186403,237052,50649,0.7863380186625719,324757,103240,52591,133812,0.0010488033294677734,0.004628896713256836,0.0035800933837890625
Canny_CV2,Canny_CV2,1.0,1.0,1.0,1.0,1.0,0.9999999999999731,0.9999999999999463,1.0,186403,186403,0,1.0,427997,0,0,186403,0.0010488033294677734,0.0010488033294677734,0.0
Canny_CV2,Global_Threshold_Sklearn,0.54912109375,0.18303543320857674,0.14036254781307167,0.15888361247069968,0.08629742994353264,0.15888361247069485,0.08629742994352979,0.54912109375,186403,142945,43458,0.76685997542958,311216,116781,160239,26164,0.0010488033294677734,0.03941535949707031,0.03836655616760254
Canny_CV2,Adaptive_Threshold_Sklearn,0.39356608072916666,0.29032090957413265,0.6915071109370557,0.408949366345649,0.257031019437997,0.4089493663456425,0.2570310194379919,0.39356608072916666,186403,443988,257585,0.4198379235474833,112908,315089,57504,128899,0.0010488033294677734,0.05003666877746582,0.04898786544799805
Canny_CV2,Otsu_Thresholding_Sklearn,0.5086572265625,0.25365429085851304,0.3189433646454188,0.28257661275948526,0.16453520713579994,0.28257661275947854,0.1645352071357954,0.5086572265625,186403,234382,47979,0.7952957138346801,253067,174930,126951,59452,0.0010488033294677734,0.05037236213684082,0.04932355880737305
Canny_CV2,Niblack_Thresholding_Sklearn,0.6054606119791667,0.27906389559563827,0.18973943552410638,0.2258918506359755,0.12732699002422843,0.22589185063596826,0.12732699002422382,0.6054606119791667,186403,126738,59665,0.6799139498827809,336627,91370,151035,35368,0.0010488033294677734,0.05633211135864258,0.055283308029174805
Canny_CV2,Sauvola_Thresholding_Sklearn,0.3256494140625,0.3074489978676597,0.9761645467079393,0.46761864255417024,0.3051581385286467,0.46761864255416424,0.3051581385286416,0.3256494140625,186403,591838,405435,0.31495611974898535,18119,409878,4443,181960,0.0010488033294677734,0.05606865882873535,0.05501985549926758
Canny_CV2,Sobel_Sklearn,0.7444075520833333,0.5605183222121016,0.7295912619432091,0.633976020436704,0.4641031416149662,0.6339760204366892,0.4641031416149503,0.7444075520833333,186403,242629,56226,0.7682634804578183,321366,106631,50405,135998,0.0010488033294677734,0.010305166244506836,0.009256362915039062
Canny_CV2,Canny_Sklearn,0.7726106770833333,0.7182029738595688,0.41226267817578044,0.5238341933592818,0.3548613516196809,0.523834193359264,0.35486135161966453,0.7726106770833333,186403,106999,79404,0.5740197314420905,397845,30152,109556,76847,0.0010488033294677734,0.03558158874511719,0.034532785415649414
Canny_CV2,Global_Threshold_Torch,0.5436165364583333,0.19360075101210616,0.15931610542748775,0.17479311116081414,0.09576619079713253,0.17479311116080898,0.09576619079712943,0.5436165364583333,186403,153393,33010,0.8229105754735707,304301,123696,156706,29697,0.0010488033294677734,0.005978107452392578,0.004929304122924805
Canny_CV2,Adaptive_Threshold_Torch,0.4727392578125,0.30617714697991116,0.5828178731029007,0.40145447289215064,0.2511373408416322,0.4014544728921432,0.2511373408416264,0.4727392578125,186403,354824,168421,0.5253393231573964,181812,246185,77764,108639,0.0010488033294677734,0.0037751197814941406,0.002726316452026367
Canny_CV2,Otsu_Thresholding_Torch,0.5119938151041666,0.24658397304712285,0.2960521021657377,0.2690632153505233,0.15544369831218874,0.2690632153505167,0.15544369831218435,0.5119938151041666,186403,223798,37395,0.8329073539531184,259384,168613,131218,55185,0.0010488033294677734,0.003566265106201172,0.0025174617767333984
Canny_CV2,Niblack_Thresholding_Torch,0.5155159505208333,0.335410231831576,0.6081983659061281,0.4323740911162513,0.27581458603483383,0.43237409111624303,0.2758145860348271,0.5155159505208333,186403,338004,151601,0.5514816392705412,203363,224634,73033,113370,0.0010488033294677734,0.21494841575622559,0.2138996124267578
Canny_CV2,Sauvola_Thresholding_Torch,0.4196484375,0.3210669212763854,0.8190157883725048,0.4612978960631634,0.2997967539544611,0.46129789606315647,0.2997967539544552,0.4196484375,186403,475499,289096,0.3920155457740184,105165,322832,33736,152667,0.0010488033294677734,0.21479225158691406,0.2137434482574463
Canny_CV2,Sobel_Torch,0.7443115234375,0.5612287533635285,0.7205892609024532,0.6310028538879819,0.46092342535559255,0.6310028538879672,0.4609234253555767,0.7443115234375,186403,239332,52929,0.778846957364665,322985,105012,52083,134320,0.0010488033294677734,0.003263711929321289,0.0022149085998535156
Canny_CV2,Canny_Torch,0.7387483723958334,0.5513409323465721,0.74577125904626,0.6339840516622163,0.46411174952508455,0.6339840516622018,0.46411174952506906,0.7387483723958334,186403,252138,65735,0.7392895953803076,314873,113124,47389,139014,0.0010488033294677734,0.003108501434326172,0.0020596981048583984
Global_Threshold_Sklearn,Global_Threshold_CV2,0.944873046875,0.855540996003729,0.918073384868306,0.885704837044186,0.7948565752495397,0.8857048370441561,0.7948565752494915,0.944873046875,142945,153393,10448,0.9318873742608854,449296,22159,11711,131234,0.03941535949707031,0.0005083084106445312,0.03890705108642578
Global_Threshold_Sklearn,Adaptive_Threshold_CV2,0.554658203125,0.31517203726177445,0.7794116618279758,0.44884417980678587,0.28936111637764234,0.4488441798067768,0.2893611163776348,0.554658203125,142945,353499,210554,0.40437172382382974,229369,242086,31532,111413,0.03941535949707031,0.0015788078308105469,0.037836551666259766
Global_Threshold_Sklearn,Otsu_Thresholding_CV2,0.8647086588541667,0.6349701279714095,0.9844135856448284,0.7719890168066996,0.6286499285203717,0.7719890168066784,0.6286499285203436,0.8647086588541667,142945,221612,78667,0.6450237351767955,390560,80895,2228,140717,0.03941535949707031,0.0005435943603515625,0.03887176513671875
Global_Threshold_Sklearn,Niblack_Thresholding_CV2,0.5247542317708334,0.2792656702624891,0.6595823568505369,0.3923930256222441,0.24408517248074557,0.39239302562223594,0.24408517248073924,0.5247542317708334,142945,337614,194669,0.423397726397602,228125,243330,48661,94284,0.03941535949707031,0.002774953842163086,0.03664040565490723
Global_Threshold_Sklearn,Sauvola_Thresholding_CV2,0.4472900390625,0.293234268601976,0.9754590926580153,0.45091752242266664,0.2910868394353495,0.45091752242265937,0.2910868394353434,0.4472900390625,142945,475514,332569,0.30061154876617724,135378,336077,3508,139437,0.03941535949707031,0.0029468536376953125,0.036468505859375
Global_Threshold_Sklearn,Sobel_CV2,0.4619970703125,0.10429779120193038,0.17296162859841197,0.1301273431106035,0.069591553537702,0.13012734311060006,0.06959155353770004,0.4619970703125,142945,237052,94107,0.6030111536709245,259127,212328,118221,24724,0.03941535949707031,0.004628896713256836,0.03478646278381348
Global_Threshold_Sklearn,Canny_CV2,0.54912109375,0.14036254781307167,0.18303543320857674,0.15888361247069968,0.08629742994353264,0.15888361247069485,0.08629742994352979,0.54912109375,142945,186403,43458,0.76685997542958,311216,160239,116781,26164,0.03941535949707031,0.0010488033294677734,0.03836655616760254
Global_Threshold_Sklearn,Global_Threshold_Sklearn,1.0,1.0,1.0,1.0,1.0,0.999999999999965,0.99999999999993,1.0,142945,142945,0,1.0,471455,0,0,142945,0.03941535949707031,0.03941535949707031,0.0
Global_Threshold_Sklearn,Adaptive_Threshold_Sklearn,0.5011279296875,0.31580358027694444,0.9808877540312708,0.4777819614845306,0.31387222421203437,0.47778196148452245,0.3138722242120274,0.5011279296875,142945,443988,301043,0.3219568997360289,167680,303775,2732,140213,0.03941535949707031,0.05003666877746582,0.010621309280395508
Global_Threshold_Sklearn,Otsu_Thresholding_Sklearn,0.8511767578125,0.6098804515705131,1.0,0.757671727705677,0.6098804515705131,0.7576717277056569,0.6098804515704871,0.8511767578125,142945,234382,91437,0.6098804515705131,380018,91437,0,142945,0.03941535949707031,0.05037236213684082,0.010957002639770508
Global_Threshold_Sklearn,Niblack_Thresholding_Sklearn,0.7531852213541667,0.46568511417254493,0.41288607506383573,0.43769907632294214,0.28016310410466005,0.4376990763229259,0.28016310410464673,0.7531852213541667,142945,126738,16207,0.8866207282521249,403737,67718,83925,59020,0.03941535949707031,0.05633211135864258,0.016916751861572266
Global_Threshold_Sklearn,Sauvola_Thresholding_Sklearn,0.2693798828125,0.24152724225210276,1.0,0.38908085788593366,0.24152724225210276,0.3890808578859284,0.24152724225209868,0.2693798828125,142945,591838,448893,0.24152724225210276,22562,448893,0,142945,0.03941535949707031,0.05606865882873535,0.01665329933166504
Global_Threshold_Sklearn,Sobel_Sklearn,0.4546614583333333,0.10410544493856876,0.176704326838994,0.13102024514101054,0.07010254915837531,0.13102024514100713,0.07010254915837336,0.4546614583333333,142945,242629,99684,0.5891505137473262,254085,217370,117686,25259,0.03941535949707031,0.010305166244506836,0.029110193252563477
Global_Threshold_Sklearn,Canny_Sklearn,0.6239322916666666,0.08826250712623482,0.06606736856833048,0.0755689274397465,0.03926819126819127,0.07556892743974347,0.03926819126818963,0.6239322916666666,142945,106999,35946,0.7485326524187624,373900,97555,133501,9444,0.03941535949707031,0.03558158874511719,0.003833770751953125
Global_Threshold_Sklearn,Global_Threshold_Torch,0.944873046875,0.855540996003729,0.918073384868306,0.885704837044186,0.7948565752495397,0.8857048370441561,0.7948565752494915,0.944873046875,142945,153393,10448,0.9318873742608854,449296,22159,11711,131234,0.03941535949707031,0.005978107452392578,0.033437252044677734
Global_Threshold_Sklearn,Adaptive_Threshold_Torch,0.5622379557291667,0.32242463869411314,0.8003357934870055,0.45966703430707817,0.29842056525765265,0.45966703430706896,0.2984205652576448,0.5622379557291667,142945,354824,211879,0.40286170044867314,231035,240420,28541,114404,0.03941535949707031,0.0037751197814941406,0.03564023971557617
Global_Threshold_Sklearn,Otsu_Thresholding_Torch,0.8613167317708333,0.6289957908471032,0.9847703662247718,0.7676656405166561,0.6229361655050337,0.7676656405166351,0.6229361655050062,0.8613167317708333,142945,223798,80853,0.6387233129876049,388425,83030,2177,140768,0.03941535949707031,0.003566265106201172,0.03584909439086914
Global_Threshold_Sklearn,Niblack_Thresholding_Torch,0.5253271484375,0.28004106460278577,0.6621777606771835,0.39361761850009047,0.2450335754632482,0.39361761850008226,0.24503357546324184,0.5253271484375,142945,338004,195059,0.4229091963408717,228106,243349,48290,94655,0.03941535949707031,0.21494841575622559,0.17553305625915527
Global_Threshold_Sklearn,Sauvola_Thresholding_Torch,0.4473470052083333,0.2932645494522596,0.9755290496344748,0.4509607983908001,0.29112290891174686,0.45096079839079284,0.29112290891174075,0.4473470052083333,142945,475499,332554,0.30062103180027716,135403,336052,3498,139447,0.03941535949707031,0.21479225158691406,0.17537689208984375
Global_Threshold_Sklearn,Sobel_Torch,0.46059733072916664,0.10627078702388314,0.17792857392703487,0.13306581353311867,0.07127504252570459,0.13306581353311517,0.07127504252570258,0.46059733072916664,142945,239332,96387,0.5972665585880701,257557,213898,117511,25434,0.03941535949707031,0.003263711929321289,0.03615164756774902
Global_Threshold_Sklearn,Canny_Torch,0.4447802734375,0.10699696198113731,0.18872993109237818,0.1365687716252028,0.07328887138180683,0.13656877162519934,0.07328887138180483,0.4447802734375,142945,252138,109193,0.5669316009486868,246295,225160,115967,26978,0.03941535949707031,0.003108501434326172,0.03630685806274414
Adaptive_Threshold_Sklearn,Global_Threshold_CV2,0.4944352213541667,0.9347297464682222,0.32293890825878174,0.48003200637449134,0.3158171806167401,0.4800320063744833,0.31581718061673314,0.4944352213541667,443988,153393,290595,0.34548906727208845,160400,10012,300607,143381,0.05003666877746582,0.0005083084106445312,0.04952836036682129
Adaptive_Threshold_Sklearn,Adaptive_Threshold_CV2,0.6409358723958334,0.8159542176922707,0.6496549456291612,0.7233697853381936,0.5666243654822335,0.7233697853381845,0.5666243654822224,0.6409358723958334,443988,353499,90489,0.796190437579394,105352,65060,155549,288439,0.05003666877746582,0.0015788078308105469,0.04845786094665527
Adaptive_Threshold_Sklearn,Otsu_Thresholding_CV2,0.5556022135416666,0.8856966229265564,0.4420862726019622,0.5897866586538462,0.4182251304549784,0.5897866586538373,0.41822513045496945,0.5556022135416666,443988,221612,222376,0.49913961638602844,145081,25331,247707,196281,0.05003666877746582,0.0005435943603515625,0.04949307441711426
Adaptive_Threshold_Sklearn,Niblack_Thresholding_CV2,0.6018229166666667,0.7952306480181509,0.6047032802688361,0.6870018244579722,0.5232313625830944,0.6870018244579634,0.5232313625830842,0.6018229166666667,443988,337614,106374,0.7604124435795562,101279,69133,175507,268481,0.05003666877746582,0.002774953842163086,0.047261714935302734
Adaptive_Threshold_Sklearn,Sauvola_Thresholding_CV2,0.7336002604166667,0.7947463166173867,0.8511784102273035,0.8219949494400229,0.6977855901800073,0.821994949440014,0.6977855901799944,0.7336002604166667,443988,475514,31526,0.9337012159473749,72811,97601,66075,377913,0.05003666877746582,0.0029468536376953125,0.04708981513977051
Adaptive_Threshold_Sklearn,Sobel_CV2,0.36663411458333334,0.6156876972141133,0.3287251006783967,0.42860918595089864,0.2727578538189837,0.4286091859508923,0.2727578538189786,0.36663411458333334,443988,237052,206936,0.5339153310449832,79310,91102,298038,145950,0.05003666877746582,0.004628896713256836,0.045407772064208984
Adaptive_Threshold_Sklearn,Canny_CV2,0.39356608072916666,0.6915071109370557,0.29032090957413265,0.408949366345649,0.257031019437997,0.4089493663456425,0.2570310194379919,0.39356608072916666,443988,186403,257585,0.4198379235474833,112908,57504,315089,128899,0.05003666877746582,0.0010488033294677734,0.04898786544799805
Adaptive_Threshold_Sklearn,Global_Threshold_Sklearn,0.5011279296875,0.9808877540312708,0.31580358027694444,0.4777819614845306,0.31387222421203437,0.47778196148452245,0.3138722242120274,0.5011279296875,443988,142945,301043,0.3219568997360289,167680,2732,303775,140213,0.05003666877746582,0.03941535949707031,0.010621309280395508
Adaptive_Threshold_Sklearn,Adaptive_Threshold_Sklearn,1.0,1.0,1.0,1.0,1.0,0.9999999999999887,0.9999999999999775,1.0,443988,443988,0,1.0,170412,0,0,443988,0.05003666877746582,0.05003666877746582,0.0
Adaptive_Threshold_Sklearn,Otsu_Thresholding_Sklearn,0.5693326822916667,0.8826787039960406,0.46596754867248663,0.6099444256084438,0.43879139571482506,0.6099444256084348,0.43879139571481574,0.5693326822916667,443988,234382,209606,0.5279016549996847,142914,27498,237104,206884,0.05003666877746582,0.05037236213684082,0.000335693359375
Adaptive_Threshold_Sklearn,Niblack_Thresholding_Sklearn,0.4692740885416667,0.965172245104073,0.2755119507734443,0.4286610387471396,0.27279985370270426,0.4286610387471321,0.27279985370269816,0.4692740885416667,443988,126738,317250,0.2854536609097543,165998,4414,321664,122324,0.05003666877746582,0.05633211135864258,0.006295442581176758
Adaptive_Threshold_Sklearn,Sauvola_Thresholding_Sklearn,0.73630859375,0.7382205941490746,0.9840513707577683,0.8435914912350144,0.7294926358990114,0.8435914912350062,0.7294926358989992,0.73630859375,443988,591838,147850,0.7501850168458261,15481,154931,7081,436907,0.05003666877746582,0.05606865882873535,0.006031990051269531
Adaptive_Threshold_Sklearn,Sobel_Sklearn,0.3691487630208333,0.6162124065960788,0.336745587718587,0.4355004318273506,0.27836404732026826,0.43550043182734427,0.27836404732026304,0.3691487630208333,443988,242629,201359,0.5464764813463427,77294,93118,294477,149511,0.05003666877746582,0.010305166244506836,0.039731502532958984
Adaptive_Threshold_Sklearn,Canny_Sklearn,0.3226904296875,0.6301367302498154,0.15185996017910394,0.24473898658226056,0.13943167694798816,0.24473898658225612,0.13943167694798528,0.3226904296875,443988,106999,336989,0.24099525212393128,130837,39575,376564,67424,0.05003666877746582,0.03558158874511719,0.014455080032348633
Adaptive_Threshold_Sklearn,Global_Threshold_Torch,0.4944352213541667,0.9347297464682222,0.32293890825878174,0.48003200637449134,0.3158171806167401,0.4800320063744833,0.31581718061673314,0.4944352213541667,443988,153393,290595,0.34548906727208845,160400,10012,300607,143381,0.05003666877746582,0.005978107452392578,0.04405856132507324
Adaptive_Threshold_Sklearn,Adaptive_Threshold_Torch,0.643525390625,0.8170163235857777,0.6529388181662568,0.7258203432096664,0.5696373657683503,0.7258203432096573,0.5696373657683391,0.643525390625,443988,354824,89164,0.7991747524707875,105485,64927,154091,289897,0.05003666877746582,0.0037751197814941406,0.04626154899597168
Adaptive_Threshold_Sklearn,Otsu_Thresholding_Torch,0.557294921875,0.884252763652937,0.4457192536735227,0.5926868787306113,0.42114783822665636,0.5926868787306024,0.42114783822664736,0.557294921875,443988,223798,220190,0.5040631728785463,144508,25904,246094,197894,0.05003666877746582,0.003566265106201172,0.04647040367126465
Adaptive_Threshold_Sklearn,Niblack_Thresholding_Torch,0.60259765625,0.7955941349806511,0.6056785318522122,0.6877666267685603,0.5241191397799165,0.6877666267685515,0.5241191397799063,0.60259765625,443988,338004,105984,0.7612908456985324,101322,69090,175074,268914,0.05003666877746582,0.21494841575622559,0.16491174697875977
Adaptive_Threshold_Sklearn,Sauvola_Thresholding_Torch,0.7336149088541667,0.7947650783703015,0.8511716532879267,0.8220018336311443,0.6977955119955241,0.8220018336311353,0.6977955119955113,0.7336149088541667,443988,475499,31511,0.9337306703063518,72823,97589,66078,377910,0.05003666877746582,0.21479225158691406,0.16475558280944824
Adaptive_Threshold_Sklearn,Sobel_Torch,0.36744140625,0.6156218140491033,0.3318513112967017,0.43124158520166245,0.27489355985835345,0.4312415852016562,0.2748935598583483,0.36744140625,443988,239332,204656,0.5390506049713055,78418,91994,296650,147338,0.05003666877746582,0.003263711929321289,0.04677295684814453
Adaptive_Threshold_Sklearn,Canny_Torch,0.37472330729166664,0.618621548517082,0.3513112967017127,0.44813151642087784,0.28876900405074163,0.4481315164208714,0.2887690040507363,0.37472330729166664,443988,252138,191850,0.5678937268574826,74252,96160,288010,155978,0.05003666877746582,0.003108501434326172,0.04692816734313965
Otsu_Thresholding_Sklearn,Global_Threshold_CV2,0.8449430338541667,0.9534594147060166,0.6239984299135599,0.7543240281090838,0.6055539683919825,0.7543240281090644,0.6055539683919574,0.8449430338541667,234382,153393,80989,0.6544572535433608,372879,7139,88128,146254,0.05037236213684082,0.0005083084106445312,0.04986405372619629
Otsu_Thresholding_Sklearn,Adaptive_Threshold_CV2,0.5727652994791667,0.4602389257112467,0.6941403350086611,0.5534929688151173,0.38264104970283663,0.5534929688151079,0.38264104970282764,0.5727652994791667,234382,353499,119117,0.6630344074523549,189213,190805,71688,162694,0.05037236213684082,0.0015788078308105469,0.04879355430603027
Otsu_Thresholding_Sklearn,Otsu_Thresholding_CV2,0.89052734375,0.8770599065032579,0.8292744323369542,0.8524980591849892,0.7429164421103327,0.8524980591849706,0.7429164421103042,0.89052734375,234382,221612,12770,0.9455162939133551,352773,27245,40015,194367,0.05037236213684082,0.0005435943603515625,0.04982876777648926
Otsu_Thresholding_Sklearn,Niblack_Thresholding_CV2,0.55748046875,0.4444602415776597,0.6402198121016119,0.5246749977272568,0.3556335023937053,0.5246749977272477,0.35563350239369684,0.55748046875,234382,337614,103232,0.6942306894856256,192460,187558,84326,150056,0.05037236213684082,0.002774953842163086,0.047597408294677734
Otsu_Thresholding_Sklearn,Sauvola_Thresholding_CV2,0.55931640625,0.46175296626387446,0.9368040207865792,0.6185976537408296,0.4478041139976261,0.6185976537408209,0.44780411399761694,0.55931640625,234382,475514,241132,0.49290241717383715,124074,255944,14812,219570,0.05037236213684082,0.0029468536376953125,0.04742550849914551
Otsu_Thresholding_Sklearn,Sobel_CV2,0.460087890625,0.2946863979211312,0.2980433651048289,0.29635537530173894,0.17395375244659816,0.29635537530173267,0.17395375244659383,0.460087890625,234382,237052,2670,0.9887366484990635,212822,167196,164526,69856,0.05037236213684082,0.004628896713256836,0.045743465423583984
Otsu_Thresholding_Sklearn,Canny_CV2,0.5086572265625,0.3189433646454188,0.25365429085851304,0.28257661275948526,0.16453520713579994,0.28257661275947854,0.1645352071357954,0.5086572265625,234382,186403,47979,0.7952957138346801,253067,126951,174930,59452,0.05037236213684082,0.0010488033294677734,0.04932355880737305
Otsu_Thresholding_Sklearn,Global_Threshold_Sklearn,0.8511767578125,1.0,0.6098804515705131,0.757671727705677,0.6098804515705131,0.7576717277056569,0.6098804515704871,0.8511767578125,234382,142945,91437,0.6098804515705131,380018,0,91437,142945,0.05037236213684082,0.03941535949707031,0.010957002639770508
Otsu_Thresholding_Sklearn,Adaptive_Threshold_Sklearn,0.5693326822916667,0.46596754867248663,0.8826787039960406,0.6099444256084438,0.43879139571482506,0.6099444256084348,0.43879139571481574,0.5693326822916667,234382,443988,209606,0.5279016549996847,142914,237104,27498,206884,0.05037236213684082,0.05003666877746582,0.000335693359375
Otsu_Thresholding_Sklearn,Otsu_Thresholding_Sklearn,1.0,1.0,1.0,1.0,1.0,0.9999999999999787,0.9999999999999573,1.0,234382,234382,0,1.0,380018,0,0,234382,0.05037236213684082,0.05037236213684082,0.0
Otsu_Thresholding_Sklearn,Niblack_Thresholding_Sklearn,0.67189453125,0.6293771402420743,0.34032476896690017,0.44177004873726183,0.28350760963057214,0.4417700487372496,0.2835076096305621,0.67189453125,234382,126738,107644,0.5407326501181832,333046,46972,154616,79766,0.05037236213684082,0.05633211135864258,0.005959749221801758
Otsu_Thresholding_Sklearn,Sauvola_Thresholding_Sklearn,0.4180403645833333,0.3959394293708751,0.9997866730380319,0.5672387499697417,0.39590598221285106,0.5672387499697349,0.3959059822128444,0.4180403645833333,234382,591838,357456,0.3960239119488779,22512,357506,50,234332,0.05037236213684082,0.05606865882873535,0.005696296691894531
Otsu_Thresholding_Sklearn,Sobel_Sklearn,0.4556070963541667,0.29373240626635727,0.30406771851080716,0.2988107192496609,0.17564813194559117,0.29881071924965463,0.17564813194558684,0.4556070963541667,234382,242629,8247,0.9660098339440051,208657,171361,163114,71268,0.05037236213684082,0.010305166244506836,0.040067195892333984
Otsu_Thresholding_Sklearn,Canny_Sklearn,0.5383675130208333,0.26988102692548527,0.1232048536150387,0.16917754649497188,0.09240521721321968,0.16917754649496694,0.0924052172132167,0.5383675130208333,234382,106999,127383,0.4565154320724288,301896,78122,205505,28877,0.05037236213684082,0.03558158874511719,0.014790773391723633
Otsu_Thresholding_Sklearn,Global_Threshold_Torch,0.8449430338541667,0.9534594147060166,0.6239984299135599,0.7543240281090838,0.6055539683919825,0.7543240281090644,0.6055539683919574,0.8449430338541667,234382,153393,80989,0.6544572535433608,372879,7139,88128,146254,0.05037236213684082,0.005978107452392578,0.04439425468444824
Otsu_Thresholding_Sklearn,Adaptive_Threshold_Torch,0.5855143229166667,0.4714252699930106,0.7136768181856968,0.5677912309107511,0.3964444591913882,0.5677912309107415,0.3964444591913788,0.5855143229166667,234382,354824,120442,0.6605584740603793,192467,187551,67109,167273,0.05037236213684082,0.0037751197814941406,0.04659724235534668
Otsu_Thresholding_Sklearn,Otsu_Thresholding_Torch,0.890927734375,0.8739264872787067,0.8344625440520177,0.8537387053123227,0.7448028728431779,0.853738705312304,0.7448028728431495,0.890927734375,234382,223798,10584,0.9548429486905992,351803,28215,38799,195583,0.05037236213684082,0.003566265106201172,0.04680609703063965
Otsu_Thresholding_Sklearn,Niblack_Thresholding_Torch,0.5581217447916667,0.44510715849516574,0.6418922954834415,0.5256872110778391,0.35656423455578784,0.5256872110778299,0.35656423455577935,0.5581217447916667,234382,338004,103622,0.6934296635542775,192462,187556,83934,150448,0.05037236213684082,0.21494841575622559,0.16457605361938477
Otsu_Thresholding_Sklearn,Sauvola_Thresholding_Torch,0.5593440755208333,0.4617696356879825,0.9368082873258186,0.6186135422697607,0.44782076645387614,0.618613542269752,0.447820766453867,0.5593440755208333,234382,475499,241117,0.49291796617868805,124090,255928,14811,219571,0.05037236213684082,0.21479225158691406,0.16441988945007324
Otsu_Thresholding_Sklearn,Sobel_Torch,0.45904622395833333,0.29530526632460347,0.3015419272811052,0.2983910122985599,0.17535815481418626,0.2983910122985536,0.1753581548141819,0.45904622395833333,234382,239332,4950,0.9793174335233066,211362,168656,163706,70676,0.05037236213684082,0.003263711929321289,0.04710865020751953
Otsu_Thresholding_Sklearn,Canny_Torch,0.45035481770833335,0.29511220046165193,0.31746891826164125,0.30588259475458357,0.18055572406463308,0.3058825947545773,0.1805557240646287,0.45035481770833335,234382,252138,17756,0.9295782468330834,202289,177729,159973,74409,0.05037236213684082,0.003108501434326172,0.04726386070251465
Niblack_Thresholding_Sklearn,Global_Threshold_CV2,0.7383772786458334,0.3891637819196443,0.4710110621912923,0.4261934594885964,0.27080422435536844,0.42619345948858117,0.27080422435535617,0.7383772786458334,126738,153393,26655,0.8262306624161467,393964,93698,67043,59695,0.05633211135864258,0.0005083084106445312,0.05582380294799805
Niblack_Thresholding_Sklearn,Adaptive_Threshold_CV2,0.5333837890625,0.2737603218113771,0.7635752497277849,0.40302600590958215,0.2523685466394411,0.4030260059095737,0.2523685466394345,0.5333837890625,126738,353499,226761,0.35852435226125107,230937,256725,29964,96774,0.05633211135864258,0.0015788078308105469,0.05475330352783203
Niblack_Thresholding_Sklearn,Otsu_Thresholding_CV2,0.6875325520833333,0.35280129234878976,0.6169025864381638,0.4488876130328692,0.28939722021727465,0.44888761303285635,0.2893972202172639,0.6875325520833333,126738,221612,94874,0.5718914138223562,344235,143427,48553,78185,0.05633211135864258,0.0005435943603515625,0.055788516998291016
Niblack_Thresholding_Sklearn,Niblack_Thresholding_CV2,0.5921484375,0.3165863974835167,0.8433461156085783,0.4603576597064296,0.2990029876800161,0.4603576597064197,0.2990029876800077,0.5921484375,126738,337614,210876,0.3753932005189358,256932,230730,19854,106884,0.05633211135864258,0.002774953842163086,0.05355715751647949
Niblack_Thresholding_Sklearn,Sauvola_Thresholding_CV2,0.41417317708333334,0.2547979659904861,0.9559879436317442,0.40235648864594886,0.2518437221986647,0.4023564886459422,0.25184372219865947,0.41417317708333334,126738,475514,348776,0.2665284302880672,133308,354354,5578,121160,0.05633211135864258,0.0029468536376953125,0.053385257720947266
Niblack_Thresholding_Sklearn,Sobel_CV2,0.5511848958333333,0.18569343435195654,0.3473228234625763,0.24200225404766487,0.13765788642497287,0.2420022540476582,0.13765788642496857,0.5511848958333333,126738,237052,110314,0.5346421882118692,294629,193033,82719,44019,0.05633211135864258,0.004628896713256836,0.05170321464538574
Niblack_Thresholding_Sklearn,Canny_CV2,0.6054606119791667,0.18973943552410638,0.27906389559563827,0.2258918506359755,0.12732699002422843,0.22589185063596826,0.12732699002422382,0.6054606119791667,126738,186403,59665,0.6799139498827809,336627,151035,91370,35368,0.05633211135864258,0.0010488033294677734,0.055283308029174805
Niblack_Thresholding_Sklearn,Global_Threshold_Sklearn,0.7531852213541667,0.41288607506383573,0.46568511417254493,0.43769907632294214,0.28016310410466005,0.4376990763229259,0.28016310410464673,0.7531852213541667,126738,142945,16207,0.8866207282521249,403737,83925,67718,59020,0.05633211135864258,0.03941535949707031,0.016916751861572266
Niblack_Thresholding_Sklearn,Adaptive_Threshold_Sklearn,0.4692740885416667,0.2755119507734443,0.965172245104073,0.4286610387471396,0.27279985370270426,0.4286610387471321,0.27279985370269816,0.4692740885416667,126738,443988,317250,0.2854536609097543,165998,321664,4414,122324,0.05633211135864258,0.05003666877746582,0.006295442581176758
Niblack_Thresholding_Sklearn,Otsu_Thresholding_Sklearn,0.67189453125,0.34032476896690017,0.6293771402420743,0.44177004873726183,0.28350760963057214,0.4417700487372496,0.2835076096305621,0.67189453125,126738,234382,107644,0.5407326501181832,333046,154616,46972,79766,0.05633211135864258,0.05037236213684082,0.005959749221801758
Niblack_Thresholding_Sklearn,Niblack_Thresholding_Sklearn,1.0,1.0,1.0,1.0,1.0,0.9999999999999605,0.9999999999999212,1.0,126738,126738,0,1.0,487662,0,0,126738,0.05633211135864258,0.05633211135864258,0.0
Niblack_Thresholding_Sklearn,Sauvola_Thresholding_Sklearn,0.24300130208333334,0.21414305941828676,1.0,0.3527476564761417,0.21414305941828676,0.35274765647613676,0.21414305941828313,0.24300130208333334,126738,591838,465100,0.21414305941828676,22562,465100,0,126738,0.05633211135864258,0.05606865882873535,0.00026345252990722656
Niblack_Thresholding_Sklearn,Sobel_Sklearn,0.5448616536458334,0.18491194374951056,0.353998011646073,0.24292911927703342,0.13825800765480645,0.24292911927702682,0.13825800765480217,0.5448616536458334,126738,242629,115891,0.5223530575487678,289898,197764,81873,44865,0.05633211135864258,0.010305166244506836,0.04602694511413574
Niblack_Thresholding_Sklearn,Canny_Sklearn,0.6801416015625,0.17390816736605014,0.14682257886348216,0.15922168933459402,0.0864969390458748,0.1592216893345872,0.08649693904587077,0.6801416015625,126738,106999,19739,0.8442534993451056,399271,88391,108130,18608,0.05633211135864258,0.03558158874511719,0.02075052261352539
Niblack_Thresholding_Sklearn,Global_Threshold_Torch,0.7383772786458334,0.3891637819196443,0.4710110621912923,0.4261934594885964,0.27080422435536844,0.42619345948858117,0.27080422435535617,0.7383772786458334,126738,153393,26655,0.8262306624161467,393964,93698,67043,59695,0.05633211135864258,0.005978107452392578,0.05035400390625
Niblack_Thresholding_Sklearn,Adaptive_Threshold_Torch,0.5542805989583334,0.29269722453949,0.8194543073111459,0.43132971455388924,0.2749651845615373,0.43132971455388025,0.27496518456153,0.5542805989583334,126738,354824,228086,0.35718553423669197,236694,250968,22882,103856,0.05633211135864258,0.0037751197814941406,0.05255699157714844
Niblack_Thresholding_Sklearn,Otsu_Thresholding_Torch,0.6856966145833333,0.3517189608486224,0.6210765516261895,0.4491065111714631,0.28957920992414155,0.4491065111714503,0.2895792099241309,0.6856966145833333,126738,223798,97060,0.5663053289126802,342578,145084,48024,78714,0.05633211135864258,0.003566265106201172,0.052765846252441406
Niblack_Thresholding_Sklearn,Niblack_Thresholding_Torch,0.5923046875,0.3169400362125892,0.8452634568953273,0.4610170804446338,0.2995595822322889,0.46101708044462386,0.2995595822322805,0.5923046875,126738,338004,211266,0.37496005964426454,256785,230877,19611,107127,0.05633211135864258,0.21494841575622559,0.158616304397583
Niblack_Thresholding_Sklearn,Sauvola_Thresholding_Torch,0.4141975911458333,0.25480600379811524,0.9559879436317442,0.40236651019449154,0.25185157469594266,0.4023665101944848,0.2518515746959374,0.4141975911458333,126738,475499,348761,0.266536838142667,133323,354339,5578,121160,0.05633211135864258,0.21479225158691406,0.15846014022827148
Niblack_Thresholding_Sklearn,Sobel_Torch,0.54796875,0.1845595240084903,0.34852214805346465,0.24132542956265196,0.13722005970816933,0.24132542956264535,0.13722005970816506,0.54796875,126738,239332,112594,0.5295489111359952,292501,195161,82567,44171,0.05633211135864258,0.003263711929321289,0.05306839942932129
Niblack_Thresholding_Sklearn,Canny_Torch,0.53439453125,0.18404207219855792,0.36614117312881694,0.24495613340512462,0.13957265574243846,0.24495613340511815,0.13957265574243427,0.53439453125,126738,252138,125400,0.5026533089022678,281928,205734,80334,46404,0.05633211135864258,0.003108501434326172,0.053223609924316406
Sauvola_Thresholding_Sklearn,Global_Threshold_CV2,0.2862776692708333,0.9997848663237566,0.25912496325007855,0.411577081468699,0.2591105156360085,0.41157708146869343,0.2591105156360041,0.2862776692708333,591838,153393,438445,0.2591807217515604,22529,33,438478,153360,0.05606865882873535,0.0005083084106445312,0.05556035041809082
Sauvola_Thresholding_Sklearn,Adaptive_Threshold_CV2,0.5956884765625,0.9857566782367135,0.5887827412231049,0.7372270417850989,0.5838159876556654,0.737227041785091,0.5838159876556557,0.5956884765625,591838,353499,238339,0.5972901368279834,17527,5035,243374,348464,0.05606865882873535,0.0015788078308105469,0.054489850997924805
Sauvola_Thresholding_Sklearn,Otsu_Thresholding_CV2,0.3971484375,0.9996254715448621,0.3743068204474873,0.5446653144016227,0.37425433461559904,0.544665314401616,0.3742543346155927,0.3971484375,591838,221612,370226,0.3744470615269719,22479,83,370309,221529,0.05606865882873535,0.0005435943603515625,0.05552506446838379
Sauvola_Thresholding_Sklearn,Niblack_Thresholding_CV2,0.5822298177083334,0.9963656720396666,0.5683768193323173,0.7238394236603934,0.567200897034895,0.7238394236603857,0.5672008970348854,0.5822298177083334,591838,337614,254224,0.5704500217965052,21335,1227,255451,336387,0.05606865882873535,0.002774953842163086,0.053293704986572266
Sauvola_Thresholding_Sklearn,Sauvola_Thresholding_CV2,0.8049446614583333,0.9963008449803791,0.8004808748339918,0.8877202647299111,0.7981088179354007,0.8877202647299027,0.7981088179353871,0.8049446614583333,591838,475514,116324,0.803452971928129,20803,1759,118083,473755,0.05606865882873535,0.0029468536376953125,0.05312180519104004
Sauvola_Thresholding_Sklearn,Sobel_CV2,0.40490559895833333,0.9771358183014697,0.39137737015872587,0.5588968379398955,0.38782569676756107,0.5588968379398888,0.3878256967675546,0.40490559895833333,591838,237052,354786,0.4005352816142255,17142,5420,360206,231632,0.05606865882873535,0.004628896713256836,0.051439762115478516
Sauvola_Thresholding_Sklearn,Canny_CV2,0.3256494140625,0.9761645467079393,0.3074489978676597,0.46761864255417024,0.3051581385286467,0.46761864255416424,0.3051581385286416,0.3256494140625,591838,186403,405435,0.31495611974898535,18119,4443,409878,181960,0.05606865882873535,0.0010488033294677734,0.05501985549926758
Sauvola_Thresholding_Sklearn,Global_Threshold_Sklearn,0.2693798828125,1.0,0.24152724225210276,0.38908085788593366,0.24152724225210276,0.3890808578859284,0.24152724225209868,0.2693798828125,591838,142945,448893,0.24152724225210276,22562,0,448893,142945,0.05606865882873535,0.03941535949707031,0.01665329933166504
Sauvola_Thresholding_Sklearn,Adaptive_Threshold_Sklearn,0.73630859375,0.9840513707577683,0.7382205941490746,0.8435914912350144,0.7294926358990114,0.8435914912350062,0.7294926358989992,0.73630859375,591838,443988,147850,0.7501850168458261,15481,7081,154931,436907,0.05606865882873535,0.05003666877746582,0.006031990051269531
Sauvola_Thresholding_Sklearn,Otsu_Thresholding_Sklearn,0.4180403645833333,0.9997866730380319,0.3959394293708751,0.5672387499697417,0.39590598221285106,0.5672387499697349,0.3959059822128444,0.4180403645833333,591838,234382,357456,0.3960239119488779,22512,50,357506,234332,0.05606865882873535,0.05037236213684082,0.005696296691894531
Sauvola_Thresholding_Sklearn,Niblack_Thresholding_Sklearn,0.24300130208333334,1.0,0.21414305941828676,0.3527476564761417,0.21414305941828676,0.35274765647613676,0.21414305941828313,0.24300130208333334,591838,126738,465100,0.21414305941828676,22562,0,465100,126738,0.05606865882873535,0.05633211135864258,0.00026345252990722656
Sauvola_Thresholding_Sklearn,Sauvola_Thresholding_Sklearn,1.0,1.0,1.0,1.0,1.0,0.9999999999999916,0.9999999999999831,1.0,591838,591838,0,1.0,22562,0,0,591838,0.05606865882873535,0.05606865882873535,0.0
Sauvola_Thresholding_Sklearn,Sobel_Sklearn,0.4131949869791667,0.9766639602026138,0.4003916612316208,0.5679481633186213,0.39659748953974894,0.5679481633186145,0.39659748953974233,0.4131949869791667,591838,242629,349209,0.4099584683646538,16900,5662,354871,236967,0.05606865882873535,0.010305166244506836,0.045763492584228516
Sauvola_Thresholding_Sklearn,Canny_Sklearn,0.2054638671875,0.9844671445527529,0.17798282638154359,0.30146371757648777,0.17748441449031171,0.3014637175764835,0.17748441449030872,0.2054638671875,591838,106999,484839,0.18079102727435548,20900,1662,486501,105337,0.05606865882873535,0.03558158874511719,0.020487070083618164
Sauvola_Thresholding_Sklearn,Global_Threshold_Torch,0.2862776692708333,0.9997848663237566,0.25912496325007855,0.411577081468699,0.2591105156360085,0.41157708146869343,0.2591105156360041,0.2862776692708333,591838,153393,438445,0.2591807217515604,22529,33,438478,153360,0.05606865882873535,0.005978107452392578,0.05009055137634277
Sauvola_Thresholding_Sklearn,Adaptive_Threshold_Torch,0.6070638020833333,0.9937912880752148,0.5958066227582548,0.7449776160868399,0.5935970749493722,0.744977616086832,0.5935970749493622,0.6070638020833333,591838,354824,237014,0.5995289251450566,20359,2203,239217,352621,0.05606865882873535,0.0037751197814941406,0.05229353904724121
Sauvola_Thresholding_Sklearn,Otsu_Thresholding_Torch,0.40069986979166666,0.9996201932099482,0.3779970194546481,0.548560877646401,0.37794273917384524,0.5485608776463944,0.37794273917383886,0.40069986979166666,591838,223798,368040,0.37814063983725277,22477,85,368125,223713,0.05606865882873535,0.003566265106201172,0.05250239372253418
Sauvola_Thresholding_Sklearn,Niblack_Thresholding_Torch,0.582861328125,0.9963669069005101,0.5690340937891788,0.7243725278057993,0.5678558541545123,0.7243725278057914,0.5678558541545027,0.582861328125,591838,338004,253834,0.5711089859049266,21334,1228,255062,336776,0.05606865882873535,0.21494841575622559,0.15887975692749023
Sauvola_Thresholding_Sklearn,Sauvola_Thresholding_Torch,0.8049365234375,0.9963112435567688,0.8004639783183912,0.8877140022317225,0.7980986940524805,0.8877140022317141,0.798098694052467,0.8049365234375,591838,475499,116339,0.8034276271547282,20808,1754,118093,473745,0.05606865882873535,0.21479225158691406,0.1587235927581787
Sauvola_Thresholding_Sklearn,Sobel_Torch,0.4083430989583333,0.97700265739642,0.39508784498460725,0.5626478337764838,0.3914474455169735,0.562647833776477,0.391447445516967,0.4083430989583333,591838,239332,352506,0.4043876871711516,17058,5504,358010,233828,0.05606865882873535,0.003263711929321289,0.05280494689941406
Sauvola_Thresholding_Sklearn,Canny_Torch,0.42792317708333333,0.9766318444661257,0.4160699380573738,0.583537920509588,0.41196861459187256,0.583537920509581,0.4119686145918657,0.42792317708333333,591838,252138,339700,0.42602536504921956,16670,5892,345592,246246,0.05606865882873535,0.003108501434326172,0.05296015739440918
Sobel_Sklearn,Global_Threshold_CV2,0.475615234375,0.24068894930016363,0.1521664763898792,0.18645428789309684,0.10281201441373203,0.18645428789309212,0.10281201441372917,0.475615234375,242629,153393,89236,0.6322121428188716,255298,116473,205709,36920,0.010305166244506836,0.0005083084106445312,0.009796857833862305
Sobel_Sklearn,Adaptive_Threshold_CV2,0.45335286458333335,0.3681311686878888,0.536349735604565,0.43659750925975627,0.2792611063661764,0.43659750925974894,0.2792611063661704,0.45335286458333335,242629,353499,110870,0.6863640349760537,148406,223365,112495,130134,0.010305166244506836,0.0015788078308105469,0.008726358413696289
Sobel_Sklearn,Otsu_Thresholding_CV2,0.47363444010416667,0.31776708842481455,0.29024147979013226,0.3033812179449898,0.17881519475902696,0.30338121794498324,0.1788151947590224,0.47363444010416667,242629,221612,21017,0.9133780380745913,220580,151191,172208,70421,0.010305166244506836,0.0005435943603515625,0.009761571884155273
Sobel_Sklearn,Niblack_Thresholding_CV2,0.5266292317708333,0.42860189447120084,0.5963920223880904,0.49876344910666737,0.33223508234586413,0.49876344910665876,0.33223508234585647,0.5266292317708333,242629,337614,94985,0.7186579940405315,178859,192912,97927,144702,0.010305166244506836,0.002774953842163086,0.00753021240234375
Sobel_Sklearn,Sauvola_Thresholding_CV2,0.42980305989583334,0.3867541229070017,0.7579761693779392,0.512173759265216,0.34424299373310674,0.5121737592652088,0.34424299373310024,0.42980305989583334,242629,475514,232885,0.510245755119723,80164,291607,58722,183907,0.010305166244506836,0.0029468536376953125,0.0073583126068115234
Sobel_Sklearn,Sobel_CV2,0.9898388671875,0.998595244925164,0.9756418235248053,0.9869851005147171,0.9743046237683259,0.9869851005146965,0.9743046237682857,0.9898388671875,242629,237052,5577,0.977014289305895,371438,333,5910,236719,0.010305166244506836,0.004628896713256836,0.00567626953125
Sobel_Sklearn,Canny_CV2,0.7444075520833333,0.7295912619432091,0.5605183222121016,0.633976020436704,0.4641031416149662,0.6339760204366892,0.4641031416149503,0.7444075520833333,242629,186403,56226,0.7682634804578183,321366,50405,106631,135998,0.010305166244506836,0.0010488033294677734,0.009256362915039062
Sobel_Sklearn,Global_Threshold_Sklearn,0.4546614583333333,0.176704326838994,0.10410544493856876,0.13102024514101054,0.07010254915837531,0.13102024514100713,0.07010254915837336,0.4546614583333333,242629,142945,99684,0.5891505137473262,254085,117686,217370,25259,0.010305166244506836,0.03941535949707031,0.029110193252563477
Sobel_Sklearn,Adaptive_Threshold_Sklearn,0.3691487630208333,0.336745587718587,0.6162124065960788,0.4355004318273506,0.27836404732026826,0.43550043182734427,0.27836404732026304,0.3691487630208333,242629,443988,201359,0.5464764813463427,77294,294477,93118,149511,0.010305166244506836,0.05003666877746582,0.039731502532958984
Sobel_Sklearn,Otsu_Thresholding_Sklearn,0.4556070963541667,0.30406771851080716,0.29373240626635727,0.2988107192496609,0.17564813194559117,0.29881071924965463,0.17564813194558684,0.4556070963541667,242629,234382,8247,0.9660098339440051,208657,163114,171361,71268,0.010305166244506836,0.05037236213684082,0.040067195892333984
Sobel_Sklearn,Niblack_Thresholding_Sklearn,0.5448616536458334,0.353998011646073,0.18491194374951056,0.24292911927703342,0.13825800765480645,0.24292911927702682,0.13825800765480217,0.5448616536458334,242629,126738,115891,0.5223530575487678,289898,81873,197764,44865,0.010305166244506836,0.05633211135864258,0.04602694511413574
Sobel_Sklearn,Sauvola_Thresholding_Sklearn,0.4131949869791667,0.4003916612316208,0.9766639602026138,0.5679481633186213,0.39659748953974894,0.5679481633186145,0.39659748953974233,0.4131949869791667,242629,591838,349209,0.4099584683646538,16900,354871,5662,236967,0.010305166244506836,0.05606865882873535,0.045763492584228516
Sobel_Sklearn,Sobel_Sklearn,1.0,1.0,1.0,1.0,1.0,0.9999999999999793,0.9999999999999587,1.0,242629,242629,0,1.0,371771,0,0,242629,0.010305166244506836,0.010305166244506836,0.0
Sobel_Sklearn,Canny_Sklearn,0.7388834635416667,0.8841110664585651,0.3898915628387373,0.5411408697243928,0.37093428590474026,0.5411408697243772,0.37093428590472566,0.7388834635416667,242629,106999,135630,0.44099839672916263,359371,12400,148030,94599,0.010305166244506836,0.03558158874511719,0.02527642250061035
Sobel_Sklearn,Global_Threshold_Torch,0.475615234375,0.24068894930016363,0.1521664763898792,0.18645428789309684,0.10281201441373203,0.18645428789309212,0.10281201441372917,0.475615234375,242629,153393,89236,0.6322121428188716,255298,116473,205709,36920,0.010305166244506836,0.005978107452392578,0.004327058792114258
Sobel_Sklearn,Adaptive_Threshold_Torch,0.4675439453125,0.38090997226794127,0.5570480033301872,0.4524406103911103,0.2923575104316057,0.45244061039110267,0.2923575104315993,0.4675439453125,242629,354824,112195,0.683800983022569,152103,219668,107473,135156,0.010305166244506836,0.0037751197814941406,0.006530046463012695
Sobel_Sklearn,Otsu_Thresholding_Torch,0.4735465494791667,0.3194264470638701,0.294635018897164,0.3065302823378578,0.18100724160631995,0.30653028233785123,0.18100724160631537,0.4735465494791667,242629,223798,18831,0.9223876783072098,219460,152311,171142,71487,0.010305166244506836,0.003566265106201172,0.006738901138305664
Sobel_Sklearn,Niblack_Thresholding_Torch,0.5260302734375,0.42813990366977905,0.5964373590955739,0.49846632898922383,0.3319714626536979,0.4984663289892152,0.3319714626536903,0.5260302734375,242629,338004,95375,0.7178287830913244,178480,193291,97916,144713,0.010305166244506836,0.21494841575622559,0.20464324951171875
Sobel_Sklearn,Sauvola_Thresholding_Torch,0.4297591145833333,0.3867221592474432,0.7578896174818344,0.5121259719715705,0.344199819557429,0.5121259719715634,0.34419981955742257,0.4297591145833333,242629,475499,232870,0.5102618512341771,80158,291613,58743,183886,0.010305166244506836,0.21479225158691406,0.20448708534240723
Sobel_Sklearn,Sobel_Torch,0.9874625651041666,0.9907952133438069,0.9773316462582791,0.9840173789995456,0.9685376094628153,0.9840173789995251,0.9685376094627757,0.9874625651041666,242629,239332,3297,0.9864113523115539,369568,2203,5500,237129,0.010305166244506836,0.003263711929321289,0.007041454315185547
Sobel_Sklearn,Canny_Torch,0.9842496744791667,0.9619533747392301,0.9996537924155809,0.980441298631477,0.961633005844058,0.9804412986314572,0.9616330058440199,0.9842496744791667,242629,252138,9509,0.9622865256327884,362178,9593,84,242545,0.010305166244506836,0.003108501434326172,0.007196664810180664
Canny_Sklearn,Global_Threshold_CV2,0.6193587239583334,0.08646418024290548,0.12395442948064936,0.10186948907800547,0.05366832706804948,0.10186948907800156,0.053668327068047306,0.6193587239583334,106999,153393,46394,0.6975481280110566,367271,140130,93736,13263,0.03558158874511719,0.0005083084106445312,0.035073280334472656
Canny_Sklearn,Adaptive_Threshold_CV2,0.44282877604166665,0.16714615882930361,0.5522107683249377,0.2566178354737697,0.14719540023716282,0.2566178354737641,0.14719540023715916,0.44282877604166665,106999,353499,246500,0.30268543899699857,212988,294413,47913,59086,0.03558158874511719,0.0015788078308105469,0.03400278091430664
Canny_Sklearn,Otsu_Thresholding_CV2,0.5544612630208333,0.12380196018266158,0.25641361134216206,0.16698162873427852,0.09109653855731717,0.16698162873427344,0.09109653855731414,0.5544612630208333,106999,221612,114613,0.48282132736494415,313225,194176,79563,27436,0.03558158874511719,0.0005435943603515625,0.035037994384765625
Canny_Sklearn,Niblack_Thresholding_CV2,0.49551595052083336,0.19942597167179085,0.6292488714847803,0.3028656382067101,0.1784570774270841,0.30286563820670326,0.17845707742707936,0.49551595052083336,106999,337614,230615,0.3169270231684705,237116,270285,39670,67329,0.03558158874511719,0.002774953842163086,0.0328066349029541
Canny_Sklearn,Sauvola_Thresholding_CV2,0.3342203776041667,0.18239000323860075,0.8105589771867027,0.29777532861927547,0.17493303535410581,0.2977753286192703,0.1749330353541023,0.3342203776041667,106999,475514,368515,0.2250175599456588,118616,388785,20270,86729,0.03558158874511719,0.0029468536376953125,0.032634735107421875
Canny_Sklearn,Sobel_CV2,0.7453792317708333,0.39571908273290246,0.8766997822409556,0.5453028766084098,0.37485664049231754,0.5453028766083939,0.37485664049230255,0.7453792317708333,106999,237052,130053,0.4513735382953951,364155,143246,13193,93806,0.03558158874511719,0.004628896713256836,0.03095269203186035
Canny_Sklearn,Canny_CV2,0.7726106770833333,0.41226267817578044,0.7182029738595688,0.5238341933592818,0.3548613516196809,0.523834193359264,0.35486135161966453,0.7726106770833333,106999,186403,79404,0.5740197314420905,397845,109556,30152,76847,0.03558158874511719,0.0010488033294677734,0.034532785415649414
Canny_Sklearn,Global_Threshold_Sklearn,0.6239322916666666,0.06606736856833048,0.08826250712623482,0.0755689274397465,0.03926819126819127,0.07556892743974347,0.03926819126818963,0.6239322916666666,106999,142945,35946,0.7485326524187624,373900,133501,97555,9444,0.03558158874511719,0.03941535949707031,0.003833770751953125
Canny_Sklearn,Adaptive_Threshold_Sklearn,0.3226904296875,0.15185996017910394,0.6301367302498154,0.24473898658226056,0.13943167694798816,0.24473898658225612,0.13943167694798528,0.3226904296875,106999,443988,336989,0.24099525212393128,130837,376564,39575,67424,0.03558158874511719,0.05003666877746582,0.014455080032348633
Canny_Sklearn,Otsu_Thresholding_Sklearn,0.5383675130208333,0.1232048536150387,0.26988102692548527,0.16917754649497188,0.09240521721321968,0.16917754649496694,0.0924052172132167,0.5383675130208333,106999,234382,127383,0.4565154320724288,301896,205505,78122,28877,0.03558158874511719,0.05037236213684082,0.014790773391723633
Canny_Sklearn,Niblack_Thresholding_Sklearn,0.6801416015625,0.14682257886348216,0.17390816736605014,0.15922168933459402,0.0864969390458748,0.1592216893345872,0.08649693904587077,0.6801416015625,106999,126738,19739,0.8442534993451056,399271,108130,88391,18608,0.03558158874511719,0.05633211135864258,0.02075052261352539
Canny_Sklearn,Sauvola_Thresholding_Sklearn,0.2054638671875,0.17798282638154359,0.9844671445527529,0.30146371757648777,0.17748441449031171,0.3014637175764835,0.17748441449030872,0.2054638671875,106999,591838,484839,0.18079102727435548,20900,486501,1662,105337,0.03558158874511719,0.05606865882873535,0.020487070083618164
Canny_Sklearn,Sobel_Sklearn,0.7388834635416667,0.3898915628387373,0.8841110664585651,0.5411408697243928,0.37093428590474026,0.5411408697243772,0.37093428590472566,0.7388834635416667,106999,242629,135630,0.44099839672916263,359371,148030,12400,94599,0.03558158874511719,0.010305166244506836,0.02527642250061035
Canny_Sklearn,Canny_Sklearn,1.0,1.0,1.0,1.0,1.0,0.9999999999999533,0.9999999999999065,1.0,106999,106999,0,1.0,507401,0,0,106999,0.03558158874511719,0.03558158874511719,0.0
Canny_Sklearn,Global_Threshold_Torch,0.6193587239583334,0.08646418024290548,0.12395442948064936,0.10186948907800547,0.05366832706804948,0.10186948907800156,0.053668327068047306,0.6193587239583334,106999,153393,46394,0.6975481280110566,367271,140130,93736,13263,0.03558158874511719,0.005978107452392578,0.02960348129272461
Canny_Sklearn,Adaptive_Threshold_Torch,0.4506298828125,0.17514316957139314,0.5807998205590706,0.2691290819209957,0.15548766757239577,0.2691290819209899,0.15548766757239188,0.4506298828125,106999,354824,247825,0.3015551371947783,214722,292679,44854,62145,0.03558158874511719,0.0037751197814941406,0.03180646896362305
Canny_Sklearn,Otsu_Thresholding_Torch,0.5524951171875,0.1247777013199403,0.260983747511659,0.1688346629503895,0.09220066562772393,0.1688346629503844,0.09220066562772088,0.5524951171875,106999,223798,116799,0.47810525563231127,311528,195873,79074,27925,0.03558158874511719,0.003566265106201172,0.032015323638916016
Canny_Sklearn,Niblack_Thresholding_Torch,0.4948876953125,0.19920178459426516,0.6292675632482546,0.3026091958930614,0.1782790357770764,0.30260919589305457,0.1782790357770717,0.4948876953125,106999,338004,231005,0.3165613424693199,236728,270673,39668,67331,0.03558158874511719,0.21494841575622559,0.1793668270111084
Canny_Sklearn,Sauvola_Thresholding_Torch,0.3341471354166667,0.18233266526322872,0.8102786007345864,0.2976799920343074,0.17486723450430516,0.2976799920343023,0.17486723450430164,0.3341471354166667,106999,475499,368500,0.22502465830632662,118601,388800,20300,86699,0.03558158874511719,0.21479225158691406,0.17921066284179688
Canny_Sklearn,Sobel_Torch,0.7417171223958333,0.3920119332141126,0.8768399704670137,0.5417996078895623,0.371553601837551,0.5417996078895466,0.3715536018375363,0.7417171223958333,106999,239332,132333,0.44707352130095435,361890,145511,13178,93821,0.03558158874511719,0.003263711929321289,0.0323178768157959
Canny_Sklearn,Canny_Torch,0.7267301432291666,0.37923676716718624,0.893653211712259,0.5324987400351398,0.36286084009760283,0.532498740035125,0.362860840097589,0.7267301432291666,106999,252138,145139,0.42436681499813594,350883,156518,11379,95620,0.03558158874511719,0.003108501434326172,0.032473087310791016
Global_Threshold_Torch,Global_Threshold_CV2,1.0,1.0,1.0,1.0,1.0,0.9999999999999674,0.9999999999999347,1.0,153393,153393,0,1.0,461007,0,0,153393,0.005978107452392578,0.0005083084106445312,0.005469799041748047
Global_Threshold_Torch,Adaptive_Threshold_CV2,0.5999283854166667,0.3692910022376301,0.8510427464095494,0.5150761897997995,0.3468704496901804,0.5150761897997894,0.3468704496901711,0.5999283854166667,153393,353499,200106,0.43392767730601783,238052,222955,22849,130544,0.005978107452392578,0.0015788078308105469,0.004399299621582031
Global_Threshold_Torch,Otsu_Thresholding_CV2,0.8889664713541666,0.6921691966139017,1.0,0.8180850921987707,0.6921691966139017,0.8180850921987488,0.6921691966138706,0.8889664713541666,153393,221612,68219,0.6921691966139017,392788,68219,0,153393,0.005978107452392578,0.0005435943603515625,0.005434513092041016
Global_Threshold_Torch,Niblack_Thresholding_CV2,0.5680289713541666,0.3341152914274882,0.7353790590183386,0.4594720645530512,0.2982562366970294,0.4594720645530418,0.2982562366970215,0.5680289713541666,153393,337614,184221,0.45434431036627626,236195,224812,40591,112802,0.005978107452392578,0.002774953842163086,0.003203153610229492
Global_Threshold_Torch,Sauvola_Thresholding_CV2,0.47443196614583333,0.32175498513187833,0.9974314342897003,0.48655524584716026,0.3214886070416971,0.4865552458471525,0.32148860704169036,0.47443196614583333,153393,475514,322121,0.32258356220847334,138492,322515,394,152999,0.005978107452392578,0.0029468536376953125,0.0030312538146972656
Global_Threshold_Torch,Sobel_CV2,0.4826220703125,0.1530634628689064,0.23654273663074588,0.18585972416089333,0.10245058038575676,0.18585972416088858,0.10245058038575386,0.4826220703125,153393,237052,83659,0.6470858714543645,260239,200768,117109,36284,0.005978107452392578,0.004628896713256836,0.0013492107391357422
Global_Threshold_Torch,Canny_CV2,0.5436165364583333,0.15931610542748775,0.19360075101210616,0.17479311116081414,0.09576619079713253,0.17479311116080898,0.09576619079712943,0.5436165364583333,153393,186403,33010,0.8229105754735707,304301,156706,123696,29697,0.005978107452392578,0.0010488033294677734,0.004929304122924805
Global_Threshold_Torch,Global_Threshold_Sklearn,0.944873046875,0.918073384868306,0.855540996003729,0.885704837044186,0.7948565752495397,0.8857048370441561,0.7948565752494915,0.944873046875,153393,142945,10448,0.9318873742608854,449296,11711,22159,131234,0.005978107452392578,0.03941535949707031,0.033437252044677734
Global_Threshold_Torch,Adaptive_Threshold_Sklearn,0.4944352213541667,0.32293890825878174,0.9347297464682222,0.48003200637449134,0.3158171806167401,0.4800320063744833,0.31581718061673314,0.4944352213541667,153393,443988,290595,0.34548906727208845,160400,300607,10012,143381,0.005978107452392578,0.05003666877746582,0.04405856132507324
Global_Threshold_Torch,Otsu_Thresholding_Sklearn,0.8449430338541667,0.6239984299135599,0.9534594147060166,0.7543240281090838,0.6055539683919825,0.7543240281090644,0.6055539683919574,0.8449430338541667,153393,234382,80989,0.6544572535433608,372879,88128,7139,146254,0.005978107452392578,0.05037236213684082,0.04439425468444824
Global_Threshold_Torch,Niblack_Thresholding_Sklearn,0.7383772786458334,0.4710110621912923,0.3891637819196443,0.4261934594885964,0.27080422435536844,0.42619345948858117,0.27080422435535617,0.7383772786458334,153393,126738,26655,0.8262306624161467,393964,67043,93698,59695,0.005978107452392578,0.05633211135864258,0.05035400390625
Global_Threshold_Torch,Sauvola_Thresholding_Sklearn,0.2862776692708333,0.25912496325007855,0.9997848663237566,0.411577081468699,0.2591105156360085,0.41157708146869343,0.2591105156360041,0.2862776692708333,153393,591838,438445,0.2591807217515604,22529,438478,33,153360,0.005978107452392578,0.05606865882873535,0.05009055137634277
Global_Threshold_Torch,Sobel_Sklearn,0.475615234375,0.1521664763898792,0.24068894930016363,0.18645428789309684,0.10281201441373203,0.18645428789309212,0.10281201441372917,0.475615234375,153393,242629,89236,0.6322121428188716,255298,205709,116473,36920,0.005978107452392578,0.010305166244506836,0.004327058792114258
Global_Threshold_Torch,Canny_Sklearn,0.6193587239583334,0.12395442948064936,0.08646418024290548,0.10186948907800547,0.05366832706804948,0.10186948907800156,0.053668327068047306,0.6193587239583334,153393,106999,46394,0.6975481280110566,367271,93736,140130,13263,0.005978107452392578,0.03558158874511719,0.02960348129272461
Global_Threshold_Torch,Global_Threshold_Torch,1.0,1.0,1.0,1.0,1.0,0.9999999999999674,0.9999999999999347,1.0,153393,153393,0,1.0,461007,0,0,153393,0.005978107452392578,0.005978107452392578,0.0
Global_Threshold_Torch,Adaptive_Threshold_Torch,0.6068440755208333,0.37576657723265616,0.8692117632486489,0.5247010627350128,0.35565745319910586,0.5247010627350025,0.35565745319909636,0.6068440755208333,153393,354824,201431,0.4323072847383492,239514,221493,20062,133331,0.005978107452392578,0.0037751197814941406,0.0022029876708984375
Global_Threshold_Torch,Otsu_Thresholding_Torch,0.8854085286458333,0.6854082699577297,1.0,0.8133439026912095,0.6854082699577297,0.813343902691188,0.6854082699576991,0.8854085286458333,153393,223798,70405,0.6854082699577297,390602,70405,0,153393,0.005978107452392578,0.003566265106201172,0.0024118423461914062
Global_Threshold_Torch,Niblack_Thresholding_Torch,0.5686149088541667,0.3348392326718027,0.7378237598847405,0.4606336628021742,0.2992358944529639,0.46063366280216483,0.29923589445295595,0.5686149088541667,153393,338004,184611,0.45382007313522915,236180,224827,40216,113177,0.005978107452392578,0.21494841575622559,0.208970308303833
Global_Threshold_Torch,Sauvola_Thresholding_Torch,0.47447591145833334,0.3217777534758222,0.9974705495035627,0.4865859320837282,0.32151540176554516,0.4865859320837205,0.32151540176553844,0.47447591145833334,153393,475499,322106,0.3225937383674834,138513,322494,388,153005,0.005978107452392578,0.21479225158691406,0.20881414413452148
Global_Threshold_Torch,Sobel_Torch,0.4812841796875,0.15465127939431417,0.24129523511503131,0.18849322044687758,0.10405327905721483,0.18849322044687278,0.1040532790572119,0.4812841796875,153393,239332,85939,0.640921397890796,258688,202319,116380,37013,0.005978107452392578,0.003263711929321289,0.002714395523071289
Global_Threshold_Torch,Canny_Torch,0.46599446614583334,0.1535627315200406,0.25241699425658276,0.19095457560581067,0.10555543439145938,0.19095457560580595,0.10555543439145651,0.46599446614583334,153393,252138,98745,0.6083692263760322,247588,213419,114674,38719,0.005978107452392578,0.003108501434326172,0.0028696060180664062
Adaptive_Threshold_Torch,Global_Threshold_CV2,0.6068440755208333,0.8692117632486489,0.37576657723265616,0.5247010627350128,0.35565745319910586,0.5247010627350025,0.35565745319909636,0.6068440755208333,354824,153393,201431,0.4323072847383492,239514,20062,221493,133331,0.0037751197814941406,0.0005083084106445312,0.0032668113708496094
Adaptive_Threshold_Torch,Adaptive_Threshold_CV2,0.9170263671875,0.9297678352696895,0.9262958537190269,0.928028597123064,0.8657214125604832,0.9280285971230507,0.8657214125604603,0.9170263671875,354824,353499,1325,0.9962657542894505,234749,24827,26152,328672,0.0037751197814941406,0.0015788078308105469,0.0021963119506835938
Adaptive_Threshold_Torch,Otsu_Thresholding_CV2,0.671103515625,0.84463386459217,0.527531959506685,0.6494424359339112,0.48086986679682986,0.6494424359338998,0.4808698667968175,0.671103515625,354824,221612,133212,0.6245688003066309,225145,34431,167643,187181,0.0037751197814941406,0.0005435943603515625,0.003231525421142578
Adaptive_Threshold_Torch,Niblack_Thresholding_CV2,0.8963248697916667,0.9311521441646378,0.8859885464342886,0.9080090925108096,0.8315170815832073,0.9080090925107965,0.8315170815831853,0.8963248697916667,354824,337614,17210,0.9514970802425992,236332,23244,40454,314370,0.0037751197814941406,0.002774953842163086,0.0010001659393310547
Adaptive_Threshold_Torch,Sauvola_Thresholding_CV2,0.7951204427083334,0.7407352885509154,0.9926893333032715,0.8484014943312241,0.7367163904389803,0.8484014943312139,0.7367163904389649,0.7951204427083334,354824,475514,120690,0.7461904381364166,136292,123284,2594,352230,0.0037751197814941406,0.0029468536376953125,0.0008282661437988281
Adaptive_Threshold_Torch,Sobel_CV2,0.4674153645833333,0.5582235121407961,0.3729398236872365,0.44714771337239556,0.28795250985751214,0.447147713372388,0.28795250985750587,0.4674153645833333,354824,237052,117772,0.6680833314544675,154852,104724,222496,132328,0.0037751197814941406,0.004628896713256836,0.0008537769317626953
Adaptive_Threshold_Torch,Canny_CV2,0.4727392578125,0.5828178731029007,0.30617714697991116,0.40145447289215064,0.2511373408416322,0.4014544728921432,0.2511373408416264,0.4727392578125,354824,186403,168421,0.5253393231573964,181812,77764,246185,108639,0.0037751197814941406,0.0010488033294677734,0.002726316452026367
Adaptive_Threshold_Torch,Global_Threshold_Sklearn,0.5622379557291667,0.8003357934870055,0.32242463869411314,0.45966703430707817,0.29842056525765265,0.45966703430706896,0.2984205652576448,0.5622379557291667,354824,142945,211879,0.40286170044867314,231035,28541,240420,114404,0.0037751197814941406,0.03941535949707031,0.03564023971557617
Adaptive_Threshold_Torch,Adaptive_Threshold_Sklearn,0.643525390625,0.6529388181662568,0.8170163235857777,0.7258203432096664,0.5696373657683503,0.7258203432096573,0.5696373657683391,0.643525390625,354824,443988,89164,0.7991747524707875,105485,154091,64927,289897,0.0037751197814941406,0.05003666877746582,0.04626154899597168
Adaptive_Threshold_Torch,Otsu_Thresholding_Sklearn,0.5855143229166667,0.7136768181856968,0.4714252699930106,0.5677912309107511,0.3964444591913882,0.5677912309107415,0.3964444591913788,0.5855143229166667,354824,234382,120442,0.6605584740603793,192467,67109,187551,167273,0.0037751197814941406,0.05037236213684082,0.04659724235534668
Adaptive_Threshold_Torch,Niblack_Thresholding_Sklearn,0.5542805989583334,0.8194543073111459,0.29269722453949,0.43132971455388924,0.2749651845615373,0.43132971455388025,0.27496518456153,0.5542805989583334,354824,126738,228086,0.35718553423669197,236694,22882,250968,103856,0.0037751197814941406,0.05633211135864258,0.05255699157714844
Adaptive_Threshold_Torch,Sauvola_Thresholding_Sklearn,0.6070638020833333,0.5958066227582548,0.9937912880752148,0.7449776160868399,0.5935970749493722,0.744977616086832,0.5935970749493622,0.6070638020833333,354824,591838,237014,0.5995289251450566,20359,239217,2203,352621,0.0037751197814941406,0.05606865882873535,0.05229353904724121
Adaptive_Threshold_Torch,Sobel_Sklearn,0.4675439453125,0.5570480033301872,0.38090997226794127,0.4524406103911103,0.2923575104316057,0.45244061039110267,0.2923575104315993,0.4675439453125,354824,242629,112195,0.683800983022569,152103,107473,219668,135156,0.0037751197814941406,0.010305166244506836,0.006530046463012695
Adaptive_Threshold_Torch,Canny_Sklearn,0.4506298828125,0.5807998205590706,0.17514316957139314,0.2691290819209957,0.15548766757239577,0.2691290819209899,0.15548766757239188,0.4506298828125,354824,106999,247825,0.3015551371947783,214722,44854,292679,62145,0.0037751197814941406,0.03558158874511719,0.03180646896362305
Adaptive_Threshold_Torch,Global_Threshold_Torch,0.6068440755208333,0.8692117632486489,0.37576657723265616,0.5247010627350128,0.35565745319910586,0.5247010627350025,0.35565745319909636,0.6068440755208333,354824,153393,201431,0.4323072847383492,239514,20062,221493,133331,0.0037751197814941406,0.005978107452392578,0.0022029876708984375
Adaptive_Threshold_Torch,Adaptive_Threshold_Torch,1.0,1.0,1.0,1.0,1.0,0.9999999999999859,0.9999999999999718,1.0,354824,354824,0,1.0,259576,0,0,354824,0.0037751197814941406,0.0037751197814941406,0.0
Adaptive_Threshold_Torch,Otsu_Thresholding_Torch,0.6727180989583333,0.8434838559772652,0.5320102360606949,0.6524812399113756,0.4842093922821994,0.6524812399113643,0.48420939228218696,0.6727180989583333,354824,223798,131026,0.6307296011543752,224548,35028,166054,188770,0.0037751197814941406,0.003566265106201172,0.00020885467529296875
Adaptive_Threshold_Torch,Niblack_Thresholding_Torch,0.8971061197916667,0.9313647175773068,0.8872145063468085,0.908753687783981,0.8327667893223428,0.9087536877839679,0.8327667893223207,0.8971061197916667,354824,338004,16820,0.9525962167158929,236377,23199,40019,314805,0.0037751197814941406,0.21494841575622559,0.21117329597473145
Adaptive_Threshold_Torch,Sauvola_Thresholding_Torch,0.7951741536458333,0.7407775831284609,0.9927146979911167,0.8484384992346352,0.7367721990277859,0.848438499234625,0.7367721990277705,0.7951741536458333,354824,475499,120675,0.7462139773164612,136316,123260,2585,352239,0.0037751197814941406,0.21479225158691406,0.21101713180541992
Adaptive_Threshold_Torch,Sobel_Torch,0.4711328125,0.5624404592783246,0.37937118120533,0.4531133237735544,0.29291953362666634,0.4531133237735468,0.29291953362665996,0.4711328125,354824,239332,115492,0.6745090523752622,154854,104722,220214,134610,0.0037751197814941406,0.003263711929321289,0.0005114078521728516
Adaptive_Threshold_Torch,Canny_Torch,0.47123046875,0.5593881128588313,0.39750129641737875,0.4647506763191106,0.30272000068681465,0.46475067631910294,0.30272000068680815,0.47123046875,354824,252138,102686,0.7106001848803915,148481,111095,213781,141043,0.0037751197814941406,0.003108501434326172,0.0006666183471679688
Otsu_Thresholding_Torch,Global_Threshold_CV2,0.8854085286458333,1.0,0.6854082699577297,0.8133439026912095,0.6854082699577297,0.813343902691188,0.6854082699576991,0.8854085286458333,223798,153393,70405,0.6854082699577297,390602,0,70405,153393,0.003566265106201172,0.0005083084106445312,0.0030579566955566406
Otsu_Thresholding_Torch,Adaptive_Threshold_CV2,0.6601936848958333,0.5212461704276391,0.8233317545286374,0.63835426132476,0.46881082442619904,0.6383542613247489,0.4688108244261871,0.6601936848958333,223798,353499,129701,0.6330937286951307,221363,169239,39538,184260,0.003566265106201172,0.0015788078308105469,0.001987457275390625
Otsu_Thresholding_Torch,Otsu_Thresholding_CV2,0.9964420572916667,1.0,0.9902322630229046,0.9950921622774522,0.9902322630229046,0.9950921622774299,0.9902322630228603,0.9964420572916667,223798,221612,2186,0.9902322630229046,390602,0,2186,221612,0.003566265106201172,0.0005435943603515625,0.0030226707458496094
Otsu_Thresholding_Torch,Niblack_Thresholding_CV2,0.6414583333333334,0.5051982441486431,0.7621247732330048,0.6076179347787365,0.436387360880133,0.6076179347787256,0.43638736088012187,0.6414583333333334,223798,337614,113816,0.6628812786199625,223550,167052,53236,170562,0.003566265106201172,0.002774953842163086,0.0007913112640380859
Otsu_Thresholding_Torch,Sauvola_Thresholding_CV2,0.5840104166666666,0.4665772195981612,0.9913582784475286,0.6345207861440959,0.4646872538999011,0.6345207861440868,0.4646872538998914,0.5840104166666666,223798,475514,251716,0.47064439743099046,136952,253650,1934,221864,0.003566265106201172,0.0029468536376953125,0.0006194114685058594
Otsu_Thresholding_Torch,Sobel_CV2,0.4784212239583333,0.2961206823819246,0.3136578521702607,0.3046370836497776,0.17968841993170426,0.304637083649771,0.17968841993169968,0.4784212239583333,223798,237052,13254,0.9440882169313062,223746,166856,153602,70196,0.003566265106201172,0.004628896713256836,0.001062631607055664
Otsu_Thresholding_Torch,Canny_CV2,0.5119938151041666,0.2960521021657377,0.24658397304712285,0.2690632153505233,0.15544369831218874,0.2690632153505167,0.15544369831218435,0.5119938151041666,223798,186403,37395,0.8329073539531184,259384,131218,168613,55185,0.003566265106201172,0.0010488033294677734,0.0025174617767333984
Otsu_Thresholding_Torch,Global_Threshold_Sklearn,0.8613167317708333,0.9847703662247718,0.6289957908471032,0.7676656405166561,0.6229361655050337,0.7676656405166351,0.6229361655050062,0.8613167317708333,223798,142945,80853,0.6387233129876049,388425,2177,83030,140768,0.003566265106201172,0.03941535949707031,0.03584909439086914
Otsu_Thresholding_Torch,Adaptive_Threshold_Sklearn,0.557294921875,0.4457192536735227,0.884252763652937,0.5926868787306113,0.42114783822665636,0.5926868787306024,0.42114783822664736,0.557294921875,223798,443988,220190,0.5040631728785463,144508,246094,25904,197894,0.003566265106201172,0.05003666877746582,0.04647040367126465
Otsu_Thresholding_Torch,Otsu_Thresholding_Sklearn,0.890927734375,0.8344625440520177,0.8739264872787067,0.8537387053123227,0.7448028728431779,0.853738705312304,0.7448028728431495,0.890927734375,223798,234382,10584,0.9548429486905992,351803,38799,28215,195583,0.003566265106201172,0.05037236213684082,0.04680609703063965
Otsu_Thresholding_Torch,Niblack_Thresholding_Sklearn,0.6856966145833333,0.6210765516261895,0.3517189608486224,0.4491065111714631,0.28957920992414155,0.4491065111714503,0.2895792099241309,0.6856966145833333,223798,126738,97060,0.5663053289126802,342578,48024,145084,78714,0.003566265106201172,0.05633211135864258,0.052765846252441406
Otsu_Thresholding_Torch,Sauvola_Thresholding_Sklearn,0.40069986979166666,0.3779970194546481,0.9996201932099482,0.548560877646401,0.37794273917384524,0.5485608776463944,0.37794273917383886,0.40069986979166666,223798,591838,368040,0.37814063983725277,22477,368125,85,223713,0.003566265106201172,0.05606865882873535,0.05250239372253418
Otsu_Thresholding_Torch,Sobel_Sklearn,0.4735465494791667,0.294635018897164,0.3194264470638701,0.3065302823378578,0.18100724160631995,0.30653028233785123,0.18100724160631537,0.4735465494791667,223798,242629,18831,0.9223876783072098,219460,171142,152311,71487,0.003566265106201172,0.010305166244506836,0.006738901138305664
Otsu_Thresholding_Torch,Canny_Sklearn,0.5524951171875,0.260983747511659,0.1247777013199403,0.1688346629503895,0.09220066562772393,0.1688346629503844,0.09220066562772088,0.5524951171875,223798,106999,116799,0.47810525563231127,311528,79074,195873,27925,0.003566265106201172,0.03558158874511719,0.032015323638916016
Otsu_Thresholding_Torch,Global_Threshold_Torch,0.8854085286458333,1.0,0.6854082699577297,0.8133439026912095,0.6854082699577297,0.813343902691188,0.6854082699576991,0.8854085286458333,223798,153393,70405,0.6854082699577297,390602,0,70405,153393,0.003566265106201172,0.005978107452392578,0.0024118423461914062
Otsu_Thresholding_Torch,Adaptive_Threshold_Torch,0.6727180989583333,0.5320102360606949,0.8434838559772652,0.6524812399113756,0.4842093922821994,0.6524812399113643,0.48420939228218696,0.6727180989583333,223798,354824,131026,0.6307296011543752,224548,166054,35028,188770,0.003566265106201172,0.0037751197814941406,0.00020885467529296875
Otsu_Thresholding_Torch,Otsu_Thresholding_Torch,1.0,1.0,1.0,1.0,1.0,0.9999999999999777,0.9999999999999553,1.0,223798,223798,0,1.0,390602,0,0,223798,0.003566265106201172,0.003566265106201172,0.0
Otsu_Thresholding_Torch,Niblack_Thresholding_Torch,0.642099609375,0.505775079584857,0.7638763527824198,0.6085916390472088,0.4373925413459964,0.6085916390471979,0.4373925413459852,0.642099609375,223798,338004,114206,0.6621164246576964,223552,167050,52844,170954,0.003566265106201172,0.21494841575622559,0.21138215065002441
Otsu_Thresholding_Torch,Sauvola_Thresholding_Torch,0.5840673828125,0.46661296869183744,0.9914029615992994,0.6345629968382532,0.46473253278539156,0.6345629968382442,0.46473253278538185,0.5840673828125,223798,475499,251701,0.47065924428863154,136977,253625,1924,221874,0.003566265106201172,0.21479225158691406,0.2112259864807129
Otsu_Thresholding_Torch,Sobel_Torch,0.4774251302083333,0.2967843831999064,0.31738442702794484,0.3067389285945631,0.18115276715123693,0.3067389285945564,0.1811527671512323,0.4774251302083333,223798,239332,15534,0.9350943459295038,222300,168302,152768,71030,0.003566265106201172,0.003263711929321289,0.0003025531768798828
Otsu_Thresholding_Torch,Canny_Torch,0.46732747395833335,0.2948028460604907,0.3321343354274837,0.3123571236468769,0.18508484705120704,0.3123571236468703,0.18508484705120243,0.46732747395833335,223798,252138,28340,0.887601234244739,212795,177807,149467,74331,0.003566265106201172,0.003108501434326172,0.000457763671875
Niblack_Thresholding_Torch,Global_Threshold_CV2,0.5686149088541667,0.7378237598847405,0.3348392326718027,0.4606336628021742,0.2992358944529639,0.46063366280216483,0.29923589445295595,0.5686149088541667,338004,153393,184611,0.45382007313522915,236180,40216,224827,113177,0.21494841575622559,0.0005083084106445312,0.21444010734558105
Niblack_Thresholding_Torch,Adaptive_Threshold_CV2,0.8500862630208333,0.8478043785130934,0.8866699802369202,0.8668017347719388,0.7649162210793634,0.8668017347719262,0.7649162210793439,0.8500862630208333,338004,353499,15495,0.9561667784067281,222595,53801,38306,299698,0.21494841575622559,0.0015788078308105469,0.21336960792541504
Niblack_Thresholding_Torch,Otsu_Thresholding_CV2,0.6401236979166667,0.7637402306734292,0.5007455533070615,0.6048933554437328,0.43358216219816476,0.604893355443722,0.43358216219815365,0.6401236979166667,338004,221612,116392,0.6556490455734252,224038,52358,168750,169254,0.21494841575622559,0.0005435943603515625,0.21440482139587402
Niblack_Thresholding_Torch,Niblack_Thresholding_CV2,0.9920865885416666,0.9933770518995065,0.9922308611732406,0.9928036257174913,0.9857100869974136,0.9928036257174765,0.9857100869973846,0.9920865885416666,338004,337614,390,0.9988461675009763,274160,2236,2626,335378,0.21494841575622559,0.002774953842163086,0.2121734619140625
Niblack_Thresholding_Torch,Sauvola_Thresholding_CV2,0.7761360677083333,0.7107845405182602,0.9999526632820913,0.8309293709542998,0.7107606249868568,0.8309293709542895,0.7107606249868418,0.7761360677083333,338004,475514,137510,0.710818188318325,138870,137526,16,337988,0.21494841575622559,0.0029468536376953125,0.21200156211853027
Niblack_Thresholding_Torch,Sobel_CV2,0.5259505208333334,0.5986028381958389,0.4198175169524621,0.49351715311204475,0.32759560066119364,0.49351715311203614,0.3275956006611861,0.5259505208333334,338004,237052,100952,0.7013289783552857,181244,95152,196104,141900,0.21494841575622559,0.004628896713256836,0.21031951904296875
Niblack_Thresholding_Torch,Canny_CV2,0.5155159505208333,0.6081983659061281,0.335410231831576,0.4323740911162513,0.27581458603483383,0.43237409111624303,0.2758145860348271,0.5155159505208333,338004,186403,151601,0.5514816392705412,203363,73033,224634,113370,0.21494841575622559,0.0010488033294677734,0.2138996124267578
Niblack_Thresholding_Torch,Global_Threshold_Sklearn,0.5253271484375,0.6621777606771835,0.28004106460278577,0.39361761850009047,0.2450335754632482,0.39361761850008226,0.24503357546324184,0.5253271484375,338004,142945,195059,0.4229091963408717,228106,48290,243349,94655,0.21494841575622559,0.03941535949707031,0.17553305625915527
Niblack_Thresholding_Torch,Adaptive_Threshold_Sklearn,0.60259765625,0.6056785318522122,0.7955941349806511,0.6877666267685603,0.5241191397799165,0.6877666267685515,0.5241191397799063,0.60259765625,338004,443988,105984,0.7612908456985324,101322,175074,69090,268914,0.21494841575622559,0.05003666877746582,0.16491174697875977
Niblack_Thresholding_Torch,Otsu_Thresholding_Sklearn,0.5581217447916667,0.6418922954834415,0.44510715849516574,0.5256872110778391,0.35656423455578784,0.5256872110778299,0.35656423455577935,0.5581217447916667,338004,234382,103622,0.6934296635542775,192462,83934,187556,150448,0.21494841575622559,0.05037236213684082,0.16457605361938477
Niblack_Thresholding_Torch,Niblack_Thresholding_Sklearn,0.5923046875,0.8452634568953273,0.3169400362125892,0.4610170804446338,0.2995595822322889,0.46101708044462386,0.2995595822322805,0.5923046875,338004,126738,211266,0.37496005964426454,256785,19611,230877,107127,0.21494841575622559,0.05633211135864258,0.158616304397583
Niblack_Thresholding_Torch,Sauvola_Thresholding_Sklearn,0.582861328125,0.5690340937891788,0.9963669069005101,0.7243725278057993,0.5678558541545123,0.7243725278057914,0.5678558541545027,0.582861328125,338004,591838,253834,0.5711089859049266,21334,255062,1228,336776,0.21494841575622559,0.05606865882873535,0.15887975692749023
Niblack_Thresholding_Torch,Sobel_Sklearn,0.5260302734375,0.5964373590955739,0.42813990366977905,0.49846632898922383,0.3319714626536979,0.4984663289892152,0.3319714626536903,0.5260302734375,338004,242629,95375,0.7178287830913244,178480,97916,193291,144713,0.21494841575622559,0.010305166244506836,0.20464324951171875
Niblack_Thresholding_Torch,Canny_Sklearn,0.4948876953125,0.6292675632482546,0.19920178459426516,0.3026091958930614,0.1782790357770764,0.30260919589305457,0.1782790357770717,0.4948876953125,338004,106999,231005,0.3165613424693199,236728,39668,270673,67331,0.21494841575622559,0.03558158874511719,0.1793668270111084
Niblack_Thresholding_Torch,Global_Threshold_Torch,0.5686149088541667,0.7378237598847405,0.3348392326718027,0.4606336628021742,0.2992358944529639,0.46063366280216483,0.29923589445295595,0.5686149088541667,338004,153393,184611,0.45382007313522915,236180,40216,224827,113177,0.21494841575622559,0.005978107452392578,0.208970308303833
Niblack_Thresholding_Torch,Adaptive_Threshold_Torch,0.8971061197916667,0.8872145063468085,0.9313647175773068,0.908753687783981,0.8327667893223428,0.9087536877839679,0.8327667893223207,0.8971061197916667,338004,354824,16820,0.9525962167158929,236377,40019,23199,314805,0.21494841575622559,0.0037751197814941406,0.21117329597473145
Niblack_Thresholding_Torch,Otsu_Thresholding_Torch,0.642099609375,0.7638763527824198,0.505775079584857,0.6085916390472088,0.4373925413459964,0.6085916390471979,0.4373925413459852,0.642099609375,338004,223798,114206,0.6621164246576964,223552,52844,167050,170954,0.21494841575622559,0.003566265106201172,0.21138215065002441
Niblack_Thresholding_Torch,Niblack_Thresholding_Torch,1.0,1.0,1.0,1.0,1.0,0.9999999999999852,0.9999999999999704,1.0,338004,338004,0,1.0,276396,0,0,338004,0.21494841575622559,0.21494841575622559,0.0
Niblack_Thresholding_Torch,Sauvola_Thresholding_Torch,0.7761637369791666,0.7108090658445129,0.9999556218269606,0.8309471507787924,0.7107866435057643,0.8309471507787822,0.7107866435057493,0.7761637369791666,338004,475499,137495,0.7108406116521802,138886,137510,15,337989,0.21494841575622559,0.21479225158691406,0.00015616416931152344
Niblack_Thresholding_Torch,Sobel_Torch,0.5263053385416666,0.5981189310246854,0.42351273949420715,0.49589493812961605,0.3296943482877194,0.49589493812960744,0.32969434828771177,0.5263053385416666,338004,239332,98672,0.7080744606572703,180213,96183,194855,143149,0.21494841575622559,0.003263711929321289,0.2116847038269043
Niblack_Thresholding_Torch,Canny_Torch,0.5273860677083333,0.5944522444058412,0.4434385391888853,0.507959101368823,0.3404458294908894,0.5079591013688145,0.3404458294908817,0.5273860677083333,338004,252138,85866,0.7459615862534171,174142,102254,188120,149884,0.21494841575622559,0.003108501434326172,0.21183991432189941
Sauvola_Thresholding_Torch,Global_Threshold_CV2,0.47447591145833334,0.9974705495035627,0.3217777534758222,0.4865859320837282,0.32151540176554516,0.4865859320837205,0.32151540176553844,0.47447591145833334,475499,153393,322106,0.3225937383674834,138513,388,322494,153005,0.21479225158691406,0.0005083084106445312,0.21428394317626953
Sauvola_Thresholding_Torch,Adaptive_Threshold_CV2,0.7784733072916666,0.9800480340821331,0.7285945922073442,0.835818663012456,0.7179454234984002,0.8358186630124459,0.7179454234983853,0.7784733072916666,475499,353499,122000,0.7434274309725152,131848,7053,129053,346446,0.21479225158691406,0.0015788078308105469,0.21321344375610352
Sauvola_Thresholding_Torch,Otsu_Thresholding_CV2,0.5806526692708334,0.9915167048715774,0.462108227356945,0.6304074960802513,0.4602883662666351,0.6304074960802422,0.46028836626662545,0.5806526692708334,475499,221612,253887,0.46606196858458165,137021,1880,255767,219732,0.21479225158691406,0.0005435943603515625,0.2142486572265625
Sauvola_Thresholding_Torch,Niblack_Thresholding_CV2,0.7755192057291667,0.9999466846753985,0.7099825656836292,0.830379049406417,0.7099556903328378,0.8303790494064068,0.7099556903328228,0.7755192057291667,475499,337614,137885,0.71002042065283,138883,18,137903,337596,0.21479225158691406,0.002774953842163086,0.21201729774475098
Sauvola_Thresholding_Torch,Sauvola_Thresholding_CV2,0.9969612630208333,0.9980210887586906,0.9980525721400045,0.9980368302010593,0.9960813533708337,0.9980368302010488,0.9960813533708127,0.9969612630208333,475499,475514,15,0.9999684551874393,137960,941,926,474573,0.21479225158691406,0.0029468536376953125,0.21184539794921875
Sauvola_Thresholding_Torch,Sobel_CV2,0.4260660807291667,0.7591709835816615,0.37847187901551843,0.5051231420628137,0.33790284422480416,0.5051231420628066,0.3379028442247978,0.4260660807291667,475499,237052,238447,0.49853311994346994,81812,57089,295536,179963,0.21479225158691406,0.004628896713256836,0.21016335487365723
Sauvola_Thresholding_Torch,Canny_CV2,0.4196484375,0.8190157883725048,0.3210669212763854,0.4612978960631634,0.2997967539544611,0.46129789606315647,0.2997967539544552,0.4196484375,475499,186403,289096,0.3920155457740184,105165,33736,322832,152667,0.21479225158691406,0.0010488033294677734,0.2137434482574463
Sauvola_Thresholding_Torch,Global_Threshold_Sklearn,0.4473470052083333,0.9755290496344748,0.2932645494522596,0.4509607983908001,0.29112290891174686,0.45096079839079284,0.29112290891174075,0.4473470052083333,475499,142945,332554,0.30062103180027716,135403,3498,336052,139447,0.21479225158691406,0.03941535949707031,0.17537689208984375
Sauvola_Thresholding_Torch,Adaptive_Threshold_Sklearn,0.7336149088541667,0.8511716532879267,0.7947650783703015,0.8220018336311443,0.6977955119955241,0.8220018336311353,0.6977955119955113,0.7336149088541667,475499,443988,31511,0.9337306703063518,72823,66078,97589,377910,0.21479225158691406,0.05003666877746582,0.16475558280944824
Sauvola_Thresholding_Torch,Otsu_Thresholding_Sklearn,0.5593440755208333,0.9368082873258186,0.4617696356879825,0.6186135422697607,0.44782076645387614,0.618613542269752,0.447820766453867,0.5593440755208333,475499,234382,241117,0.49291796617868805,124090,14811,255928,219571,0.21479225158691406,0.05037236213684082,0.16441988945007324
Sauvola_Thresholding_Torch,Niblack_Thresholding_Sklearn,0.4141975911458333,0.9559879436317442,0.25480600379811524,0.40236651019449154,0.25185157469594266,0.4023665101944848,0.2518515746959374,0.4141975911458333,475499,126738,348761,0.266536838142667,133323,5578,354339,121160,0.21479225158691406,0.05633211135864258,0.15846014022827148
Sauvola_Thresholding_Torch,Sauvola_Thresholding_Sklearn,0.8049365234375,0.8004639783183912,0.9963112435567688,0.8877140022317225,0.7980986940524805,0.8877140022317141,0.798098694052467,0.8049365234375,475499,591838,116339,0.8034276271547282,20808,118093,1754,473745,0.21479225158691406,0.05606865882873535,0.1587235927581787
Sauvola_Thresholding_Torch,Sobel_Sklearn,0.4297591145833333,0.7578896174818344,0.3867221592474432,0.5121259719715705,0.344199819557429,0.5121259719715634,0.34419981955742257,0.4297591145833333,475499,242629,232870,0.5102618512341771,80158,58743,291613,183886,0.21479225158691406,0.010305166244506836,0.20448708534240723
Sauvola_Thresholding_Torch,Canny_Sklearn,0.3341471354166667,0.8102786007345864,0.18233266526322872,0.2976799920343074,0.17486723450430516,0.2976799920343023,0.17486723450430164,0.3341471354166667,475499,106999,368500,0.22502465830632662,118601,20300,388800,86699,0.21479225158691406,0.03558158874511719,0.17921066284179688
Sauvola_Thresholding_Torch,Global_Threshold_Torch,0.47447591145833334,0.9974705495035627,0.3217777534758222,0.4865859320837282,0.32151540176554516,0.4865859320837205,0.32151540176553844,0.47447591145833334,475499,153393,322106,0.3225937383674834,138513,388,322494,153005,0.21479225158691406,0.005978107452392578,0.20881414413452148
Sauvola_Thresholding_Torch,Adaptive_Threshold_Torch,0.7951741536458333,0.9927146979911167,0.7407775831284609,0.8484384992346352,0.7367721990277859,0.848438499234625,0.7367721990277705,0.7951741536458333,475499,354824,120675,0.7462139773164612,136316,2585,123260,352239,0.21479225158691406,0.0037751197814941406,0.21101713180541992
Sauvola_Thresholding_Torch,Otsu_Thresholding_Torch,0.5840673828125,0.9914029615992994,0.46661296869183744,0.6345629968382532,0.46473253278539156,0.6345629968382442,0.46473253278538185,0.5840673828125,475499,223798,251701,0.47065924428863154,136977,1924,253625,221874,0.21479225158691406,0.003566265106201172,0.2112259864807129
Sauvola_Thresholding_Torch,Niblack_Thresholding_Torch,0.7761637369791666,0.9999556218269606,0.7108090658445129,0.8309471507787924,0.7107866435057643,0.8309471507787822,0.7107866435057493,0.7761637369791666,475499,338004,137495,0.7108406116521802,138886,15,137510,337989,0.21479225158691406,0.21494841575622559,0.00015616416931152344
Sauvola_Thresholding_Torch,Sauvola_Thresholding_Torch,1.0,1.0,1.0,1.0,1.0,0.9999999999999895,0.9999999999999789,1.0,475499,475499,0,1.0,138901,0,0,475499,0.21479225158691406,0.21479225158691406,0.0
Sauvola_Thresholding_Torch,Sobel_Torch,0.4283251953125,0.7596017248006953,0.38232887976630864,0.5086433017034796,0.3410607953714022,0.5086433017034725,0.3410607953713958,0.4283251953125,475499,239332,236167,0.5033280827089016,81366,57535,293702,181797,0.21479225158691406,0.003263711929321289,0.21152853965759277
Sauvola_Thresholding_Torch,Canny_Torch,0.43841634114583333,0.7587114992583427,0.4023142004504741,0.5258116340977713,0.35667872997760736,0.525811634097764,0.3566787299776007,0.43841634114583333,475499,252138,223361,0.5302597902414096,78063,60838,284199,191300,0.21479225158691406,0.003108501434326172,0.2116837501525879
Sobel_Torch,Global_Threshold_CV2,0.4812841796875,0.24129523511503131,0.15465127939431417,0.18849322044687758,0.10405327905721483,0.18849322044687278,0.1040532790572119,0.4812841796875,239332,153393,85939,0.640921397890796,258688,116380,202319,37013,0.003263711929321289,0.0005083084106445312,0.002755403518676758
Sobel_Torch,Adaptive_Threshold_CV2,0.45472819010416665,0.36466298348793064,0.5386158140156769,0.4348895385025412,0.27786507674764993,0.43488953850253387,0.27786507674764394,0.45472819010416665,239332,353499,114167,0.6770372759187437,150477,224591,110424,128908,0.003263711929321289,0.0015788078308105469,0.0016849040985107422
Sobel_Torch,Otsu_Thresholding_CV2,0.47755859375,0.31576809920040433,0.2923888155365768,0.30362907424763097,0.1789874311321189,0.30362907424762436,0.17898743113211432,0.47755859375,239332,221612,17720,0.9259605903096954,223434,151634,169354,69978,0.003263711929321289,0.0005435943603515625,0.0027201175689697266
Sobel_Torch,Niblack_Thresholding_CV2,0.526630859375,0.42372058030768867,0.5977219928801831,0.49590082954037296,0.32969955657168143,0.4959008295403643,0.3296995565716738,0.526630859375,239332,337614,98282,0.7088924037510292,180508,194560,96278,143054,0.003263711929321289,0.002774953842163086,0.0004887580871582031
Sobel_Torch,Sauvola_Thresholding_CV2,0.4283268229166667,0.3823336431734923,0.7596351511707586,0.5086550110093643,0.34107132471986207,0.5086550110093572,0.3410713247198557,0.4283268229166667,239332,475514,236182,0.503312205318876,81359,293709,57527,181805,0.003263711929321289,0.0029468536376953125,0.00031685829162597656
Sobel_Torch,Sobel_CV2,0.9933919270833333,0.9962455494996878,0.9867548008624003,0.9914774635588097,0.9830989667890535,0.9914774635587889,0.9830989667890125,0.9933919270833333,239332,237052,2280,0.9904734845319473,374178,890,3170,236162,0.003263711929321289,0.004628896713256836,0.0013651847839355469
Sobel_Torch,Canny_CV2,0.7443115234375,0.7205892609024532,0.5612287533635285,0.6310028538879819,0.46092342535559255,0.6310028538879672,0.4609234253555767,0.7443115234375,239332,186403,52929,0.778846957364665,322985,52083,105012,134320,0.003263711929321289,0.0010488033294677734,0.0022149085998535156
Sobel_Torch,Global_Threshold_Sklearn,0.46059733072916664,0.17792857392703487,0.10627078702388314,0.13306581353311867,0.07127504252570459,0.13306581353311517,0.07127504252570258,0.46059733072916664,239332,142945,96387,0.5972665585880701,257557,117511,213898,25434,0.003263711929321289,0.03941535949707031,0.03615164756774902
Sobel_Torch,Adaptive_Threshold_Sklearn,0.36744140625,0.3318513112967017,0.6156218140491033,0.43124158520166245,0.27489355985835345,0.4312415852016562,0.2748935598583483,0.36744140625,239332,443988,204656,0.5390506049713055,78418,296650,91994,147338,0.003263711929321289,0.05003666877746582,0.04677295684814453
Sobel_Torch,Otsu_Thresholding_Sklearn,0.45904622395833333,0.3015419272811052,0.29530526632460347,0.2983910122985599,0.17535815481418626,0.2983910122985536,0.1753581548141819,0.45904622395833333,239332,234382,4950,0.9793174335233066,211362,163706,168656,70676,0.003263711929321289,0.05037236213684082,0.04710865020751953
Sobel_Torch,Niblack_Thresholding_Sklearn,0.54796875,0.34852214805346465,0.1845595240084903,0.24132542956265196,0.13722005970816933,0.24132542956264535,0.13722005970816506,0.54796875,239332,126738,112594,0.5295489111359952,292501,82567,195161,44171,0.003263711929321289,0.05633211135864258,0.05306839942932129
Sobel_Torch,Sauvola_Thresholding_Sklearn,0.4083430989583333,0.39508784498460725,0.97700265739642,0.5626478337764838,0.3914474455169735,0.562647833776477,0.391447445516967,0.4083430989583333,239332,591838,352506,0.4043876871711516,17058,358010,5504,233828,0.003263711929321289,0.05606865882873535,0.05280494689941406
Sobel_Torch,Sobel_Sklearn,0.9874625651041666,0.9773316462582791,0.9907952133438069,0.9840173789995456,0.9685376094628153,0.9840173789995251,0.9685376094627757,0.9874625651041666,239332,242629,3297,0.9864113523115539,369568,5500,2203,237129,0.003263711929321289,0.010305166244506836,0.007041454315185547
Sobel_Torch,Canny_Sklearn,0.7417171223958333,0.8768399704670137,0.3920119332141126,0.5417996078895623,0.371553601837551,0.5417996078895466,0.3715536018375363,0.7417171223958333,239332,106999,132333,0.44707352130095435,361890,13178,145511,93821,0.003263711929321289,0.03558158874511719,0.0323178768157959
Sobel_Torch,Global_Threshold_Torch,0.4812841796875,0.24129523511503131,0.15465127939431417,0.18849322044687758,0.10405327905721483,0.18849322044687278,0.1040532790572119,0.4812841796875,239332,153393,85939,0.640921397890796,258688,116380,202319,37013,0.003263711929321289,0.005978107452392578,0.002714395523071289
Sobel_Torch,Adaptive_Threshold_Torch,0.4711328125,0.37937118120533,0.5624404592783246,0.4531133237735544,0.29291953362666634,0.4531133237735468,0.29291953362665996,0.4711328125,239332,354824,115492,0.6745090523752622,154854,220214,104722,134610,0.003263711929321289,0.0037751197814941406,0.0005114078521728516
Sobel_Torch,Otsu_Thresholding_Torch,0.4774251302083333,0.31738442702794484,0.2967843831999064,0.3067389285945631,0.18115276715123693,0.3067389285945564,0.1811527671512323,0.4774251302083333,239332,223798,15534,0.9350943459295038,222300,152768,168302,71030,0.003263711929321289,0.003566265106201172,0.0003025531768798828
Sobel_Torch,Niblack_Thresholding_Torch,0.5263053385416666,0.42351273949420715,0.5981189310246854,0.49589493812961605,0.3296943482877194,0.49589493812960744,0.32969434828771177,0.5263053385416666,239332,338004,98672,0.7080744606572703,180213,194855,96183,143149,0.003263711929321289,0.21494841575622559,0.2116847038269043
Sobel_Torch,Sauvola_Thresholding_Torch,0.4283251953125,0.38232887976630864,0.7596017248006953,0.5086433017034796,0.3410607953714022,0.5086433017034725,0.3410607953713958,0.4283251953125,239332,475499,236167,0.5033280827089016,81366,293702,57535,181797,0.003263711929321289,0.21479225158691406,0.21152853965759277
Sobel_Torch,Sobel_Torch,1.0,1.0,1.0,1.0,1.0,0.9999999999999791,0.9999999999999581,1.0,239332,239332,0,1.0,375068,0,0,239332,0.003263711929321289,0.003263711929321289,0.0
Sobel_Torch,Canny_Torch,0.9791569010416666,0.9492103530606255,1.0,0.9739434756953629,0.9492103530606255,0.973943475695343,0.9492103530605879,0.9791569010416666,239332,252138,12806,0.9492103530606255,362262,12806,0,239332,0.003263711929321289,0.003108501434326172,0.0001552104949951172
Canny_Torch,Global_Threshold_CV2,0.46599446614583334,0.25241699425658276,0.1535627315200406,0.19095457560581067,0.10555543439145938,0.19095457560580595,0.10555543439145651,0.46599446614583334,252138,153393,98745,0.6083692263760322,247588,114674,213419,38719,0.003108501434326172,0.0005083084106445312,0.0026001930236816406
Canny_Torch,Adaptive_Threshold_CV2,0.4547802734375,0.3828214506971731,0.5367179877686029,0.4468914547823201,0.2877400012757543,0.44689145478231274,0.28774000127574817,0.4547802734375,252138,353499,101361,0.7132636867431025,144090,218172,116811,135327,0.003108501434326172,0.0015788078308105469,0.001529693603515625
Canny_Torch,Otsu_Thresholding_CV2,0.46728515625,0.33041983286103643,0.2904163592953065,0.3091292875989446,0.1828225454091505,0.30912928759893804,0.18282254540914591,0.46728515625,252138,221612,30526,0.8789313788480911,213875,148387,178913,73225,0.003108501434326172,0.0005435943603515625,0.0025649070739746094
Canny_Torch,Niblack_Thresholding_CV2,0.5277180989583333,0.44367532152102696,0.5940833987736874,0.5079796253340387,0.3404642684237921,0.5079796253340301,0.34046426842378436,0.5277180989583333,252138,337614,85476,0.7468232952424959,174439,187823,102347,149791,0.003108501434326172,0.002774953842163086,0.00033354759216308594
Canny_Torch,Sauvola_Thresholding_CV2,0.4384309895833333,0.402326745374479,0.7587590922431366,0.5258337776849373,0.35669910877428496,0.5258337776849301,0.3566991087742783,0.4384309895833333,252138,475514,223376,0.5302430632957179,78060,284202,60826,191312,0.003108501434326172,0.0029468536376953125,0.00016164779663085938
Canny_Torch,Sobel_CV2,0.9754459635416667,1.0,0.9401676859497576,0.9691612665835361,0.9401676859497576,0.9691612665835162,0.9401676859497203,0.9754459635416667,252138,237052,15086,0.9401676859497576,362262,0,15086,237052,0.003108501434326172,0.004628896713256836,0.001520395278930664
Canny_Torch,Canny_CV2,0.7387483723958334,0.74577125904626,0.5513409323465721,0.6339840516622163,0.46411174952508455,0.6339840516622018,0.46411174952506906,0.7387483723958334,252138,186403,65735,0.7392895953803076,314873,47389,113124,139014,0.003108501434326172,0.0010488033294677734,0.0020596981048583984
Canny_Torch,Global_Threshold_Sklearn,0.4447802734375,0.18872993109237818,0.10699696198113731,0.1365687716252028,0.07328887138180683,0.13656877162519934,0.07328887138180483,0.4447802734375,252138,142945,109193,0.5669316009486868,246295,115967,225160,26978,0.003108501434326172,0.03941535949707031,0.03630685806274414
Canny_Torch,Adaptive_Threshold_Sklearn,0.37472330729166664,0.3513112967017127,0.618621548517082,0.44813151642087784,0.28876900405074163,0.4481315164208714,0.2887690040507363,0.37472330729166664,252138,443988,191850,0.5678937268574826,74252,288010,96160,155978,0.003108501434326172,0.05003666877746582,0.04692816734313965
Canny_Torch,Otsu_Thresholding_Sklearn,0.45035481770833335,0.31746891826164125,0.29511220046165193,0.30588259475458357,0.18055572406463308,0.3058825947545773,0.1805557240646287,0.45035481770833335,252138,234382,17756,0.9295782468330834,202289,159973,177729,74409,0.003108501434326172,0.05037236213684082,0.04726386070251465
Canny_Torch,Niblack_Thresholding_Sklearn,0.53439453125,0.36614117312881694,0.18404207219855792,0.24495613340512462,0.13957265574243846,0.24495613340511815,0.13957265574243427,0.53439453125,252138,126738,125400,0.5026533089022678,281928,80334,205734,46404,0.003108501434326172,0.05633211135864258,0.053223609924316406
Canny_Torch,Sauvola_Thresholding_Sklearn,0.42792317708333333,0.4160699380573738,0.9766318444661257,0.583537920509588,0.41196861459187256,0.583537920509581,0.4119686145918657,0.42792317708333333,252138,591838,339700,0.42602536504921956,16670,345592,5892,246246,0.003108501434326172,0.05606865882873535,0.05296015739440918
Canny_Torch,Sobel_Sklearn,0.9842496744791667,0.9996537924155809,0.9619533747392301,0.980441298631477,0.961633005844058,0.9804412986314572,0.9616330058440199,0.9842496744791667,252138,242629,9509,0.9622865256327884,362178,84,9593,242545,0.003108501434326172,0.010305166244506836,0.007196664810180664
Canny_Torch,Canny_Sklearn,0.7267301432291666,0.893653211712259,0.37923676716718624,0.5324987400351398,0.36286084009760283,0.532498740035125,0.362860840097589,0.7267301432291666,252138,106999,145139,0.42436681499813594,350883,11379,156518,95620,0.003108501434326172,0.03558158874511719,0.032473087310791016
Canny_Torch,Global_Threshold_Torch,0.46599446614583334,0.25241699425658276,0.1535627315200406,0.19095457560581067,0.10555543439145938,0.19095457560580595,0.10555543439145651,0.46599446614583334,252138,153393,98745,0.6083692263760322,247588,114674,213419,38719,0.003108501434326172,0.005978107452392578,0.0028696060180664062
Canny_Torch,Adaptive_Threshold_Torch,0.47123046875,0.39750129641737875,0.5593881128588313,0.4647506763191106,0.30272000068681465,0.46475067631910294,0.30272000068680815,0.47123046875,252138,354824,102686,0.7106001848803915,148481,213781,111095,141043,0.003108501434326172,0.0037751197814941406,0.0006666183471679688
Canny_Torch,Otsu_Thresholding_Torch,0.46732747395833335,0.3321343354274837,0.2948028460604907,0.3123571236468769,0.18508484705120704,0.3123571236468703,0.18508484705120243,0.46732747395833335,252138,223798,28340,0.887601234244739,212795,149467,177807,74331,0.003108501434326172,0.003566265106201172,0.000457763671875
Canny_Torch,Niblack_Thresholding_Torch,0.5273860677083333,0.4434385391888853,0.5944522444058412,0.507959101368823,0.3404458294908894,0.5079591013688145,0.3404458294908817,0.5273860677083333,252138,338004,85866,0.7459615862534171,174142,188120,102254,149884,0.003108501434326172,0.21494841575622559,0.21183991432189941
Canny_Torch,Sauvola_Thresholding_Torch,0.43841634114583333,0.4023142004504741,0.7587114992583427,0.5258116340977713,0.35667872997760736,0.525811634097764,0.3566787299776007,0.43841634114583333,252138,475499,223361,0.5302597902414096,78063,284199,60838,191300,0.003108501434326172,0.21479225158691406,0.2116837501525879
Canny_Torch,Sobel_Torch,0.9791569010416666,1.0,0.9492103530606255,0.9739434756953629,0.9492103530606255,0.973943475695343,0.9492103530605879,0.9791569010416666,252138,239332,12806,0.9492103530606255,362262,0,12806,239332,0.003108501434326172,0.003263711929321289,0.0001552104949951172
Canny_Torch,Canny_Torch,1.0,1.0,1.0,1.0,1.0,0.9999999999999801,0.9999999999999603,1.0,252138,252138,0,1.0,362262,0,0,252138,0.003108501434326172,0.003108501434326172,0.0
