method1,method2,accuracy,precision,recall,f1_score,jaccard,dice_coefficient,intersection_over_union,pixel_agreement,area1,area2,area_difference,area_ratio,true_negative,false_positive,false_negative,true_positive,time1,time2,time_diff
Global_Threshold_CV2,Global_Threshold_CV2,1.0,1.0,1.0,1.0,1.0,0.9999999999999728,0.9999999999999457,1.0,184263,184263,0,1.0,628281,0,0,184263,0.0005481243133544922,0.0005481243133544922,0.0
Global_Threshold_CV2,Adaptive_Threshold_CV2,0.4457457073093888,0.26297693128555216,0.8011103694176259,0.39597041789947773,0.24685979754871057,0.3959704178994724,0.24685979754870643,0.4457457073093888,184263,561323,377060,0.3282655440806808,214573,413708,36648,147615,0.0005481243133544922,0.002007007598876953,0.001458883285522461
Global_Threshold_CV2,Otsu_Thresholding_CV2,0.7457380769533711,0.47142725565544874,1.0,0.6407754835905238,0.47142725565544874,0.6407754835905126,0.47142725565543664,0.7457380769533711,184263,390862,206599,0.47142725565544874,421682,206599,0,184263,0.0005481243133544922,0.0007431507110595703,0.00019502639770507812
Global_Threshold_CV2,Niblack_Thresholding_CV2,0.5489524259609325,0.3064172429544175,0.7827181799927277,0.44041969744162895,0.2823962938741625,0.44041969744162224,0.28239629387415693,0.5489524259609325,184263,470685,286422,0.3914783772586762,301822,326459,40037,144226,0.0005481243133544922,0.003692626953125,0.003144502639770508
Global_Threshold_CV2,Sauvola_Thresholding_CV2,0.3449893175015753,0.2524473395142885,0.9628682915181018,0.4000171351205715,0.2500133869563134,0.40001713512056697,0.2500133869563099,0.3449893175015753,184263,702804,518541,0.26218262844263834,102898,525383,6842,177421,0.0005481243133544922,0.0039000511169433594,0.003351926803588867
Global_Threshold_CV2,Sobel_CV2,0.7547985093730308,0.43443728326736486,0.269240162159522,0.332447672879692,0.1993626631518035,0.33244767287968086,0.1993626631517955,0.7547985093730308,184263,114196,70067,0.6197446041798951,563696,64585,134652,49611,0.0005481243133544922,0.006249904632568359,0.005701780319213867
Global_Threshold_CV2,Canny_CV2,0.6811901878544423,0.25110164414564334,0.20472368299658641,0.22555330006905974,0.12711190484213364,0.225553300069053,0.12711190484212936,0.6811901878544423,184263,150230,34033,0.8153020411042912,515774,112507,146540,37723,0.0005481243133544922,0.001209259033203125,0.0006611347198486328
Global_Threshold_CV2,Global_Threshold_Sklearn,0.9492298263232514,0.8635009557119037,0.92183997872606,0.891717304285058,0.8045937266121621,0.8917173042850346,0.804593726612124,0.9492298263232514,184263,196712,12449,0.9367145878238237,601430,26851,14402,169861,0.0005481243133544922,0.05474233627319336,0.05419421195983887
Global_Threshold_CV2,Adaptive_Threshold_Sklearn,0.27052196557971014,0.2220271392212105,0.8853106700748387,0.3550190262602653,0.21581953343396884,0.35501902626026144,0.21581953343396598,0.27052196557971014,184263,734730,550467,0.2507900861540974,56681,571600,21133,163130,0.0005481243133544922,0.06830286979675293,0.06775474548339844
Global_Threshold_CV2,Otsu_Thresholding_Sklearn,0.7322126555608065,0.4583957534356024,0.9963638929139328,0.6279098798683255,0.4576302027508712,0.6279098798683147,0.45763020275085975,0.7322126555608065,184263,400512,216249,0.4600686121764142,411362,216919,670,183593,0.0005481243133544922,0.05874276161193848,0.058194637298583984
Global_Threshold_CV2,Niblack_Thresholding_Sklearn,0.6939353438090737,0.37190437562628237,0.5075788411129744,0.42927662152579366,0.2732986771628694,0.4292766215257838,0.2732986771628614,0.6939353438090737,184263,251484,67221,0.732702676909863,470325,157956,90735,93528,0.0005481243133544922,0.07975339889526367,0.07920527458190918
Global_Threshold_CV2,Sauvola_Thresholding_Sklearn,0.251075634057971,0.23237820578324622,0.9996526703678981,0.37709687061126057,0.23235944510951353,0.3770968706112567,0.23235944510951062,0.251075634057971,184263,792669,608406,0.23245894566332226,19811,608470,64,184199,0.0005481243133544922,0.07488751411437988,0.07433938980102539
Global_Threshold_CV2,Sobel_Sklearn,0.7529093809073724,0.4294143300582335,0.27252893961348723,0.33343957291687415,0.20007649737637903,0.3334395729168631,0.20007649737637107,0.7529093809073724,184263,116943,67320,0.6346526432327706,561555,66726,134046,50217,0.0005481243133544922,0.013028144836425781,0.012480020523071289
Global_Threshold_CV2,Canny_Sklearn,0.7540379351764335,0.37569360290834874,0.12787157486853032,0.1908016471035999,0.10546198364493302,0.19080164710359215,0.10546198364492829,0.7540379351764335,184263,62716,121547,0.34036133135789604,589127,39154,160701,23562,0.0005481243133544922,0.04056286811828613,0.04001474380493164
Global_Threshold_CV2,Global_Threshold_Torch,1.0,1.0,1.0,1.0,1.0,0.9999999999999728,0.9999999999999457,1.0,184263,184263,0,1.0,628281,0,0,184263,0.0005481243133544922,0.007297515869140625,0.006749391555786133
Global_Threshold_CV2,Adaptive_Threshold_Torch,0.4499276346880907,0.26447894794410504,0.800469980408438,0.3975917579573881,0.2481213884987089,0.3975917579573827,0.24812138849870471,0.4499276346880907,184263,557689,373426,0.3304045803306144,218089,410192,36766,147497,0.0005481243133544922,0.005011081695556641,0.0044629573822021484
Global_Threshold_CV2,Otsu_Thresholding_Torch,0.7443990725425331,0.47011863758132416,1.0,0.6395655773125563,0.47011863758132416,0.6395655773125452,0.4701186375813121,0.7443990725425331,184263,391950,207687,0.47011863758132416,420594,207687,0,184263,0.0005481243133544922,0.004805088043212891,0.0042569637298583984
Global_Threshold_CV2,Niblack_Thresholding_Torch,0.5488145872715816,0.3063797164051367,0.7829515420892963,0.4404178610569247,0.282394783871656,0.440417861056918,0.28239478387165046,0.5488145872715816,184263,470883,286620,0.391313765839922,301667,326614,39994,144269,0.0005481243133544922,0.285092830657959,0.2845447063446045
Global_Threshold_CV2,Sauvola_Thresholding_Torch,0.3449351665879017,0.2524294222599105,0.9628520104415971,0.39999323642635315,0.24999471598042516,0.3999932364263486,0.24999471598042164,0.3449351665879017,184263,702842,518579,0.2621684532227727,102857,525424,6845,177418,0.0005481243133544922,0.28575944900512695,0.28521132469177246
Global_Threshold_CV2,Sobel_Torch,0.7569288555450535,0.4391937187198678,0.25955292163917876,0.3262813909223013,0.19494399426083836,0.32628139092229014,0.19494399426083042,0.7569288555450535,184263,108895,75368,0.5909759419959515,567212,61069,136437,47826,0.0005481243133544922,0.004659414291381836,0.004111289978027344
Global_Threshold_CV2,Canny_Torch,0.7375575968809074,0.396653901285809,0.30185115839859333,0.3428191046763189,0.2068688491664993,0.3428191046763083,0.2068688491664916,0.7375575968809074,184263,140223,44040,0.7609937969098517,543678,84603,128643,55620,0.0005481243133544922,0.004071474075317383,0.0035233497619628906
Adaptive_Threshold_CV2,Global_Threshold_CV2,0.4457457073093888,0.8011103694176259,0.26297693128555216,0.39597041789947773,0.24685979754871057,0.3959704178994724,0.24685979754870643,0.4457457073093888,561323,184263,377060,0.3282655440806808,214573,36648,413708,147615,0.002007007598876953,0.0005481243133544922,0.001458883285522461
Adaptive_Threshold_CV2,Adaptive_Threshold_CV2,1.0,1.0,1.0,1.0,1.0,0.9999999999999911,0.9999999999999821,1.0,561323,561323,0,1.0,251221,0,0,561323,0.002007007598876953,0.002007007598876953,0.0
Adaptive_Threshold_CV2,Otsu_Thresholding_CV2,0.5573470482829238,0.7579529347954009,0.5277799056871,0.6222635307214459,0.4516564267528547,0.6222635307214394,0.45165642675284784,0.5573470482829238,561323,390862,170461,0.6963227945407546,156614,94607,265068,296255,0.002007007598876953,0.0007431507110595703,0.0012638568878173828
Adaptive_Threshold_CV2,Niblack_Thresholding_CV2,0.7949083372715816,0.9192581025526626,0.7708235721678962,0.8385225695924837,0.7219447813964663,0.8385225695924756,0.7219447813964543,0.7949083372715816,561323,470685,90638,0.8385279063925761,213217,38004,128642,432681,0.002007007598876953,0.003692626953125,0.0016856193542480469
Adaptive_Threshold_CV2,Sauvola_Thresholding_CV2,0.8037287826874606,0.7858862499359708,0.9839682321942981,0.873842580690073,0.7759506492667213,0.8738425806900662,0.7759506492667103,0.8037287826874606,561323,702804,141481,0.7986906733598557,100741,150480,8999,552324,0.002007007598876953,0.0039000511169433594,0.0018930435180664062
Adaptive_Threshold_CV2,Sobel_CV2,0.318223997715816,0.5321815124873025,0.10826743247648858,0.17992980212251616,0.09885871563214726,0.1799298021225135,0.09885871563214566,0.318223997715816,561323,114196,447127,0.20344079968217943,197798,53423,500550,60773,0.002007007598876953,0.006249904632568359,0.004242897033691406
Adaptive_Threshold_CV2,Canny_CV2,0.3439776799779458,0.5941090328163483,0.15900470851898105,0.2508681714503347,0.143424393379399,0.25086817145033113,0.1434243933793967,0.3439776799779458,561323,150230,411093,0.2676355681131897,190244,60977,472070,89253,0.002007007598876953,0.001209259033203125,0.0007977485656738281
Adaptive_Threshold_CV2,Global_Threshold_Sklearn,0.4153559684152489,0.7192901297328074,0.2520705547429911,0.37331521631586934,0.22949450321308199,0.3733152163158644,0.22949450321307827,0.4153559684152489,561323,196712,364611,0.3504435057890021,196002,55219,419830,141493,0.002007007598876953,0.05474233627319336,0.052735328674316406
Adaptive_Threshold_CV2,Adaptive_Threshold_Sklearn,0.719767791036547,0.7270371428960298,0.9516374707610413,0.8243119687235013,0.7011315474807613,0.8243119687234949,0.7011315474807521,0.719767791036547,561323,734730,173407,0.7639854096062499,50667,200554,27147,534176,0.002007007598876953,0.06830286979675293,0.06629586219787598
Adaptive_Threshold_CV2,Otsu_Thresholding_Sklearn,0.5308401760396976,0.724849692393736,0.5171906371198045,0.6036607110367163,0.43231664095400907,0.60366071103671,0.43231664095400263,0.5308401760396976,561323,400512,160811,0.7135143224132986,141020,110201,271012,290311,0.002007007598876953,0.05874276161193848,0.05673575401306152
Adaptive_Threshold_CV2,Niblack_Thresholding_Sklearn,0.5116805982199117,0.8271420845858981,0.3705762992074082,0.5118386037521823,0.3439402507300006,0.5118386037521759,0.34394025072999496,0.5116805982199117,561323,251484,309839,0.448020123885891,207750,43471,353310,208013,0.002007007598876953,0.07975339889526367,0.07774639129638672
Adaptive_Threshold_CV2,Sauvola_Thresholding_Sklearn,0.7023791942344045,0.7015298945713785,0.9906613482789767,0.8213948088319577,0.6969210851836859,0.8213948088319516,0.6969210851836771,0.7023791942344045,561323,792669,231346,0.7081429953738572,14633,236588,5242,556081,0.002007007598876953,0.07488751411437988,0.07288050651550293
Adaptive_Threshold_CV2,Sobel_Sklearn,0.31855013390044107,0.5325585969232874,0.11095037972789286,0.18364181604267352,0.10110440642416155,0.18364181604267082,0.10110440642415991,0.31855013390044107,561323,116943,444380,0.20833459523304765,196557,54664,499044,62279,0.002007007598876953,0.013028144836425781,0.011021137237548828
Adaptive_Threshold_CV2,Canny_Sklearn,0.3167250019691241,0.5488870463677531,0.061326544609787946,0.11032643793096265,0.058383860654834085,0.11032643793096088,0.05838386065483309,0.3167250019691241,561323,62716,498607,0.11172889762222464,222929,28292,526899,34424,0.002007007598876953,0.04056286811828613,0.03855586051940918
Adaptive_Threshold_CV2,Global_Threshold_Torch,0.4457457073093888,0.8011103694176259,0.26297693128555216,0.39597041789947773,0.24685979754871057,0.3959704178994724,0.24685979754870643,0.4457457073093888,561323,184263,377060,0.3282655440806808,214573,36648,413708,147615,0.002007007598876953,0.007297515869140625,0.005290508270263672
Adaptive_Threshold_CV2,Adaptive_Threshold_Torch,0.9169349598298677,0.9427458673203165,0.9366425391441291,0.9396842929298346,0.8862306638145951,0.9396842929298261,0.8862306638145802,0.9169349598298677,561323,557689,3634,0.9935260090892409,219291,31930,35564,525759,0.002007007598876953,0.005011081695556641,0.0030040740966796875
Adaptive_Threshold_CV2,Otsu_Thresholding_Torch,0.5573544324984246,0.7572445464982779,0.528754389184124,0.6227009471578446,0.4521174583492645,0.6227009471578381,0.4521174583492576,0.5573544324984246,561323,391950,169373,0.6982610725019285,156073,95148,264521,296802,0.002007007598876953,0.004805088043212891,0.0027980804443359375
Adaptive_Threshold_CV2,Niblack_Thresholding_Torch,0.7952750866414618,0.9193982369293434,0.7712653855266932,0.8388422466058132,0.7224188480452278,0.8388422466058051,0.7224188480452157,0.7952750866414618,561323,470883,90440,0.838880644477422,213267,37954,128394,432929,0.002007007598876953,0.285092830657959,0.28308582305908203
Adaptive_Threshold_CV2,Sauvola_Thresholding_Torch,0.8035491001102709,0.7857669291248958,0.983872030898431,0.8737308816491518,0.7757745173094347,0.8737308816491449,0.7757745173094238,0.8035491001102709,561323,702842,141519,0.7986474911857857,100649,150572,9053,552270,0.002007007598876953,0.28575944900512695,0.28375244140625
Adaptive_Threshold_CV2,Sobel_Torch,0.3193131695022054,0.5378116534276137,0.1043338683788122,0.17476403200152787,0.09574873335044544,0.17476403200152524,0.09574873335044387,0.3193131695022054,561323,108895,452428,0.19399703913789387,200891,50330,502758,58565,0.002007007598876953,0.004659414291381836,0.002652406692504883
Adaptive_Threshold_CV2,Canny_Torch,0.32366001102709513,0.541958166634575,0.13538550887813255,0.2166500842425158,0.1214848989131182,0.21665008424251272,0.12148489891311626,0.32366001102709513,561323,140223,421100,0.2498080427846356,186993,64228,485328,75995,0.002007007598876953,0.004071474075317383,0.0020644664764404297
Otsu_Thresholding_CV2,Global_Threshold_CV2,0.7457380769533711,1.0,0.47142725565544874,0.6407754835905238,0.47142725565544874,0.6407754835905126,0.47142725565543664,0.7457380769533711,390862,184263,206599,0.47142725565544874,421682,0,206599,184263,0.0007431507110595703,0.0005481243133544922,0.00019502639770507812
Otsu_Thresholding_CV2,Adaptive_Threshold_CV2,0.5573470482829238,0.5277799056871,0.7579529347954009,0.6222635307214459,0.4516564267528547,0.6222635307214394,0.45165642675284784,0.5573470482829238,390862,561323,170461,0.6963227945407546,156614,265068,94607,296255,0.0007431507110595703,0.002007007598876953,0.0012638568878173828
Otsu_Thresholding_CV2,Otsu_Thresholding_CV2,1.0,1.0,1.0,1.0,1.0,0.9999999999999872,0.9999999999999744,1.0,390862,390862,0,1.0,421682,0,0,390862,0.0007431507110595703,0.0007431507110595703,0.0
Otsu_Thresholding_CV2,Niblack_Thresholding_CV2,0.5692922475582861,0.5434398801746391,0.6544227886056971,0.5937900079740281,0.42226268575899945,0.5937900079740213,0.4222626857589925,0.5692922475582861,390862,470685,79823,0.8304109967387956,206786,214896,135073,255789,0.0007431507110595703,0.003692626953125,0.0029494762420654297
Otsu_Thresholding_CV2,Sauvola_Thresholding_CV2,0.5604225740390675,0.5239654299064889,0.9421355874963542,0.673414003909786,0.5076293628113882,0.6734140039097798,0.5076293628113812,0.5604225740390675,390862,702804,311942,0.5561465216475717,87123,334559,22617,368245,0.0007431507110595703,0.0039000511169433594,0.003156900405883789
Otsu_Thresholding_CV2,Sobel_CV2,0.5596989209199748,0.6449175102455428,0.18842200060379366,0.2916377920951653,0.1707119197238828,0.29163779209515955,0.17071191972387884,0.5596989209199748,390862,114196,276666,0.29216449795580024,381133,40549,317215,73647,0.0007431507110595703,0.006249904632568359,0.005506753921508789
Otsu_Thresholding_CV2,Canny_CV2,0.48928796471329555,0.41974306064035144,0.16133059749988488,0.23307681503330302,0.13191111929276997,0.23307681503329872,0.13191111929276722,0.48928796471329555,390862,150230,240632,0.3843556037680818,334510,87172,327804,63058,0.0007431507110595703,0.001209259033203125,0.0004661083221435547
Otsu_Thresholding_CV2,Global_Threshold_Sklearn,0.7528626142091998,0.9830716987270731,0.4947577405836331,0.6582387920500227,0.49057819539716685,0.6582387920500115,0.4905781953971544,0.7528626142091998,390862,196712,194150,0.5032773715531312,418352,3330,197480,193382,0.0007431507110595703,0.05474233627319336,0.05399918556213379
Otsu_Thresholding_CV2,Adaptive_Threshold_Sklearn,0.4753268746061752,0.4758700475004423,0.8945254335289693,0.621248196504595,0.450587404440458,0.6212481965045894,0.45058740444045214,0.4753268746061752,390862,734730,343868,0.531980455405387,36588,385094,41226,349636,0.0007431507110595703,0.06830286979675293,0.06755971908569336
Otsu_Thresholding_CV2,Otsu_Thresholding_Sklearn,0.9719005986137366,0.9594494047619048,0.9831372709549662,0.9711489131561057,0.9439159131718509,0.9711489131560934,0.9439159131718277,0.9719005986137366,390862,400512,9650,0.9759058405241291,405441,16241,6591,384271,0.0007431507110595703,0.05874276161193848,0.057999610900878906
Otsu_Thresholding_CV2,Niblack_Thresholding_Sklearn,0.5606613303402647,0.5673601501487172,0.36504444023721927,0.4442527858817522,0.2855558935604726,0.44425278588174527,0.2855558935604669,0.5606613303402647,390862,251484,139378,0.6434086710910756,312880,108802,248180,142682,0.0007431507110595703,0.07975339889526367,0.0790102481842041
Otsu_Thresholding_CV2,Sauvola_Thresholding_Sklearn,0.50437514768431,0.49252209938826924,0.9988359062789425,0.6597326136788981,0.49223954892299315,0.6597326136788926,0.49223954892298694,0.50437514768431,390862,792669,401807,0.4930961094731849,19420,402262,455,390407,0.0007431507110595703,0.07488751411437988,0.07414436340332031
Otsu_Thresholding_CV2,Sobel_Sklearn,0.5588977335381222,0.638729979562693,0.19110325383383395,0.2941877295418517,0.17246196116460022,0.2941877295418459,0.17246196116459622,0.5588977335381222,390862,116943,273919,0.29919255389370164,379434,42248,316167,74695,0.0007431507110595703,0.013028144836425781,0.012284994125366211
Otsu_Thresholding_CV2,Canny_Sklearn,0.5320770321361059,0.584938452707443,0.09385665529010238,0.1617582863366389,0.087996200463908,0.16175828633663533,0.0879962004639059,0.5320770321361059,390862,62716,328146,0.16045560837328776,395651,26031,354177,36685,0.0007431507110595703,0.04056286811828613,0.03981971740722656
Otsu_Thresholding_CV2,Global_Threshold_Torch,0.7457380769533711,1.0,0.47142725565544874,0.6407754835905238,0.47142725565544874,0.6407754835905126,0.47142725565543664,0.7457380769533711,390862,184263,206599,0.47142725565544874,421682,0,206599,184263,0.0007431507110595703,0.007297515869140625,0.006554365158081055
Otsu_Thresholding_CV2,Adaptive_Threshold_Torch,0.5620827918241966,0.5314108759541608,0.7582266887034299,0.6248730959115535,0.4544112212870809,0.6248730959115469,0.4544112212870739,0.5620827918241966,390862,557689,166827,0.7008601568257578,160355,261327,94500,296362,0.0007431507110595703,0.005011081695556641,0.00426793098449707
Otsu_Thresholding_CV2,Otsu_Thresholding_Torch,0.998660995589162,0.9972241357315984,1.0,0.9986101388328232,0.9972241357315984,0.9986101388328105,0.997224135731573,0.998660995589162,390862,391950,1088,0.9972241357315984,420594,1088,0,390862,0.0007431507110595703,0.004805088043212891,0.00406193733215332
Otsu_Thresholding_CV2,Niblack_Thresholding_Torch,0.5696466899023315,0.543727422735584,0.655044491406174,0.5942175469541454,0.42269523685309707,0.5942175469541384,0.42269523685309013,0.5696466899023315,390862,470883,80021,0.8300618200274803,206831,214851,134830,256032,0.0007431507110595703,0.285092830657959,0.2843496799468994
Otsu_Thresholding_CV2,Sauvola_Thresholding_Torch,0.5604299582545683,0.5239684025712749,0.9421918733466031,0.6734308368626246,0.5076484932530323,0.6734308368626185,0.5076484932530253,0.5604299582545683,390862,702842,311980,0.556116452915449,87107,334575,22595,368267,0.0007431507110595703,0.28575944900512695,0.2850162982940674
Otsu_Thresholding_CV2,Sobel_Torch,0.5617874232041588,0.6597639928371367,0.183811677778858,0.2875197345910112,0.1678966703434351,0.2875197345910055,0.16789667034343117,0.5617874232041588,390862,108895,281967,0.278602166493545,384632,37050,319017,71845,0.0007431507110595703,0.004659414291381836,0.003916263580322266
Otsu_Thresholding_CV2,Canny_Torch,0.5558578981568998,0.606890453064048,0.21772390255384252,0.32047600666559967,0.19081359238539414,0.3204760066655936,0.19081359238538984,0.5558578981568998,390862,140223,250639,0.3587532172480313,366559,55123,305762,85100,0.0007431507110595703,0.004071474075317383,0.0033283233642578125
Niblack_Thresholding_CV2,Global_Threshold_CV2,0.5489524259609325,0.7827181799927277,0.3064172429544175,0.44041969744162895,0.2823962938741625,0.44041969744162224,0.28239629387415693,0.5489524259609325,470685,184263,286422,0.3914783772586762,301822,40037,326459,144226,0.003692626953125,0.0005481243133544922,0.003144502639770508
Niblack_Thresholding_CV2,Adaptive_Threshold_CV2,0.7949083372715816,0.7708235721678962,0.9192581025526626,0.8385225695924837,0.7219447813964663,0.8385225695924756,0.7219447813964543,0.7949083372715816,470685,561323,90638,0.8385279063925761,213217,128642,38004,432681,0.003692626953125,0.002007007598876953,0.0016856193542480469
Niblack_Thresholding_CV2,Otsu_Thresholding_CV2,0.5692922475582861,0.6544227886056971,0.5434398801746391,0.5937900079740281,0.42226268575899945,0.5937900079740213,0.4222626857589925,0.5692922475582861,470685,390862,79823,0.8304109967387956,206786,135073,214896,255789,0.003692626953125,0.0007431507110595703,0.0029494762420654297
Niblack_Thresholding_CV2,Niblack_Thresholding_CV2,1.0,1.0,1.0,1.0,1.0,0.9999999999999893,0.9999999999999787,1.0,470685,470685,0,1.0,341859,0,0,470685,0.003692626953125,0.003692626953125,0.0
Niblack_Thresholding_CV2,Sauvola_Thresholding_CV2,0.7143305470226843,0.6697244181877167,1.0,0.8021975493592185,0.6697244181877167,0.8021975493592117,0.6697244181877071,0.7143305470226843,470685,702804,232119,0.6697244181877167,109740,232119,0,470685,0.003692626953125,0.0039000511169433594,0.00020742416381835938
Niblack_Thresholding_CV2,Sobel_CV2,0.4426726429584121,0.5780762898875618,0.14025091090644487,0.2257348075933395,0.12722720851393518,0.22573480759333564,0.1272272085139327,0.4426726429584121,470685,114196,356489,0.2426166119591659,293677,48182,404671,66014,0.003692626953125,0.006249904632568359,0.0025572776794433594
Niblack_Thresholding_CV2,Canny_CV2,0.46113810452110904,0.6092857618318578,0.19446763759202015,0.29483262604382243,0.1729053877918025,0.29483262604381766,0.17290538779179926,0.46113810452110904,470685,150230,320455,0.3191731200271944,283162,58697,379152,91533,0.003692626953125,0.001209259033203125,0.002483367919921875
Niblack_Thresholding_CV2,Global_Threshold_Sklearn,0.5149247302299937,0.6945483752897638,0.2902705631154594,0.40942947001559793,0.257410446313005,0.40942947001559177,0.2574104463130002,0.5149247302299937,470685,196712,273973,0.4179270637475169,281773,60086,334059,136626,0.003692626953125,0.05474233627319336,0.05104970932006836
Niblack_Thresholding_CV2,Adaptive_Threshold_Sklearn,0.6109761440611217,0.6051991888176609,0.9447039952409786,0.7377674908641422,0.584494128874266,0.7377674908641361,0.5844941288742583,0.6109761440611217,470685,734730,264045,0.6406230860316035,51787,290072,26027,444658,0.003692626953125,0.06830286979675293,0.06461024284362793
Niblack_Thresholding_CV2,Otsu_Thresholding_Sklearn,0.5436468671235035,0.6246878994886546,0.5315550739879112,0.5743706647291026,0.4028892016450833,0.574370664729096,0.4028892016450768,0.5436468671235035,470685,400512,70173,0.850913031007999,191542,150317,220490,250195,0.003692626953125,0.05874276161193848,0.05505013465881348
Niblack_Thresholding_CV2,Niblack_Thresholding_Sklearn,0.6676130769533711,0.8988444592896566,0.4802468742364851,0.6260169018609217,0.45562198160137385,0.6260169018609131,0.45562198160136463,0.6676130769533711,470685,251484,219201,0.534293635871124,316420,25439,244640,226045,0.003692626953125,0.07975339889526367,0.07606077194213867
Niblack_Thresholding_CV2,Sauvola_Thresholding_Sklearn,0.601966170447385,0.592891862807805,0.9984745636678458,0.7439989108357594,0.5923553070569596,0.7439989108357535,0.5923553070569522,0.601966170447385,470685,792669,321984,0.5937976633374081,19157,322702,718,469967,0.003692626953125,0.07488751411437988,0.07119488716125488
Niblack_Thresholding_CV2,Sobel_Sklearn,0.44324738106490236,0.5782389711226837,0.1436650838671298,0.23014900583362263,0.13003863409531025,0.23014900583361872,0.13003863409530775,0.44324738106490236,470685,116943,353742,0.24845278689569458,292537,49322,403064,67621,0.003692626953125,0.013028144836425781,0.009335517883300781
Niblack_Thresholding_CV2,Canny_Sklearn,0.43718370943604284,0.6066075642579246,0.08082687997280559,0.14264690167435007,0.07680117571771469,0.14264690167434738,0.07680117571771315,0.43718370943604284,470685,62716,407969,0.13324410168159173,317187,24672,432641,38044,0.003692626953125,0.04056286811828613,0.03687024116516113
Niblack_Thresholding_CV2,Global_Threshold_Torch,0.5489524259609325,0.7827181799927277,0.3064172429544175,0.44041969744162895,0.2823962938741625,0.44041969744162224,0.28239629387415693,0.5489524259609325,470685,184263,286422,0.3914783772586762,301822,40037,326459,144226,0.003692626953125,0.007297515869140625,0.003604888916015625
Niblack_Thresholding_CV2,Adaptive_Threshold_Torch,0.8453105308758664,0.8093059034694965,0.9589024506835782,0.8777759842236385,0.7821753695195942,0.8777759842236299,0.7821753695195807,0.8453105308758664,470685,557689,87004,0.8439919022967999,235511,106348,19344,451341,0.003692626953125,0.005011081695556641,0.0013184547424316406
Niblack_Thresholding_CV2,Otsu_Thresholding_Torch,0.569294708963453,0.6539966832504146,0.5445977670841433,0.5943046595605326,0.42278340296321465,0.5943046595605257,0.42278340296320766,0.569294708963453,470685,391950,78735,0.8327225214315307,206243,135616,214351,256334,0.003692626953125,0.004805088043212891,0.0011124610900878906
Niblack_Thresholding_CV2,Niblack_Thresholding_Torch,0.9884560097668557,0.9898297453932293,0.9902461306393873,0.9900378942359979,0.9802723177292554,0.9900378942359873,0.9802723177292348,0.9884560097668557,470685,470883,198,0.9995795133823051,337070,4789,4591,466094,0.003692626953125,0.285092830657959,0.281400203704834
Niblack_Thresholding_CV2,Sauvola_Thresholding_Torch,0.7142788575141777,0.6696853631399375,0.9999957508737266,0.8021681648568801,0.6696834574955467,0.8021681648568734,0.6696834574955371,0.7142788575141777,470685,702842,232157,0.6696882087297003,109700,232159,2,470683,0.003692626953125,0.28575944900512695,0.28206682205200195
Niblack_Thresholding_CV2,Sobel_Torch,0.4417188484562067,0.578318563754075,0.133796488097135,0.2173159874391801,0.12190381801147494,0.21731598743917635,0.12190381801147258,0.4417188484562067,470685,108895,361790,0.2313543027714926,295940,45919,407709,62976,0.003692626953125,0.004659414291381836,0.0009667873382568359
Niblack_Thresholding_CV2,Canny_Torch,0.4484754056395715,0.5803969391611933,0.17290757088073766,0.266439463879995,0.1536949292098738,0.2664394638799907,0.15369492920987088,0.4484754056395715,470685,140223,330462,0.2979126167181873,283021,58838,389300,81385,0.003692626953125,0.004071474075317383,0.0003788471221923828
Sauvola_Thresholding_CV2,Global_Threshold_CV2,0.3449893175015753,0.9628682915181018,0.2524473395142885,0.4000171351205715,0.2500133869563134,0.40001713512056697,0.2500133869563099,0.3449893175015753,702804,184263,518541,0.26218262844263834,102898,6842,525383,177421,0.0039000511169433594,0.0005481243133544922,0.003351926803588867
Sauvola_Thresholding_CV2,Adaptive_Threshold_CV2,0.8037287826874606,0.9839682321942981,0.7858862499359708,0.873842580690073,0.7759506492667213,0.8738425806900662,0.7759506492667103,0.8037287826874606,702804,561323,141481,0.7986906733598557,100741,8999,150480,552324,0.0039000511169433594,0.002007007598876953,0.0018930435180664062
Sauvola_Thresholding_CV2,Otsu_Thresholding_CV2,0.5604225740390675,0.9421355874963542,0.5239654299064889,0.673414003909786,0.5076293628113882,0.6734140039097798,0.5076293628113812,0.5604225740390675,702804,390862,311942,0.5561465216475717,87123,22617,334559,368245,0.0039000511169433594,0.0007431507110595703,0.003156900405883789
Sauvola_Thresholding_CV2,Niblack_Thresholding_CV2,0.7143305470226843,1.0,0.6697244181877167,0.8021975493592185,0.6697244181877167,0.8021975493592117,0.6697244181877071,0.7143305470226843,702804,470685,232119,0.6697244181877167,109740,0,232119,470685,0.0039000511169433594,0.003692626953125,0.00020742416381835938
Sauvola_Thresholding_CV2,Sauvola_Thresholding_CV2,1.0,1.0,1.0,1.0,1.0,0.9999999999999929,0.9999999999999858,1.0,702804,702804,0,1.0,109740,0,0,702804,0.0039000511169433594,0.0039000511169433594,0.0
Sauvola_Thresholding_CV2,Sobel_CV2,0.19889138311279142,0.7271007741076745,0.11814389218046568,0.2032607099143207,0.11312754779499924,0.2032607099143182,0.11312754779499769,0.19889138311279142,702804,114196,588608,0.1624862692870274,78576,31164,619772,83032,0.0039000511169433594,0.006249904632568359,0.002349853515625
Sauvola_Thresholding_CV2,Canny_CV2,0.25763035601764334,0.8314783997869932,0.1777351864815795,0.29286757620446546,0.17155527721354005,0.292867576204462,0.1715552772135377,0.25763035601764334,702804,150230,552574,0.213758032111371,84423,25317,577891,124913,0.0039000511169433594,0.001209259033203125,0.0026907920837402344
Sauvola_Thresholding_CV2,Global_Threshold_Sklearn,0.3324841485507246,0.9077483834234821,0.25407510486565243,0.3970246221301233,0.2476798007076764,0.3970246221301189,0.24767980070767295,0.3324841485507246,702804,196712,506092,0.2798959596132065,91593,18147,524239,178565,0.0039000511169433594,0.05474233627319336,0.05084228515625
Sauvola_Thresholding_CV2,Adaptive_Threshold_Sklearn,0.8532657923755513,0.8971363630177072,0.9378902225940661,0.9170607443023956,0.8468256547885933,0.9170607443023893,0.8468256547885824,0.8532657923755513,702804,734730,31926,0.9565473030909314,34163,75577,43651,659153,0.0039000511169433594,0.06830286979675293,0.06440281867980957
Sauvola_Thresholding_CV2,Otsu_Thresholding_Sklearn,0.5403448920919974,0.9111162711728987,0.5192244210334602,0.6614841079074354,0.49419219586052604,0.6614841079074294,0.4941921958605193,0.5403448920919974,702804,400512,302292,0.5698772346201786,74141,35599,337891,364913,0.0039000511169433594,0.05874276161193848,0.05484271049499512
Sauvola_Thresholding_CV2,Niblack_Thresholding_Sklearn,0.4277331442974165,0.9728173561737526,0.3481027427277022,0.5127341012356856,0.34474945042556787,0.5127341012356803,0.34474945042556304,0.4277331442974165,702804,251484,451320,0.35782949442518824,102904,6836,458156,244648,0.0039000511169433594,0.07975339889526367,0.07585334777832031
Sauvola_Thresholding_CV2,Sauvola_Thresholding_Sklearn,0.8862646207466919,0.8850213645292045,0.9981858384414432,0.9382034981574392,0.8836001027780297,0.9382034981574329,0.8836001027780186,0.8862646207466919,702804,792669,89865,0.8866298543275944,18600,91140,1275,701529,0.0039000511169433594,0.07488751411437988,0.07098746299743652
Sauvola_Thresholding_CV2,Sobel_Sklearn,0.20075343612161312,0.7282351230941569,0.12117460913711361,0.20777630171260156,0.11593212494129339,0.20777630171259903,0.1159321249412918,0.20075343612161312,702804,116943,585861,0.1663948981508358,77959,31781,617642,85162,0.0039000511169433594,0.013028144836425781,0.009128093719482422
Sauvola_Thresholding_CV2,Canny_Sklearn,0.1804283829552615,0.7939122393009759,0.07084621032321956,0.13008412582297002,0.06956683325672147,0.1300841258229683,0.0695668332567205,0.1804283829552615,702804,62716,640088,0.08923682847564897,96815,12925,653013,49791,0.0039000511169433594,0.04056286811828613,0.03666281700134277
Sauvola_Thresholding_CV2,Global_Threshold_Torch,0.3449893175015753,0.9628682915181018,0.2524473395142885,0.4000171351205715,0.2500133869563134,0.40001713512056697,0.2500133869563099,0.3449893175015753,702804,184263,518541,0.26218262844263834,102898,6842,525383,177421,0.0039000511169433594,0.007297515869140625,0.0033974647521972656
Sauvola_Thresholding_CV2,Adaptive_Threshold_Torch,0.8140076106647763,0.9946098990656083,0.7892428045372536,0.8801048478650814,0.7858814695172922,0.8801048478650744,0.785881469517281,0.8140076106647763,702804,557689,145115,0.7935199572000159,106734,3006,148121,554683,0.0039000511169433594,0.005011081695556641,0.0011110305786132812
Sauvola_Thresholding_CV2,Otsu_Thresholding_Torch,0.5610280797101449,0.9415359101926266,0.5250894986368888,0.6741879910920627,0.5085094919658987,0.6741879910920565,0.5085094919658917,0.5610280797101449,702804,391950,310854,0.5576946061775403,86825,22915,333769,369035,0.0039000511169433594,0.004805088043212891,0.0009050369262695312
Sauvola_Thresholding_CV2,Niblack_Thresholding_Torch,0.7145717647290485,0.9999978763302136,0.6700047239344114,0.802397913583434,0.6700037706049331,0.8023979135834273,0.6700037706049236,0.7145717647290485,702804,470883,231921,0.670006146806222,109739,1,231922,470882,0.0039000511169433594,0.285092830657959,0.2811927795410156
Sauvola_Thresholding_CV2,Sauvola_Thresholding_Torch,0.9977478142722117,0.9986711095808162,0.998725106857673,0.9986981074893678,0.9973996004194743,0.9986981074893607,0.9973996004194601,0.9977478142722117,702804,702842,38,0.9999459337945086,108806,934,896,701908,0.0039000511169433594,0.28575944900512695,0.2818593978881836
Sauvola_Thresholding_CV2,Sobel_Torch,0.19660104560491493,0.7296110932549704,0.11304858822658949,0.19576468617061252,0.10850285695556697,0.1957646861706101,0.10850285695556548,0.19660104560491493,702804,108895,593909,0.15494362581886273,80296,29444,623353,79451,0.0039000511169433594,0.004659414291381836,0.0007593631744384766
Sauvola_Thresholding_CV2,Canny_Torch,0.2181998759451796,0.740891294580775,0.14782215240664537,0.24646897430331413,0.14055581035721387,0.2464689743033112,0.14055581035721199,0.2181998759451796,702804,140223,562581,0.19951935390236822,73407,36333,598914,103890,0.0039000511169433594,0.004071474075317383,0.00017142295837402344
Sobel_CV2,Global_Threshold_CV2,0.7547985093730308,0.269240162159522,0.43443728326736486,0.332447672879692,0.1993626631518035,0.33244767287968086,0.1993626631517955,0.7547985093730308,114196,184263,70067,0.6197446041798951,563696,134652,64585,49611,0.006249904632568359,0.0005481243133544922,0.005701780319213867
Sobel_CV2,Adaptive_Threshold_CV2,0.318223997715816,0.10826743247648858,0.5321815124873025,0.17992980212251616,0.09885871563214726,0.1799298021225135,0.09885871563214566,0.318223997715816,114196,561323,447127,0.20344079968217943,197798,500550,53423,60773,0.006249904632568359,0.002007007598876953,0.004242897033691406
Sobel_CV2,Otsu_Thresholding_CV2,0.5596989209199748,0.18842200060379366,0.6449175102455428,0.2916377920951653,0.1707119197238828,0.29163779209515955,0.17071191972387884,0.5596989209199748,114196,390862,276666,0.29216449795580024,381133,317215,40549,73647,0.006249904632568359,0.0007431507110595703,0.005506753921508789
Sobel_CV2,Niblack_Thresholding_CV2,0.4426726429584121,0.14025091090644487,0.5780762898875618,0.2257348075933395,0.12722720851393518,0.22573480759333564,0.1272272085139327,0.4426726429584121,114196,470685,356489,0.2426166119591659,293677,404671,48182,66014,0.006249904632568359,0.003692626953125,0.0025572776794433594
Sobel_CV2,Sauvola_Thresholding_CV2,0.19889138311279142,0.11814389218046568,0.7271007741076745,0.2032607099143207,0.11312754779499924,0.2032607099143182,0.11312754779499769,0.19889138311279142,114196,702804,588608,0.1624862692870274,78576,619772,31164,83032,0.006249904632568359,0.0039000511169433594,0.002349853515625
Sobel_CV2,Sobel_CV2,1.0,1.0,1.0,1.0,1.0,0.9999999999999561,0.9999999999999124,1.0,114196,114196,0,1.0,698348,0,0,114196,0.006249904632568359,0.006249904632568359,0.0
Sobel_CV2,Canny_CV2,0.8379656978575929,0.4418757904546362,0.5813075764475113,0.5020913223359277,0.33519488191958313,0.5020913223359086,0.3351948819195662,0.8379656978575929,114196,150230,36034,0.7601411169540039,614501,83847,47813,66383,0.006249904632568359,0.001209259033203125,0.005040645599365234
Sobel_CV2,Global_Threshold_Sklearn,0.7508442619722747,0.2756771320509171,0.4748765280745385,0.348842744477466,0.21127166616669069,0.3488427444774548,0.21127166616668244,0.7508442619722747,114196,196712,82516,0.5805238114604091,555865,142483,59967,54229,0.006249904632568359,0.05474233627319336,0.048492431640625
Sobel_CV2,Adaptive_Threshold_Sklearn,0.15583894533711407,0.11093054591482586,0.7137202704122736,0.19201673644110323,0.10620493027304403,0.19201673644110095,0.10620493027304265,0.15583894533711407,114196,734730,620534,0.15542580267581288,45122,653226,32692,81504,0.006249904632568359,0.06830286979675293,0.06205296516418457
Sobel_CV2,Otsu_Thresholding_Sklearn,0.56466111373661,0.20096276765739854,0.7048232862797296,0.31275208467713733,0.18536225876283913,0.3127520846771312,0.18536225876283485,0.56466111373661,114196,400512,286316,0.28512503994886546,378324,320024,33708,80488,0.006249904632568359,0.05874276161193848,0.05249285697937012
Sobel_CV2,Niblack_Thresholding_Sklearn,0.6455059664461248,0.15435972069793705,0.339933097481523,0.2123113104353533,0.11876302159021725,0.2123113104353475,0.11876302159021361,0.6455059664461248,114196,251484,137288,0.4540885304830526,485683,212665,75377,38819,0.006249904632568359,0.07975339889526367,0.07350349426269531
Sobel_CV2,Sauvola_Thresholding_Sklearn,0.15847880237870196,0.14072204160879256,0.9767942835125574,0.24600353966687435,0.14025315628068738,0.24600353966687163,0.1402531562806856,0.15847880237870196,114196,792669,678473,0.1440651772681914,17225,681123,2650,111546,0.006249904632568359,0.07488751411437988,0.06863760948181152
Sobel_CV2,Sobel_Sklearn,0.9963583510554506,0.975603499140607,0.9990717713405023,0.9871981794504605,0.9747199890644089,0.9871981794504178,0.9747199890643257,0.9963583510554506,114196,116943,2747,0.9765099236380117,695495,2853,106,114090,0.006249904632568359,0.013028144836425781,0.006778240203857422
Sobel_CV2,Canny_Sklearn,0.9021271463453056,0.7764047452005868,0.4263984728011489,0.5504770733472009,0.3797643095017119,0.5504770733471697,0.37976430950168233,0.9021271463453056,114196,62716,51480,0.5491961189533784,684325,14023,65503,48693,0.006249904632568359,0.04056286811828613,0.03431296348571777
Sobel_CV2,Global_Threshold_Torch,0.7547985093730308,0.269240162159522,0.43443728326736486,0.332447672879692,0.1993626631518035,0.33244767287968086,0.1993626631517955,0.7547985093730308,114196,184263,70067,0.6197446041798951,563696,134652,64585,49611,0.006249904632568359,0.007297515869140625,0.0010476112365722656
Sobel_CV2,Adaptive_Threshold_Torch,0.32449565808128544,0.11028368857911847,0.5385827874881782,0.18307894952261175,0.1007632937460373,0.18307894952260903,0.10076329374603565,0.32449565808128544,114196,557689,443493,0.20476645585622094,202163,496185,52692,61504,0.006249904632568359,0.005011081695556641,0.0012388229370117188
Sobel_CV2,Otsu_Thresholding_Torch,0.5592263311279143,0.18879704043883147,0.6479999299450069,0.2924017971099248,0.1712357137733225,0.29240179710991904,0.17123571377331853,0.5592263311279143,114196,391950,277754,0.2913534889654293,380397,317951,40197,73999,0.006249904632568359,0.004805088043212891,0.0014448165893554688
Sobel_CV2,Niblack_Thresholding_Torch,0.4423772743383743,0.1401473402097761,0.5778923955304914,0.22558663018156522,0.12713307621473127,0.22558663018156136,0.12713307621472883,0.4423772743383743,114196,470883,356687,0.24251459492060662,293458,404890,48203,65993,0.006249904632568359,0.285092830657959,0.2788429260253906
Sobel_CV2,Sauvola_Thresholding_Torch,0.19884707781978575,0.11813892738339485,0.7271095309818207,0.2032537042340748,0.1131232076075776,0.2032537042340723,0.11312320760757606,0.19884707781978575,114196,702842,588646,0.1624774842710026,78539,619809,31163,83033,0.006249904632568359,0.28575944900512695,0.2795095443725586
Sobel_CV2,Sobel_Torch,0.9850678855545053,0.9686303319711649,0.923666328067533,0.9456141215916375,0.8968387579498691,0.9456141215915951,0.8968387579497928,0.9850678855545053,114196,108895,5301,0.9535798101509685,694932,3416,8717,105479,0.006249904632568359,0.004659414291381836,0.0015904903411865234
Sobel_CV2,Canny_Torch,0.9679685038594833,0.8143885097309286,1.0,0.8977002503743824,0.8143885097309286,0.8977002503743471,0.8143885097308704,0.9679685038594833,114196,140223,26027,0.8143885097309286,672321,26027,0,114196,0.006249904632568359,0.004071474075317383,0.0021784305572509766
Canny_CV2,Global_Threshold_CV2,0.6811901878544423,0.20472368299658641,0.25110164414564334,0.22555330006905974,0.12711190484213364,0.225553300069053,0.12711190484212936,0.6811901878544423,150230,184263,34033,0.8153020411042912,515774,146540,112507,37723,0.001209259033203125,0.0005481243133544922,0.0006611347198486328
Canny_CV2,Adaptive_Threshold_CV2,0.3439776799779458,0.15900470851898105,0.5941090328163483,0.2508681714503347,0.143424393379399,0.25086817145033113,0.1434243933793967,0.3439776799779458,150230,561323,411093,0.2676355681131897,190244,472070,60977,89253,0.001209259033203125,0.002007007598876953,0.0007977485656738281
Canny_CV2,Otsu_Thresholding_CV2,0.48928796471329555,0.16133059749988488,0.41974306064035144,0.23307681503330302,0.13191111929276997,0.23307681503329872,0.13191111929276722,0.48928796471329555,150230,390862,240632,0.3843556037680818,334510,327804,87172,63058,0.001209259033203125,0.0007431507110595703,0.0004661083221435547
Canny_CV2,Niblack_Thresholding_CV2,0.46113810452110904,0.19446763759202015,0.6092857618318578,0.29483262604382243,0.1729053877918025,0.29483262604381766,0.17290538779179926,0.46113810452110904,150230,470685,320455,0.3191731200271944,283162,379152,58697,91533,0.001209259033203125,0.003692626953125,0.002483367919921875
Canny_CV2,Sauvola_Thresholding_CV2,0.25763035601764334,0.1777351864815795,0.8314783997869932,0.29286757620446546,0.17155527721354005,0.292867576204462,0.1715552772135377,0.25763035601764334,150230,702804,552574,0.213758032111371,84423,577891,25317,124913,0.001209259033203125,0.0039000511169433594,0.0026907920837402344
Canny_CV2,Sobel_CV2,0.8379656978575929,0.5813075764475113,0.4418757904546362,0.5020913223359277,0.33519488191958313,0.5020913223359086,0.3351948819195662,0.8379656978575929,150230,114196,36034,0.7601411169540039,614501,47813,83847,66383,0.001209259033203125,0.006249904632568359,0.005040645599365234
Canny_CV2,Canny_CV2,1.0,1.0,1.0,1.0,1.0,0.9999999999999667,0.9999999999999334,1.0,150230,150230,0,1.0,662314,0,0,150230,0.001209259033203125,0.001209259033203125,0.0
Canny_CV2,Global_Threshold_Sklearn,0.6726158829552615,0.2057017365488633,0.26934700126472744,0.23326089086936722,0.13202905265630813,0.23326089086936047,0.1320290526563038,0.6726158829552615,150230,196712,46482,0.7637053153849283,506066,156248,109766,40464,0.001209259033203125,0.05474233627319336,0.053533077239990234
Canny_CV2,Adaptive_Threshold_Sklearn,0.2201776149968494,0.17102881330556804,0.836450775477601,0.28399023684686314,0.16549453443961543,0.2839902368468599,0.16549453443961326,0.2201776149968494,150230,734730,584500,0.20446966913015666,53244,609070,24570,125660,0.001209259033203125,0.06830286979675293,0.0670936107635498
Canny_CV2,Otsu_Thresholding_Sklearn,0.4853866375236295,0.16553311760945988,0.44130999134660187,0.24075883081370225,0.13685379527871128,0.24075883081369787,0.13685379527870845,0.4853866375236295,150230,400512,250282,0.37509487855544904,328100,334214,83932,66298,0.001209259033203125,0.05874276161193848,0.05753350257873535
Canny_CV2,Niblack_Thresholding_Sklearn,0.6279979914933838,0.197718343910547,0.3309791652799041,0.247554230123919,0.14126213454321276,0.24755423012391284,0.14126213454320874,0.6279979914933838,150230,251484,101254,0.5973739880071893,460553,201761,100507,49723,0.001209259033203125,0.07975339889526367,0.07854413986206055
Canny_CV2,Sauvola_Thresholding_Sklearn,0.20159769809388783,0.1855515984603914,0.979038807162351,0.3119761501496979,0.18481738286894742,0.3119761501496946,0.18481738286894508,0.20159769809388783,150230,792669,642439,0.18952425287225816,16726,645588,3149,147081,0.001209259033203125,0.07488751411437988,0.07367825508117676
Canny_CV2,Sobel_Sklearn,0.8379546215343415,0.5793591749826839,0.4509884843240365,0.5071769976756634,0.33974355759924985,0.5071769976756443,0.33974355759923275,0.8379546215343415,150230,116943,33287,0.7784264128336551,613123,49191,82478,67752,0.001209259033203125,0.013028144836425781,0.011818885803222656
Canny_CV2,Canny_Sklearn,0.8540263665721487,0.7520887811722686,0.3139719097384011,0.44300432973617726,0.28452508776797886,0.44300432973615644,0.2845250877679617,0.8540263665721487,150230,62716,87514,0.417466551288025,646766,15548,103062,47168,0.001209259033203125,0.04056286811828613,0.03935360908508301
Canny_CV2,Global_Threshold_Torch,0.6811901878544423,0.20472368299658641,0.25110164414564334,0.22555330006905974,0.12711190484213364,0.225553300069053,0.12711190484212936,0.6811901878544423,150230,184263,34033,0.8153020411042912,515774,146540,112507,37723,0.001209259033203125,0.007297515869140625,0.0060882568359375
Canny_CV2,Adaptive_Threshold_Torch,0.35018042099873975,0.16130137047709386,0.598788524262797,0.25414206992607913,0.14556858582148122,0.2541420699260755,0.14556858582147886,0.35018042099873975,150230,557689,407459,0.26937952873375665,194581,467733,60274,89956,0.001209259033203125,0.005011081695556641,0.0038018226623535156
Canny_CV2,Otsu_Thresholding_Torch,0.4889285995589162,0.16189820130118637,0.4223923317579711,0.23407724371979785,0.1325523683792749,0.23407724371979352,0.13255236837927215,0.4889285995589162,150230,391950,241720,0.3832886847812221,333820,328494,86774,63456,0.001209259033203125,0.004805088043212891,0.0035958290100097656
Canny_CV2,Niblack_Thresholding_Torch,0.4608058148235665,0.19430941444052982,0.609046129268455,0.2946227176053311,0.17276101930455273,0.2946227176053263,0.17276101930454946,0.4608058148235665,150230,470883,320653,0.3190389120014951,282928,379386,58733,91497,0.001209259033203125,0.285092830657959,0.28388357162475586
Canny_CV2,Sauvola_Thresholding_Torch,0.2576623542848141,0.17777110645066743,0.8316914065100179,0.2929295534257366,0.17159781192017326,0.2929295534257332,0.1715978119201709,0.2576623542848141,150230,702842,552612,0.21374647502568145,84417,577897,25285,124945,0.001209259033203125,0.28575944900512695,0.28455018997192383
Canny_CV2,Sobel_Torch,0.8347006439035917,0.5730841636438772,0.4154030486587233,0.4816671490593343,0.31723422750217317,0.4816671490593157,0.317234227502157,0.8347006439035917,150230,108895,41335,0.7248552219929442,615825,46489,87824,62406,0.001209259033203125,0.004659414291381836,0.003450155258178711
Canny_CV2,Canny_Torch,0.833991759215501,0.5547021529991514,0.5177527790720895,0.535590956196011,0.36573862915018973,0.5355909561959926,0.3657386291501725,0.833991759215501,150230,140223,10007,0.933388803834121,599873,62441,72448,77782,0.001209259033203125,0.004071474075317383,0.002862215042114258
Global_Threshold_Sklearn,Global_Threshold_CV2,0.9492298263232514,0.92183997872606,0.8635009557119037,0.891717304285058,0.8045937266121621,0.8917173042850346,0.804593726612124,0.9492298263232514,196712,184263,12449,0.9367145878238237,601430,14402,26851,169861,0.05474233627319336,0.0005481243133544922,0.05419421195983887
Global_Threshold_Sklearn,Adaptive_Threshold_CV2,0.4153559684152489,0.2520705547429911,0.7192901297328074,0.37331521631586934,0.22949450321308199,0.3733152163158644,0.22949450321307827,0.4153559684152489,196712,561323,364611,0.3504435057890021,196002,419830,55219,141493,0.05474233627319336,0.002007007598876953,0.052735328674316406
Global_Threshold_Sklearn,Otsu_Thresholding_CV2,0.7528626142091998,0.4947577405836331,0.9830716987270731,0.6582387920500227,0.49057819539716685,0.6582387920500115,0.4905781953971544,0.7528626142091998,196712,390862,194150,0.5032773715531312,418352,197480,3330,193382,0.05474233627319336,0.0007431507110595703,0.05399918556213379
Global_Threshold_Sklearn,Niblack_Thresholding_CV2,0.5149247302299937,0.2902705631154594,0.6945483752897638,0.40942947001559793,0.257410446313005,0.40942947001559177,0.2574104463130002,0.5149247302299937,196712,470685,273973,0.4179270637475169,281773,334059,60086,136626,0.05474233627319336,0.003692626953125,0.05104970932006836
Global_Threshold_Sklearn,Sauvola_Thresholding_CV2,0.3324841485507246,0.25407510486565243,0.9077483834234821,0.3970246221301233,0.2476798007076764,0.3970246221301189,0.24767980070767295,0.3324841485507246,196712,702804,506092,0.2798959596132065,91593,524239,18147,178565,0.05474233627319336,0.0039000511169433594,0.05084228515625
Global_Threshold_Sklearn,Sobel_CV2,0.7508442619722747,0.4748765280745385,0.2756771320509171,0.348842744477466,0.21127166616669069,0.3488427444774548,0.21127166616668244,0.7508442619722747,196712,114196,82516,0.5805238114604091,555865,59967,142483,54229,0.05474233627319336,0.006249904632568359,0.048492431640625
Global_Threshold_Sklearn,Canny_CV2,0.6726158829552615,0.26934700126472744,0.2057017365488633,0.23326089086936722,0.13202905265630813,0.23326089086936047,0.1320290526563038,0.6726158829552615,196712,150230,46482,0.7637053153849283,506066,109766,156248,40464,0.05474233627319336,0.001209259033203125,0.053533077239990234
Global_Threshold_Sklearn,Global_Threshold_Sklearn,1.0,1.0,1.0,1.0,1.0,0.9999999999999746,0.9999999999999492,1.0,196712,196712,0,1.0,615832,0,0,196712,0.05474233627319336,0.05474233627319336,0.0
Global_Threshold_Sklearn,Adaptive_Threshold_Sklearn,0.28144691241335856,0.2365399534522886,0.8834895685062426,0.373169773319219,0.22938458309850604,0.373169773319215,0.22938458309850301,0.28144691241335856,196712,734730,538018,0.2677337253140609,54895,560937,22919,173793,0.05474233627319336,0.06830286979675293,0.01356053352355957
Global_Threshold_Sklearn,Otsu_Thresholding_Sklearn,0.7491828134845621,0.491151326302333,1.0,0.6587545041726387,0.491151326302333,0.6587545041726277,0.4911513263023207,0.7491828134845621,196712,400512,203800,0.491151326302333,412032,203800,0,196712,0.05474233627319336,0.05874276161193848,0.004000425338745117
Global_Threshold_Sklearn,Niblack_Thresholding_Sklearn,0.6838743501890359,0.3804019341190692,0.48632010248485097,0.4268891288632652,0.27136620609251383,0.42688912886325564,0.27136620609250617,0.6838743501890359,196712,251484,54772,0.7822048321165561,460013,155819,101047,95665,0.05474233627319336,0.07975339889526367,0.025011062622070312
Global_Threshold_Sklearn,Sauvola_Thresholding_Sklearn,0.26649510672652804,0.24813383644371106,0.99987799422506,0.3975980941619053,0.2481263238101005,0.3975980941619012,0.24812632381009736,0.26649510672652804,196712,792669,595957,0.24816411389873957,19851,595981,24,196688,0.05474233627319336,0.07488751411437988,0.020145177841186523
Global_Threshold_Sklearn,Sobel_Sklearn,0.7490215914461248,0.4691345356284686,0.27889503436495994,0.349823851046532,0.21199182358100876,0.34982385104652086,0.21199182358100055,0.7490215914461248,196712,116943,79769,0.5944883891170849,553751,62081,141850,54862,0.05474233627319336,0.013028144836425781,0.04171419143676758
Global_Threshold_Sklearn,Canny_Sklearn,0.7442600031505986,0.41160150519803557,0.13122737809589655,0.19900704627102703,0.11049851464381416,0.19900704627101934,0.11049851464380941,0.7442600031505986,196712,62716,133996,0.31882142421407944,578930,36902,170898,25814,0.05474233627319336,0.04056286811828613,0.014179468154907227
Global_Threshold_Sklearn,Global_Threshold_Torch,0.9492298263232514,0.92183997872606,0.8635009557119037,0.891717304285058,0.8045937266121621,0.8917173042850346,0.804593726612124,0.9492298263232514,196712,184263,12449,0.9367145878238237,601430,14402,26851,169861,0.05474233627319336,0.007297515869140625,0.047444820404052734
Global_Threshold_Sklearn,Adaptive_Threshold_Torch,0.4210541213768116,0.25460606180147,0.7218217495628126,0.3764337534017055,0.23185610946914648,0.3764337534017005,0.2318561094691427,0.4210541213768116,196712,557689,360977,0.35272705755358275,200134,415698,54721,141991,0.05474233627319336,0.005011081695556641,0.04973125457763672
Global_Threshold_Sklearn,Otsu_Thresholding_Torch,0.751752520478891,0.49362163541268017,0.9835444711049657,0.6573381668937353,0.48957835151459944,0.6573381668937242,0.489578351514587,0.751752520478891,196712,391950,195238,0.5018803418803419,417357,198475,3237,193475,0.05474233627319336,0.004805088043212891,0.04993724822998047
Global_Threshold_Sklearn,Niblack_Thresholding_Torch,0.5148484266698172,0.29029291777362953,0.6948940583187604,0.40951175488132774,0.2574754991985323,0.40951175488132163,0.25747549919852747,0.5148484266698172,196712,470883,274171,0.4177513310100386,281643,334189,60018,136694,0.05474233627319336,0.285092830657959,0.23035049438476562
Global_Threshold_Sklearn,Sauvola_Thresholding_Torch,0.33249153276622556,0.2540926694762123,0.9078602220505104,0.39705676368511506,0.2477048186671512,0.39705676368511067,0.24770481866714777,0.33249153276622556,196712,702842,506130,0.2798808267007379,91577,524255,18125,178587,0.05474233627319336,0.28575944900512695,0.2310171127319336
Global_Threshold_Sklearn,Sobel_Torch,0.752627550015753,0.4803067174801414,0.26588616861198094,0.3422892800230361,0.20648311909800082,0.3422892800230249,0.20648311909799266,0.752627550015753,196712,108895,87817,0.5535757859205336,559240,56592,144409,52303,0.05474233627319336,0.004659414291381836,0.05008292198181152
Global_Threshold_Sklearn,Canny_Torch,0.7341005533238816,0.4310277201315048,0.3072512098906015,0.35876355973704127,0.21859346461961338,0.3587635597370306,0.21859346461960547,0.7341005533238816,196712,140223,56489,0.7128339908088983,536049,79783,136272,60440,0.05474233627319336,0.004071474075317383,0.05067086219787598
Adaptive_Threshold_Sklearn,Global_Threshold_CV2,0.27052196557971014,0.8853106700748387,0.2220271392212105,0.3550190262602653,0.21581953343396884,0.35501902626026144,0.21581953343396598,0.27052196557971014,734730,184263,550467,0.2507900861540974,56681,21133,571600,163130,0.06830286979675293,0.0005481243133544922,0.06775474548339844
Adaptive_Threshold_Sklearn,Adaptive_Threshold_CV2,0.719767791036547,0.9516374707610413,0.7270371428960298,0.8243119687235013,0.7011315474807613,0.8243119687234949,0.7011315474807521,0.719767791036547,734730,561323,173407,0.7639854096062499,50667,27147,200554,534176,0.06830286979675293,0.002007007598876953,0.06629586219787598
Adaptive_Threshold_Sklearn,Otsu_Thresholding_CV2,0.4753268746061752,0.8945254335289693,0.4758700475004423,0.621248196504595,0.450587404440458,0.6212481965045894,0.45058740444045214,0.4753268746061752,734730,390862,343868,0.531980455405387,36588,41226,385094,349636,0.06830286979675293,0.0007431507110595703,0.06755971908569336
Adaptive_Threshold_Sklearn,Niblack_Thresholding_CV2,0.6109761440611217,0.9447039952409786,0.6051991888176609,0.7377674908641422,0.584494128874266,0.7377674908641361,0.5844941288742583,0.6109761440611217,734730,470685,264045,0.6406230860316035,51787,26027,290072,444658,0.06830286979675293,0.003692626953125,0.06461024284362793
Adaptive_Threshold_Sklearn,Sauvola_Thresholding_CV2,0.8532657923755513,0.9378902225940661,0.8971363630177072,0.9170607443023956,0.8468256547885933,0.9170607443023893,0.8468256547885824,0.8532657923755513,734730,702804,31926,0.9565473030909314,34163,43651,75577,659153,0.06830286979675293,0.0039000511169433594,0.06440281867980957
Adaptive_Threshold_Sklearn,Sobel_CV2,0.15583894533711407,0.7137202704122736,0.11093054591482586,0.19201673644110323,0.10620493027304403,0.19201673644110095,0.10620493027304265,0.15583894533711407,734730,114196,620534,0.15542580267581288,45122,32692,653226,81504,0.06830286979675293,0.006249904632568359,0.06205296516418457
Adaptive_Threshold_Sklearn,Canny_CV2,0.2201776149968494,0.836450775477601,0.17102881330556804,0.28399023684686314,0.16549453443961543,0.2839902368468599,0.16549453443961326,0.2201776149968494,734730,150230,584500,0.20446966913015666,53244,24570,609070,125660,0.06830286979675293,0.001209259033203125,0.0670936107635498
Adaptive_Threshold_Sklearn,Global_Threshold_Sklearn,0.28144691241335856,0.8834895685062426,0.2365399534522886,0.373169773319219,0.22938458309850604,0.373169773319215,0.22938458309850301,0.28144691241335856,734730,196712,538018,0.2677337253140609,54895,22919,560937,173793,0.06830286979675293,0.05474233627319336,0.01356053352355957
Adaptive_Threshold_Sklearn,Adaptive_Threshold_Sklearn,1.0,1.0,1.0,1.0,1.0,0.9999999999999932,0.9999999999999863,1.0,734730,734730,0,1.0,77814,0,0,734730,0.06830286979675293,0.06830286979675293,0.0
Adaptive_Threshold_Sklearn,Otsu_Thresholding_Sklearn,0.47441861609955893,0.8840983541067434,0.481934860424918,0.6238176529761936,0.4532957818600781,0.6238176529761881,0.4532957818600723,0.47441861609955893,734730,400512,334218,0.5451145318688497,31394,46420,380638,354092,0.06830286979675293,0.05874276161193848,0.009560108184814453
Adaptive_Threshold_Sklearn,Niblack_Thresholding_Sklearn,0.39984296235034655,0.991236022967664,0.33928109645720195,0.5055292259083728,0.3382663847780127,0.5055292259083677,0.3382663847780081,0.39984296235034655,734730,251484,483246,0.34228083785880525,75610,2204,485450,249280,0.06830286979675293,0.07975339889526367,0.011450529098510742
Adaptive_Threshold_Sklearn,Sauvola_Thresholding_Sklearn,0.8958591780875866,0.910077220125929,0.9818436704639799,0.9445992828331039,0.8950148199337724,0.9445992828330977,0.8950148199337613,0.8958591780875866,734730,792669,57939,0.92690643887928,6535,71279,13340,721390,0.06830286979675293,0.07488751411437988,0.006584644317626953
Adaptive_Threshold_Sklearn,Sobel_Sklearn,0.157799454552615,0.7155109754324757,0.1138840118138636,0.1964932550403735,0.10895066269617538,0.19649325504037116,0.10895066269617397,0.157799454552615,734730,116943,617787,0.1591645910742722,44545,33269,651056,83674,0.06830286979675293,0.013028144836425781,0.05527472496032715
Adaptive_Threshold_Sklearn,Canny_Sklearn,0.1355594281663516,0.7577811084890618,0.06468362527731275,0.11919302372825244,0.06337334199202316,0.11919302372825095,0.06337334199202231,0.1355594281663516,734730,62716,672014,0.08535924761477005,62623,15191,687205,47525,0.06830286979675293,0.04056286811828613,0.027740001678466797
Adaptive_Threshold_Sklearn,Global_Threshold_Torch,0.27052196557971014,0.8853106700748387,0.2220271392212105,0.3550190262602653,0.21581953343396884,0.35501902626026144,0.21581953343396598,0.27052196557971014,734730,184263,550467,0.2507900861540974,56681,21133,571600,163130,0.06830286979675293,0.007297515869140625,0.061005353927612305
Adaptive_Threshold_Sklearn,Adaptive_Threshold_Torch,0.7214981588689351,0.9558409794706368,0.7255209396649109,0.8249058548350032,0.701991289999302,0.8249058548349968,0.7019912899992928,0.7214981588689351,734730,557689,177041,0.7590393750085065,53187,24627,201668,533062,0.06830286979675293,0.005011081695556641,0.06329178810119629
Adaptive_Threshold_Sklearn,Otsu_Thresholding_Torch,0.47589545919974796,0.894019645362929,0.47692485675009866,0.6220239997159797,0.4514040880158811,0.6220239997159742,0.4514040880158753,0.47589545919974796,734730,391950,342780,0.5334612714874852,36275,41539,384319,350411,0.06830286979675293,0.004805088043212891,0.06349778175354004
Adaptive_Threshold_Sklearn,Niblack_Thresholding_Torch,0.6112641284656585,0.9447654725271458,0.6054931743633716,0.7380046499166814,0.5847918931460067,0.7380046499166752,0.584791893145999,0.6112641284656585,734730,470883,263847,0.6408925727818382,51805,26009,289856,444874,0.06830286979675293,0.285092830657959,0.21678996086120605
Adaptive_Threshold_Sklearn,Sauvola_Thresholding_Torch,0.8532657923755513,0.9378665475313086,0.8971622228573761,0.9170629366737805,0.8468293936279547,0.9170629366737741,0.8468293936279438,0.8532657923755513,734730,702842,31888,0.9565990227702693,34144,43670,75558,659172,0.06830286979675293,0.28575944900512695,0.21745657920837402
Adaptive_Threshold_Sklearn,Sobel_Torch,0.15315478300252047,0.7141099224023142,0.10583887958842024,0.18435442287746331,0.1015365692513795,0.18435442287746115,0.10153656925137816,0.15315478300252047,734730,108895,625835,0.14821090740816353,46682,31132,656967,77763,0.06830286979675293,0.004659414291381836,0.0636434555053711
Adaptive_Threshold_Sklearn,Canny_Torch,0.17605569667611845,0.7326258887628991,0.13982143100186464,0.23482632781417973,0.13303298792316198,0.23482632781417703,0.13303298792316026,0.17605569667611845,734730,140223,594507,0.19084969988975542,40322,37492,631999,102731,0.06830286979675293,0.004071474075317383,0.06423139572143555
Otsu_Thresholding_Sklearn,Global_Threshold_CV2,0.7322126555608065,0.9963638929139328,0.4583957534356024,0.6279098798683255,0.4576302027508712,0.6279098798683147,0.45763020275085975,0.7322126555608065,400512,184263,216249,0.4600686121764142,411362,670,216919,183593,0.05874276161193848,0.0005481243133544922,0.058194637298583984
Otsu_Thresholding_Sklearn,Adaptive_Threshold_CV2,0.5308401760396976,0.5171906371198045,0.724849692393736,0.6036607110367163,0.43231664095400907,0.60366071103671,0.43231664095400263,0.5308401760396976,400512,561323,160811,0.7135143224132986,141020,271012,110201,290311,0.05874276161193848,0.002007007598876953,0.05673575401306152
Otsu_Thresholding_Sklearn,Otsu_Thresholding_CV2,0.9719005986137366,0.9831372709549662,0.9594494047619048,0.9711489131561057,0.9439159131718509,0.9711489131560934,0.9439159131718277,0.9719005986137366,400512,390862,9650,0.9759058405241291,405441,6591,16241,384271,0.05874276161193848,0.0007431507110595703,0.057999610900878906
Otsu_Thresholding_Sklearn,Niblack_Thresholding_CV2,0.5436468671235035,0.5315550739879112,0.6246878994886546,0.5743706647291026,0.4028892016450833,0.574370664729096,0.4028892016450768,0.5436468671235035,400512,470685,70173,0.850913031007999,191542,220490,150317,250195,0.05874276161193848,0.003692626953125,0.05505013465881348
Otsu_Thresholding_Sklearn,Sauvola_Thresholding_CV2,0.5403448920919974,0.5192244210334602,0.9111162711728987,0.6614841079074354,0.49419219586052604,0.6614841079074294,0.4941921958605193,0.5403448920919974,400512,702804,302292,0.5698772346201786,74141,337891,35599,364913,0.05874276161193848,0.0039000511169433594,0.05484271049499512
Otsu_Thresholding_Sklearn,Sobel_CV2,0.56466111373661,0.7048232862797296,0.20096276765739854,0.31275208467713733,0.18536225876283913,0.3127520846771312,0.18536225876283485,0.56466111373661,400512,114196,286316,0.28512503994886546,378324,33708,320024,80488,0.05874276161193848,0.006249904632568359,0.05249285697937012
Otsu_Thresholding_Sklearn,Canny_CV2,0.4853866375236295,0.44130999134660187,0.16553311760945988,0.24075883081370225,0.13685379527871128,0.24075883081369787,0.13685379527870845,0.4853866375236295,400512,150230,250282,0.37509487855544904,328100,83932,334214,66298,0.05874276161193848,0.001209259033203125,0.05753350257873535
Otsu_Thresholding_Sklearn,Global_Threshold_Sklearn,0.7491828134845621,1.0,0.491151326302333,0.6587545041726387,0.491151326302333,0.6587545041726277,0.4911513263023207,0.7491828134845621,400512,196712,203800,0.491151326302333,412032,0,203800,196712,0.05874276161193848,0.05474233627319336,0.004000425338745117
Otsu_Thresholding_Sklearn,Adaptive_Threshold_Sklearn,0.47441861609955893,0.481934860424918,0.8840983541067434,0.6238176529761936,0.4532957818600781,0.6238176529761881,0.4532957818600723,0.47441861609955893,400512,734730,334218,0.5451145318688497,31394,380638,46420,354092,0.05874276161193848,0.06830286979675293,0.009560108184814453
Otsu_Thresholding_Sklearn,Otsu_Thresholding_Sklearn,1.0,1.0,1.0,1.0,1.0,0.9999999999999875,0.999999999999975,1.0,400512,400512,0,1.0,412032,0,0,400512,0.05874276161193848,0.05874276161193848,0.0
Otsu_Thresholding_Sklearn,Niblack_Thresholding_Sklearn,0.5514630592312539,0.5716864691193078,0.35896552412911475,0.44101497555199726,0.28288596018306816,0.4410149755519905,0.2828859601830626,0.5514630592312539,400512,251484,149028,0.627906279961649,304318,107714,256742,143770,0.05874276161193848,0.07975339889526367,0.021010637283325195
Otsu_Thresholding_Sklearn,Sauvola_Thresholding_Sklearn,0.5160520537964713,0.5045939730202644,0.9986617130073506,0.6704364216325939,0.5042529989094875,0.6704364216325882,0.504252998909481,0.5160520537964713,400512,792669,392157,0.5052701695159013,19339,392693,536,399976,0.05874276161193848,0.07488751411437988,0.016144752502441406
Otsu_Thresholding_Sklearn,Sobel_Sklearn,0.5639928422337744,0.6976903277665187,0.20371424576542027,0.3153510933317873,0.18719098803528617,0.3153510933317812,0.18719098803528186,0.5639928422337744,400512,116943,283569,0.29198376078619365,376679,35353,318922,81590,0.05874276161193848,0.013028144836425781,0.045714616775512695
Otsu_Thresholding_Sklearn,Canny_Sklearn,0.5271812972589792,0.6301581733528924,0.09867619447107702,0.17063303599955099,0.09327436176414362,0.1706330359995473,0.09327436176414142,0.5271812972589792,400512,62716,337796,0.15658956535634388,388837,23195,360991,39521,0.05874276161193848,0.04056286811828613,0.018179893493652344
Otsu_Thresholding_Sklearn,Global_Threshold_Torch,0.7322126555608065,0.9963638929139328,0.4583957534356024,0.6279098798683255,0.4576302027508712,0.6279098798683147,0.45763020275085975,0.7322126555608065,400512,184263,216249,0.4600686121764142,411362,670,216919,183593,0.05874276161193848,0.007297515869140625,0.05144524574279785
Otsu_Thresholding_Sklearn,Adaptive_Threshold_Torch,0.5360337409420289,0.5210861250625348,0.7255812559923298,0.6065616712986106,0.4352985408861933,0.6065616712986043,0.4352985408861868,0.5360337409420289,400512,557689,157177,0.7181637077295768,144947,267085,109908,290604,0.05874276161193848,0.005011081695556641,0.053731679916381836
Otsu_Thresholding_Sklearn,Otsu_Thresholding_Torch,0.9721295092942659,0.9820334226304376,0.9610398689677213,0.9714232354358947,0.9444343571649401,0.9714232354358825,0.9444343571649169,0.9721295092942659,400512,391950,8562,0.9786223633748802,404990,7042,15604,384908,0.05874276161193848,0.004805088043212891,0.053937673568725586
Otsu_Thresholding_Sklearn,Niblack_Thresholding_Torch,0.543986541036547,0.5318348719320936,0.6252796420581656,0.5747841105354059,0.40329617062530293,0.5747841105353992,0.40329617062529644,0.543986541036547,400512,470883,70371,0.850555233465638,191581,220451,150080,250432,0.05874276161193848,0.285092830657959,0.2263500690460205
Otsu_Thresholding_Sklearn,Sauvola_Thresholding_Torch,0.5403719675488343,0.519239032385657,0.9111911752956217,0.6615157057481098,0.494227469525779,0.6615157057481038,0.4942274695257723,0.5403719675488343,400512,702842,302330,0.5698464235205067,74133,337899,35569,364943,0.05874276161193848,0.28575944900512695,0.22701668739318848
Otsu_Thresholding_Sklearn,Sobel_Torch,0.5660333471172023,0.7199136783139721,0.19573695669542984,0.3077892529941677,0.18188588716787468,0.30778925299416166,0.18188588716787046,0.5660333471172023,400512,108895,291617,0.27188948146372643,381532,30500,322117,78395,0.05874276161193848,0.004659414291381836,0.05408334732055664
Otsu_Thresholding_Sklearn,Canny_Torch,0.5620827918241966,0.6593354870456345,0.23083952540747843,0.34195678104801797,0.2062411746203832,0.34195678104801164,0.20624117462037858,0.5620827918241966,400512,140223,260289,0.3501093600191755,364263,47769,308058,92454,0.05874276161193848,0.004071474075317383,0.054671287536621094
Niblack_Thresholding_Sklearn,Global_Threshold_CV2,0.6939353438090737,0.5075788411129744,0.37190437562628237,0.42927662152579366,0.2732986771628694,0.4292766215257838,0.2732986771628614,0.6939353438090737,251484,184263,67221,0.732702676909863,470325,90735,157956,93528,0.07975339889526367,0.0005481243133544922,0.07920527458190918
Niblack_Thresholding_Sklearn,Adaptive_Threshold_CV2,0.5116805982199117,0.3705762992074082,0.8271420845858981,0.5118386037521823,0.3439402507300006,0.5118386037521759,0.34394025072999496,0.5116805982199117,251484,561323,309839,0.448020123885891,207750,353310,43471,208013,0.07975339889526367,0.002007007598876953,0.07774639129638672
Niblack_Thresholding_Sklearn,Otsu_Thresholding_CV2,0.5606613303402647,0.36504444023721927,0.5673601501487172,0.4442527858817522,0.2855558935604726,0.44425278588174527,0.2855558935604669,0.5606613303402647,251484,390862,139378,0.6434086710910756,312880,248180,108802,142682,0.07975339889526367,0.0007431507110595703,0.0790102481842041
Niblack_Thresholding_Sklearn,Niblack_Thresholding_CV2,0.6676130769533711,0.4802468742364851,0.8988444592896566,0.6260169018609217,0.45562198160137385,0.6260169018609131,0.45562198160136463,0.6676130769533711,251484,470685,219201,0.534293635871124,316420,244640,25439,226045,0.07975339889526367,0.003692626953125,0.07606077194213867
Niblack_Thresholding_Sklearn,Sauvola_Thresholding_CV2,0.4277331442974165,0.3481027427277022,0.9728173561737526,0.5127341012356856,0.34474945042556787,0.5127341012356803,0.34474945042556304,0.4277331442974165,251484,702804,451320,0.35782949442518824,102904,458156,6836,244648,0.07975339889526367,0.0039000511169433594,0.07585334777832031
Niblack_Thresholding_Sklearn,Sobel_CV2,0.6455059664461248,0.339933097481523,0.15435972069793705,0.2123113104353533,0.11876302159021725,0.2123113104353475,0.11876302159021361,0.6455059664461248,251484,114196,137288,0.4540885304830526,485683,75377,212665,38819,0.07975339889526367,0.006249904632568359,0.07350349426269531
Niblack_Thresholding_Sklearn,Canny_CV2,0.6279979914933838,0.3309791652799041,0.197718343910547,0.247554230123919,0.14126213454321276,0.24755423012391284,0.14126213454320874,0.6279979914933838,251484,150230,101254,0.5973739880071893,460553,100507,201761,49723,0.07975339889526367,0.001209259033203125,0.07854413986206055
Niblack_Thresholding_Sklearn,Global_Threshold_Sklearn,0.6838743501890359,0.48632010248485097,0.3804019341190692,0.4268891288632652,0.27136620609251383,0.42688912886325564,0.27136620609250617,0.6838743501890359,251484,196712,54772,0.7822048321165561,460013,101047,155819,95665,0.07975339889526367,0.05474233627319336,0.025011062622070312
Niblack_Thresholding_Sklearn,Adaptive_Threshold_Sklearn,0.39984296235034655,0.33928109645720195,0.991236022967664,0.5055292259083728,0.3382663847780127,0.5055292259083677,0.3382663847780081,0.39984296235034655,251484,734730,483246,0.34228083785880525,75610,485450,2204,249280,0.07975339889526367,0.06830286979675293,0.011450529098510742
Niblack_Thresholding_Sklearn,Otsu_Thresholding_Sklearn,0.5514630592312539,0.35896552412911475,0.5716864691193078,0.44101497555199726,0.28288596018306816,0.4410149755519905,0.2828859601830626,0.5514630592312539,251484,400512,149028,0.627906279961649,304318,256742,107714,143770,0.07975339889526367,0.05874276161193848,0.021010637283325195
Niblack_Thresholding_Sklearn,Niblack_Thresholding_Sklearn,1.0,1.0,1.0,1.0,1.0,0.9999999999999801,0.9999999999999601,1.0,251484,251484,0,1.0,561060,0,0,251484,0.07975339889526367,0.07975339889526367,0.0
Niblack_Thresholding_Sklearn,Sauvola_Thresholding_Sklearn,0.33396222235349715,0.3172623125163214,1.0,0.48169952104720287,0.3172623125163214,0.4816995210471982,0.3172623125163174,0.33396222235349715,251484,792669,541185,0.3172623125163214,19875,541185,0,251484,0.07975339889526367,0.07488751411437988,0.004865884780883789
Niblack_Thresholding_Sklearn,Sobel_Sklearn,0.644325722668557,0.3395927930701282,0.15791461882266863,0.21558137704348487,0.12081322973770511,0.21558137704347902,0.12081322973770144,0.644325722668557,251484,116943,134541,0.46501169060457126,483830,77230,211771,39713,0.07975339889526367,0.013028144836425781,0.06672525405883789
Niblack_Thresholding_Sklearn,Canny_Sklearn,0.6637720541902962,0.3268703361183749,0.08151612030984079,0.13049013367281986,0.06979911474293497,0.1304901336728157,0.06979911474293259,0.6637720541902962,251484,62716,188768,0.24938365860253536,518844,42216,230984,20500,0.07975339889526367,0.04056286811828613,0.03919053077697754
Niblack_Thresholding_Sklearn,Global_Threshold_Torch,0.6939353438090737,0.5075788411129744,0.37190437562628237,0.42927662152579366,0.2732986771628694,0.4292766215257838,0.2732986771628614,0.6939353438090737,251484,184263,67221,0.732702676909863,470325,90735,157956,93528,0.07975339889526367,0.007297515869140625,0.07245588302612305
Niblack_Thresholding_Sklearn,Adaptive_Threshold_Torch,0.5531331226370511,0.39993078579638475,0.8868834597827298,0.5512714833539922,0.38052090299862146,0.5512714833539855,0.38052090299861496,0.5531331226370511,251484,557689,306205,0.4509395021239436,226408,334652,28447,223037,0.07975339889526367,0.005011081695556641,0.07474231719970703
Niblack_Thresholding_Sklearn,Otsu_Thresholding_Torch,0.5601099755828608,0.3648475570863631,0.5686325969047733,0.4444962498096153,0.2857571058605365,0.4444962498096084,0.28575710586053077,0.5601099755828608,251484,391950,140466,0.6416226559510142,312112,248948,108482,143002,0.07975339889526367,0.004805088043212891,0.07494831085205078
Niblack_Thresholding_Sklearn,Niblack_Thresholding_Torch,0.6675810786862004,0.4802275724543039,0.8991864293553467,0.6260834174318595,0.45569245278456216,0.6260834174318507,0.455692452784553,0.6675810786862004,251484,470883,219399,0.5340689725473207,316308,244752,25353,226131,0.07975339889526367,0.285092830657959,0.2053394317626953
Niblack_Thresholding_Sklearn,Sauvola_Thresholding_Torch,0.4276962232199118,0.34808961331280713,0.9728332617582033,0.5127220677210932,0.3447385701040196,0.5127220677210879,0.3447385701040147,0.4276962232199118,251484,702842,451358,0.3578101479422118,102870,458190,6832,244652,0.07975339889526367,0.28575944900512695,0.20600605010986328
Niblack_Thresholding_Sklearn,Sobel_Torch,0.6471046491020794,0.3381055144864319,0.14640295207647405,0.20432933106535064,0.11378998086914059,0.20432933106534495,0.11378998086913708,0.6471046491020794,251484,108895,142589,0.4330096546897616,488983,72077,214666,36818,0.07975339889526367,0.004659414291381836,0.07509398460388184
Niblack_Thresholding_Sklearn,Canny_Torch,0.6332986275204789,0.3342746910278628,0.1863856149894228,0.23932684378885238,0.13592917171740607,0.23932684378884628,0.1359291717174021,0.6332986275204789,251484,140223,111261,0.557582192107649,467710,93350,204611,46873,0.07975339889526367,0.004071474075317383,0.07568192481994629
Sauvola_Thresholding_Sklearn,Global_Threshold_CV2,0.251075634057971,0.9996526703678981,0.23237820578324622,0.37709687061126057,0.23235944510951353,0.3770968706112567,0.23235944510951062,0.251075634057971,792669,184263,608406,0.23245894566332226,19811,64,608470,184199,0.07488751411437988,0.0005481243133544922,0.07433938980102539
Sauvola_Thresholding_Sklearn,Adaptive_Threshold_CV2,0.7023791942344045,0.9906613482789767,0.7015298945713785,0.8213948088319577,0.6969210851836859,0.8213948088319516,0.6969210851836771,0.7023791942344045,792669,561323,231346,0.7081429953738572,14633,5242,236588,556081,0.07488751411437988,0.002007007598876953,0.07288050651550293
Sauvola_Thresholding_Sklearn,Otsu_Thresholding_CV2,0.50437514768431,0.9988359062789425,0.49252209938826924,0.6597326136788981,0.49223954892299315,0.6597326136788926,0.49223954892298694,0.50437514768431,792669,390862,401807,0.4930961094731849,19420,455,402262,390407,0.07488751411437988,0.0007431507110595703,0.07414436340332031
Sauvola_Thresholding_Sklearn,Niblack_Thresholding_CV2,0.601966170447385,0.9984745636678458,0.592891862807805,0.7439989108357594,0.5923553070569596,0.7439989108357535,0.5923553070569522,0.601966170447385,792669,470685,321984,0.5937976633374081,19157,718,322702,469967,0.07488751411437988,0.003692626953125,0.07119488716125488
Sauvola_Thresholding_Sklearn,Sauvola_Thresholding_CV2,0.8862646207466919,0.9981858384414432,0.8850213645292045,0.9382034981574392,0.8836001027780297,0.9382034981574329,0.8836001027780186,0.8862646207466919,792669,702804,89865,0.8866298543275944,18600,1275,91140,701529,0.07488751411437988,0.0039000511169433594,0.07098746299743652
Sauvola_Thresholding_Sklearn,Sobel_CV2,0.15847880237870196,0.9767942835125574,0.14072204160879256,0.24600353966687435,0.14025315628068738,0.24600353966687163,0.1402531562806856,0.15847880237870196,792669,114196,678473,0.1440651772681914,17225,2650,681123,111546,0.07488751411437988,0.006249904632568359,0.06863760948181152
Sauvola_Thresholding_Sklearn,Canny_CV2,0.20159769809388783,0.979038807162351,0.1855515984603914,0.3119761501496979,0.18481738286894742,0.3119761501496946,0.18481738286894508,0.20159769809388783,792669,150230,642439,0.18952425287225816,16726,3149,645588,147081,0.07488751411437988,0.001209259033203125,0.07367825508117676
Sauvola_Thresholding_Sklearn,Global_Threshold_Sklearn,0.26649510672652804,0.99987799422506,0.24813383644371106,0.3975980941619053,0.2481263238101005,0.3975980941619012,0.24812632381009736,0.26649510672652804,792669,196712,595957,0.24816411389873957,19851,24,595981,196688,0.07488751411437988,0.05474233627319336,0.020145177841186523
Sauvola_Thresholding_Sklearn,Adaptive_Threshold_Sklearn,0.8958591780875866,0.9818436704639799,0.910077220125929,0.9445992828331039,0.8950148199337724,0.9445992828330977,0.8950148199337613,0.8958591780875866,792669,734730,57939,0.92690643887928,6535,13340,71279,721390,0.07488751411437988,0.06830286979675293,0.006584644317626953
Sauvola_Thresholding_Sklearn,Otsu_Thresholding_Sklearn,0.5160520537964713,0.9986617130073506,0.5045939730202644,0.6704364216325939,0.5042529989094875,0.6704364216325882,0.504252998909481,0.5160520537964713,792669,400512,392157,0.5052701695159013,19339,536,392693,399976,0.07488751411437988,0.05874276161193848,0.016144752502441406
Sauvola_Thresholding_Sklearn,Niblack_Thresholding_Sklearn,0.33396222235349715,1.0,0.3172623125163214,0.48169952104720287,0.3172623125163214,0.4816995210471982,0.3172623125163174,0.33396222235349715,792669,251484,541185,0.3172623125163214,19875,0,541185,251484,0.07488751411437988,0.07975339889526367,0.004865884780883789
Sauvola_Thresholding_Sklearn,Sauvola_Thresholding_Sklearn,1.0,1.0,1.0,1.0,1.0,0.9999999999999937,0.9999999999999873,1.0,792669,792669,0,1.0,19875,0,0,792669,0.07488751411437988,0.07488751411437988,0.0
Sauvola_Thresholding_Sklearn,Sobel_Sklearn,0.16164293872085697,0.976586884208546,0.14407653131382708,0.2511070654300955,0.14358058201650226,0.2511070654300927,0.14358058201650042,0.16164293872085697,792669,116943,675726,0.14753068430833047,17137,2738,678464,114205,0.07488751411437988,0.013028144836425781,0.0618593692779541
Sauvola_Thresholding_Sklearn,Canny_Sklearn,0.09897925527725268,0.9827316793162829,0.07775376607385932,0.1441058704559935,0.0776476783680545,0.14410587045599182,0.07764767836805353,0.09897925527725268,792669,62716,729953,0.07912003623202118,18792,1083,731036,61633,0.07488751411437988,0.04056286811828613,0.03432464599609375
Sauvola_Thresholding_Sklearn,Global_Threshold_Torch,0.251075634057971,0.9996526703678981,0.23237820578324622,0.37709687061126057,0.23235944510951353,0.3770968706112567,0.23235944510951062,0.251075634057971,792669,184263,608406,0.23245894566332226,19811,64,608470,184199,0.07488751411437988,0.007297515869140625,0.06758999824523926
Sauvola_Thresholding_Sklearn,Adaptive_Threshold_Torch,0.7058940808128544,0.9964191511756553,0.7010391474877913,0.8230291522692501,0.699277432279725,0.823029152269244,0.6992774322797163,0.7058940808128544,792669,557689,234980,0.7035584840582891,17878,1997,236977,555692,0.07488751411437988,0.005011081695556641,0.06987643241882324
Sauvola_Thresholding_Sklearn,Otsu_Thresholding_Torch,0.5056821538279773,0.9988059701492538,0.4938782770614216,0.6609416192041492,0.4935868582603006,0.6609416192041436,0.4935868582602943,0.5056821538279773,792669,391950,400719,0.4944686874344777,19407,468,401187,391482,0.07488751411437988,0.004805088043212891,0.07008242607116699
Sauvola_Thresholding_Sklearn,Niblack_Thresholding_Torch,0.6021803126969124,0.9984497210559735,0.593126513084276,0.7441767335258066,0.592580782178954,0.7441767335258007,0.5925807821789466,0.6021803126969124,792669,470883,321786,0.5940474523413934,19145,730,322516,470153,0.07488751411437988,0.285092830657959,0.2102053165435791
Sauvola_Thresholding_Sklearn,Sauvola_Thresholding_Torch,0.8863384629017014,0.9982015872699697,0.8850831809998877,0.9382451884339199,0.8836740631766157,0.9382451884339136,0.8836740631766045,0.8863384629017014,792669,702842,89827,0.8866777936313897,18611,1264,91091,701578,0.07488751411437988,0.28575944900512695,0.21087193489074707
Sauvola_Thresholding_Sklearn,Sobel_Torch,0.1523289815689981,0.9770604710960099,0.13422626594454937,0.2360276142348186,0.1338045970217577,0.236027614234816,0.133804597021756,0.1523289815689981,792669,108895,683774,0.13737764438876757,17377,2498,686272,106397,0.07488751411437988,0.004659414291381836,0.07022809982299805
Sauvola_Thresholding_Sklearn,Canny_Torch,0.18912206600504095,0.9770793664377456,0.17284515983342352,0.29372960642818247,0.1721471623341622,0.2937296064281793,0.17214716233416003,0.18912206600504095,792669,140223,652446,0.1768998156859925,16661,3214,655660,137009,0.07488751411437988,0.004071474075317383,0.0708160400390625
Sobel_Sklearn,Global_Threshold_CV2,0.7529093809073724,0.27252893961348723,0.4294143300582335,0.33343957291687415,0.20007649737637903,0.3334395729168631,0.20007649737637107,0.7529093809073724,116943,184263,67320,0.6346526432327706,561555,134046,66726,50217,0.013028144836425781,0.0005481243133544922,0.012480020523071289
Sobel_Sklearn,Adaptive_Threshold_CV2,0.31855013390044107,0.11095037972789286,0.5325585969232874,0.18364181604267352,0.10110440642416155,0.18364181604267082,0.10110440642415991,0.31855013390044107,116943,561323,444380,0.20833459523304765,196557,499044,54664,62279,0.013028144836425781,0.002007007598876953,0.011021137237548828
Sobel_Sklearn,Otsu_Thresholding_CV2,0.5588977335381222,0.19110325383383395,0.638729979562693,0.2941877295418517,0.17246196116460022,0.2941877295418459,0.17246196116459622,0.5588977335381222,116943,390862,273919,0.29919255389370164,379434,316167,42248,74695,0.013028144836425781,0.0007431507110595703,0.012284994125366211
Sobel_Sklearn,Niblack_Thresholding_CV2,0.44324738106490236,0.1436650838671298,0.5782389711226837,0.23014900583362263,0.13003863409531025,0.23014900583361872,0.13003863409530775,0.44324738106490236,116943,470685,353742,0.24845278689569458,292537,403064,49322,67621,0.013028144836425781,0.003692626953125,0.009335517883300781
Sobel_Sklearn,Sauvola_Thresholding_CV2,0.20075343612161312,0.12117460913711361,0.7282351230941569,0.20777630171260156,0.11593212494129339,0.20777630171259903,0.1159321249412918,0.20075343612161312,116943,702804,585861,0.1663948981508358,77959,617642,31781,85162,0.013028144836425781,0.0039000511169433594,0.009128093719482422
Sobel_Sklearn,Sobel_CV2,0.9963583510554506,0.9990717713405023,0.975603499140607,0.9871981794504605,0.9747199890644089,0.9871981794504178,0.9747199890643257,0.9963583510554506,116943,114196,2747,0.9765099236380117,695495,106,2853,114090,0.013028144836425781,0.006249904632568359,0.006778240203857422
Sobel_Sklearn,Canny_CV2,0.8379546215343415,0.4509884843240365,0.5793591749826839,0.5071769976756634,0.33974355759924985,0.5071769976756443,0.33974355759923275,0.8379546215343415,116943,150230,33287,0.7784264128336551,613123,82478,49191,67752,0.013028144836425781,0.001209259033203125,0.011818885803222656
Sobel_Sklearn,Global_Threshold_Sklearn,0.7490215914461248,0.27889503436495994,0.4691345356284686,0.349823851046532,0.21199182358100876,0.34982385104652086,0.21199182358100055,0.7490215914461248,116943,196712,79769,0.5944883891170849,553751,141850,62081,54862,0.013028144836425781,0.05474233627319336,0.04171419143676758
Sobel_Sklearn,Adaptive_Threshold_Sklearn,0.157799454552615,0.1138840118138636,0.7155109754324757,0.1964932550403735,0.10895066269617538,0.19649325504037116,0.10895066269617397,0.157799454552615,116943,734730,617787,0.1591645910742722,44545,651056,33269,83674,0.013028144836425781,0.06830286979675293,0.05527472496032715
Sobel_Sklearn,Otsu_Thresholding_Sklearn,0.5639928422337744,0.20371424576542027,0.6976903277665187,0.3153510933317873,0.18719098803528617,0.3153510933317812,0.18719098803528186,0.5639928422337744,116943,400512,283569,0.29198376078619365,376679,318922,35353,81590,0.013028144836425781,0.05874276161193848,0.045714616775512695
Sobel_Sklearn,Niblack_Thresholding_Sklearn,0.644325722668557,0.15791461882266863,0.3395927930701282,0.21558137704348487,0.12081322973770511,0.21558137704347902,0.12081322973770144,0.644325722668557,116943,251484,134541,0.46501169060457126,483830,211771,77230,39713,0.013028144836425781,0.07975339889526367,0.06672525405883789
Sobel_Sklearn,Sauvola_Thresholding_Sklearn,0.16164293872085697,0.14407653131382708,0.976586884208546,0.2511070654300955,0.14358058201650226,0.2511070654300927,0.14358058201650042,0.16164293872085697,116943,792669,675726,0.14753068430833047,17137,678464,2738,114205,0.013028144836425781,0.07488751411437988,0.0618593692779541
Sobel_Sklearn,Sobel_Sklearn,1.0,1.0,1.0,1.0,1.0,0.9999999999999571,0.9999999999999145,1.0,116943,116943,0,1.0,695601,0,0,116943,0.013028144836425781,0.013028144836425781,0.0
Sobel_Sklearn,Canny_Sklearn,0.8999328036389413,0.7840901843229798,0.420504006225255,0.5474259569517809,0.3768661291805892,0.5474259569517503,0.37686612918056034,0.8999328036389413,116943,62716,54227,0.5362954601814559,682060,13541,67768,49175,0.013028144836425781,0.04056286811828613,0.02753472328186035
Sobel_Sklearn,Global_Threshold_Torch,0.7529093809073724,0.27252893961348723,0.4294143300582335,0.33343957291687415,0.20007649737637903,0.3334395729168631,0.20007649737637107,0.7529093809073724,116943,184263,67320,0.6346526432327706,561555,134046,66726,50217,0.013028144836425781,0.007297515869140625,0.005730628967285156
Sobel_Sklearn,Adaptive_Threshold_Torch,0.3249030206364209,0.11304329115331305,0.5390916942442044,0.18689596698644595,0.10308066364829975,0.18689596698644317,0.10308066364829807,0.3249030206364209,116943,557689,440746,0.20969214024303867,200955,494646,53900,63043,0.013028144836425781,0.005011081695556641,0.00801706314086914
Sobel_Sklearn,Otsu_Thresholding_Torch,0.5584399121770637,0.19148615894884552,0.6417913000350598,0.2949657393597475,0.17299695740365112,0.29496573935974174,0.17299695740364712,0.5584399121770637,116943,391950,275007,0.29836203597397626,378704,316897,41890,75053,0.013028144836425781,0.004805088043212891,0.00822305679321289
Sobel_Sklearn,Niblack_Thresholding_Torch,0.4429544738500315,0.14356220122620694,0.5780679476326074,0.2300034363910409,0.12994569657359797,0.23000343639103696,0.12994569657359545,0.4429544738500315,116943,470883,353940,0.24834831582367595,292319,403282,49342,67601,0.013028144836425781,0.285092830657959,0.2720646858215332
Sobel_Sklearn,Sauvola_Thresholding_Torch,0.2007115922337744,0.12117090327555838,0.7282522254431646,0.20777154985758461,0.11592916619590238,0.20777154985758206,0.1159291661959008,0.2007115922337744,116943,702842,585899,0.16638590181007964,77923,617678,31779,85164,0.013028144836425781,0.28575944900512695,0.27273130416870117
Sobel_Sklearn,Sobel_Torch,0.9818520597038437,0.9692456035630653,0.9025422641799852,0.9347054083015258,0.8774149569381172,0.9347054083014844,0.8774149569380443,0.9818520597038437,116943,108895,8048,0.931180147593272,692252,3349,11397,105546,0.013028144836425781,0.004659414291381836,0.008368730545043945
Sobel_Sklearn,Canny_Torch,0.9713492438563327,0.8339787338739009,1.0,0.9094748139334127,0.8339787338739009,0.9094748139333773,0.8339787338738414,0.9713492438563327,116943,140223,23280,0.8339787338739009,672321,23280,0,116943,0.013028144836425781,0.004071474075317383,0.008956670761108398
Canny_Sklearn,Global_Threshold_CV2,0.7540379351764335,0.12787157486853032,0.37569360290834874,0.1908016471035999,0.10546198364493302,0.19080164710359215,0.10546198364492829,0.7540379351764335,62716,184263,121547,0.34036133135789604,589127,160701,39154,23562,0.04056286811828613,0.0005481243133544922,0.04001474380493164
Canny_Sklearn,Adaptive_Threshold_CV2,0.3167250019691241,0.061326544609787946,0.5488870463677531,0.11032643793096265,0.058383860654834085,0.11032643793096088,0.05838386065483309,0.3167250019691241,62716,561323,498607,0.11172889762222464,222929,526899,28292,34424,0.04056286811828613,0.002007007598876953,0.03855586051940918
Canny_Sklearn,Otsu_Thresholding_CV2,0.5320770321361059,0.09385665529010238,0.584938452707443,0.1617582863366389,0.087996200463908,0.16175828633663533,0.0879962004639059,0.5320770321361059,62716,390862,328146,0.16045560837328776,395651,354177,26031,36685,0.04056286811828613,0.0007431507110595703,0.03981971740722656
Canny_Sklearn,Niblack_Thresholding_CV2,0.43718370943604284,0.08082687997280559,0.6066075642579246,0.14264690167435007,0.07680117571771469,0.14264690167434738,0.07680117571771315,0.43718370943604284,62716,470685,407969,0.13324410168159173,317187,432641,24672,38044,0.04056286811828613,0.003692626953125,0.03687024116516113
Canny_Sklearn,Sauvola_Thresholding_CV2,0.1804283829552615,0.07084621032321956,0.7939122393009759,0.13008412582297002,0.06956683325672147,0.1300841258229683,0.0695668332567205,0.1804283829552615,62716,702804,640088,0.08923682847564897,96815,653013,12925,49791,0.04056286811828613,0.0039000511169433594,0.03666281700134277
Canny_Sklearn,Sobel_CV2,0.9021271463453056,0.4263984728011489,0.7764047452005868,0.5504770733472009,0.3797643095017119,0.5504770733471697,0.37976430950168233,0.9021271463453056,62716,114196,51480,0.5491961189533784,684325,65503,14023,48693,0.04056286811828613,0.006249904632568359,0.03431296348571777
Canny_Sklearn,Canny_CV2,0.8540263665721487,0.3139719097384011,0.7520887811722686,0.44300432973617726,0.28452508776797886,0.44300432973615644,0.2845250877679617,0.8540263665721487,62716,150230,87514,0.417466551288025,646766,103062,15548,47168,0.04056286811828613,0.001209259033203125,0.03935360908508301
Canny_Sklearn,Global_Threshold_Sklearn,0.7442600031505986,0.13122737809589655,0.41160150519803557,0.19900704627102703,0.11049851464381416,0.19900704627101934,0.11049851464380941,0.7442600031505986,62716,196712,133996,0.31882142421407944,578930,170898,36902,25814,0.04056286811828613,0.05474233627319336,0.014179468154907227
Canny_Sklearn,Adaptive_Threshold_Sklearn,0.1355594281663516,0.06468362527731275,0.7577811084890618,0.11919302372825244,0.06337334199202316,0.11919302372825095,0.06337334199202231,0.1355594281663516,62716,734730,672014,0.08535924761477005,62623,687205,15191,47525,0.04056286811828613,0.06830286979675293,0.027740001678466797
Canny_Sklearn,Otsu_Thresholding_Sklearn,0.5271812972589792,0.09867619447107702,0.6301581733528924,0.17063303599955099,0.09327436176414362,0.1706330359995473,0.09327436176414142,0.5271812972589792,62716,400512,337796,0.15658956535634388,388837,360991,23195,39521,0.04056286811828613,0.05874276161193848,0.018179893493652344
Canny_Sklearn,Niblack_Thresholding_Sklearn,0.6637720541902962,0.08151612030984079,0.3268703361183749,0.13049013367281986,0.06979911474293497,0.1304901336728157,0.06979911474293259,0.6637720541902962,62716,251484,188768,0.24938365860253536,518844,230984,42216,20500,0.04056286811828613,0.07975339889526367,0.03919053077697754
Canny_Sklearn,Sauvola_Thresholding_Sklearn,0.09897925527725268,0.07775376607385932,0.9827316793162829,0.1441058704559935,0.0776476783680545,0.14410587045599182,0.07764767836805353,0.09897925527725268,62716,792669,729953,0.07912003623202118,18792,731036,1083,61633,0.04056286811828613,0.07488751411437988,0.03432464599609375
Canny_Sklearn,Sobel_Sklearn,0.8999328036389413,0.420504006225255,0.7840901843229798,0.5474259569517809,0.3768661291805892,0.5474259569517503,0.37686612918056034,0.8999328036389413,62716,116943,54227,0.5362954601814559,682060,67768,13541,49175,0.04056286811828613,0.013028144836425781,0.02753472328186035
Canny_Sklearn,Canny_Sklearn,1.0,1.0,1.0,1.0,1.0,0.9999999999999203,0.9999999999998406,1.0,62716,62716,0,1.0,749828,0,0,62716,0.04056286811828613,0.04056286811828613,0.0
Canny_Sklearn,Global_Threshold_Torch,0.7540379351764335,0.12787157486853032,0.37569360290834874,0.1908016471035999,0.10546198364493302,0.19080164710359215,0.10546198364492829,0.7540379351764335,62716,184263,121547,0.34036133135789604,589127,160701,39154,23562,0.04056286811828613,0.007297515869140625,0.03326535224914551
Canny_Sklearn,Adaptive_Threshold_Torch,0.323075427299937,0.06309430524898285,0.5610530008291346,0.1134323546715452,0.060126311904281825,0.11343235467154338,0.0601263119042808,0.323075427299937,62716,557689,494973,0.11245694284807482,227326,522502,27529,35187,0.04056286811828613,0.005011081695556641,0.03555178642272949
Canny_Sklearn,Otsu_Thresholding_Torch,0.5312696912413358,0.09414721265467534,0.5883825499075196,0.16232135237734951,0.08832956327121708,0.16232135237734596,0.08832956327121495,0.5312696912413358,62716,391950,329234,0.1600102053833397,394779,355049,25815,36901,0.04056286811828613,0.004805088043212891,0.03575778007507324
Canny_Sklearn,Niblack_Thresholding_Torch,0.43690064784183996,0.0807589146348456,0.6063524459468078,0.14253400025112492,0.07673572505251518,0.14253400025112223,0.07673572505251362,0.43690064784183996,62716,470883,408167,0.13318807431994784,316973,432855,24688,38028,0.04056286811828613,0.285092830657959,0.24452996253967285
Canny_Sklearn,Sauvola_Thresholding_Torch,0.1804037689035917,0.07085518509138612,0.7940557433509791,0.1301011810992766,0.0695765887352988,0.1301011810992749,0.06957658873529783,0.1804037689035917,62716,702842,640126,0.0892320037789432,96786,653042,12916,49800,0.04056286811828613,0.28575944900512695,0.24519658088684082
Canny_Sklearn,Sobel_Torch,0.9042624153276623,0.43078194591119884,0.7479749984055105,0.5467015517653298,0.3761798221345458,0.5467015517652979,0.3761798221345157,0.9042624153276623,62716,108895,46179,0.5759309426511777,687843,61985,15806,46910,0.04056286811828613,0.004659414291381836,0.0359034538269043
Canny_Sklearn,Canny_Torch,0.8792520774259609,0.3737831882073554,0.8357197525352382,0.5165394527419569,0.34819898223562706,0.5165394527419315,0.3481989822356039,0.8792520774259609,62716,140223,77507,0.44725900886445163,662018,87810,10303,52413,0.04056286811828613,0.004071474075317383,0.03649139404296875
Global_Threshold_Torch,Global_Threshold_CV2,1.0,1.0,1.0,1.0,1.0,0.9999999999999728,0.9999999999999457,1.0,184263,184263,0,1.0,628281,0,0,184263,0.007297515869140625,0.0005481243133544922,0.006749391555786133
Global_Threshold_Torch,Adaptive_Threshold_CV2,0.4457457073093888,0.26297693128555216,0.8011103694176259,0.39597041789947773,0.24685979754871057,0.3959704178994724,0.24685979754870643,0.4457457073093888,184263,561323,377060,0.3282655440806808,214573,413708,36648,147615,0.007297515869140625,0.002007007598876953,0.005290508270263672
Global_Threshold_Torch,Otsu_Thresholding_CV2,0.7457380769533711,0.47142725565544874,1.0,0.6407754835905238,0.47142725565544874,0.6407754835905126,0.47142725565543664,0.7457380769533711,184263,390862,206599,0.47142725565544874,421682,206599,0,184263,0.007297515869140625,0.0007431507110595703,0.006554365158081055
Global_Threshold_Torch,Niblack_Thresholding_CV2,0.5489524259609325,0.3064172429544175,0.7827181799927277,0.44041969744162895,0.2823962938741625,0.44041969744162224,0.28239629387415693,0.5489524259609325,184263,470685,286422,0.3914783772586762,301822,326459,40037,144226,0.007297515869140625,0.003692626953125,0.003604888916015625
Global_Threshold_Torch,Sauvola_Thresholding_CV2,0.3449893175015753,0.2524473395142885,0.9628682915181018,0.4000171351205715,0.2500133869563134,0.40001713512056697,0.2500133869563099,0.3449893175015753,184263,702804,518541,0.26218262844263834,102898,525383,6842,177421,0.007297515869140625,0.0039000511169433594,0.0033974647521972656
Global_Threshold_Torch,Sobel_CV2,0.7547985093730308,0.43443728326736486,0.269240162159522,0.332447672879692,0.1993626631518035,0.33244767287968086,0.1993626631517955,0.7547985093730308,184263,114196,70067,0.6197446041798951,563696,64585,134652,49611,0.007297515869140625,0.006249904632568359,0.0010476112365722656
Global_Threshold_Torch,Canny_CV2,0.6811901878544423,0.25110164414564334,0.20472368299658641,0.22555330006905974,0.12711190484213364,0.225553300069053,0.12711190484212936,0.6811901878544423,184263,150230,34033,0.8153020411042912,515774,112507,146540,37723,0.007297515869140625,0.001209259033203125,0.0060882568359375
Global_Threshold_Torch,Global_Threshold_Sklearn,0.9492298263232514,0.8635009557119037,0.92183997872606,0.891717304285058,0.8045937266121621,0.8917173042850346,0.804593726612124,0.9492298263232514,184263,196712,12449,0.9367145878238237,601430,26851,14402,169861,0.007297515869140625,0.05474233627319336,0.047444820404052734
Global_Threshold_Torch,Adaptive_Threshold_Sklearn,0.27052196557971014,0.2220271392212105,0.8853106700748387,0.3550190262602653,0.21581953343396884,0.35501902626026144,0.21581953343396598,0.27052196557971014,184263,734730,550467,0.2507900861540974,56681,571600,21133,163130,0.007297515869140625,0.06830286979675293,0.061005353927612305
Global_Threshold_Torch,Otsu_Thresholding_Sklearn,0.7322126555608065,0.4583957534356024,0.9963638929139328,0.6279098798683255,0.4576302027508712,0.6279098798683147,0.45763020275085975,0.7322126555608065,184263,400512,216249,0.4600686121764142,411362,216919,670,183593,0.007297515869140625,0.05874276161193848,0.05144524574279785
Global_Threshold_Torch,Niblack_Thresholding_Sklearn,0.6939353438090737,0.37190437562628237,0.5075788411129744,0.42927662152579366,0.2732986771628694,0.4292766215257838,0.2732986771628614,0.6939353438090737,184263,251484,67221,0.732702676909863,470325,157956,90735,93528,0.007297515869140625,0.07975339889526367,0.07245588302612305
Global_Threshold_Torch,Sauvola_Thresholding_Sklearn,0.251075634057971,0.23237820578324622,0.9996526703678981,0.37709687061126057,0.23235944510951353,0.3770968706112567,0.23235944510951062,0.251075634057971,184263,792669,608406,0.23245894566332226,19811,608470,64,184199,0.007297515869140625,0.07488751411437988,0.06758999824523926
Global_Threshold_Torch,Sobel_Sklearn,0.7529093809073724,0.4294143300582335,0.27252893961348723,0.33343957291687415,0.20007649737637903,0.3334395729168631,0.20007649737637107,0.7529093809073724,184263,116943,67320,0.6346526432327706,561555,66726,134046,50217,0.007297515869140625,0.013028144836425781,0.005730628967285156
Global_Threshold_Torch,Canny_Sklearn,0.7540379351764335,0.37569360290834874,0.12787157486853032,0.1908016471035999,0.10546198364493302,0.19080164710359215,0.10546198364492829,0.7540379351764335,184263,62716,121547,0.34036133135789604,589127,39154,160701,23562,0.007297515869140625,0.04056286811828613,0.03326535224914551
Global_Threshold_Torch,Global_Threshold_Torch,1.0,1.0,1.0,1.0,1.0,0.9999999999999728,0.9999999999999457,1.0,184263,184263,0,1.0,628281,0,0,184263,0.007297515869140625,0.007297515869140625,0.0
Global_Threshold_Torch,Adaptive_Threshold_Torch,0.4499276346880907,0.26447894794410504,0.800469980408438,0.3975917579573881,0.2481213884987089,0.3975917579573827,0.24812138849870471,0.4499276346880907,184263,557689,373426,0.3304045803306144,218089,410192,36766,147497,0.007297515869140625,0.005011081695556641,0.0022864341735839844
Global_Threshold_Torch,Otsu_Thresholding_Torch,0.7443990725425331,0.47011863758132416,1.0,0.6395655773125563,0.47011863758132416,0.6395655773125452,0.4701186375813121,0.7443990725425331,184263,391950,207687,0.47011863758132416,420594,207687,0,184263,0.007297515869140625,0.004805088043212891,0.0024924278259277344
Global_Threshold_Torch,Niblack_Thresholding_Torch,0.5488145872715816,0.3063797164051367,0.7829515420892963,0.4404178610569247,0.282394783871656,0.440417861056918,0.28239478387165046,0.5488145872715816,184263,470883,286620,0.391313765839922,301667,326614,39994,144269,0.007297515869140625,0.285092830657959,0.27779531478881836
Global_Threshold_Torch,Sauvola_Thresholding_Torch,0.3449351665879017,0.2524294222599105,0.9628520104415971,0.39999323642635315,0.24999471598042516,0.3999932364263486,0.24999471598042164,0.3449351665879017,184263,702842,518579,0.2621684532227727,102857,525424,6845,177418,0.007297515869140625,0.28575944900512695,0.27846193313598633
Global_Threshold_Torch,Sobel_Torch,0.7569288555450535,0.4391937187198678,0.25955292163917876,0.3262813909223013,0.19494399426083836,0.32628139092229014,0.19494399426083042,0.7569288555450535,184263,108895,75368,0.5909759419959515,567212,61069,136437,47826,0.007297515869140625,0.004659414291381836,0.002638101577758789
Global_Threshold_Torch,Canny_Torch,0.7375575968809074,0.396653901285809,0.30185115839859333,0.3428191046763189,0.2068688491664993,0.3428191046763083,0.2068688491664916,0.7375575968809074,184263,140223,44040,0.7609937969098517,543678,84603,128643,55620,0.007297515869140625,0.004071474075317383,0.003226041793823242
Adaptive_Threshold_Torch,Global_Threshold_CV2,0.4499276346880907,0.800469980408438,0.26447894794410504,0.3975917579573881,0.2481213884987089,0.3975917579573827,0.24812138849870471,0.4499276346880907,557689,184263,373426,0.3304045803306144,218089,36766,410192,147497,0.005011081695556641,0.0005481243133544922,0.0044629573822021484
Adaptive_Threshold_Torch,Adaptive_Threshold_CV2,0.9169349598298677,0.9366425391441291,0.9427458673203165,0.9396842929298346,0.8862306638145951,0.9396842929298261,0.8862306638145802,0.9169349598298677,557689,561323,3634,0.9935260090892409,219291,35564,31930,525759,0.005011081695556641,0.002007007598876953,0.0030040740966796875
Adaptive_Threshold_Torch,Otsu_Thresholding_CV2,0.5620827918241966,0.7582266887034299,0.5314108759541608,0.6248730959115535,0.4544112212870809,0.6248730959115469,0.4544112212870739,0.5620827918241966,557689,390862,166827,0.7008601568257578,160355,94500,261327,296362,0.005011081695556641,0.0007431507110595703,0.00426793098449707
Adaptive_Threshold_Torch,Niblack_Thresholding_CV2,0.8453105308758664,0.9589024506835782,0.8093059034694965,0.8777759842236385,0.7821753695195942,0.8777759842236299,0.7821753695195807,0.8453105308758664,557689,470685,87004,0.8439919022967999,235511,19344,106348,451341,0.005011081695556641,0.003692626953125,0.0013184547424316406
Adaptive_Threshold_Torch,Sauvola_Thresholding_CV2,0.8140076106647763,0.7892428045372536,0.9946098990656083,0.8801048478650814,0.7858814695172922,0.8801048478650744,0.785881469517281,0.8140076106647763,557689,702804,145115,0.7935199572000159,106734,148121,3006,554683,0.005011081695556641,0.0039000511169433594,0.0011110305786132812
Adaptive_Threshold_Torch,Sobel_CV2,0.32449565808128544,0.5385827874881782,0.11028368857911847,0.18307894952261175,0.1007632937460373,0.18307894952260903,0.10076329374603565,0.32449565808128544,557689,114196,443493,0.20476645585622094,202163,52692,496185,61504,0.005011081695556641,0.006249904632568359,0.0012388229370117188
Adaptive_Threshold_Torch,Canny_CV2,0.35018042099873975,0.598788524262797,0.16130137047709386,0.25414206992607913,0.14556858582148122,0.2541420699260755,0.14556858582147886,0.35018042099873975,557689,150230,407459,0.26937952873375665,194581,60274,467733,89956,0.005011081695556641,0.001209259033203125,0.0038018226623535156
Adaptive_Threshold_Torch,Global_Threshold_Sklearn,0.4210541213768116,0.7218217495628126,0.25460606180147,0.3764337534017055,0.23185610946914648,0.3764337534017005,0.2318561094691427,0.4210541213768116,557689,196712,360977,0.35272705755358275,200134,54721,415698,141991,0.005011081695556641,0.05474233627319336,0.04973125457763672
Adaptive_Threshold_Torch,Adaptive_Threshold_Sklearn,0.7214981588689351,0.7255209396649109,0.9558409794706368,0.8249058548350032,0.701991289999302,0.8249058548349968,0.7019912899992928,0.7214981588689351,557689,734730,177041,0.7590393750085065,53187,201668,24627,533062,0.005011081695556641,0.06830286979675293,0.06329178810119629
Adaptive_Threshold_Torch,Otsu_Thresholding_Sklearn,0.5360337409420289,0.7255812559923298,0.5210861250625348,0.6065616712986106,0.4352985408861933,0.6065616712986043,0.4352985408861868,0.5360337409420289,557689,400512,157177,0.7181637077295768,144947,109908,267085,290604,0.005011081695556641,0.05874276161193848,0.053731679916381836
Adaptive_Threshold_Torch,Niblack_Thresholding_Sklearn,0.5531331226370511,0.8868834597827298,0.39993078579638475,0.5512714833539922,0.38052090299862146,0.5512714833539855,0.38052090299861496,0.5531331226370511,557689,251484,306205,0.4509395021239436,226408,28447,334652,223037,0.005011081695556641,0.07975339889526367,0.07474231719970703
Adaptive_Threshold_Torch,Sauvola_Thresholding_Sklearn,0.7058940808128544,0.7010391474877913,0.9964191511756553,0.8230291522692501,0.699277432279725,0.823029152269244,0.6992774322797163,0.7058940808128544,557689,792669,234980,0.7035584840582891,17878,236977,1997,555692,0.005011081695556641,0.07488751411437988,0.06987643241882324
Adaptive_Threshold_Torch,Sobel_Sklearn,0.3249030206364209,0.5390916942442044,0.11304329115331305,0.18689596698644595,0.10308066364829975,0.18689596698644317,0.10308066364829807,0.3249030206364209,557689,116943,440746,0.20969214024303867,200955,53900,494646,63043,0.005011081695556641,0.013028144836425781,0.00801706314086914
Adaptive_Threshold_Torch,Canny_Sklearn,0.323075427299937,0.5610530008291346,0.06309430524898285,0.1134323546715452,0.060126311904281825,0.11343235467154338,0.0601263119042808,0.323075427299937,557689,62716,494973,0.11245694284807482,227326,27529,522502,35187,0.005011081695556641,0.04056286811828613,0.03555178642272949
Adaptive_Threshold_Torch,Global_Threshold_Torch,0.4499276346880907,0.800469980408438,0.26447894794410504,0.3975917579573881,0.2481213884987089,0.3975917579573827,0.24812138849870471,0.4499276346880907,557689,184263,373426,0.3304045803306144,218089,36766,410192,147497,0.005011081695556641,0.007297515869140625,0.0022864341735839844
Adaptive_Threshold_Torch,Adaptive_Threshold_Torch,1.0,1.0,1.0,1.0,1.0,0.999999999999991,0.999999999999982,1.0,557689,557689,0,1.0,254855,0,0,557689,0.005011081695556641,0.005011081695556641,0.0
Adaptive_Threshold_Torch,Otsu_Thresholding_Torch,0.5620631005828608,0.757489475698431,0.5323719851028081,0.6252860297439343,0.4548480944202984,0.6252860297439277,0.45484809442029145,0.5620631005828608,557689,391950,165739,0.7028110649483852,159803,95052,260791,296898,0.005011081695556641,0.004805088043212891,0.00020599365234375
Adaptive_Threshold_Torch,Niblack_Thresholding_Torch,0.8458421943919344,0.9591682010180873,0.8098707344057351,0.878219512100271,0.7828800033280409,0.8782195121002625,0.7828800033280272,0.8458421943919344,557689,470883,86806,0.8443469388852927,235628,19227,106033,451656,0.005011081695556641,0.285092830657959,0.28008174896240234
Adaptive_Threshold_Torch,Sauvola_Thresholding_Torch,0.8138230052772527,0.7891204566602451,0.9945094846769436,0.8799894647573125,0.7856974886103493,0.8799894647573056,0.7856974886103382,0.8138230052772527,557689,702842,145153,0.7934770545869484,106640,148215,3062,554627,0.005011081695556641,0.28575944900512695,0.2807483673095703
Adaptive_Threshold_Torch,Sobel_Torch,0.3274308837429111,0.5514119105560402,0.10766932824567098,0.1801603398821454,0.09899791933893672,0.18016033988214267,0.09899791933893509,0.3274308837429111,557689,108895,448794,0.19526115810066183,206006,48849,497643,60046,0.005011081695556641,0.004659414291381836,0.0003516674041748047
Adaptive_Threshold_Torch,Canny_Torch,0.33210509215500944,0.5534684038995029,0.13916179089062183,0.22240339756301655,0.1251146617056503,0.22240339756301336,0.12511466170564828,0.33210509215500944,557689,140223,417466,0.2514358361022003,192241,62614,480080,77609,0.005011081695556641,0.004071474075317383,0.0009396076202392578
Otsu_Thresholding_Torch,Global_Threshold_CV2,0.7443990725425331,1.0,0.47011863758132416,0.6395655773125563,0.47011863758132416,0.6395655773125452,0.4701186375813121,0.7443990725425331,391950,184263,207687,0.47011863758132416,420594,0,207687,184263,0.004805088043212891,0.0005481243133544922,0.0042569637298583984
Otsu_Thresholding_Torch,Adaptive_Threshold_CV2,0.5573544324984246,0.528754389184124,0.7572445464982779,0.6227009471578446,0.4521174583492645,0.6227009471578381,0.4521174583492576,0.5573544324984246,391950,561323,169373,0.6982610725019285,156073,264521,95148,296802,0.004805088043212891,0.002007007598876953,0.0027980804443359375
Otsu_Thresholding_Torch,Otsu_Thresholding_CV2,0.998660995589162,1.0,0.9972241357315984,0.9986101388328232,0.9972241357315984,0.9986101388328105,0.997224135731573,0.998660995589162,391950,390862,1088,0.9972241357315984,420594,0,1088,390862,0.004805088043212891,0.0007431507110595703,0.00406193733215332
Otsu_Thresholding_Torch,Niblack_Thresholding_CV2,0.569294708963453,0.5445977670841433,0.6539966832504146,0.5943046595605326,0.42278340296321465,0.5943046595605257,0.42278340296320766,0.569294708963453,391950,470685,78735,0.8327225214315307,206243,214351,135616,256334,0.004805088043212891,0.003692626953125,0.0011124610900878906
Otsu_Thresholding_Torch,Sauvola_Thresholding_CV2,0.5610280797101449,0.5250894986368888,0.9415359101926266,0.6741879910920627,0.5085094919658987,0.6741879910920565,0.5085094919658917,0.5610280797101449,391950,702804,310854,0.5576946061775403,86825,333769,22915,369035,0.004805088043212891,0.0039000511169433594,0.0009050369262695312
Otsu_Thresholding_Torch,Sobel_CV2,0.5592263311279143,0.6479999299450069,0.18879704043883147,0.2924017971099248,0.1712357137733225,0.29240179710991904,0.17123571377331853,0.5592263311279143,391950,114196,277754,0.2913534889654293,380397,40197,317951,73999,0.004805088043212891,0.006249904632568359,0.0014448165893554688
Otsu_Thresholding_Torch,Canny_CV2,0.4889285995589162,0.4223923317579711,0.16189820130118637,0.23407724371979785,0.1325523683792749,0.23407724371979352,0.13255236837927215,0.4889285995589162,391950,150230,241720,0.3832886847812221,333820,86774,328494,63456,0.004805088043212891,0.001209259033203125,0.0035958290100097656
Otsu_Thresholding_Torch,Global_Threshold_Sklearn,0.751752520478891,0.9835444711049657,0.49362163541268017,0.6573381668937353,0.48957835151459944,0.6573381668937242,0.489578351514587,0.751752520478891,391950,196712,195238,0.5018803418803419,417357,3237,198475,193475,0.004805088043212891,0.05474233627319336,0.04993724822998047
Otsu_Thresholding_Torch,Adaptive_Threshold_Sklearn,0.47589545919974796,0.47692485675009866,0.894019645362929,0.6220239997159797,0.4514040880158811,0.6220239997159742,0.4514040880158753,0.47589545919974796,391950,734730,342780,0.5334612714874852,36275,384319,41539,350411,0.004805088043212891,0.06830286979675293,0.06349778175354004
Otsu_Thresholding_Torch,Otsu_Thresholding_Sklearn,0.9721295092942659,0.9610398689677213,0.9820334226304376,0.9714232354358947,0.9444343571649401,0.9714232354358825,0.9444343571649169,0.9721295092942659,391950,400512,8562,0.9786223633748802,404990,15604,7042,384908,0.004805088043212891,0.05874276161193848,0.053937673568725586
Otsu_Thresholding_Torch,Niblack_Thresholding_Sklearn,0.5601099755828608,0.5686325969047733,0.3648475570863631,0.4444962498096153,0.2857571058605365,0.4444962498096084,0.28575710586053077,0.5601099755828608,391950,251484,140466,0.6416226559510142,312112,108482,248948,143002,0.004805088043212891,0.07975339889526367,0.07494831085205078
Otsu_Thresholding_Torch,Sauvola_Thresholding_Sklearn,0.5056821538279773,0.4938782770614216,0.9988059701492538,0.6609416192041492,0.4935868582603006,0.6609416192041436,0.4935868582602943,0.5056821538279773,391950,792669,400719,0.4944686874344777,19407,401187,468,391482,0.004805088043212891,0.07488751411437988,0.07008242607116699
Otsu_Thresholding_Torch,Sobel_Sklearn,0.5584399121770637,0.6417913000350598,0.19148615894884552,0.2949657393597475,0.17299695740365112,0.29496573935974174,0.17299695740364712,0.5584399121770637,391950,116943,275007,0.29836203597397626,378704,41890,316897,75053,0.004805088043212891,0.013028144836425781,0.00822305679321289
Otsu_Thresholding_Torch,Canny_Sklearn,0.5312696912413358,0.5883825499075196,0.09414721265467534,0.16232135237734951,0.08832956327121708,0.16232135237734596,0.08832956327121495,0.5312696912413358,391950,62716,329234,0.1600102053833397,394779,25815,355049,36901,0.004805088043212891,0.04056286811828613,0.03575778007507324
Otsu_Thresholding_Torch,Global_Threshold_Torch,0.7443990725425331,1.0,0.47011863758132416,0.6395655773125563,0.47011863758132416,0.6395655773125452,0.4701186375813121,0.7443990725425331,391950,184263,207687,0.47011863758132416,420594,0,207687,184263,0.004805088043212891,0.007297515869140625,0.0024924278259277344
Otsu_Thresholding_Torch,Adaptive_Threshold_Torch,0.5620631005828608,0.5323719851028081,0.757489475698431,0.6252860297439343,0.4548480944202984,0.6252860297439277,0.45484809442029145,0.5620631005828608,391950,557689,165739,0.7028110649483852,159803,260791,95052,296898,0.004805088043212891,0.005011081695556641,0.00020599365234375
Otsu_Thresholding_Torch,Otsu_Thresholding_Torch,1.0,1.0,1.0,1.0,1.0,0.9999999999999872,0.9999999999999745,1.0,391950,391950,0,1.0,420594,0,0,391950,0.004805088043212891,0.004805088043212891,0.0
Otsu_Thresholding_Torch,Niblack_Thresholding_Torch,0.5696565355229993,0.544891193778497,0.6546243143258068,0.5947384951665038,0.4232226479704018,0.5947384951664969,0.4232226479703948,0.5696565355229993,391950,470883,78933,0.8323723727550156,206291,214303,135370,256580,0.004805088043212891,0.285092830657959,0.2802877426147461
Otsu_Thresholding_Torch,Sauvola_Thresholding_Torch,0.5610453095463138,0.5250981017070693,0.9416022451843348,0.6742120877755775,0.5085369096814109,0.6742120877755713,0.5085369096814039,0.5610453095463138,391950,702842,310892,0.5576644537463612,86813,333781,22889,369061,0.004805088043212891,0.28575944900512695,0.28095436096191406
Otsu_Thresholding_Torch,Sobel_Torch,0.5612606824984246,0.6627944350061986,0.18414338563592295,0.2882129201649213,0.16836960832341893,0.2882129201649155,0.16836960832341502,0.5612606824984246,391950,108895,283055,0.27782880469447635,383874,36720,319775,72175,0.004805088043212891,0.004659414291381836,0.0001456737518310547
Otsu_Thresholding_Torch,Canny_Torch,0.555557606726528,0.6098999450874678,0.21819619849470595,0.3214067605834945,0.1914738800540019,0.32140676058348844,0.1914738800539976,0.555557606726528,391950,140223,251727,0.35775736701109834,365893,54701,306428,85522,0.004805088043212891,0.004071474075317383,0.0007336139678955078
Niblack_Thresholding_Torch,Global_Threshold_CV2,0.5488145872715816,0.7829515420892963,0.3063797164051367,0.4404178610569247,0.282394783871656,0.440417861056918,0.28239478387165046,0.5488145872715816,470883,184263,286620,0.391313765839922,301667,39994,326614,144269,0.285092830657959,0.0005481243133544922,0.2845447063446045
Niblack_Thresholding_Torch,Adaptive_Threshold_CV2,0.7952750866414618,0.7712653855266932,0.9193982369293434,0.8388422466058132,0.7224188480452278,0.8388422466058051,0.7224188480452157,0.7952750866414618,470883,561323,90440,0.838880644477422,213267,128394,37954,432929,0.285092830657959,0.002007007598876953,0.28308582305908203
Niblack_Thresholding_Torch,Otsu_Thresholding_CV2,0.5696466899023315,0.655044491406174,0.543727422735584,0.5942175469541454,0.42269523685309707,0.5942175469541384,0.42269523685309013,0.5696466899023315,470883,390862,80021,0.8300618200274803,206831,134830,214851,256032,0.285092830657959,0.0007431507110595703,0.2843496799468994
Niblack_Thresholding_Torch,Niblack_Thresholding_CV2,0.9884560097668557,0.9902461306393873,0.9898297453932293,0.9900378942359979,0.9802723177292554,0.9900378942359873,0.9802723177292348,0.9884560097668557,470883,470685,198,0.9995795133823051,337070,4591,4789,466094,0.285092830657959,0.003692626953125,0.281400203704834
Niblack_Thresholding_Torch,Sauvola_Thresholding_CV2,0.7145717647290485,0.6700047239344114,0.9999978763302136,0.802397913583434,0.6700037706049331,0.8023979135834273,0.6700037706049236,0.7145717647290485,470883,702804,231921,0.670006146806222,109739,231922,1,470882,0.285092830657959,0.0039000511169433594,0.2811927795410156
Niblack_Thresholding_Torch,Sobel_CV2,0.4423772743383743,0.5778923955304914,0.1401473402097761,0.22558663018156522,0.12713307621473127,0.22558663018156136,0.12713307621472883,0.4423772743383743,470883,114196,356687,0.24251459492060662,293458,48203,404890,65993,0.285092830657959,0.006249904632568359,0.2788429260253906
Niblack_Thresholding_Torch,Canny_CV2,0.4608058148235665,0.609046129268455,0.19430941444052982,0.2946227176053311,0.17276101930455273,0.2946227176053263,0.17276101930454946,0.4608058148235665,470883,150230,320653,0.3190389120014951,282928,58733,379386,91497,0.285092830657959,0.001209259033203125,0.28388357162475586
Niblack_Thresholding_Torch,Global_Threshold_Sklearn,0.5148484266698172,0.6948940583187604,0.29029291777362953,0.40951175488132774,0.2574754991985323,0.40951175488132163,0.25747549919852747,0.5148484266698172,470883,196712,274171,0.4177513310100386,281643,60018,334189,136694,0.285092830657959,0.05474233627319336,0.23035049438476562
Niblack_Thresholding_Torch,Adaptive_Threshold_Sklearn,0.6112641284656585,0.6054931743633716,0.9447654725271458,0.7380046499166814,0.5847918931460067,0.7380046499166752,0.584791893145999,0.6112641284656585,470883,734730,263847,0.6408925727818382,51805,289856,26009,444874,0.285092830657959,0.06830286979675293,0.21678996086120605
Niblack_Thresholding_Torch,Otsu_Thresholding_Sklearn,0.543986541036547,0.6252796420581656,0.5318348719320936,0.5747841105354059,0.40329617062530293,0.5747841105353992,0.40329617062529644,0.543986541036547,470883,400512,70371,0.850555233465638,191581,150080,220451,250432,0.285092830657959,0.05874276161193848,0.2263500690460205
Niblack_Thresholding_Torch,Niblack_Thresholding_Sklearn,0.6675810786862004,0.8991864293553467,0.4802275724543039,0.6260834174318595,0.45569245278456216,0.6260834174318507,0.455692452784553,0.6675810786862004,470883,251484,219399,0.5340689725473207,316308,25353,244752,226131,0.285092830657959,0.07975339889526367,0.2053394317626953
Niblack_Thresholding_Torch,Sauvola_Thresholding_Sklearn,0.6021803126969124,0.593126513084276,0.9984497210559735,0.7441767335258066,0.592580782178954,0.7441767335258007,0.5925807821789466,0.6021803126969124,470883,792669,321786,0.5940474523413934,19145,322516,730,470153,0.285092830657959,0.07488751411437988,0.2102053165435791
Niblack_Thresholding_Torch,Sobel_Sklearn,0.4429544738500315,0.5780679476326074,0.14356220122620694,0.2300034363910409,0.12994569657359797,0.23000343639103696,0.12994569657359545,0.4429544738500315,470883,116943,353940,0.24834831582367595,292319,49342,403282,67601,0.285092830657959,0.013028144836425781,0.2720646858215332
Niblack_Thresholding_Torch,Canny_Sklearn,0.43690064784183996,0.6063524459468078,0.0807589146348456,0.14253400025112492,0.07673572505251518,0.14253400025112223,0.07673572505251362,0.43690064784183996,470883,62716,408167,0.13318807431994784,316973,24688,432855,38028,0.285092830657959,0.04056286811828613,0.24452996253967285
Niblack_Thresholding_Torch,Global_Threshold_Torch,0.5488145872715816,0.7829515420892963,0.3063797164051367,0.4404178610569247,0.282394783871656,0.440417861056918,0.28239478387165046,0.5488145872715816,470883,184263,286620,0.391313765839922,301667,39994,326614,144269,0.285092830657959,0.007297515869140625,0.27779531478881836
Niblack_Thresholding_Torch,Adaptive_Threshold_Torch,0.8458421943919344,0.8098707344057351,0.9591682010180873,0.878219512100271,0.7828800033280409,0.8782195121002625,0.7828800033280272,0.8458421943919344,470883,557689,86806,0.8443469388852927,235628,106033,19227,451656,0.285092830657959,0.005011081695556641,0.28008174896240234
Niblack_Thresholding_Torch,Otsu_Thresholding_Torch,0.5696565355229993,0.6546243143258068,0.544891193778497,0.5947384951665038,0.4232226479704018,0.5947384951664969,0.4232226479703948,0.5696565355229993,470883,391950,78933,0.8323723727550156,206291,135370,214303,256580,0.285092830657959,0.004805088043212891,0.2802877426147461
Niblack_Thresholding_Torch,Niblack_Thresholding_Torch,1.0,1.0,1.0,1.0,1.0,0.9999999999999893,0.9999999999999787,1.0,470883,470883,0,1.0,341661,0,0,470883,0.285092830657959,0.285092830657959,0.0
Niblack_Thresholding_Torch,Sauvola_Thresholding_Torch,0.7145274594360429,0.6699699221162082,1.0,0.8023736394811392,0.6699699221162082,0.8023736394811323,0.6699699221161987,0.7145274594360429,470883,702842,231959,0.6699699221162082,109702,231959,0,470883,0.285092830657959,0.28575944900512695,0.0006666183471679688
Niblack_Thresholding_Torch,Sobel_Torch,0.44159085538752363,0.5787501721842142,0.13384004094435348,0.2174039028731687,0.12195914891970082,0.21740390287316494,0.12195914891969846,0.44159085538752363,470883,108895,361988,0.23125702138323107,295789,45872,407860,63023,0.285092830657959,0.004659414291381836,0.28043341636657715
Niblack_Thresholding_Torch,Canny_Torch,0.44829572306238186,0.5805823581010248,0.17289008097552896,0.2664382283924556,0.15369410698609579,0.2664382283924513,0.15369410698609287,0.44829572306238186,470883,140223,330660,0.29778734844961485,282849,58812,389472,81411,0.285092830657959,0.004071474075317383,0.2810213565826416
Sauvola_Thresholding_Torch,Global_Threshold_CV2,0.3449351665879017,0.9628520104415971,0.2524294222599105,0.39999323642635315,0.24999471598042516,0.3999932364263486,0.24999471598042164,0.3449351665879017,702842,184263,518579,0.2621684532227727,102857,6845,525424,177418,0.28575944900512695,0.0005481243133544922,0.28521132469177246
Sauvola_Thresholding_Torch,Adaptive_Threshold_CV2,0.8035491001102709,0.983872030898431,0.7857669291248958,0.8737308816491518,0.7757745173094347,0.8737308816491449,0.7757745173094238,0.8035491001102709,702842,561323,141519,0.7986474911857857,100649,9053,150572,552270,0.28575944900512695,0.002007007598876953,0.28375244140625
Sauvola_Thresholding_Torch,Otsu_Thresholding_CV2,0.5604299582545683,0.9421918733466031,0.5239684025712749,0.6734308368626246,0.5076484932530323,0.6734308368626185,0.5076484932530253,0.5604299582545683,702842,390862,311980,0.556116452915449,87107,22595,334575,368267,0.28575944900512695,0.0007431507110595703,0.2850162982940674
Sauvola_Thresholding_Torch,Niblack_Thresholding_CV2,0.7142788575141777,0.9999957508737266,0.6696853631399375,0.8021681648568801,0.6696834574955467,0.8021681648568734,0.6696834574955371,0.7142788575141777,702842,470685,232157,0.6696882087297003,109700,2,232159,470683,0.28575944900512695,0.003692626953125,0.28206682205200195
Sauvola_Thresholding_Torch,Sauvola_Thresholding_CV2,0.9977478142722117,0.998725106857673,0.9986711095808162,0.9986981074893678,0.9973996004194743,0.9986981074893607,0.9973996004194601,0.9977478142722117,702842,702804,38,0.9999459337945086,108806,896,934,701908,0.28575944900512695,0.0039000511169433594,0.2818593978881836
Sauvola_Thresholding_Torch,Sobel_CV2,0.19884707781978575,0.7271095309818207,0.11813892738339485,0.2032537042340748,0.1131232076075776,0.2032537042340723,0.11312320760757606,0.19884707781978575,702842,114196,588646,0.1624774842710026,78539,31163,619809,83033,0.28575944900512695,0.006249904632568359,0.2795095443725586
Sauvola_Thresholding_Torch,Canny_CV2,0.2576623542848141,0.8316914065100179,0.17777110645066743,0.2929295534257366,0.17159781192017326,0.2929295534257332,0.1715978119201709,0.2576623542848141,702842,150230,552612,0.21374647502568145,84417,25285,577897,124945,0.28575944900512695,0.001209259033203125,0.28455018997192383
Sauvola_Thresholding_Torch,Global_Threshold_Sklearn,0.33249153276622556,0.9078602220505104,0.2540926694762123,0.39705676368511506,0.2477048186671512,0.39705676368511067,0.24770481866714777,0.33249153276622556,702842,196712,506130,0.2798808267007379,91577,18125,524255,178587,0.28575944900512695,0.05474233627319336,0.2310171127319336
Sauvola_Thresholding_Torch,Adaptive_Threshold_Sklearn,0.8532657923755513,0.8971622228573761,0.9378665475313086,0.9170629366737805,0.8468293936279547,0.9170629366737741,0.8468293936279438,0.8532657923755513,702842,734730,31888,0.9565990227702693,34144,75558,43670,659172,0.28575944900512695,0.06830286979675293,0.21745657920837402
Sauvola_Thresholding_Torch,Otsu_Thresholding_Sklearn,0.5403719675488343,0.9111911752956217,0.519239032385657,0.6615157057481098,0.494227469525779,0.6615157057481038,0.4942274695257723,0.5403719675488343,702842,400512,302330,0.5698464235205067,74133,35569,337899,364943,0.28575944900512695,0.05874276161193848,0.22701668739318848
Sauvola_Thresholding_Torch,Niblack_Thresholding_Sklearn,0.4276962232199118,0.9728332617582033,0.34808961331280713,0.5127220677210932,0.3447385701040196,0.5127220677210879,0.3447385701040147,0.4276962232199118,702842,251484,451358,0.3578101479422118,102870,6832,458190,244652,0.28575944900512695,0.07975339889526367,0.20600605010986328
Sauvola_Thresholding_Torch,Sauvola_Thresholding_Sklearn,0.8863384629017014,0.8850831809998877,0.9982015872699697,0.9382451884339199,0.8836740631766157,0.9382451884339136,0.8836740631766045,0.8863384629017014,702842,792669,89827,0.8866777936313897,18611,91091,1264,701578,0.28575944900512695,0.07488751411437988,0.21087193489074707
Sauvola_Thresholding_Torch,Sobel_Sklearn,0.2007115922337744,0.7282522254431646,0.12117090327555838,0.20777154985758461,0.11592916619590238,0.20777154985758206,0.1159291661959008,0.2007115922337744,702842,116943,585899,0.16638590181007964,77923,31779,617678,85164,0.28575944900512695,0.013028144836425781,0.27273130416870117
Sauvola_Thresholding_Torch,Canny_Sklearn,0.1804037689035917,0.7940557433509791,0.07085518509138612,0.1301011810992766,0.0695765887352988,0.1301011810992749,0.06957658873529783,0.1804037689035917,702842,62716,640126,0.0892320037789432,96786,12916,653042,49800,0.28575944900512695,0.04056286811828613,0.24519658088684082
Sauvola_Thresholding_Torch,Global_Threshold_Torch,0.3449351665879017,0.9628520104415971,0.2524294222599105,0.39999323642635315,0.24999471598042516,0.3999932364263486,0.24999471598042164,0.3449351665879017,702842,184263,518579,0.2621684532227727,102857,6845,525424,177418,0.28575944900512695,0.007297515869140625,0.27846193313598633
Sauvola_Thresholding_Torch,Adaptive_Threshold_Torch,0.8138230052772527,0.9945094846769436,0.7891204566602451,0.8799894647573125,0.7856974886103493,0.8799894647573056,0.7856974886103382,0.8138230052772527,702842,557689,145153,0.7934770545869484,106640,3062,148215,554627,0.28575944900512695,0.005011081695556641,0.2807483673095703
Sauvola_Thresholding_Torch,Otsu_Thresholding_Torch,0.5610453095463138,0.9416022451843348,0.5250981017070693,0.6742120877755775,0.5085369096814109,0.6742120877755713,0.5085369096814039,0.5610453095463138,702842,391950,310892,0.5576644537463612,86813,22889,333781,369061,0.28575944900512695,0.004805088043212891,0.28095436096191406
Sauvola_Thresholding_Torch,Niblack_Thresholding_Torch,0.7145274594360429,1.0,0.6699699221162082,0.8023736394811392,0.6699699221162082,0.8023736394811323,0.6699699221161987,0.7145274594360429,702842,470883,231959,0.6699699221162082,109702,0,231959,470883,0.28575944900512695,0.285092830657959,0.0006666183471679688
Sauvola_Thresholding_Torch,Sauvola_Thresholding_Torch,1.0,1.0,1.0,1.0,1.0,0.9999999999999929,0.9999999999999858,1.0,702842,702842,0,1.0,109702,0,0,702842,0.28575944900512695,0.28575944900512695,0.0
Sauvola_Thresholding_Torch,Sobel_Torch,0.1965395104757404,0.729555994306442,0.1130339393490998,0.19574073868753056,0.10848814407367553,0.19574073868752814,0.10848814407367405,0.1965395104757404,702842,108895,593947,0.15493524860494962,80252,29450,623397,79445,0.28575944900512695,0.004659414291381836,0.2811000347137451
Sauvola_Thresholding_Torch,Canny_Torch,0.21816295486767487,0.7409198205715182,0.1478198514033026,0.24646735423721777,0.14055475661247532,0.24646735423721483,0.14055475661247344,0.21816295486767487,702842,140223,562619,0.19950856664798064,73373,36329,598948,103894,0.28575944900512695,0.004071474075317383,0.28168797492980957
Sobel_Torch,Global_Threshold_CV2,0.7569288555450535,0.25955292163917876,0.4391937187198678,0.3262813909223013,0.19494399426083836,0.32628139092229014,0.19494399426083042,0.7569288555450535,108895,184263,75368,0.5909759419959515,567212,136437,61069,47826,0.004659414291381836,0.0005481243133544922,0.004111289978027344
Sobel_Torch,Adaptive_Threshold_CV2,0.3193131695022054,0.1043338683788122,0.5378116534276137,0.17476403200152787,0.09574873335044544,0.17476403200152524,0.09574873335044387,0.3193131695022054,108895,561323,452428,0.19399703913789387,200891,502758,50330,58565,0.004659414291381836,0.002007007598876953,0.002652406692504883
Sobel_Torch,Otsu_Thresholding_CV2,0.5617874232041588,0.183811677778858,0.6597639928371367,0.2875197345910112,0.1678966703434351,0.2875197345910055,0.16789667034343117,0.5617874232041588,108895,390862,281967,0.278602166493545,384632,319017,37050,71845,0.004659414291381836,0.0007431507110595703,0.003916263580322266
Sobel_Torch,Niblack_Thresholding_CV2,0.4417188484562067,0.133796488097135,0.578318563754075,0.2173159874391801,0.12190381801147494,0.21731598743917635,0.12190381801147258,0.4417188484562067,108895,470685,361790,0.2313543027714926,295940,407709,45919,62976,0.004659414291381836,0.003692626953125,0.0009667873382568359
Sobel_Torch,Sauvola_Thresholding_CV2,0.19660104560491493,0.11304858822658949,0.7296110932549704,0.19576468617061252,0.10850285695556697,0.1957646861706101,0.10850285695556548,0.19660104560491493,108895,702804,593909,0.15494362581886273,80296,623353,29444,79451,0.004659414291381836,0.0039000511169433594,0.0007593631744384766
Sobel_Torch,Sobel_CV2,0.9850678855545053,0.923666328067533,0.9686303319711649,0.9456141215916375,0.8968387579498691,0.9456141215915951,0.8968387579497928,0.9850678855545053,108895,114196,5301,0.9535798101509685,694932,8717,3416,105479,0.004659414291381836,0.006249904632568359,0.0015904903411865234
Sobel_Torch,Canny_CV2,0.8347006439035917,0.4154030486587233,0.5730841636438772,0.4816671490593343,0.31723422750217317,0.4816671490593157,0.317234227502157,0.8347006439035917,108895,150230,41335,0.7248552219929442,615825,87824,46489,62406,0.004659414291381836,0.001209259033203125,0.003450155258178711
Sobel_Torch,Global_Threshold_Sklearn,0.752627550015753,0.26588616861198094,0.4803067174801414,0.3422892800230361,0.20648311909800082,0.3422892800230249,0.20648311909799266,0.752627550015753,108895,196712,87817,0.5535757859205336,559240,144409,56592,52303,0.004659414291381836,0.05474233627319336,0.05008292198181152
Sobel_Torch,Adaptive_Threshold_Sklearn,0.15315478300252047,0.10583887958842024,0.7141099224023142,0.18435442287746331,0.1015365692513795,0.18435442287746115,0.10153656925137816,0.15315478300252047,108895,734730,625835,0.14821090740816353,46682,656967,31132,77763,0.004659414291381836,0.06830286979675293,0.0636434555053711
Sobel_Torch,Otsu_Thresholding_Sklearn,0.5660333471172023,0.19573695669542984,0.7199136783139721,0.3077892529941677,0.18188588716787468,0.30778925299416166,0.18188588716787046,0.5660333471172023,108895,400512,291617,0.27188948146372643,381532,322117,30500,78395,0.004659414291381836,0.05874276161193848,0.05408334732055664
Sobel_Torch,Niblack_Thresholding_Sklearn,0.6471046491020794,0.14640295207647405,0.3381055144864319,0.20432933106535064,0.11378998086914059,0.20432933106534495,0.11378998086913708,0.6471046491020794,108895,251484,142589,0.4330096546897616,488983,214666,72077,36818,0.004659414291381836,0.07975339889526367,0.07509398460388184
Sobel_Torch,Sauvola_Thresholding_Sklearn,0.1523289815689981,0.13422626594454937,0.9770604710960099,0.2360276142348186,0.1338045970217577,0.236027614234816,0.133804597021756,0.1523289815689981,108895,792669,683774,0.13737764438876757,17377,686272,2498,106397,0.004659414291381836,0.07488751411437988,0.07022809982299805
Sobel_Torch,Sobel_Sklearn,0.9818520597038437,0.9025422641799852,0.9692456035630653,0.9347054083015258,0.8774149569381172,0.9347054083014844,0.8774149569380443,0.9818520597038437,108895,116943,8048,0.931180147593272,692252,11397,3349,105546,0.004659414291381836,0.013028144836425781,0.008368730545043945
Sobel_Torch,Canny_Sklearn,0.9042624153276623,0.7479749984055105,0.43078194591119884,0.5467015517653298,0.3761798221345458,0.5467015517652979,0.3761798221345157,0.9042624153276623,108895,62716,46179,0.5759309426511777,687843,15806,61985,46910,0.004659414291381836,0.04056286811828613,0.0359034538269043
Sobel_Torch,Global_Threshold_Torch,0.7569288555450535,0.25955292163917876,0.4391937187198678,0.3262813909223013,0.19494399426083836,0.32628139092229014,0.19494399426083042,0.7569288555450535,108895,184263,75368,0.5909759419959515,567212,136437,61069,47826,0.004659414291381836,0.007297515869140625,0.002638101577758789
Sobel_Torch,Adaptive_Threshold_Torch,0.3274308837429111,0.10766932824567098,0.5514119105560402,0.1801603398821454,0.09899791933893672,0.18016033988214267,0.09899791933893509,0.3274308837429111,108895,557689,448794,0.19526115810066183,206006,497643,48849,60046,0.004659414291381836,0.005011081695556641,0.0003516674041748047
Sobel_Torch,Otsu_Thresholding_Torch,0.5612606824984246,0.18414338563592295,0.6627944350061986,0.2882129201649213,0.16836960832341893,0.2882129201649155,0.16836960832341502,0.5612606824984246,108895,391950,283055,0.27782880469447635,383874,319775,36720,72175,0.004659414291381836,0.004805088043212891,0.0001456737518310547
Sobel_Torch,Niblack_Thresholding_Torch,0.44159085538752363,0.13384004094435348,0.5787501721842142,0.2174039028731687,0.12195914891970082,0.21740390287316494,0.12195914891969846,0.44159085538752363,108895,470883,361988,0.23125702138323107,295789,407860,45872,63023,0.004659414291381836,0.285092830657959,0.28043341636657715
Sobel_Torch,Sauvola_Thresholding_Torch,0.1965395104757404,0.1130339393490998,0.729555994306442,0.19574073868753056,0.10848814407367553,0.19574073868752814,0.10848814407367405,0.1965395104757404,108895,702842,593947,0.15493524860494962,80252,623397,29450,79445,0.004659414291381836,0.28575944900512695,0.2811000347137451
Sobel_Torch,Sobel_Torch,1.0,1.0,1.0,1.0,1.0,0.999999999999954,0.9999999999999082,1.0,108895,108895,0,1.0,703649,0,0,108895,0.004659414291381836,0.004659414291381836,0.0
Sobel_Torch,Canny_Torch,0.9614445494643983,0.7765844404983491,1.0,0.8742443340103887,0.7765844404983491,0.8742443340103535,0.7765844404982936,0.9614445494643983,108895,140223,31328,0.7765844404983491,672321,31328,0,108895,0.004659414291381836,0.004071474075317383,0.0005879402160644531
Canny_Torch,Global_Threshold_CV2,0.7375575968809074,0.30185115839859333,0.396653901285809,0.3428191046763189,0.2068688491664993,0.3428191046763083,0.2068688491664916,0.7375575968809074,140223,184263,44040,0.7609937969098517,543678,128643,84603,55620,0.004071474075317383,0.0005481243133544922,0.0035233497619628906
Canny_Torch,Adaptive_Threshold_CV2,0.32366001102709513,0.13538550887813255,0.541958166634575,0.2166500842425158,0.1214848989131182,0.21665008424251272,0.12148489891311626,0.32366001102709513,140223,561323,421100,0.2498080427846356,186993,485328,64228,75995,0.004071474075317383,0.002007007598876953,0.0020644664764404297
Canny_Torch,Otsu_Thresholding_CV2,0.5558578981568998,0.21772390255384252,0.606890453064048,0.32047600666559967,0.19081359238539414,0.3204760066655936,0.19081359238538984,0.5558578981568998,140223,390862,250639,0.3587532172480313,366559,305762,55123,85100,0.004071474075317383,0.0007431507110595703,0.0033283233642578125
Canny_Torch,Niblack_Thresholding_CV2,0.4484754056395715,0.17290757088073766,0.5803969391611933,0.266439463879995,0.1536949292098738,0.2664394638799907,0.15369492920987088,0.4484754056395715,140223,470685,330462,0.2979126167181873,283021,389300,58838,81385,0.004071474075317383,0.003692626953125,0.0003788471221923828
Canny_Torch,Sauvola_Thresholding_CV2,0.2181998759451796,0.14782215240664537,0.740891294580775,0.24646897430331413,0.14055581035721387,0.2464689743033112,0.14055581035721199,0.2181998759451796,140223,702804,562581,0.19951935390236822,73407,598914,36333,103890,0.004071474075317383,0.0039000511169433594,0.00017142295837402344
Canny_Torch,Sobel_CV2,0.9679685038594833,1.0,0.8143885097309286,0.8977002503743824,0.8143885097309286,0.8977002503743471,0.8143885097308704,0.9679685038594833,140223,114196,26027,0.8143885097309286,672321,0,26027,114196,0.004071474075317383,0.006249904632568359,0.0021784305572509766
Canny_Torch,Canny_CV2,0.833991759215501,0.5177527790720895,0.5547021529991514,0.535590956196011,0.36573862915018973,0.5355909561959926,0.3657386291501725,0.833991759215501,140223,150230,10007,0.933388803834121,599873,72448,62441,77782,0.004071474075317383,0.001209259033203125,0.002862215042114258
Canny_Torch,Global_Threshold_Sklearn,0.7341005533238816,0.3072512098906015,0.4310277201315048,0.35876355973704127,0.21859346461961338,0.3587635597370306,0.21859346461960547,0.7341005533238816,140223,196712,56489,0.7128339908088983,536049,136272,79783,60440,0.004071474075317383,0.05474233627319336,0.05067086219787598
Canny_Torch,Adaptive_Threshold_Sklearn,0.17605569667611845,0.13982143100186464,0.7326258887628991,0.23482632781417973,0.13303298792316198,0.23482632781417703,0.13303298792316026,0.17605569667611845,140223,734730,594507,0.19084969988975542,40322,631999,37492,102731,0.004071474075317383,0.06830286979675293,0.06423139572143555
Canny_Torch,Otsu_Thresholding_Sklearn,0.5620827918241966,0.23083952540747843,0.6593354870456345,0.34195678104801797,0.2062411746203832,0.34195678104801164,0.20624117462037858,0.5620827918241966,140223,400512,260289,0.3501093600191755,364263,308058,47769,92454,0.004071474075317383,0.05874276161193848,0.054671287536621094
Canny_Torch,Niblack_Thresholding_Sklearn,0.6332986275204789,0.1863856149894228,0.3342746910278628,0.23932684378885238,0.13592917171740607,0.23932684378884628,0.1359291717174021,0.6332986275204789,140223,251484,111261,0.557582192107649,467710,204611,93350,46873,0.004071474075317383,0.07975339889526367,0.07568192481994629
Canny_Torch,Sauvola_Thresholding_Sklearn,0.18912206600504095,0.17284515983342352,0.9770793664377456,0.29372960642818247,0.1721471623341622,0.2937296064281793,0.17214716233416003,0.18912206600504095,140223,792669,652446,0.1768998156859925,16661,655660,3214,137009,0.004071474075317383,0.07488751411437988,0.0708160400390625
Canny_Torch,Sobel_Sklearn,0.9713492438563327,1.0,0.8339787338739009,0.9094748139334127,0.8339787338739009,0.9094748139333773,0.8339787338738414,0.9713492438563327,140223,116943,23280,0.8339787338739009,672321,0,23280,116943,0.004071474075317383,0.013028144836425781,0.008956670761108398
Canny_Torch,Canny_Sklearn,0.8792520774259609,0.8357197525352382,0.3737831882073554,0.5165394527419569,0.34819898223562706,0.5165394527419315,0.3481989822356039,0.8792520774259609,140223,62716,77507,0.44725900886445163,662018,10303,87810,52413,0.004071474075317383,0.04056286811828613,0.03649139404296875
Canny_Torch,Global_Threshold_Torch,0.7375575968809074,0.30185115839859333,0.396653901285809,0.3428191046763189,0.2068688491664993,0.3428191046763083,0.2068688491664916,0.7375575968809074,140223,184263,44040,0.7609937969098517,543678,128643,84603,55620,0.004071474075317383,0.007297515869140625,0.003226041793823242
Canny_Torch,Adaptive_Threshold_Torch,0.33210509215500944,0.13916179089062183,0.5534684038995029,0.22240339756301655,0.1251146617056503,0.22240339756301336,0.12511466170564828,0.33210509215500944,140223,557689,417466,0.2514358361022003,192241,480080,62614,77609,0.004071474075317383,0.005011081695556641,0.0009396076202392578
Canny_Torch,Otsu_Thresholding_Torch,0.555557606726528,0.21819619849470595,0.6098999450874678,0.3214067605834945,0.1914738800540019,0.32140676058348844,0.1914738800539976,0.555557606726528,140223,391950,251727,0.35775736701109834,365893,306428,54701,85522,0.004071474075317383,0.004805088043212891,0.0007336139678955078
Canny_Torch,Niblack_Thresholding_Torch,0.44829572306238186,0.17289008097552896,0.5805823581010248,0.2664382283924556,0.15369410698609579,0.2664382283924513,0.15369410698609287,0.44829572306238186,140223,470883,330660,0.29778734844961485,282849,389472,58812,81411,0.004071474075317383,0.285092830657959,0.2810213565826416
Canny_Torch,Sauvola_Thresholding_Torch,0.21816295486767487,0.1478198514033026,0.7409198205715182,0.24646735423721777,0.14055475661247532,0.24646735423721483,0.14055475661247344,0.21816295486767487,140223,702842,562619,0.19950856664798064,73373,598948,36329,103894,0.004071474075317383,0.28575944900512695,0.28168797492980957
Canny_Torch,Sobel_Torch,0.9614445494643983,1.0,0.7765844404983491,0.8742443340103887,0.7765844404983491,0.8742443340103535,0.7765844404982936,0.9614445494643983,140223,108895,31328,0.7765844404983491,672321,0,31328,108895,0.004071474075317383,0.004659414291381836,0.0005879402160644531
Canny_Torch,Canny_Torch,1.0,1.0,1.0,1.0,1.0,0.9999999999999643,0.9999999999999286,1.0,140223,140223,0,1.0,672321,0,0,140223,0.004071474075317383,0.004071474075317383,0.0
