method1,method2,accuracy,precision,recall,f1_score,jaccard,dice_coefficient,intersection_over_union,pixel_agreement,area1,area2,area_difference,area_ratio,true_negative,false_positive,false_negative,true_positive,time1,time2,time_diff
Global_Threshold_CV2,Global_Threshold_CV2,1.0,1.0,1.0,1.0,1.0,0.9999999999999262,0.9999999999998526,1.0,67813,67813,0,1.0,61787,0,0,67813,0.00020313262939453125,0.00020313262939453125,0.0
Global_Threshold_CV2,Adaptive_Threshold_CV2,0.6900925925925926,0.6398207801927726,0.9328742276554642,0.7590439509016954,0.611660623640319,0.7590439509016498,0.61166062364026,0.6900925925925926,67813,98873,31060,0.6858596381216308,26175,35612,4552,63261,0.00020313262939453125,0.00036334991455078125,0.00016021728515625
Global_Threshold_CV2,Otsu_Thresholding_CV2,0.92875,1.0,0.8638314187545161,0.9269415785809229,0.8638314187545161,0.9269415785808496,0.8638314187543887,0.92875,67813,58579,9234,0.8638314187545161,61787,0,9234,58579,0.00020313262939453125,0.00016307830810546875,4.00543212890625e-05
Global_Threshold_CV2,Niblack_Thresholding_CV2,0.6282484567901234,0.6245274881396352,0.7260259832185569,0.6714627643252163,0.5054150883352324,0.6714627643251705,0.5054150883351806,0.6282484567901234,67813,78834,11021,0.8601999137428014,32187,29600,18579,49234,0.00020313262939453125,0.0005869865417480469,0.0003838539123535156
Global_Threshold_CV2,Sauvola_Thresholding_CV2,0.6575771604938272,0.6051698604317193,0.9942783832008611,0.7523935992144085,0.6030696850710625,0.7523935992143664,0.6030696850710086,0.6575771604938272,67813,111415,43602,0.608652335861419,17797,43990,388,67425,0.00020313262939453125,0.0005671977996826172,0.00036406517028808594
Global_Threshold_CV2,Sobel_CV2,0.4027700617283951,0.30116134384073,0.10707386489316208,0.15798004851886904,0.08576456970069217,0.15798004851885186,0.08576456970068204,0.4027700617283951,67813,24110,43703,0.35553654903926973,44938,16849,60552,7261,0.00020313262939453125,0.0009746551513671875,0.0007715225219726562
Global_Threshold_CV2,Canny_CV2,0.42248456790123456,0.2664851583770503,0.05917744385294855,0.09684815136596196,0.05088829429741691,0.09684815136595028,0.05088829429741046,0.42248456790123456,67813,15059,52754,0.22206656540781267,50741,11046,63800,4013,0.00020313262939453125,0.00039196014404296875,0.0001888275146484375
Global_Threshold_CV2,Global_Threshold_Sklearn,0.9779475308641975,0.9754776370690286,0.9825549673366464,0.9790035116590018,0.9588705963619618,0.9790035116589297,0.9588705963618238,0.9779475308641975,67813,68305,492,0.9927970133957983,60112,1675,1183,66630,0.00020313262939453125,0.009681463241577148,0.009478330612182617
Global_Threshold_CV2,Adaptive_Threshold_Sklearn,0.5986882716049383,0.5663138989366613,0.9950599442584755,0.7218210797685141,0.564726164970541,0.7218210797684754,0.5647261649704938,0.5986882716049383,67813,119153,51340,0.5691254101869025,10112,51675,335,67478,0.00020313262939453125,0.010600090026855469,0.010396957397460938
Global_Threshold_CV2,Otsu_Thresholding_Sklearn,0.921304012345679,0.9921581357206315,0.8563697226195567,0.9192765839566267,0.8506122568549332,0.919276583956554,0.8506122568548087,0.921304012345679,67813,58532,9281,0.8631383363071977,61328,459,9740,58073,0.00020313262939453125,0.009737968444824219,0.009534835815429688
Global_Threshold_CV2,Niblack_Thresholding_Sklearn,0.5659567901234568,0.6181743841357457,0.44590270302154456,0.5180933452128024,0.3496126719852006,0.5180933452127581,0.3496126719851602,0.5659567901234568,67813,48915,18898,0.7213218704378217,43110,18677,37575,30238,0.00020313262939453125,0.01176309585571289,0.01155996322631836
Global_Threshold_CV2,Sauvola_Thresholding_Sklearn,0.5837808641975308,0.556974919698675,0.9998082963443587,0.7154087220774288,0.5569154441359596,0.7154087220773909,0.5569154441359139,0.5837808641975308,67813,121729,53916,0.5570817142997971,7858,53929,13,67800,0.00020313262939453125,0.011575460433959961,0.01137232780456543
Global_Threshold_CV2,Sobel_Sklearn,0.40084104938271603,0.2997964997964998,0.1086222405733414,0.15946656852451208,0.0866414952303657,0.15946656852449484,0.0866414952303555,0.40084104938271603,67813,24570,43243,0.3623199091619601,44583,17204,60447,7366,0.00020313262939453125,0.0019371509552001953,0.001734018325805664
Global_Threshold_CV2,Canny_Sklearn,0.44675154320987653,0.2879118481344098,0.03891584209517349,0.06856415386014368,0.03549905838041431,0.06856415386013477,0.03549905838040954,0.44675154320987653,67813,9166,58647,0.13516582366212967,55260,6527,65174,2639,0.00020313262939453125,0.005351543426513672,0.005148410797119141
Global_Threshold_CV2,Global_Threshold_Torch,1.0,1.0,1.0,1.0,1.0,0.9999999999999262,0.9999999999998526,1.0,67813,67813,0,1.0,61787,0,0,67813,0.00020313262939453125,0.004014492034912109,0.003811359405517578
Global_Threshold_CV2,Adaptive_Threshold_Torch,0.7047993827160494,0.6502648892142806,0.9430197749694011,0.7697465032860685,0.6256812155723189,0.7697465032860221,0.6256812155722578,0.7047993827160494,67813,98343,30530,0.6895559419582482,27393,34394,3864,63949,0.00020313262939453125,0.001092672348022461,0.0008895397186279297
Global_Threshold_CV2,Otsu_Thresholding_Torch,0.9296836419753086,1.0,0.8656157373954847,0.9279678768189831,0.8656157373954847,0.9279678768189097,0.865615737395357,0.9296836419753086,67813,58700,9113,0.8656157373954847,61787,0,9113,58700,0.00020313262939453125,0.0012722015380859375,0.0010690689086914062
Global_Threshold_CV2,Niblack_Thresholding_Torch,0.6288348765432099,0.6249461165910186,0.7268812764514179,0.6720704629585443,0.5061040094460701,0.6720704629584985,0.5061040094460182,0.6288348765432099,67813,78874,11061,0.8597636737074321,32205,29582,18521,49292,0.00020313262939453125,0.04666423797607422,0.04646110534667969
Global_Threshold_CV2,Sauvola_Thresholding_Torch,0.6574922839506173,0.6051082313242632,0.9942931296359105,0.7523501877360649,0.6030139068997898,0.7523501877360228,0.6030139068997359,0.6574922839506173,67813,111428,43615,0.6085813260580824,17785,44002,387,67426,0.00020313262939453125,0.04645037651062012,0.046247243881225586
Global_Threshold_CV2,Sobel_Torch,0.4286111111111111,0.34299662791282903,0.10049695486116231,0.15544809653064484,0.08427417858953591,0.1554480965306271,0.08427417858952549,0.4286111111111111,67813,19869,47944,0.2929969179950747,48733,13054,60998,6815,0.00020313262939453125,0.0012564659118652344,0.0010533332824707031
Global_Threshold_CV2,Canny_Torch,0.4151388888888889,0.32696225024920905,0.11124710601212157,0.1660101665823119,0.09051858606704903,0.16601016658229364,0.09051858606703816,0.4151388888888889,67813,23073,44740,0.34024449589311784,46258,15529,60269,7544,0.00020313262939453125,0.0011584758758544922,0.0009553432464599609
Adaptive_Threshold_CV2,Global_Threshold_CV2,0.6900925925925926,0.9328742276554642,0.6398207801927726,0.7590439509016954,0.611660623640319,0.7590439509016498,0.61166062364026,0.6900925925925926,98873,67813,31060,0.6858596381216308,26175,4552,35612,63261,0.00036334991455078125,0.00020313262939453125,0.00016021728515625
Adaptive_Threshold_CV2,Adaptive_Threshold_CV2,1.0,1.0,1.0,1.0,1.0,0.9999999999999494,0.9999999999998989,1.0,98873,98873,0,1.0,30727,0,0,98873,0.00036334991455078125,0.00036334991455078125,0.0
Adaptive_Threshold_CV2,Otsu_Thresholding_CV2,0.6489197530864198,0.9555642807149319,0.5661404023343076,0.7110230419429413,0.5516181165989987,0.7110230419428961,0.5516181165989444,0.6489197530864198,98873,58579,40294,0.5924671042650673,28124,2603,42897,55976,0.00036334991455078125,0.00016307830810546875,0.0002002716064453125
Adaptive_Threshold_CV2,Niblack_Thresholding_CV2,0.7757330246913581,0.9427531268234518,0.7516814499408332,0.8364442593707619,0.7188690925270346,0.8364442593707149,0.7188690925269651,0.7757330246913581,98873,78834,20039,0.7973258624700373,26214,4513,24552,74321,0.00036334991455078125,0.0005869865417480469,0.00022363662719726562
Adaptive_Threshold_CV2,Sauvola_Thresholding_CV2,0.878179012345679,0.8728627204595432,0.9835850029836255,0.924922011717264,0.8603301544613315,0.9249220117172199,0.8603301544612555,0.878179012345679,98873,111415,12542,0.8874298792801687,16562,14165,1623,97250,0.00036334991455078125,0.0005671977996826172,0.00020384788513183594
Adaptive_Threshold_CV2,Sobel_CV2,0.2499922839506173,0.5346744089589383,0.13037937556259038,0.20963873055625573,0.11709297678305418,0.2096387305562387,0.11709297678304353,0.2499922839506173,98873,24110,74763,0.243848168863087,19508,11219,85982,12891,0.00036334991455078125,0.0009746551513671875,0.0006113052368164062
Adaptive_Threshold_CV2,Canny_CV2,0.25285493827160493,0.5678331894548111,0.08648468237031343,0.15010708141698556,0.08114365967299608,0.1501070814169724,0.08114365967298838,0.25285493827160493,98873,15059,83814,0.15230649418951583,24219,6508,90322,8551,0.00036334991455078125,0.00039196014404296875,2.86102294921875e-05
Adaptive_Threshold_CV2,Global_Threshold_Sklearn,0.6779320987654321,0.9182197496522948,0.6343390005360412,0.7503259998325138,0.6004173886405193,0.750325999832469,0.6004173886404618,0.6779320987654321,98873,68305,30568,0.6908357185480364,25141,5586,36154,62719,0.00036334991455078125,0.009681463241577148,0.009318113327026367
Adaptive_Threshold_CV2,Adaptive_Threshold_Sklearn,0.8225154320987654,0.8183763732344129,0.9862348669505325,0.8944988212415033,0.8091342084737043,0.8944988212414622,0.8091342084736372,0.8225154320987654,98873,119153,20280,0.8297986622241992,9086,21641,1361,97512,0.00036334991455078125,0.010600090026855469,0.010236740112304688
Adaptive_Threshold_CV2,Otsu_Thresholding_Sklearn,0.6357021604938271,0.9412970682703479,0.5572400958805741,0.700054000825895,0.5385254474190931,0.7000540008258505,0.5385254474190405,0.6357021604938271,98873,58532,40341,0.591991746988561,27291,3436,43777,55096,0.00036334991455078125,0.009737968444824219,0.009374618530273438
Adaptive_Threshold_CV2,Niblack_Thresholding_Sklearn,0.5351388888888889,0.8948379842584074,0.4426992202117868,0.592348499201559,0.4208062143688051,0.5923484992015189,0.42080621436876464,0.5351388888888889,98873,48915,49958,0.4947255570277022,25583,5144,55102,43771,0.00036334991455078125,0.01176309585571289,0.01139974594116211
Adaptive_Threshold_CV2,Sauvola_Thresholding_Sklearn,0.8078240740740741,0.8038183177385833,0.9896331657783217,0.8870998449696739,0.7971064079378268,0.8870998449696337,0.797106407937762,0.8078240740740741,98873,121729,22856,0.8122386612886001,6846,23881,1025,97848,0.00036334991455078125,0.011575460433959961,0.01121211051940918
Adaptive_Threshold_CV2,Sobel_Sklearn,0.2505478395061728,0.5354904354904355,0.1330696954679235,0.21316721077744383,0.11929891373338411,0.21316721077742656,0.1192989137333733,0.2505478395061728,98873,24570,74303,0.24850060178208408,19314,11413,85716,13157,0.00036334991455078125,0.0019371509552001953,0.001573801040649414
Adaptive_Threshold_CV2,Canny_Sklearn,0.2467361111111111,0.5681867772201614,0.052673631830732356,0.09640962985588537,0.050646205910668964,0.09640962985587645,0.05064620591066404,0.2467361111111111,98873,9166,89707,0.09270478290332042,26769,3958,93665,5208,0.00036334991455078125,0.005351543426513672,0.004988193511962891
Adaptive_Threshold_CV2,Global_Threshold_Torch,0.6900925925925926,0.9328742276554642,0.6398207801927726,0.7590439509016954,0.611660623640319,0.7590439509016498,0.61166062364026,0.6900925925925926,98873,67813,31060,0.6858596381216308,26175,4552,35612,63261,0.00036334991455078125,0.004014492034912109,0.003651142120361328
Adaptive_Threshold_CV2,Adaptive_Threshold_Torch,0.9381944444444444,0.961969840252992,0.9568132857301791,0.9593846341067662,0.921939715240759,0.9593846341067175,0.9219397152406692,0.9381944444444444,98873,98343,530,0.9946395881585468,26987,3740,4270,94603,0.00036334991455078125,0.001092672348022461,0.0007293224334716797
Adaptive_Threshold_CV2,Otsu_Thresholding_Torch,0.6494675925925926,0.9552299829642249,0.5671113448565331,0.7116955315948799,0.5524280548960109,0.7116955315948346,0.5524280548959565,0.6494675925925926,98873,58700,40173,0.5936908964024556,28099,2628,42801,56072,0.00036334991455078125,0.0012722015380859375,0.0009088516235351562
Adaptive_Threshold_CV2,Niblack_Thresholding_Torch,0.7764429012345679,0.9431117985647995,0.7523489729248632,0.8369986553922147,0.71968846749226,0.8369986553921677,0.7196884674921904,0.7764429012345679,98873,78874,19999,0.797730421854298,26240,4487,24486,74387,0.00036334991455078125,0.04666423797607422,0.04630088806152344
Adaptive_Threshold_CV2,Sauvola_Thresholding_Torch,0.8783256172839506,0.8729044764332125,0.9837468267373297,0.9250169994436546,0.8604945370902818,0.9250169994436105,0.8604945370902056,0.8783256172839506,98873,111428,12555,0.887326345263309,16565,14162,1607,97266,0.00036334991455078125,0.04645037651062012,0.046087026596069336
Adaptive_Threshold_CV2,Sobel_Torch,0.25256172839506175,0.5504554834163773,0.11061664964145924,0.1842145155042024,0.10145169519039006,0.18421451550418688,0.10145169519038065,0.25256172839506175,98873,19869,79004,0.20095476014685507,21795,8932,87936,10937,0.00036334991455078125,0.0012564659118652344,0.0008931159973144531
Adaptive_Threshold_CV2,Canny_Torch,0.2556635802469136,0.5521605339574395,0.12885216388700657,0.2089449428435537,0.11666025676244896,0.20894494284353657,0.11666025676243827,0.2556635802469136,98873,23073,75800,0.2333599668261305,20394,10333,86133,12740,0.00036334991455078125,0.0011584758758544922,0.0007951259613037109
Otsu_Thresholding_CV2,Global_Threshold_CV2,0.92875,0.8638314187545161,1.0,0.9269415785809229,0.8638314187545161,0.9269415785808496,0.8638314187543887,0.92875,58579,67813,9234,0.8638314187545161,61787,9234,0,58579,0.00016307830810546875,0.00020313262939453125,4.00543212890625e-05
Otsu_Thresholding_CV2,Adaptive_Threshold_CV2,0.6489197530864198,0.5661404023343076,0.9555642807149319,0.7110230419429413,0.5516181165989987,0.7110230419428961,0.5516181165989444,0.6489197530864198,58579,98873,40294,0.5924671042650673,28124,42897,2603,55976,0.00016307830810546875,0.00036334991455078125,0.0002002716064453125
Otsu_Thresholding_CV2,Otsu_Thresholding_CV2,1.0,1.0,1.0,1.0,1.0,0.9999999999999146,0.9999999999998294,1.0,58579,58579,0,1.0,71021,0,0,58579,0.00016307830810546875,0.00016307830810546875,0.0
Otsu_Thresholding_CV2,Niblack_Thresholding_CV2,0.6038811728395062,0.5459319582921075,0.7347001485173867,0.6264036153784577,0.4560317880794702,0.626403615378412,0.4560317880794219,0.6038811728395062,58579,78834,20255,0.7430677119009564,35225,35796,15541,43038,0.00016307830810546875,0.0005869865417480469,0.0004239082336425781
Otsu_Thresholding_CV2,Sauvola_Thresholding_CV2,0.5914660493827161,0.5252793609478077,0.9990610969801464,0.6885419485393602,0.525020184803086,0.6885419485393197,0.5250201848030389,0.5914660493827161,58579,111415,52836,0.5257730108154198,18130,52891,55,58524,0.00016307830810546875,0.0005671977996826172,0.00040411949157714844
Otsu_Thresholding_CV2,Sobel_CV2,0.4472453703703704,0.2291995022812111,0.09433414704928388,0.13365743932082866,0.07161463395668909,0.13365743932081248,0.0716146339566798,0.4472453703703704,58579,24110,34469,0.41158094197579337,52437,18584,53053,5526,0.00016307830810546875,0.0009746551513671875,0.0008115768432617188
Otsu_Thresholding_CV2,Canny_CV2,0.48016975308641974,0.2081147486552892,0.053500401167653935,0.08511909611885168,0.044451378645183254,0.08511909611884012,0.044451378645176946,0.48016975308641974,58579,15059,43520,0.25707164683589684,59096,11925,55445,3134,0.00016307830810546875,0.00039196014404296875,0.0002288818359375
Otsu_Thresholding_CV2,Global_Threshold_Sklearn,0.9204320987654321,0.8533196691311031,0.9949982075487803,0.9187289177516472,0.8496749176360827,0.9187289177515748,0.8496749176359588,0.9204320987654321,58579,68305,9726,0.8576092526169388,61002,10019,293,58286,0.00016307830810546875,0.009681463241577148,0.00951838493347168
Otsu_Thresholding_CV2,Adaptive_Threshold_Sklearn,0.5302932098765432,0.49036952489656155,0.9974393554003994,0.6574955551054397,0.4897529819032212,0.6574955551054026,0.4897529819031802,0.5302932098765432,58579,119153,60574,0.491628410530998,10297,60724,150,58429,0.00016307830810546875,0.010600090026855469,0.01043701171875
Otsu_Thresholding_CV2,Otsu_Thresholding_Sklearn,0.9862114197530865,0.9851363356796282,0.984345926014442,0.9847409722400116,0.9699406213729415,0.9847409722399275,0.9699406213727784,0.9862114197530865,58579,58532,47,0.9991976646921251,70151,870,917,57662,0.00016307830810546875,0.009737968444824219,0.00957489013671875
Otsu_Thresholding_CV2,Niblack_Thresholding_Sklearn,0.5750925925925926,0.5358887866707553,0.44748117926219294,0.48771094200606546,0.32249849288271554,0.4877109420060201,0.32249849288267585,0.5750925925925926,58579,48915,9664,0.8350262039297359,48319,22702,32366,26213,0.00016307830810546875,0.01176309585571289,0.011600017547607422
Otsu_Thresholding_CV2,Sauvola_Thresholding_Sklearn,0.512608024691358,0.481158967871255,0.9998634322880213,0.649677218980855,0.48112734830002385,0.6496772189808189,0.4811273482999843,0.512608024691358,58579,121729,63150,0.48122468762579174,7863,63158,8,58571,0.00016307830810546875,0.011575460433959961,0.011412382125854492
Otsu_Thresholding_CV2,Sobel_Sklearn,0.44506944444444446,0.22853072853072853,0.09585346284504687,0.13505874995490025,0.07241984161787086,0.135058749954884,0.07241984161786154,0.44506944444444446,58579,24570,34009,0.4194335854145684,52066,18955,52964,5615,0.00016307830810546875,0.0019371509552001953,0.0017740726470947266
Otsu_Thresholding_CV2,Canny_Sklearn,0.5063811728395061,0.20576041893955924,0.03219583809897745,0.055679385932541146,0.0286369364855221,0.05567938593253293,0.028636936485517753,0.5063811728395061,58579,9166,49413,0.1564724559995903,63741,7280,56693,1886,0.00016307830810546875,0.005351543426513672,0.005188465118408203
Otsu_Thresholding_CV2,Global_Threshold_Torch,0.92875,0.8638314187545161,1.0,0.9269415785809229,0.8638314187545161,0.9269415785808496,0.8638314187543887,0.92875,58579,67813,9234,0.8638314187545161,61787,9234,0,58579,0.00016307830810546875,0.004014492034912109,0.0038514137268066406
Otsu_Thresholding_CV2,Adaptive_Threshold_Torch,0.6645216049382716,0.5767771981737388,0.9682992198569453,0.7229324122812607,0.5660878243512975,0.7229324122812146,0.5660878243512409,0.6645216049382716,58579,98343,39764,0.5956600876524003,29400,41621,1857,56722,0.00016307830810546875,0.001092672348022461,0.0009295940399169922
Otsu_Thresholding_CV2,Otsu_Thresholding_Torch,0.9990663580246913,0.99793867120954,1.0,0.9989682722397019,0.99793867120954,0.9989682722396167,0.9979386712093701,0.9990663580246913,58579,58700,121,0.99793867120954,70900,121,0,58579,0.00016307830810546875,0.0012722015380859375,0.0011091232299804688
Otsu_Thresholding_CV2,Niblack_Thresholding_Torch,0.6046373456790124,0.546529908461597,0.735878045033203,0.6272253061046321,0.45690331333601847,0.6272253061045865,0.45690331333597006,0.6046373456790124,58579,78874,20295,0.742690874052286,35254,35767,15472,43107,0.00016307830810546875,0.04666423797607422,0.04650115966796875
Otsu_Thresholding_CV2,Sauvola_Thresholding_Torch,0.5913348765432099,0.525200129231432,0.9990269550521518,0.6884657690565683,0.5249316051486748,0.6884657690565277,0.5249316051486277,0.5913348765432099,58579,111428,52849,0.525711670316258,18115,52906,57,58522,0.00016307830810546875,0.04645037651062012,0.04628729820251465
Otsu_Thresholding_CV2,Sobel_Torch,0.47469135802469137,0.26090895364638383,0.08849587736219465,0.13216398123597797,0.07075780738152435,0.13216398123596113,0.0707578073815147,0.47469135802469137,58579,19869,38710,0.33918298366308747,56336,14685,53395,5184,0.00016307830810546875,0.0012564659118652344,0.0010933876037597656
Otsu_Thresholding_CV2,Canny_Torch,0.4589969135802469,0.2500325055259394,0.09848239130063674,0.14130701023857345,0.07602493312072532,0.14130701023855616,0.07602493312071532,0.4589969135802469,58579,23073,35506,0.39387835231055496,53717,17304,52810,5769,0.00016307830810546875,0.0011584758758544922,0.0009953975677490234
Niblack_Thresholding_CV2,Global_Threshold_CV2,0.6282484567901234,0.7260259832185569,0.6245274881396352,0.6714627643252163,0.5054150883352324,0.6714627643251705,0.5054150883351806,0.6282484567901234,78834,67813,11021,0.8601999137428014,32187,18579,29600,49234,0.0005869865417480469,0.00020313262939453125,0.0003838539123535156
Niblack_Thresholding_CV2,Adaptive_Threshold_CV2,0.7757330246913581,0.7516814499408332,0.9427531268234518,0.8364442593707619,0.7188690925270346,0.8364442593707149,0.7188690925269651,0.7757330246913581,78834,98873,20039,0.7973258624700373,26214,24552,4513,74321,0.0005869865417480469,0.00036334991455078125,0.00022363662719726562
Niblack_Thresholding_CV2,Otsu_Thresholding_CV2,0.6038811728395062,0.7347001485173867,0.5459319582921075,0.6264036153784577,0.4560317880794702,0.626403615378412,0.4560317880794219,0.6038811728395062,78834,58579,20255,0.7430677119009564,35225,15541,35796,43038,0.0005869865417480469,0.00016307830810546875,0.0004239082336425781
Niblack_Thresholding_CV2,Niblack_Thresholding_CV2,1.0,1.0,1.0,1.0,1.0,0.9999999999999365,0.9999999999998732,1.0,78834,78834,0,1.0,50766,0,0,78834,0.0005869865417480469,0.0005869865417480469,0.0
Niblack_Thresholding_CV2,Sauvola_Thresholding_CV2,0.7483410493827161,0.7074182111923888,0.9997843570033235,0.8285667730185179,0.7073102878885777,0.8285667730184743,0.7073102878885144,0.7483410493827161,78834,111415,32581,0.7075707938787417,18168,32598,17,78817,0.0005869865417480469,0.0005671977996826172,1.9788742065429688e-05
Niblack_Thresholding_CV2,Sobel_CV2,0.4147993827160494,0.5620489423475736,0.1718928381155339,0.26326935032639104,0.1515890505968029,0.2632693503263655,0.15158905059678593,0.4147993827160494,78834,24110,54724,0.3058325088159931,40207,10559,65283,13551,0.0005869865417480469,0.0009746551513671875,0.0003876686096191406
Niblack_Thresholding_CV2,Canny_CV2,0.40672067901234565,0.5645793213360781,0.10784686810259533,0.1810997624956067,0.0995655279830427,0.18109976249558743,0.09956552798303105,0.40672067901234565,78834,15059,63775,0.1910216404089606,44209,6557,70332,8502,0.0005869865417480469,0.00039196014404296875,0.00019502639770507812
Niblack_Thresholding_CV2,Global_Threshold_Sklearn,0.6151003086419753,0.7119244564819559,0.6168404495522236,0.6609804334676734,0.49363015297784,0.6609804334676285,0.49363015297778995,0.6151003086419753,78834,68305,10529,0.8664408757642641,31089,19677,30206,48628,0.0005869865417480469,0.009681463241577148,0.009094476699829102
Niblack_Thresholding_CV2,Adaptive_Threshold_Sklearn,0.6712422839506172,0.6520188329290911,0.9854884948118832,0.7847990019546738,0.6458182664571851,0.7847990019546341,0.6458182664571315,0.6712422839506172,78834,119153,40319,0.6616199340343928,9303,41463,1144,77690,0.0005869865417480469,0.010600090026855469,0.010013103485107422
Niblack_Thresholding_CV2,Otsu_Thresholding_Sklearn,0.5916820987654321,0.7213831750153762,0.5356064642159475,0.6147663905187601,0.4437997939921381,0.6147663905187153,0.4437997939920914,0.5916820987654321,78834,58532,20302,0.7424715224395565,34458,16308,36610,42224,0.0005869865417480469,0.009737968444824219,0.009150981903076172
Niblack_Thresholding_CV2,Niblack_Thresholding_Sklearn,0.7070447530864198,0.9177348461617091,0.5694370449298526,0.7028000219179797,0.541782326389727,0.7028000219179248,0.5417823263896616,0.7070447530864198,78834,48915,29919,0.6204810107314103,46742,4024,33943,44891,0.0005869865417480469,0.01176309585571289,0.011176109313964844
Niblack_Thresholding_CV2,Sauvola_Thresholding_Sklearn,0.6675385802469136,0.646830254089001,0.9987822513128853,0.7851697471617397,0.6463205417607224,0.7851697471617005,0.6463205417606693,0.6675385802469136,78834,121729,42895,0.6476188911434416,7775,42991,96,78738,0.0005869865417480469,0.011575460433959961,0.010988473892211914
Niblack_Thresholding_CV2,Sobel_Sklearn,0.4152777777777778,0.5621489621489622,0.17520359235862698,0.2671463386329349,0.15416555049557995,0.26714633863290904,0.15416555049556277,0.4152777777777778,78834,24570,54264,0.31166755460841766,40008,10758,65022,13812,0.0005869865417480469,0.0019371509552001953,0.0013501644134521484
Niblack_Thresholding_CV2,Canny_Sklearn,0.4070061728395062,0.608116953960288,0.07070553314559708,0.12668181818181817,0.0676242933055104,0.1266818181818038,0.0676242933055022,0.4070061728395062,78834,9166,69668,0.11626962985513864,47174,3592,73260,5574,0.0005869865417480469,0.005351543426513672,0.004764556884765625
Niblack_Thresholding_CV2,Global_Threshold_Torch,0.6282484567901234,0.7260259832185569,0.6245274881396352,0.6714627643252163,0.5054150883352324,0.6714627643251705,0.5054150883351806,0.6282484567901234,78834,67813,11021,0.8601999137428014,32187,18579,29600,49234,0.0005869865417480469,0.004014492034912109,0.0034275054931640625
Niblack_Thresholding_CV2,Adaptive_Threshold_Torch,0.8097453703703704,0.7754491931301669,0.9673491133267372,0.8608340811730643,0.7556705015012337,0.8608340811730156,0.7556705015011588,0.8097453703703704,78834,98343,19509,0.80162289130899,28683,22083,2574,76260,0.0005869865417480469,0.001092672348022461,0.0005056858062744141
Niblack_Thresholding_CV2,Otsu_Thresholding_Torch,0.6045987654320988,0.7350085178875639,0.547289240682954,0.6274084953538761,0.45709775503501465,0.6274084953538305,0.45709775503496625,0.6045987654320988,78834,58700,20134,0.7446025826420073,35211,15555,35689,43145,0.0005869865417480469,0.0012722015380859375,0.0006852149963378906
Niblack_Thresholding_CV2,Niblack_Thresholding_Torch,0.9713271604938272,0.9761898724548014,0.9766851865946166,0.9764374667106298,0.9539597581524433,0.9764374667105677,0.9539597581523251,0.9713271604938272,78834,78874,40,0.9994928620331162,48888,1878,1838,76996,0.0005869865417480469,0.04666423797607422,0.04607725143432617
Niblack_Thresholding_CV2,Sauvola_Thresholding_Torch,0.7480555555555556,0.7072279857845425,0.9996321384174341,0.8283840178280476,0.7070439721148066,0.8283840178280041,0.7070439721147432,0.7480555555555556,78834,111428,32594,0.7074882435294539,18143,32623,29,78805,0.0005869865417480469,0.04645037651062012,0.04586338996887207
Niblack_Thresholding_CV2,Sobel_Torch,0.41425154320987656,0.5735064673612159,0.14454423218408302,0.2308947043149651,0.13051495853759107,0.23089470431494172,0.1305149585375761,0.41425154320987656,78834,19869,58965,0.25203592358626986,42292,8474,67439,11395,0.0005869865417480469,0.0012564659118652344,0.0006694793701171875
Niblack_Thresholding_CV2,Canny_Torch,0.4168595679012346,0.5706236726910241,0.16700915848491768,0.2583924558666235,0.14836434117262595,0.25839245586659815,0.14836434117260924,0.4168595679012346,78834,23073,55761,0.29267828601872287,40859,9907,65668,13166,0.0005869865417480469,0.0011584758758544922,0.0005714893341064453
Sauvola_Thresholding_CV2,Global_Threshold_CV2,0.6575771604938272,0.9942783832008611,0.6051698604317193,0.7523935992144085,0.6030696850710625,0.7523935992143664,0.6030696850710086,0.6575771604938272,111415,67813,43602,0.608652335861419,17797,388,43990,67425,0.0005671977996826172,0.00020313262939453125,0.00036406517028808594
Sauvola_Thresholding_CV2,Adaptive_Threshold_CV2,0.878179012345679,0.9835850029836255,0.8728627204595432,0.924922011717264,0.8603301544613315,0.9249220117172199,0.8603301544612555,0.878179012345679,111415,98873,12542,0.8874298792801687,16562,1623,14165,97250,0.0005671977996826172,0.00036334991455078125,0.00020384788513183594
Sauvola_Thresholding_CV2,Otsu_Thresholding_CV2,0.5914660493827161,0.9990610969801464,0.5252793609478077,0.6885419485393602,0.525020184803086,0.6885419485393197,0.5250201848030389,0.5914660493827161,111415,58579,52836,0.5257730108154198,18130,55,52891,58524,0.0005671977996826172,0.00016307830810546875,0.00040411949157714844
Sauvola_Thresholding_CV2,Niblack_Thresholding_CV2,0.7483410493827161,0.9997843570033235,0.7074182111923888,0.8285667730185179,0.7073102878885777,0.8285667730184743,0.7073102878885144,0.7483410493827161,111415,78834,32581,0.7075707938787417,18168,17,32598,78817,0.0005671977996826172,0.0005869865417480469,1.9788742065429688e-05
Sauvola_Thresholding_CV2,Sauvola_Thresholding_CV2,1.0,1.0,1.0,1.0,1.0,0.999999999999955,0.9999999999999103,1.0,111415,111415,0,1.0,18185,0,0,111415,0.0005671977996826172,0.0005671977996826172,0.0
Sauvola_Thresholding_CV2,Sobel_CV2,0.20758487654320987,0.6807963500622148,0.14732307139972176,0.24222837114923446,0.1378042330263368,0.24222837114921655,0.13780423302632522,0.20758487654320987,111415,24110,87305,0.2163981510568595,10489,7696,95001,16414,0.0005671977996826172,0.0009746551513671875,0.0004074573516845703
Sauvola_Thresholding_CV2,Canny_CV2,0.2047993827160494,0.7774752639617505,0.10508459363640443,0.18514477283868622,0.1020162765975986,0.1851447728386716,0.1020162765975897,0.2047993827160494,111415,15059,96356,0.13516133375218778,14834,3351,99707,11708,0.0005671977996826172,0.00039196014404296875,0.00017523765563964844
Sauvola_Thresholding_CV2,Global_Threshold_Sklearn,0.6506635802469136,0.9841592855574263,0.6033568190997621,0.7480859114177609,0.5975537125434456,0.7480859114177193,0.5975537125433925,0.6506635802469136,111415,68305,43110,0.6130682583135125,17103,1082,44192,67223,0.0005671977996826172,0.009681463241577148,0.009114265441894531
Sauvola_Thresholding_CV2,Adaptive_Threshold_Sklearn,0.9049382716049382,0.9158309064815825,0.9794372391509222,0.9465667395302036,0.898554066071605,0.9465667395301626,0.8985540660715311,0.9049382716049382,111415,119153,7738,0.9350582864048744,8156,10029,2291,109124,0.0005671977996826172,0.010600090026855469,0.010032892227172852
Sauvola_Thresholding_CV2,Otsu_Thresholding_Sklearn,0.5820293209876544,0.989014556140231,0.5195799488399228,0.6812594514760484,0.5165985471809241,0.6812594514760083,0.516598547180878,0.5820293209876544,111415,58532,52883,0.5253511645649149,17542,643,53526,57889,0.0005671977996826172,0.009737968444824219,0.009170770645141602
Sauvola_Thresholding_CV2,Niblack_Thresholding_Sklearn,0.5009567901234568,0.9777573341510784,0.4292689494233272,0.5966069980664879,0.42511755242082433,0.5966069980664506,0.4251175524207866,0.5009567901234568,111415,48915,62500,0.439034241349908,17097,1088,63588,47827,0.0005671977996826172,0.01176309585571289,0.011195898056030273
Sauvola_Thresholding_CV2,Sauvola_Thresholding_Sklearn,0.9183796296296296,0.914186430513682,0.9988152403177311,0.9546288988779467,0.91319618253584,0.9546288988779057,0.9131961825357651,0.9183796296296296,111415,121729,10314,0.9152708064635379,7739,10446,132,111283,0.0005671977996826172,0.011575460433959961,0.011008262634277344
Sauvola_Thresholding_CV2,Sobel_Sklearn,0.2090354938271605,0.6812372812372812,0.15023111789256383,0.24617421039085194,0.1403641181748807,0.24617421039083381,0.14036411817486893,0.2090354938271605,111415,24570,86845,0.22052685904052416,10353,7832,94677,16738,0.0005671977996826172,0.0019371509552001953,0.0013699531555175781
Sauvola_Thresholding_CV2,Canny_Sklearn,0.17852623456790123,0.7701287366353917,0.06335771664497598,0.1170831225483285,0.06218177974313349,0.1170831225483188,0.06218177974312802,0.17852623456790123,111415,9166,102249,0.08226899430058789,16078,2107,104356,7059,0.0005671977996826172,0.005351543426513672,0.004784345626831055
Sauvola_Thresholding_CV2,Global_Threshold_Torch,0.6575771604938272,0.9942783832008611,0.6051698604317193,0.7523935992144085,0.6030696850710625,0.7523935992143664,0.6030696850710086,0.6575771604938272,111415,67813,43602,0.608652335861419,17797,388,43990,67425,0.0005671977996826172,0.004014492034912109,0.003447294235229492
Sauvola_Thresholding_CV2,Adaptive_Threshold_Torch,0.8857407407407407,0.9911737490212826,0.8748821971906835,0.9294043612162587,0.8681189494402537,0.9294043612162144,0.8681189494401763,0.8857407407407407,111415,98343,13072,0.882672889646816,17317,868,13940,97475,0.0005671977996826172,0.001092672348022461,0.0005254745483398438
Sauvola_Thresholding_CV2,Otsu_Thresholding_Torch,0.5923379629629629,0.9989948892674617,0.5263294888480007,0.689427740058196,0.5260509177027827,0.6894277400581553,0.5260509177027355,0.5923379629629629,111415,58700,52715,0.5268590405241664,18126,59,52774,58641,0.0005671977996826172,0.0012722015380859375,0.0007050037384033203
Sauvola_Thresholding_CV2,Niblack_Thresholding_Torch,0.7486805555555556,0.9998098232624185,0.7077951801822017,0.8288340366495173,0.7076999012833168,0.8288340366494737,0.7076999012832534,0.7486805555555556,111415,78874,32541,0.7079298119642777,18170,15,32556,78859,0.0005671977996826172,0.04666423797607422,0.0460970401763916
Sauvola_Thresholding_CV2,Sauvola_Thresholding_Torch,0.9986496913580247,0.9991564059302869,0.9992729883767895,0.999214693753001,0.9984306199499592,0.9992146937529561,0.9984306199498697,0.9986496913580247,111415,111428,13,0.9998833327350397,18091,94,81,111334,0.0005671977996826172,0.04645037651062012,0.0458831787109375
Sauvola_Thresholding_CV2,Sobel_Torch,0.2018672839506173,0.7007398459912426,0.1249652201229637,0.21210505469059443,0.11863395847001985,0.21210505469057825,0.11863395847000975,0.2018672839506173,111415,19869,91546,0.17833325853789886,12239,5946,97492,13923,0.0005671977996826172,0.0012564659118652344,0.0006892681121826172
Sauvola_Thresholding_CV2,Canny_Torch,0.2102932098765432,0.696528409829671,0.14424449131625006,0.23899530069597288,0.13571531114620367,0.2389953006959551,0.1357153111461922,0.2102932098765432,111415,23073,88342,0.20709060718933717,11183,7002,95344,16071,0.0005671977996826172,0.0011584758758544922,0.000591278076171875
Sobel_CV2,Global_Threshold_CV2,0.4027700617283951,0.10707386489316208,0.30116134384073,0.15798004851886904,0.08576456970069217,0.15798004851885186,0.08576456970068204,0.4027700617283951,24110,67813,43703,0.35553654903926973,44938,60552,16849,7261,0.0009746551513671875,0.00020313262939453125,0.0007715225219726562
Sobel_CV2,Adaptive_Threshold_CV2,0.2499922839506173,0.13037937556259038,0.5346744089589383,0.20963873055625573,0.11709297678305418,0.2096387305562387,0.11709297678304353,0.2499922839506173,24110,98873,74763,0.243848168863087,19508,85982,11219,12891,0.0009746551513671875,0.00036334991455078125,0.0006113052368164062
Sobel_CV2,Otsu_Thresholding_CV2,0.4472453703703704,0.09433414704928388,0.2291995022812111,0.13365743932082866,0.07161463395668909,0.13365743932081248,0.0716146339566798,0.4472453703703704,24110,58579,34469,0.41158094197579337,52437,53053,18584,5526,0.0009746551513671875,0.00016307830810546875,0.0008115768432617188
Sobel_CV2,Niblack_Thresholding_CV2,0.4147993827160494,0.1718928381155339,0.5620489423475736,0.26326935032639104,0.1515890505968029,0.2632693503263655,0.15158905059678593,0.4147993827160494,24110,78834,54724,0.3058325088159931,40207,65283,10559,13551,0.0009746551513671875,0.0005869865417480469,0.0003876686096191406
Sobel_CV2,Sauvola_Thresholding_CV2,0.20758487654320987,0.14732307139972176,0.6807963500622148,0.24222837114923446,0.1378042330263368,0.24222837114921655,0.13780423302632522,0.20758487654320987,24110,111415,87305,0.2163981510568595,10489,95001,7696,16414,0.0009746551513671875,0.0005671977996826172,0.0004074573516845703
Sobel_CV2,Sobel_CV2,1.0,1.0,1.0,1.0,1.0,0.9999999999997927,0.9999999999995852,1.0,24110,24110,0,1.0,105490,0,0,24110,0.0009746551513671875,0.0009746551513671875,0.0
Sobel_CV2,Canny_CV2,0.8700231481481482,0.7412178763530115,0.4629614267938615,0.5699405141821339,0.39854322133752274,0.5699405141819883,0.39854322133738046,0.8700231481481482,24110,15059,9051,0.6245956034840315,101593,3897,12948,11162,0.0009746551513671875,0.00039196014404296875,0.0005826950073242188
Sobel_CV2,Global_Threshold_Sklearn,0.3994367283950617,0.10674181977893273,0.3024056408129407,0.15778823784017745,0.08565152013533199,0.15778823784016038,0.08565152013532193,0.3994367283950617,24110,68305,44195,0.35297562403923577,44476,61014,16819,7291,0.0009746551513671875,0.009681463241577148,0.008706808090209961
Sobel_CV2,Adaptive_Threshold_Sklearn,0.20232253086419752,0.16736464881287086,0.8271256739941932,0.2783970739130131,0.1617080626981617,0.2783970739129937,0.1617080626981486,0.20232253086419752,24110,119153,95043,0.2023448843084102,6279,99211,4168,19942,0.0009746551513671875,0.010600090026855469,0.009625434875488281
Sobel_CV2,Otsu_Thresholding_Sklearn,0.45001543209876543,0.09707510421649695,0.23566984653670675,0.13750877277897436,0.07383056133056133,0.13750877277895773,0.07383056133055174,0.45001543209876543,24110,58532,34422,0.4119114330622565,52640,52850,18428,5682,0.0009746551513671875,0.009737968444824219,0.008763313293457031
Sobel_CV2,Niblack_Thresholding_Sklearn,0.5930941358024692,0.2074005928651743,0.4207797594359187,0.27785005135227664,0.16133905852417302,0.27785005135223856,0.16133905852414737,0.5930941358024692,24110,48915,24805,0.49289583972196666,66720,38770,13965,10145,0.0009746551513671875,0.01176309585571289,0.010788440704345703
Sobel_CV2,Sauvola_Thresholding_Sklearn,0.20668981481481483,0.17672863491854857,0.8922853587722936,0.29502396478308274,0.17303701558805076,0.2950239647830625,0.17303701558803686,0.20668981481481483,24110,121729,97619,0.19806291023503028,5274,100216,2597,21513,0.0009746551513671875,0.011575460433959961,0.010600805282592773
Sobel_CV2,Sobel_Sklearn,0.9957098765432099,0.9793243793243793,0.9980091248444629,0.9885784716516023,0.9774148996669104,0.9885784716513992,0.9774148996665133,0.9957098765432099,24110,24570,460,0.9812779812779813,104982,508,48,24062,0.0009746551513671875,0.0019371509552001953,0.0009624958038330078
Sobel_CV2,Canny_Sklearn,0.8783333333333333,0.9550512764564696,0.36308585649108255,0.5261449693472773,0.3569855639833619,0.5261449693471193,0.3569855639832163,0.8783333333333333,24110,9166,14944,0.3801742015761095,105078,412,15356,8754,0.0009746551513671875,0.005351543426513672,0.004376888275146484
Sobel_CV2,Global_Threshold_Torch,0.4027700617283951,0.10707386489316208,0.30116134384073,0.15798004851886904,0.08576456970069217,0.15798004851885186,0.08576456970068204,0.4027700617283951,24110,67813,43703,0.35553654903926973,44938,60552,16849,7261,0.0009746551513671875,0.004014492034912109,0.003039836883544922
Sobel_CV2,Adaptive_Threshold_Torch,0.25503858024691356,0.13171247572272557,0.5372459560348403,0.2115587204886773,0.11829223744292237,0.21155872048866,0.11829223744291158,0.25503858024691356,24110,98343,74233,0.24516233997335854,20100,85390,11157,12953,0.0009746551513671875,0.001092672348022461,0.00011801719665527344
Sobel_CV2,Otsu_Thresholding_Torch,0.447037037037037,0.0949403747870528,0.23114890087100787,0.13459727086100712,0.07215453733314345,0.13459727086099088,0.07215453733313411,0.447037037037037,24110,58700,34590,0.41073253833049406,52363,53127,18537,5573,0.0009746551513671875,0.0012722015380859375,0.00029754638671875
Sobel_CV2,Niblack_Thresholding_Torch,0.41433641975308644,0.1716788802393691,0.56163417669017,0.26297288899246485,0.15139250695973971,0.2629728889924393,0.1513925069597228,0.41433641975308644,24110,78874,54764,0.30567740953926514,40157,65333,10569,13541,0.0009746551513671875,0.04666423797607422,0.04568958282470703
Sobel_CV2,Sauvola_Thresholding_Torch,0.20728395061728394,0.14718921635495566,0.6802571547075902,0.2420133099204651,0.13766504108715177,0.24201330992044723,0.13766504108714023,0.20728395061728394,24110,111428,87318,0.2163729044764332,10463,95027,7709,16401,0.0009746551513671875,0.04645037651062012,0.04547572135925293
Sobel_CV2,Sobel_Torch,0.9462114197530864,0.9313000150988978,0.7674823724595603,0.8414925305259329,0.7263591756624141,0.8414925305257416,0.7263591756621289,0.9462114197530864,24110,19869,4241,0.8240978846951472,104125,1365,5606,18504,0.0009746551513671875,0.0012564659118652344,0.0002818107604980469
Sobel_CV2,Canny_Torch,0.9708873456790124,0.9407099206865167,0.9002488593944421,0.9200347582815844,0.8519114530182903,0.9200347582813896,0.8519114530179559,0.9708873456790124,24110,23073,1037,0.9569888013272501,104122,1368,2405,21705,0.0009746551513671875,0.0011584758758544922,0.0001838207244873047
Canny_CV2,Global_Threshold_CV2,0.42248456790123456,0.05917744385294855,0.2664851583770503,0.09684815136596196,0.05088829429741691,0.09684815136595028,0.05088829429741046,0.42248456790123456,15059,67813,52754,0.22206656540781267,50741,63800,11046,4013,0.00039196014404296875,0.00020313262939453125,0.0001888275146484375
Canny_CV2,Adaptive_Threshold_CV2,0.25285493827160493,0.08648468237031343,0.5678331894548111,0.15010708141698556,0.08114365967299608,0.1501070814169724,0.08114365967298838,0.25285493827160493,15059,98873,83814,0.15230649418951583,24219,90322,6508,8551,0.00039196014404296875,0.00036334991455078125,2.86102294921875e-05
Canny_CV2,Otsu_Thresholding_CV2,0.48016975308641974,0.053500401167653935,0.2081147486552892,0.08511909611885168,0.044451378645183254,0.08511909611884012,0.044451378645176946,0.48016975308641974,15059,58579,43520,0.25707164683589684,59096,55445,11925,3134,0.00039196014404296875,0.00016307830810546875,0.0002288818359375
Canny_CV2,Niblack_Thresholding_CV2,0.40672067901234565,0.10784686810259533,0.5645793213360781,0.1810997624956067,0.0995655279830427,0.18109976249558743,0.09956552798303105,0.40672067901234565,15059,78834,63775,0.1910216404089606,44209,70332,6557,8502,0.00039196014404296875,0.0005869865417480469,0.00019502639770507812
Canny_CV2,Sauvola_Thresholding_CV2,0.2047993827160494,0.10508459363640443,0.7774752639617505,0.18514477283868622,0.1020162765975986,0.1851447728386716,0.1020162765975897,0.2047993827160494,15059,111415,96356,0.13516133375218778,14834,99707,3351,11708,0.00039196014404296875,0.0005671977996826172,0.00017523765563964844
Canny_CV2,Sobel_CV2,0.8700231481481482,0.4629614267938615,0.7412178763530115,0.5699405141821339,0.39854322133752274,0.5699405141819883,0.39854322133738046,0.8700231481481482,15059,24110,9051,0.6245956034840315,101593,12948,3897,11162,0.00039196014404296875,0.0009746551513671875,0.0005826950073242188
Canny_CV2,Canny_CV2,1.0,1.0,1.0,1.0,1.0,0.9999999999996679,0.9999999999993359,1.0,15059,15059,0,1.0,114541,0,0,15059,0.00039196014404296875,0.00039196014404296875,0.0
Canny_CV2,Global_Threshold_Sklearn,0.4200154320987654,0.06001024815167264,0.2721960289527857,0.09833981094957056,0.05171260960070649,0.09833981094955876,0.05171260960069997,0.4200154320987654,15059,68305,53246,0.2204670229119391,50335,64206,10960,4099,0.00039196014404296875,0.009681463241577148,0.00928950309753418
Canny_CV2,Adaptive_Threshold_Sklearn,0.16544753086419753,0.10933002106535294,0.8650640812802975,0.19412571156081423,0.10749680240953914,0.19412571156079975,0.10749680240953027,0.16544753086419753,15059,119153,104094,0.126383725126518,8415,106126,2032,13027,0.00039196014404296875,0.010600090026855469,0.0102081298828125
Canny_CV2,Otsu_Thresholding_Sklearn,0.48147376543209874,0.05458552586619285,0.2121654824357527,0.08683127012814067,0.04538610148303881,0.08683127012812887,0.04538610148303236,0.48147376543209874,15059,58532,43473,0.25727807011549236,59204,55337,11864,3195,0.00039196014404296875,0.009737968444824219,0.00934600830078125
Canny_CV2,Niblack_Thresholding_Sklearn,0.5913888888888889,0.11262393948686497,0.3658277442061226,0.17222621690061587,0.09422731548789874,0.17222621690058895,0.09422731548788263,0.5913888888888889,15059,48915,33856,0.30786057446591025,71135,43406,9550,5509,0.00039196014404296875,0.01176309585571289,0.011371135711669922
Canny_CV2,Sauvola_Thresholding_Sklearn,0.1584722222222222,0.11388411964281313,0.9205790557141909,0.20269321870339504,0.11277608297742527,0.2026932187033802,0.11277608297741609,0.1584722222222222,15059,121729,106670,0.1237092229460523,6675,107866,1196,13863,0.00039196014404296875,0.011575460433959961,0.011183500289916992
Canny_CV2,Sobel_Sklearn,0.8686805555555556,0.4601139601139601,0.750713858821967,0.5705417749627798,0.39913147860471687,0.5705417749626358,0.39913147860457593,0.8686805555555556,15059,24570,9511,0.6129019129019129,101276,13265,3754,11305,0.00039196014404296875,0.0019371509552001953,0.0015451908111572266
Canny_CV2,Canny_Sklearn,0.9242361111111111,0.7858389701069168,0.4783186134537486,0.5946749226006192,0.42315826577370463,0.5946749226003737,0.423158265773456,0.9242361111111111,15059,9166,5893,0.6086725546185006,112578,1963,7856,7203,0.00039196014404296875,0.005351543426513672,0.004959583282470703
Canny_CV2,Global_Threshold_Torch,0.42248456790123456,0.05917744385294855,0.2664851583770503,0.09684815136596196,0.05088829429741691,0.09684815136595028,0.05088829429741046,0.42248456790123456,15059,67813,52754,0.22206656540781267,50741,63800,11046,4013,0.00039196014404296875,0.004014492034912109,0.0036225318908691406
Canny_CV2,Adaptive_Threshold_Torch,0.2544598765432099,0.0853136471329937,0.5571419084932598,0.14796917161954815,0.07989563097550756,0.1479691716195351,0.07989563097549995,0.2544598765432099,15059,98343,83284,0.15312731968721718,24588,89953,6669,8390,0.00039196014404296875,0.001092672348022461,0.0007007122039794922
Canny_CV2,Otsu_Thresholding_Torch,0.47968364197530866,0.053884156729131175,0.21004050733780463,0.08576580485093345,0.04480423820046461,0.08576580485092182,0.04480423820045827,0.47968364197530866,15059,58700,43641,0.256541737649063,59004,55537,11896,3163,0.00039196014404296875,0.0012722015380859375,0.0008802413940429688
Canny_CV2,Niblack_Thresholding_Torch,0.40628858024691356,0.1076907472677942,0.564048077561591,0.18085230962494545,0.09941595758377322,0.18085230962492618,0.09941595758376158,0.40628858024691356,15059,78874,63815,0.19092476608261277,44161,70380,6565,8494,0.00039196014404296875,0.04666423797607422,0.04627227783203125
Canny_CV2,Sauvola_Thresholding_Torch,0.20460648148148147,0.10501848727429372,0.7770768311308852,0.18503087273790983,0.1019471185259398,0.1850308727378952,0.10194711852593093,0.20460648148148147,15059,111428,96369,0.13514556484905052,14815,99726,3357,11702,0.00039196014404296875,0.04645037651062012,0.04605841636657715
Canny_CV2,Sobel_Torch,0.8758796296296296,0.4741557199657758,0.6256059499302743,0.5394525881814017,0.36934959030854275,0.5394525881812473,0.3693495903083979,0.8758796296296296,15059,19869,4810,0.7579143389199255,104093,10448,5638,9421,0.00039196014404296875,0.0012564659118652344,0.0008645057678222656
Canny_CV2,Canny_Torch,0.8682716049382716,0.4563775841893122,0.699249618168537,0.5522920381831533,0.38149409463082384,0.5522920381830084,0.3814940946306856,0.8682716049382716,15059,23073,8014,0.6526676201620942,101998,12543,4529,10530,0.00039196014404296875,0.0011584758758544922,0.0007665157318115234
Global_Threshold_Sklearn,Global_Threshold_CV2,0.9779475308641975,0.9825549673366464,0.9754776370690286,0.9790035116590018,0.9588705963619618,0.9790035116589297,0.9588705963618238,0.9779475308641975,68305,67813,492,0.9927970133957983,60112,1183,1675,66630,0.009681463241577148,0.00020313262939453125,0.009478330612182617
Global_Threshold_Sklearn,Adaptive_Threshold_CV2,0.6779320987654321,0.6343390005360412,0.9182197496522948,0.7503259998325138,0.6004173886405193,0.750325999832469,0.6004173886404618,0.6779320987654321,68305,98873,30568,0.6908357185480364,25141,36154,5586,62719,0.009681463241577148,0.00036334991455078125,0.009318113327026367
Global_Threshold_Sklearn,Otsu_Thresholding_CV2,0.9204320987654321,0.9949982075487803,0.8533196691311031,0.9187289177516472,0.8496749176360827,0.9187289177515748,0.8496749176359588,0.9204320987654321,68305,58579,9726,0.8576092526169388,61002,293,10019,58286,0.009681463241577148,0.00016307830810546875,0.00951838493347168
Global_Threshold_Sklearn,Niblack_Thresholding_CV2,0.6151003086419753,0.6168404495522236,0.7119244564819559,0.6609804334676734,0.49363015297784,0.6609804334676285,0.49363015297778995,0.6151003086419753,68305,78834,10529,0.8664408757642641,31089,30206,19677,48628,0.009681463241577148,0.0005869865417480469,0.009094476699829102
Global_Threshold_Sklearn,Sauvola_Thresholding_CV2,0.6506635802469136,0.6033568190997621,0.9841592855574263,0.7480859114177609,0.5975537125434456,0.7480859114177193,0.5975537125433925,0.6506635802469136,68305,111415,43110,0.6130682583135125,17103,44192,1082,67223,0.009681463241577148,0.0005671977996826172,0.009114265441894531
Global_Threshold_Sklearn,Sobel_CV2,0.3994367283950617,0.3024056408129407,0.10674181977893273,0.15778823784017745,0.08565152013533199,0.15778823784016038,0.08565152013532193,0.3994367283950617,68305,24110,44195,0.35297562403923577,44476,16819,61014,7291,0.009681463241577148,0.0009746551513671875,0.008706808090209961
Global_Threshold_Sklearn,Canny_CV2,0.4200154320987654,0.2721960289527857,0.06001024815167264,0.09833981094957056,0.05171260960070649,0.09833981094955876,0.05171260960069997,0.4200154320987654,68305,15059,53246,0.2204670229119391,50335,10960,64206,4099,0.009681463241577148,0.00039196014404296875,0.00928950309753418
Global_Threshold_Sklearn,Global_Threshold_Sklearn,1.0,1.0,1.0,1.0,1.0,0.9999999999999267,0.9999999999998537,1.0,68305,68305,0,1.0,61295,0,0,68305,0.009681463241577148,0.009681463241577148,0.0
Global_Threshold_Sklearn,Adaptive_Threshold_Sklearn,0.6038734567901235,0.5711983751982744,0.9964131469145744,0.7261359877945993,0.5700262985979665,0.7261359877945606,0.5700262985979188,0.6038734567901235,68305,119153,50848,0.5732545550678539,10202,51093,245,68060,0.009681463241577148,0.010600090026855469,0.0009186267852783203
Global_Threshold_Sklearn,Otsu_Thresholding_Sklearn,0.9245910493827161,1.0,0.856921162433204,0.9229483510332158,0.856921162433204,0.9229483510331431,0.8569211624330786,0.9245910493827161,68305,58532,9773,0.856921162433204,61295,0,9773,58532,0.009681463241577148,0.009737968444824219,5.650520324707031e-05
Global_Threshold_Sklearn,Niblack_Thresholding_Sklearn,0.5603395061728395,0.6157620361852193,0.4409633262572286,0.5139054768810783,0.3458094144661309,0.5139054768810345,0.3458094144660912,0.5603395061728395,68305,48915,19390,0.7161261986677403,42500,18795,38185,30120,0.009681463241577148,0.01176309585571289,0.002081632614135742
Global_Threshold_Sklearn,Sauvola_Thresholding_Sklearn,0.5877777777777777,0.5611234792038051,1.0,0.7188713598619194,0.5611234792038051,0.7188713598618816,0.561123479203759,0.5877777777777777,68305,121729,53424,0.5611234792038051,7871,53424,0,68305,0.009681463241577148,0.011575460433959961,0.0018939971923828125
Global_Threshold_Sklearn,Sobel_Sklearn,0.39729166666666665,0.30044770044770047,0.10807407949637654,0.1589663526244953,0.08634625057022212,0.15896635262447817,0.08634625057021203,0.39729166666666665,68305,24570,43735,0.3597101237098309,44107,17188,60923,7382,0.009681463241577148,0.0019371509552001953,0.007744312286376953
Global_Threshold_Sklearn,Canny_Sklearn,0.44381944444444443,0.2940213833733362,0.03945538393968231,0.06957442139639348,0.036040975714132874,0.0695744213963845,0.03604097571412806,0.44381944444444443,68305,9166,59139,0.13419222604494546,54824,6471,65610,2695,0.009681463241577148,0.005351543426513672,0.0043299198150634766
Global_Threshold_Sklearn,Global_Threshold_Torch,0.9779475308641975,0.9825549673366464,0.9754776370690286,0.9790035116590018,0.9588705963619618,0.9790035116589297,0.9588705963618238,0.9779475308641975,68305,67813,492,0.9927970133957983,60112,1183,1675,66630,0.009681463241577148,0.004014492034912109,0.005666971206665039
Global_Threshold_Sklearn,Adaptive_Threshold_Torch,0.6932253086419753,0.6451399692911545,0.928848546958495,0.7614252796313187,0.6147592608741994,0.7614252796312729,0.6147592608741398,0.6932253086419753,68305,98343,30038,0.6945588399784428,26397,34898,4860,63445,0.009681463241577148,0.001092672348022461,0.008588790893554688
Global_Threshold_Sklearn,Otsu_Thresholding_Torch,0.9212577160493827,0.9948892674616695,0.8549886538320767,0.9196488327231211,0.8512499088987683,0.9196488327230488,0.8512499088986443,0.9212577160493827,68305,58700,9605,0.8593807188346387,60995,300,9905,58400,0.009681463241577148,0.0012722015380859375,0.008409261703491211
Global_Threshold_Sklearn,Niblack_Thresholding_Torch,0.6156867283950618,0.6172629763927276,0.7127735890491179,0.6615889495104601,0.4943092402505762,0.661588949510415,0.494309240250526,0.6156867283950618,68305,78874,10569,0.8660014707001039,31107,30188,19619,48686,0.009681463241577148,0.04666423797607422,0.03698277473449707
Global_Threshold_Sklearn,Sauvola_Thresholding_Torch,0.6505324074074074,0.6032684782998887,0.9841300051240759,0.7480095474954516,0.597456271331058,0.7480095474954099,0.597456271331005,0.6505324074074074,68305,111428,43123,0.6129967333165811,17088,44207,1084,67221,0.009681463241577148,0.04645037651062012,0.03676891326904297
Global_Threshold_Sklearn,Sobel_Torch,0.42483024691358023,0.34304695757209724,0.0997877168582095,0.15460339782702384,0.08377787064578775,0.1546033978270063,0.08377787064577746,0.42483024691358023,68305,19869,48436,0.29088646511968375,48242,13053,61489,6816,0.009681463241577148,0.0012564659118652344,0.008424997329711914
Global_Threshold_Sklearn,Canny_Torch,0.41141975308641976,0.3271789537554718,0.11051899568113609,0.16522576550154305,0.09005236851209009,0.16522576550152496,0.09005236851207934,0.41141975308641976,68305,23073,45232,0.33779371934704633,45771,15524,60756,7549,0.009681463241577148,0.0011584758758544922,0.008522987365722656
Adaptive_Threshold_Sklearn,Global_Threshold_CV2,0.5986882716049383,0.9950599442584755,0.5663138989366613,0.7218210797685141,0.564726164970541,0.7218210797684754,0.5647261649704938,0.5986882716049383,119153,67813,51340,0.5691254101869025,10112,335,51675,67478,0.010600090026855469,0.00020313262939453125,0.010396957397460938
Adaptive_Threshold_Sklearn,Adaptive_Threshold_CV2,0.8225154320987654,0.9862348669505325,0.8183763732344129,0.8944988212415033,0.8091342084737043,0.8944988212414622,0.8091342084736372,0.8225154320987654,119153,98873,20280,0.8297986622241992,9086,1361,21641,97512,0.010600090026855469,0.00036334991455078125,0.010236740112304688
Adaptive_Threshold_Sklearn,Otsu_Thresholding_CV2,0.5302932098765432,0.9974393554003994,0.49036952489656155,0.6574955551054397,0.4897529819032212,0.6574955551054026,0.4897529819031802,0.5302932098765432,119153,58579,60574,0.491628410530998,10297,150,60724,58429,0.010600090026855469,0.00016307830810546875,0.01043701171875
Adaptive_Threshold_Sklearn,Niblack_Thresholding_CV2,0.6712422839506172,0.9854884948118832,0.6520188329290911,0.7847990019546738,0.6458182664571851,0.7847990019546341,0.6458182664571315,0.6712422839506172,119153,78834,40319,0.6616199340343928,9303,1144,41463,77690,0.010600090026855469,0.0005869865417480469,0.010013103485107422
Adaptive_Threshold_Sklearn,Sauvola_Thresholding_CV2,0.9049382716049382,0.9794372391509222,0.9158309064815825,0.9465667395302036,0.898554066071605,0.9465667395301626,0.8985540660715311,0.9049382716049382,119153,111415,7738,0.9350582864048744,8156,2291,10029,109124,0.010600090026855469,0.0005671977996826172,0.010032892227172852
Adaptive_Threshold_Sklearn,Sobel_CV2,0.20232253086419752,0.8271256739941932,0.16736464881287086,0.2783970739130131,0.1617080626981617,0.2783970739129937,0.1617080626981486,0.20232253086419752,119153,24110,95043,0.2023448843084102,6279,4168,99211,19942,0.010600090026855469,0.0009746551513671875,0.009625434875488281
Adaptive_Threshold_Sklearn,Canny_CV2,0.16544753086419753,0.8650640812802975,0.10933002106535294,0.19412571156081423,0.10749680240953914,0.19412571156079975,0.10749680240953027,0.16544753086419753,119153,15059,104094,0.126383725126518,8415,2032,106126,13027,0.010600090026855469,0.00039196014404296875,0.0102081298828125
Adaptive_Threshold_Sklearn,Global_Threshold_Sklearn,0.6038734567901235,0.9964131469145744,0.5711983751982744,0.7261359877945993,0.5700262985979665,0.7261359877945606,0.5700262985979188,0.6038734567901235,119153,68305,50848,0.5732545550678539,10202,245,51093,68060,0.010600090026855469,0.009681463241577148,0.0009186267852783203
Adaptive_Threshold_Sklearn,Adaptive_Threshold_Sklearn,1.0,1.0,1.0,1.0,1.0,0.999999999999958,0.9999999999999161,1.0,119153,119153,0,1.0,10447,0,0,119153,0.010600090026855469,0.010600090026855469,0.0
Adaptive_Threshold_Sklearn,Otsu_Thresholding_Sklearn,0.531412037037037,0.9990774277318389,0.49078076087047745,0.6582210090891184,0.490558440360046,0.6582210090890813,0.49055844036000484,0.531412037037037,119153,58532,60621,0.49123395969887457,10393,54,60675,58478,0.010600090026855469,0.009737968444824219,0.00086212158203125
Adaptive_Threshold_Sklearn,Niblack_Thresholding_Sklearn,0.4555092592592593,0.9966472452213022,0.40914622376272525,0.5801342313825356,0.4085838564496258,0.5801342313825011,0.40858385644959155,0.4555092592592593,119153,48915,70238,0.410522605389709,10283,164,70402,48751,0.010600090026855469,0.01176309585571289,0.0011630058288574219
Adaptive_Threshold_Sklearn,Sauvola_Thresholding_Sklearn,0.9452932098765432,0.960297053290506,0.9810579674871803,0.9705665014405394,0.942816124401142,0.970566501440499,0.942816124401066,0.9452932098765432,119153,121729,2576,0.9788382390391772,5614,4833,2257,116896,0.010600090026855469,0.011575460433959961,0.0009753704071044922
Adaptive_Threshold_Sklearn,Sobel_Sklearn,0.20434413580246913,0.8263329263329263,0.17039436690641444,0.2825295881661251,0.16450332198995302,0.28252958816610546,0.1645033219899397,0.20434413580246913,119153,24570,94583,0.2062054669206818,6180,4267,98850,20303,0.010600090026855469,0.0019371509552001953,0.008662939071655273
Adaptive_Threshold_Sklearn,Canny_Sklearn,0.12945216049382716,0.8452978398428976,0.06502563930408801,0.12076153960052681,0.06426089192260162,0.1207615396005174,0.06426089192259629,0.12945216049382716,119153,9166,109987,0.07692630483496009,9029,1418,111405,7748,0.010600090026855469,0.005351543426513672,0.005248546600341797
Adaptive_Threshold_Sklearn,Global_Threshold_Torch,0.5986882716049383,0.9950599442584755,0.5663138989366613,0.7218210797685141,0.564726164970541,0.7218210797684754,0.5647261649704938,0.5986882716049383,119153,67813,51340,0.5691254101869025,10112,335,51675,67478,0.010600090026855469,0.004014492034912109,0.006585597991943359
Adaptive_Threshold_Sklearn,Adaptive_Threshold_Torch,0.822253086419753,0.9886824685030963,0.8160096682416724,0.8940854084672821,0.8084579182811434,0.894085408467241,0.8084579182810763,0.822253086419753,119153,98343,20810,0.8253505996491906,9334,1113,21923,97230,0.010600090026855469,0.001092672348022461,0.009507417678833008
Adaptive_Threshold_Sklearn,Otsu_Thresholding_Torch,0.5311805555555555,0.9973935264054514,0.4913598482623182,0.6583751750040764,0.49072972021524486,0.6583751750040393,0.4907297202152037,0.5311805555555555,119153,58700,60453,0.4926439116094433,10294,153,60606,58547,0.010600090026855469,0.0012722015380859375,0.009327888488769531
Adaptive_Threshold_Sklearn,Niblack_Thresholding_Torch,0.671658950617284,0.9855846032913254,0.6524132837612145,0.7851151610638953,0.6462465707872641,0.7851151610638556,0.6462465707872104,0.671658950617284,119153,78874,40279,0.6619556368702425,9310,1137,41416,77737,0.010600090026855469,0.04666423797607422,0.03606414794921875
Adaptive_Threshold_Sklearn,Sauvola_Thresholding_Torch,0.905162037037037,0.9795114333919661,0.9160071504704036,0.9466955213135514,0.8987861919035541,0.9466955213135103,0.8987861919034802,0.905162037037037,119153,111428,7725,0.9351673898265256,8164,2283,10008,109145,0.010600090026855469,0.04645037651062012,0.03585028648376465
Adaptive_Threshold_Sklearn,Sobel_Torch,0.18399691358024692,0.8371835522673512,0.13960202428810017,0.2393002546359569,0.13591201751805732,0.23930025463593965,0.1359120175180462,0.18399691358024692,119153,19869,99284,0.16675199113744513,7212,3235,102519,16634,0.010600090026855469,0.0012564659118652344,0.009343624114990234
Adaptive_Threshold_Sklearn,Canny_Torch,0.20021604938271606,0.8359121050578598,0.16186751487583192,0.27121623331880246,0.15688268165512978,0.27121623331878336,0.156882681655117,0.20021604938271606,119153,23073,96080,0.19364178828900658,6661,3786,99866,19287,0.010600090026855469,0.0011584758758544922,0.009441614151000977
Otsu_Thresholding_Sklearn,Global_Threshold_CV2,0.921304012345679,0.8563697226195567,0.9921581357206315,0.9192765839566267,0.8506122568549332,0.919276583956554,0.8506122568548087,0.921304012345679,58532,67813,9281,0.8631383363071977,61328,9740,459,58073,0.009737968444824219,0.00020313262939453125,0.009534835815429688
Otsu_Thresholding_Sklearn,Adaptive_Threshold_CV2,0.6357021604938271,0.5572400958805741,0.9412970682703479,0.700054000825895,0.5385254474190931,0.7000540008258505,0.5385254474190405,0.6357021604938271,58532,98873,40341,0.591991746988561,27291,43777,3436,55096,0.009737968444824219,0.00036334991455078125,0.009374618530273438
Otsu_Thresholding_Sklearn,Otsu_Thresholding_CV2,0.9862114197530865,0.984345926014442,0.9851363356796282,0.9847409722400116,0.9699406213729415,0.9847409722399275,0.9699406213727784,0.9862114197530865,58532,58579,47,0.9991976646921251,70151,917,870,57662,0.009737968444824219,0.00016307830810546875,0.00957489013671875
Otsu_Thresholding_Sklearn,Niblack_Thresholding_CV2,0.5916820987654321,0.5356064642159475,0.7213831750153762,0.6147663905187601,0.4437997939921381,0.6147663905187153,0.4437997939920914,0.5916820987654321,58532,78834,20302,0.7424715224395565,34458,36610,16308,42224,0.009737968444824219,0.0005869865417480469,0.009150981903076172
Otsu_Thresholding_Sklearn,Sauvola_Thresholding_CV2,0.5820293209876544,0.5195799488399228,0.989014556140231,0.6812594514760484,0.5165985471809241,0.6812594514760083,0.516598547180878,0.5820293209876544,58532,111415,52883,0.5253511645649149,17542,53526,643,57889,0.009737968444824219,0.0005671977996826172,0.009170770645141602
Otsu_Thresholding_Sklearn,Sobel_CV2,0.45001543209876543,0.23566984653670675,0.09707510421649695,0.13750877277897436,0.07383056133056133,0.13750877277895773,0.07383056133055174,0.45001543209876543,58532,24110,34422,0.4119114330622565,52640,18428,52850,5682,0.009737968444824219,0.0009746551513671875,0.008763313293457031
Otsu_Thresholding_Sklearn,Canny_CV2,0.48147376543209874,0.2121654824357527,0.05458552586619285,0.08683127012814067,0.04538610148303881,0.08683127012812887,0.04538610148303236,0.48147376543209874,58532,15059,43473,0.25727807011549236,59204,11864,55337,3195,0.009737968444824219,0.00039196014404296875,0.00934600830078125
Otsu_Thresholding_Sklearn,Global_Threshold_Sklearn,0.9245910493827161,0.856921162433204,1.0,0.9229483510332158,0.856921162433204,0.9229483510331431,0.8569211624330786,0.9245910493827161,58532,68305,9773,0.856921162433204,61295,9773,0,58532,0.009737968444824219,0.009681463241577148,5.650520324707031e-05
Otsu_Thresholding_Sklearn,Adaptive_Threshold_Sklearn,0.531412037037037,0.49078076087047745,0.9990774277318389,0.6582210090891184,0.490558440360046,0.6582210090890813,0.49055844036000484,0.531412037037037,58532,119153,60621,0.49123395969887457,10393,60675,54,58478,0.009737968444824219,0.010600090026855469,0.00086212158203125
Otsu_Thresholding_Sklearn,Otsu_Thresholding_Sklearn,1.0,1.0,1.0,1.0,1.0,0.9999999999999146,0.9999999999998292,1.0,58532,58532,0,1.0,71068,0,0,58532,0.009737968444824219,0.009737968444824219,0.0
Otsu_Thresholding_Sklearn,Niblack_Thresholding_Sklearn,0.5738966049382717,0.5338239803741184,0.4461149456707442,0.48604428229731866,0.3210426015860331,0.4860442822972735,0.3210426015859936,0.5738966049382717,58532,48915,9617,0.8356967129091779,48265,22803,32420,26112,0.009737968444824219,0.01176309585571289,0.002025127410888672
Otsu_Thresholding_Sklearn,Sauvola_Thresholding_Sklearn,0.5123688271604938,0.4808385840678885,1.0,0.6494139053927361,0.4808385840678885,0.6494139053927,0.480838584067849,0.5123688271604938,58532,121729,63197,0.4808385840678885,7871,63197,0,58532,0.009737968444824219,0.011575460433959961,0.0018374919891357422
Otsu_Thresholding_Sklearn,Sobel_Sklearn,0.4478240740740741,0.23483923483923483,0.09857855532016675,0.13886549060191092,0.07461335540267935,0.1388654906018942,0.07461335540266971,0.4478240740740741,58532,24570,33962,0.4197703820132577,52268,18800,52762,5770,0.009737968444824219,0.0019371509552001953,0.0078008174896240234
Otsu_Thresholding_Sklearn,Canny_Sklearn,0.508179012345679,0.21590661138991926,0.033810565160937604,0.05846553812520311,0.030113057106772773,0.05846553812519448,0.030113057106768194,0.508179012345679,58532,9166,49366,0.15659810018451445,63881,7187,56553,1979,0.009737968444824219,0.005351543426513672,0.004386425018310547
Otsu_Thresholding_Sklearn,Global_Threshold_Torch,0.921304012345679,0.8563697226195567,0.9921581357206315,0.9192765839566267,0.8506122568549332,0.919276583956554,0.8506122568548087,0.921304012345679,58532,67813,9281,0.8631383363071977,61328,9740,459,58073,0.009737968444824219,0.004014492034912109,0.005723476409912109
Otsu_Thresholding_Sklearn,Adaptive_Threshold_Torch,0.6514274691358025,0.5679102732273776,0.9541789106813368,0.7120318725099601,0.5528334570650829,0.7120318725099147,0.5528334570650282,0.6514274691358025,58532,98343,39811,0.595182168532585,28575,42493,2682,55850,0.009737968444824219,0.001092672348022461,0.008645296096801758
Otsu_Thresholding_Sklearn,Otsu_Thresholding_Torch,0.9855092592592593,0.982572402044293,0.9853926057541174,0.9839804831445339,0.9684661237511544,0.98398048314445,0.9684661237509918,0.9855092592592593,58532,58700,168,0.997137989778535,70045,1023,855,57677,0.009737968444824219,0.0012722015380859375,0.008465766906738281
Otsu_Thresholding_Sklearn,Niblack_Thresholding_Torch,0.5924382716049382,0.5362096508355098,0.7225620173580264,0.6155917499963611,0.4446605616477243,0.6155917499963163,0.44466056164767753,0.5924382716049382,58532,78874,20342,0.7420949869411974,34487,36581,16239,42293,0.009737968444824219,0.04666423797607422,0.03692626953125
Otsu_Thresholding_Sklearn,Sauvola_Thresholding_Torch,0.5818981481481481,0.5195013820583695,0.9889803867969658,0.6811838079548129,0.5165115594300144,0.6811838079547727,0.5165115594299683,0.5818981481481481,58532,111428,52896,0.5252898732814014,17527,53541,645,57887,0.009737968444824219,0.04645037651062012,0.0367124080657959
Otsu_Thresholding_Sklearn,Sobel_Torch,0.47585648148148146,0.26352609592833054,0.08945534066835235,0.13356972487595822,0.07156427253468188,0.13356972487594118,0.07156427253467211,0.47585648148148146,58532,19869,38663,0.33945534066835237,56435,14633,53296,5236,0.009737968444824219,0.0012564659118652344,0.008481502532958984
Otsu_Thresholding_Sklearn,Canny_Torch,0.4606712962962963,0.25371646513240587,0.10001366773730609,0.14347160100484038,0.07727950786128236,0.1434716010048228,0.07727950786127216,0.4606712962962963,58532,23073,35459,0.3941946285792387,53849,17219,52678,5854,0.009737968444824219,0.0011584758758544922,0.008579492568969727
Niblack_Thresholding_Sklearn,Global_Threshold_CV2,0.5659567901234568,0.44590270302154456,0.6181743841357457,0.5180933452128024,0.3496126719852006,0.5180933452127581,0.3496126719851602,0.5659567901234568,48915,67813,18898,0.7213218704378217,43110,37575,18677,30238,0.01176309585571289,0.00020313262939453125,0.01155996322631836
Niblack_Thresholding_Sklearn,Adaptive_Threshold_CV2,0.5351388888888889,0.4426992202117868,0.8948379842584074,0.592348499201559,0.4208062143688051,0.5923484992015189,0.42080621436876464,0.5351388888888889,48915,98873,49958,0.4947255570277022,25583,55102,5144,43771,0.01176309585571289,0.00036334991455078125,0.01139974594116211
Niblack_Thresholding_Sklearn,Otsu_Thresholding_CV2,0.5750925925925926,0.44748117926219294,0.5358887866707553,0.48771094200606546,0.32249849288271554,0.4877109420060201,0.32249849288267585,0.5750925925925926,48915,58579,9664,0.8350262039297359,48319,32366,22702,26213,0.01176309585571289,0.00016307830810546875,0.011600017547607422
Niblack_Thresholding_Sklearn,Niblack_Thresholding_CV2,0.7070447530864198,0.5694370449298526,0.9177348461617091,0.7028000219179797,0.541782326389727,0.7028000219179248,0.5417823263896616,0.7070447530864198,48915,78834,29919,0.6204810107314103,46742,33943,4024,44891,0.01176309585571289,0.0005869865417480469,0.011176109313964844
Niblack_Thresholding_Sklearn,Sauvola_Thresholding_CV2,0.5009567901234568,0.4292689494233272,0.9777573341510784,0.5966069980664879,0.42511755242082433,0.5966069980664506,0.4251175524207866,0.5009567901234568,48915,111415,62500,0.439034241349908,17097,63588,1088,47827,0.01176309585571289,0.0005671977996826172,0.011195898056030273
Niblack_Thresholding_Sklearn,Sobel_CV2,0.5930941358024692,0.4207797594359187,0.2074005928651743,0.27785005135227664,0.16133905852417302,0.27785005135223856,0.16133905852414737,0.5930941358024692,48915,24110,24805,0.49289583972196666,66720,13965,38770,10145,0.01176309585571289,0.0009746551513671875,0.010788440704345703
Niblack_Thresholding_Sklearn,Canny_CV2,0.5913888888888889,0.3658277442061226,0.11262393948686497,0.17222621690061587,0.09422731548789874,0.17222621690058895,0.09422731548788263,0.5913888888888889,48915,15059,33856,0.30786057446591025,71135,9550,43406,5509,0.01176309585571289,0.00039196014404296875,0.011371135711669922
Niblack_Thresholding_Sklearn,Global_Threshold_Sklearn,0.5603395061728395,0.4409633262572286,0.6157620361852193,0.5139054768810783,0.3458094144661309,0.5139054768810345,0.3458094144660912,0.5603395061728395,48915,68305,19390,0.7161261986677403,42500,38185,18795,30120,0.01176309585571289,0.009681463241577148,0.002081632614135742
Niblack_Thresholding_Sklearn,Adaptive_Threshold_Sklearn,0.4555092592592593,0.40914622376272525,0.9966472452213022,0.5801342313825356,0.4085838564496258,0.5801342313825011,0.40858385644959155,0.4555092592592593,48915,119153,70238,0.410522605389709,10283,70402,164,48751,0.01176309585571289,0.010600090026855469,0.0011630058288574219
Niblack_Thresholding_Sklearn,Otsu_Thresholding_Sklearn,0.5738966049382717,0.4461149456707442,0.5338239803741184,0.48604428229731866,0.3210426015860331,0.4860442822972735,0.3210426015859936,0.5738966049382717,48915,58532,9617,0.8356967129091779,48265,32420,22803,26112,0.01176309585571289,0.009737968444824219,0.002025127410888672
Niblack_Thresholding_Sklearn,Niblack_Thresholding_Sklearn,1.0,1.0,1.0,1.0,1.0,0.9999999999998979,0.9999999999997956,1.0,48915,48915,0,1.0,80685,0,0,48915,0.01176309585571289,0.01176309585571289,0.0
Niblack_Thresholding_Sklearn,Sauvola_Thresholding_Sklearn,0.4381635802469136,0.4018352241454378,1.0,0.5732987974965426,0.4018352241454378,0.5732987974965089,0.4018352241454048,0.4381635802469136,48915,121729,72814,0.4018352241454378,7871,72814,0,48915,0.01176309585571289,0.011575460433959961,0.0001876354217529297
Niblack_Thresholding_Sklearn,Sobel_Sklearn,0.592229938271605,0.41998371998371997,0.21095778391086578,0.2808464312444717,0.16336320172244562,0.2808464312444335,0.16336320172241978,0.592229938271605,48915,24570,24345,0.5022999080036799,66434,14251,38596,10319,0.01176309585571289,0.0019371509552001953,0.009825944900512695
Niblack_Thresholding_Sklearn,Canny_Sklearn,0.6059645061728395,0.38260964433777,0.07169579883471328,0.12076238356777604,0.06426136988309451,0.12076238356775525,0.06426136988308274,0.6059645061728395,48915,9166,39749,0.18738628232648472,75026,5659,45408,3507,0.01176309585571289,0.005351543426513672,0.006411552429199219
Niblack_Thresholding_Sklearn,Global_Threshold_Torch,0.5659567901234568,0.44590270302154456,0.6181743841357457,0.5180933452128024,0.3496126719852006,0.5180933452127581,0.3496126719851602,0.5659567901234568,48915,67813,18898,0.7213218704378217,43110,37575,18677,30238,0.01176309585571289,0.004014492034912109,0.007748603820800781
Niblack_Thresholding_Sklearn,Adaptive_Threshold_Torch,0.5656327160493827,0.4624833490944958,0.9298170295410406,0.6177185619796548,0.4468833516742651,0.6177185619796127,0.44688335167422116,0.5656327160493827,48915,98343,49428,0.49739178182483756,27824,52861,3433,45482,0.01176309585571289,0.001092672348022461,0.01067042350769043
Niblack_Thresholding_Sklearn,Otsu_Thresholding_Torch,0.5755632716049383,0.4481090289608177,0.5377491567003987,0.4888537843237467,0.32349866561719814,0.4888537843237013,0.3234986656171584,0.5755632716049383,48915,58700,9785,0.8333049403747871,48289,32396,22611,26304,0.01176309585571289,0.0012722015380859375,0.010490894317626953
Niblack_Thresholding_Sklearn,Niblack_Thresholding_Torch,0.7127391975308642,0.5740801785125643,0.9256874169477666,0.7086681952280712,0.5487886169993577,0.7086681952280158,0.5487886169992912,0.7127391975308642,48915,78874,29959,0.620166341253138,47091,33594,3635,45280,0.01176309585571289,0.04666423797607422,0.03490114212036133
Niblack_Thresholding_Sklearn,Sauvola_Thresholding_Torch,0.5008564814814814,0.4292188677890656,0.9777573341510784,0.5965586274424203,0.4250684347115077,0.5965586274423831,0.42506843471146993,0.5008564814814814,48915,111428,62513,0.4389830204257458,17084,63601,1088,47827,0.01176309585571289,0.04645037651062012,0.03468728065490723
Niblack_Thresholding_Sklearn,Sobel_Torch,0.6013425925925926,0.4307715536765816,0.1749770009199632,0.24886601535240754,0.1421170610211706,0.24886601535237138,0.14211706102114702,0.6013425925925926,48915,19869,29046,0.4061944188899111,69375,11310,40356,8559,0.01176309585571289,0.0012564659118652344,0.010506629943847656
Niblack_Thresholding_Sklearn,Canny_Torch,0.5953549382716049,0.4235686733411347,0.19979556373300625,0.27151747513474467,0.15708430442819254,0.271517475134707,0.15708430442816732,0.5953549382716049,48915,23073,25842,0.4716957988347133,67385,13300,39142,9773,0.01176309585571289,0.0011584758758544922,0.010604619979858398
Sauvola_Thresholding_Sklearn,Global_Threshold_CV2,0.5837808641975308,0.9998082963443587,0.556974919698675,0.7154087220774288,0.5569154441359596,0.7154087220773909,0.5569154441359139,0.5837808641975308,121729,67813,53916,0.5570817142997971,7858,13,53929,67800,0.011575460433959961,0.00020313262939453125,0.01137232780456543
Sauvola_Thresholding_Sklearn,Adaptive_Threshold_CV2,0.8078240740740741,0.9896331657783217,0.8038183177385833,0.8870998449696739,0.7971064079378268,0.8870998449696337,0.797106407937762,0.8078240740740741,121729,98873,22856,0.8122386612886001,6846,1025,23881,97848,0.011575460433959961,0.00036334991455078125,0.01121211051940918
Sauvola_Thresholding_Sklearn,Otsu_Thresholding_CV2,0.512608024691358,0.9998634322880213,0.481158967871255,0.649677218980855,0.48112734830002385,0.6496772189808189,0.4811273482999843,0.512608024691358,121729,58579,63150,0.48122468762579174,7863,8,63158,58571,0.011575460433959961,0.00016307830810546875,0.011412382125854492
Sauvola_Thresholding_Sklearn,Niblack_Thresholding_CV2,0.6675385802469136,0.9987822513128853,0.646830254089001,0.7851697471617397,0.6463205417607224,0.7851697471617005,0.6463205417606693,0.6675385802469136,121729,78834,42895,0.6476188911434416,7775,96,42991,78738,0.011575460433959961,0.0005869865417480469,0.010988473892211914
Sauvola_Thresholding_Sklearn,Sauvola_Thresholding_CV2,0.9183796296296296,0.9988152403177311,0.914186430513682,0.9546288988779467,0.91319618253584,0.9546288988779057,0.9131961825357651,0.9183796296296296,121729,111415,10314,0.9152708064635379,7739,132,10446,111283,0.011575460433959961,0.0005671977996826172,0.011008262634277344
Sauvola_Thresholding_Sklearn,Sobel_CV2,0.20668981481481483,0.8922853587722936,0.17672863491854857,0.29502396478308274,0.17303701558805076,0.2950239647830625,0.17303701558803686,0.20668981481481483,121729,24110,97619,0.19806291023503028,5274,2597,100216,21513,0.011575460433959961,0.0009746551513671875,0.010600805282592773
Sauvola_Thresholding_Sklearn,Canny_CV2,0.1584722222222222,0.9205790557141909,0.11388411964281313,0.20269321870339504,0.11277608297742527,0.2026932187033802,0.11277608297741609,0.1584722222222222,121729,15059,106670,0.1237092229460523,6675,1196,107866,13863,0.011575460433959961,0.00039196014404296875,0.011183500289916992
Sauvola_Thresholding_Sklearn,Global_Threshold_Sklearn,0.5877777777777777,1.0,0.5611234792038051,0.7188713598619194,0.5611234792038051,0.7188713598618816,0.561123479203759,0.5877777777777777,121729,68305,53424,0.5611234792038051,7871,0,53424,68305,0.011575460433959961,0.009681463241577148,0.0018939971923828125
Sauvola_Thresholding_Sklearn,Adaptive_Threshold_Sklearn,0.9452932098765432,0.9810579674871803,0.960297053290506,0.9705665014405394,0.942816124401142,0.970566501440499,0.942816124401066,0.9452932098765432,121729,119153,2576,0.9788382390391772,5614,2257,4833,116896,0.011575460433959961,0.010600090026855469,0.0009753704071044922
Sauvola_Thresholding_Sklearn,Otsu_Thresholding_Sklearn,0.5123688271604938,1.0,0.4808385840678885,0.6494139053927361,0.4808385840678885,0.6494139053927,0.480838584067849,0.5123688271604938,121729,58532,63197,0.4808385840678885,7871,0,63197,58532,0.011575460433959961,0.009737968444824219,0.0018374919891357422
Sauvola_Thresholding_Sklearn,Niblack_Thresholding_Sklearn,0.4381635802469136,1.0,0.4018352241454378,0.5732987974965426,0.4018352241454378,0.5732987974965089,0.4018352241454048,0.4381635802469136,121729,48915,72814,0.4018352241454378,7871,0,72814,48915,0.011575460433959961,0.01176309585571289,0.0001876354217529297
Sauvola_Thresholding_Sklearn,Sauvola_Thresholding_Sklearn,1.0,1.0,1.0,1.0,1.0,0.9999999999999589,0.9999999999999178,1.0,121729,121729,0,1.0,7871,0,0,121729,0.011575460433959961,0.011575460433959961,0.0
Sauvola_Thresholding_Sklearn,Sobel_Sklearn,0.2090817901234568,0.8912494912494913,0.17989139810562807,0.29935953082386074,0.17602752389450246,0.29935953082384026,0.1760275238944883,0.2090817901234568,121729,24570,97159,0.20184179612089148,5199,2672,99831,21898,0.011575460433959961,0.0019371509552001953,0.009638309478759766
Sauvola_Thresholding_Sklearn,Canny_Sklearn,0.11763117283950618,0.9022474361771765,0.067937796252331,0.1263608235608694,0.06744138634046891,0.12636082356085976,0.06744138634046341,0.11763117283950618,121729,9166,112563,0.07529840876044328,6975,896,113459,8270,0.011575460433959961,0.005351543426513672,0.006223917007446289
Sauvola_Thresholding_Sklearn,Global_Threshold_Torch,0.5837808641975308,0.9998082963443587,0.556974919698675,0.7154087220774288,0.5569154441359596,0.7154087220773909,0.5569154441359139,0.5837808641975308,121729,67813,53916,0.5570817142997971,7858,13,53929,67800,0.011575460433959961,0.004014492034912109,0.0075609683990478516
Sauvola_Thresholding_Sklearn,Adaptive_Threshold_Torch,0.8113271604938271,0.9945801938114558,0.8035061489045339,0.8888909084299684,0.8000032716624953,0.8888909084299279,0.8000032716624299,0.8113271604938271,121729,98343,23386,0.8078847275505426,7338,533,23919,97810,0.011575460433959961,0.001092672348022461,0.0104827880859375
Sauvola_Thresholding_Sklearn,Otsu_Thresholding_Torch,0.5135416666666667,0.9998637137989779,0.4821529791586228,0.6505827777131171,0.4821212942655068,0.6505827777130809,0.4821212942654672,0.5135416666666667,121729,58700,63029,0.48221869891315955,7863,8,63037,58692,0.011575460433959961,0.0012722015380859375,0.010303258895874023
Sauvola_Thresholding_Sklearn,Niblack_Thresholding_Torch,0.6678626543209877,0.9987955473286507,0.6471670678310016,0.785421952812271,0.6466623982138167,0.7854219528122318,0.6466623982137636,0.6678626543209877,121729,78874,42855,0.6479474899161252,7776,95,42950,78779,0.011575460433959961,0.04666423797607422,0.03508877754211426
Sauvola_Thresholding_Sklearn,Sauvola_Thresholding_Torch,0.9184953703703703,0.9988243529453997,0.9143014400841213,0.954695762940851,0.9133185622845889,0.95469576294081,0.9133185622845139,0.9184953703703703,121729,111428,10301,0.91537760106466,7740,131,10432,111297,0.011575460433959961,0.04645037651062012,0.034874916076660156
Sauvola_Thresholding_Sklearn,Sobel_Torch,0.1858179012345679,0.9079470531984498,0.14819804648029639,0.2548058588398141,0.14600430567021155,0.2548058588397961,0.14600430567019976,0.1858179012345679,121729,19869,101860,0.16322322536125328,6042,1829,103689,18040,0.011575460433959961,0.0012564659118652344,0.010318994522094727
Sauvola_Thresholding_Sklearn,Canny_Torch,0.20316358024691358,0.9000130022103757,0.17059205283868265,0.28681924282813775,0.16741913637976072,0.2868192428281179,0.16741913637974723,0.20316358024691358,121729,23073,98656,0.18954398705320835,5564,2307,100963,20766,0.011575460433959961,0.0011584758758544922,0.010416984558105469
Sobel_Sklearn,Global_Threshold_CV2,0.40084104938271603,0.1086222405733414,0.2997964997964998,0.15946656852451208,0.0866414952303657,0.15946656852449484,0.0866414952303555,0.40084104938271603,24570,67813,43243,0.3623199091619601,44583,60447,17204,7366,0.0019371509552001953,0.00020313262939453125,0.001734018325805664
Sobel_Sklearn,Adaptive_Threshold_CV2,0.2505478395061728,0.1330696954679235,0.5354904354904355,0.21316721077744383,0.11929891373338411,0.21316721077742656,0.1192989137333733,0.2505478395061728,24570,98873,74303,0.24850060178208408,19314,85716,11413,13157,0.0019371509552001953,0.00036334991455078125,0.001573801040649414
Sobel_Sklearn,Otsu_Thresholding_CV2,0.44506944444444446,0.09585346284504687,0.22853072853072853,0.13505874995490025,0.07241984161787086,0.135058749954884,0.07241984161786154,0.44506944444444446,24570,58579,34009,0.4194335854145684,52066,52964,18955,5615,0.0019371509552001953,0.00016307830810546875,0.0017740726470947266
Sobel_Sklearn,Niblack_Thresholding_CV2,0.4152777777777778,0.17520359235862698,0.5621489621489622,0.2671463386329349,0.15416555049557995,0.26714633863290904,0.15416555049556277,0.4152777777777778,24570,78834,54264,0.31166755460841766,40008,65022,10758,13812,0.0019371509552001953,0.0005869865417480469,0.0013501644134521484
Sobel_Sklearn,Sauvola_Thresholding_CV2,0.2090354938271605,0.15023111789256383,0.6812372812372812,0.24617421039085194,0.1403641181748807,0.24617421039083381,0.14036411817486893,0.2090354938271605,24570,111415,86845,0.22052685904052416,10353,94677,7832,16738,0.0019371509552001953,0.0005671977996826172,0.0013699531555175781
Sobel_Sklearn,Sobel_CV2,0.9957098765432099,0.9980091248444629,0.9793243793243793,0.9885784716516023,0.9774148996669104,0.9885784716513992,0.9774148996665133,0.9957098765432099,24570,24110,460,0.9812779812779813,104982,48,508,24062,0.0019371509552001953,0.0009746551513671875,0.0009624958038330078
Sobel_Sklearn,Canny_CV2,0.8686805555555556,0.750713858821967,0.4601139601139601,0.5705417749627798,0.39913147860471687,0.5705417749626358,0.39913147860457593,0.8686805555555556,24570,15059,9511,0.6129019129019129,101276,3754,13265,11305,0.0019371509552001953,0.00039196014404296875,0.0015451908111572266
Sobel_Sklearn,Global_Threshold_Sklearn,0.39729166666666665,0.10807407949637654,0.30044770044770047,0.1589663526244953,0.08634625057022212,0.15896635262447817,0.08634625057021203,0.39729166666666665,24570,68305,43735,0.3597101237098309,44107,60923,17188,7382,0.0019371509552001953,0.009681463241577148,0.007744312286376953
Sobel_Sklearn,Adaptive_Threshold_Sklearn,0.20434413580246913,0.17039436690641444,0.8263329263329263,0.2825295881661251,0.16450332198995302,0.28252958816610546,0.1645033219899397,0.20434413580246913,24570,119153,94583,0.2062054669206818,6180,98850,4267,20303,0.0019371509552001953,0.010600090026855469,0.008662939071655273
Sobel_Sklearn,Otsu_Thresholding_Sklearn,0.4478240740740741,0.09857855532016675,0.23483923483923483,0.13886549060191092,0.07461335540267935,0.1388654906018942,0.07461335540266971,0.4478240740740741,24570,58532,33962,0.4197703820132577,52268,52762,18800,5770,0.0019371509552001953,0.009737968444824219,0.0078008174896240234
Sobel_Sklearn,Niblack_Thresholding_Sklearn,0.592229938271605,0.21095778391086578,0.41998371998371997,0.2808464312444717,0.16336320172244562,0.2808464312444335,0.16336320172241978,0.592229938271605,24570,48915,24345,0.5022999080036799,66434,38596,14251,10319,0.0019371509552001953,0.01176309585571289,0.009825944900512695
Sobel_Sklearn,Sauvola_Thresholding_Sklearn,0.2090817901234568,0.17989139810562807,0.8912494912494913,0.29935953082386074,0.17602752389450246,0.29935953082384026,0.1760275238944883,0.2090817901234568,24570,121729,97159,0.20184179612089148,5199,99831,2672,21898,0.0019371509552001953,0.011575460433959961,0.009638309478759766
Sobel_Sklearn,Sobel_Sklearn,1.0,1.0,1.0,1.0,1.0,0.9999999999997966,0.999999999999593,1.0,24570,24570,0,1.0,105030,0,0,24570,0.0019371509552001953,0.0019371509552001953,0.0
Sobel_Sklearn,Canny_Sklearn,0.8752932098765432,0.9586515382936941,0.35763125763125764,0.5209271994308751,0.3521984849092148,0.5209271994307206,0.35219848490907363,0.8752932098765432,24570,9166,15404,0.3730565730565731,104651,379,15783,8787,0.0019371509552001953,0.005351543426513672,0.0034143924713134766
Sobel_Sklearn,Global_Threshold_Torch,0.40084104938271603,0.1086222405733414,0.2997964997964998,0.15946656852451208,0.0866414952303657,0.15946656852449484,0.0866414952303555,0.40084104938271603,24570,67813,43243,0.3623199091619601,44583,60447,17204,7366,0.0019371509552001953,0.004014492034912109,0.002077341079711914
Sobel_Sklearn,Adaptive_Threshold_Torch,0.2556712962962963,0.13446813703059698,0.5382173382173382,0.21517658831856679,0.12055903509011842,0.2151765883185493,0.12055903509010744,0.2556712962962963,24570,98343,73773,0.2498398462524023,19911,85119,11346,13224,0.0019371509552001953,0.001092672348022461,0.0008444786071777344
Sobel_Sklearn,Otsu_Thresholding_Torch,0.4448611111111111,0.0964565587734242,0.23044363044363045,0.13599135342860574,0.0729563962478095,0.13599135342858942,0.0729563962478001,0.4448611111111111,24570,58700,34130,0.41856899488926746,51992,53038,18908,5662,0.0019371509552001953,0.0012722015380859375,0.0006649494171142578
Sobel_Sklearn,Niblack_Thresholding_Torch,0.4147993827160494,0.17497527702411442,0.5617012617012617,0.26683036232164264,0.15395513313923007,0.26683036232161683,0.15395513313921289,0.4147993827160494,24570,78874,54304,0.3115094961584299,39957,65073,10769,13801,0.0019371509552001953,0.04666423797607422,0.04472708702087402
Sobel_Sklearn,Sauvola_Thresholding_Torch,0.20875,0.15010589797896398,0.6807488807488807,0.2459742055030221,0.14023408679321214,0.245974205503004,0.1402340867932004,0.20875,24570,111428,86858,0.2205011307750296,10328,94702,7844,16726,0.0019371509552001953,0.04645037651062012,0.04451322555541992
Sobel_Sklearn,Sobel_Torch,0.9430169753086419,0.9324575972620666,0.7540496540496541,0.8338171425999685,0.7149969126273541,0.8338171425997809,0.7149969126270782,0.9430169753086419,24570,19869,4701,0.8086691086691087,103688,1342,6043,18527,0.0019371509552001953,0.0012564659118652344,0.0006806850433349609
Sobel_Sklearn,Canny_Torch,0.9677237654320988,0.9417934382178303,0.8844118844118845,0.912201162815104,0.8385752325087794,0.9122011628149126,0.8385752325084558,0.9677237654320988,24570,23073,1497,0.9390720390720391,103687,1343,2840,21730,0.0019371509552001953,0.0011584758758544922,0.0007786750793457031
Canny_Sklearn,Global_Threshold_CV2,0.44675154320987653,0.03891584209517349,0.2879118481344098,0.06856415386014368,0.03549905838041431,0.06856415386013477,0.03549905838040954,0.44675154320987653,9166,67813,58647,0.13516582366212967,55260,65174,6527,2639,0.005351543426513672,0.00020313262939453125,0.005148410797119141
Canny_Sklearn,Adaptive_Threshold_CV2,0.2467361111111111,0.052673631830732356,0.5681867772201614,0.09640962985588537,0.050646205910668964,0.09640962985587645,0.05064620591066404,0.2467361111111111,9166,98873,89707,0.09270478290332042,26769,93665,3958,5208,0.005351543426513672,0.00036334991455078125,0.004988193511962891
Canny_Sklearn,Otsu_Thresholding_CV2,0.5063811728395061,0.03219583809897745,0.20576041893955924,0.055679385932541146,0.0286369364855221,0.05567938593253293,0.028636936485517753,0.5063811728395061,9166,58579,49413,0.1564724559995903,63741,56693,7280,1886,0.005351543426513672,0.00016307830810546875,0.005188465118408203
Canny_Sklearn,Niblack_Thresholding_CV2,0.4070061728395062,0.07070553314559708,0.608116953960288,0.12668181818181817,0.0676242933055104,0.1266818181818038,0.0676242933055022,0.4070061728395062,9166,78834,69668,0.11626962985513864,47174,73260,3592,5574,0.005351543426513672,0.0005869865417480469,0.004764556884765625
Canny_Sklearn,Sauvola_Thresholding_CV2,0.17852623456790123,0.06335771664497598,0.7701287366353917,0.1170831225483285,0.06218177974313349,0.1170831225483188,0.06218177974312802,0.17852623456790123,9166,111415,102249,0.08226899430058789,16078,104356,2107,7059,0.005351543426513672,0.0005671977996826172,0.004784345626831055
Canny_Sklearn,Sobel_CV2,0.8783333333333333,0.36308585649108255,0.9550512764564696,0.5261449693472773,0.3569855639833619,0.5261449693471193,0.3569855639832163,0.8783333333333333,9166,24110,14944,0.3801742015761095,105078,15356,412,8754,0.005351543426513672,0.0009746551513671875,0.004376888275146484
Canny_Sklearn,Canny_CV2,0.9242361111111111,0.4783186134537486,0.7858389701069168,0.5946749226006192,0.42315826577370463,0.5946749226003737,0.423158265773456,0.9242361111111111,9166,15059,5893,0.6086725546185006,112578,7856,1963,7203,0.005351543426513672,0.00039196014404296875,0.004959583282470703
Canny_Sklearn,Global_Threshold_Sklearn,0.44381944444444443,0.03945538393968231,0.2940213833733362,0.06957442139639348,0.036040975714132874,0.0695744213963845,0.03604097571412806,0.44381944444444443,9166,68305,59139,0.13419222604494546,54824,65610,6471,2695,0.005351543426513672,0.009681463241577148,0.0043299198150634766
Canny_Sklearn,Adaptive_Threshold_Sklearn,0.12945216049382716,0.06502563930408801,0.8452978398428976,0.12076153960052681,0.06426089192260162,0.1207615396005174,0.06426089192259629,0.12945216049382716,9166,119153,109987,0.07692630483496009,9029,111405,1418,7748,0.005351543426513672,0.010600090026855469,0.005248546600341797
Canny_Sklearn,Otsu_Thresholding_Sklearn,0.508179012345679,0.033810565160937604,0.21590661138991926,0.05846553812520311,0.030113057106772773,0.05846553812519448,0.030113057106768194,0.508179012345679,9166,58532,49366,0.15659810018451445,63881,56553,7187,1979,0.005351543426513672,0.009737968444824219,0.004386425018310547
Canny_Sklearn,Niblack_Thresholding_Sklearn,0.6059645061728395,0.07169579883471328,0.38260964433777,0.12076238356777604,0.06426136988309451,0.12076238356775525,0.06426136988308274,0.6059645061728395,9166,48915,39749,0.18738628232648472,75026,45408,5659,3507,0.005351543426513672,0.01176309585571289,0.006411552429199219
Canny_Sklearn,Sauvola_Thresholding_Sklearn,0.11763117283950618,0.067937796252331,0.9022474361771765,0.1263608235608694,0.06744138634046891,0.12636082356085976,0.06744138634046341,0.11763117283950618,9166,121729,112563,0.07529840876044328,6975,113459,896,8270,0.005351543426513672,0.011575460433959961,0.006223917007446289
Canny_Sklearn,Sobel_Sklearn,0.8752932098765432,0.35763125763125764,0.9586515382936941,0.5209271994308751,0.3521984849092148,0.5209271994307206,0.35219848490907363,0.8752932098765432,9166,24570,15404,0.3730565730565731,104651,15783,379,8787,0.005351543426513672,0.0019371509552001953,0.0034143924713134766
Canny_Sklearn,Canny_Sklearn,1.0,1.0,1.0,1.0,1.0,0.9999999999994544,0.9999999999989089,1.0,9166,9166,0,1.0,120434,0,0,9166,0.005351543426513672,0.005351543426513672,0.0
Canny_Sklearn,Global_Threshold_Torch,0.44675154320987653,0.03891584209517349,0.2879118481344098,0.06856415386014368,0.03549905838041431,0.06856415386013477,0.03549905838040954,0.44675154320987653,9166,67813,58647,0.13516582366212967,55260,65174,6527,2639,0.005351543426513672,0.004014492034912109,0.0013370513916015625
Canny_Sklearn,Adaptive_Threshold_Torch,0.2507638888888889,0.05291683190466022,0.5677503818459524,0.09681049958608116,0.050867504032060994,0.09681049958607216,0.050867504032056025,0.2507638888888889,9166,98343,89177,0.0932043968559023,27295,93139,3962,5204,0.005351543426513672,0.001092672348022461,0.004258871078491211
Canny_Sklearn,Otsu_Thresholding_Torch,0.5058024691358025,0.03252129471890971,0.2082696923412612,0.056257920018860694,0.028943099291962947,0.05625792001885241,0.028943099291958558,0.5058024691358025,9166,58700,49534,0.15614991482112436,63643,56791,7257,1909,0.005351543426513672,0.0012722015380859375,0.004079341888427734
Canny_Sklearn,Niblack_Thresholding_Torch,0.4066358024691358,0.07061896188858179,0.607680558586079,0.12653339391185825,0.06753971141020977,0.12653339391184387,0.06753971141020158,0.4066358024691358,9166,78874,69708,0.11621066511144357,47130,73304,3596,5570,0.005351543426513672,0.04666423797607422,0.04131269454956055
Canny_Sklearn,Sauvola_Thresholding_Torch,0.17830246913580247,0.0632785296334853,0.7692559458869735,0.11693782443570991,0.06209982121310869,0.11693782443570021,0.06209982121310322,0.17830246913580247,9166,111428,102262,0.0822593962020318,16057,104377,2115,7051,0.005351543426513672,0.04645037651062012,0.041098833084106445
Canny_Sklearn,Sobel_Torch,0.8997608024691358,0.40374452664955457,0.8751909229762165,0.5525744790769761,0.38176367010898016,0.5525744790767857,0.38176367010879847,0.8997608024691358,9166,19869,10703,0.46132165685238313,108587,11847,1144,8022,0.005351543426513672,0.0012564659118652344,0.0040950775146484375
Canny_Sklearn,Canny_Torch,0.8829243827160493,0.3698262037879773,0.9309404320314205,0.5293588510809889,0.3599510672403611,0.5293588510808247,0.35995106724020925,0.8829243827160493,9166,23073,13907,0.39726086768083907,105894,14540,633,8533,0.005351543426513672,0.0011584758758544922,0.00419306755065918
Global_Threshold_Torch,Global_Threshold_CV2,1.0,1.0,1.0,1.0,1.0,0.9999999999999262,0.9999999999998526,1.0,67813,67813,0,1.0,61787,0,0,67813,0.004014492034912109,0.00020313262939453125,0.003811359405517578
Global_Threshold_Torch,Adaptive_Threshold_CV2,0.6900925925925926,0.6398207801927726,0.9328742276554642,0.7590439509016954,0.611660623640319,0.7590439509016498,0.61166062364026,0.6900925925925926,67813,98873,31060,0.6858596381216308,26175,35612,4552,63261,0.004014492034912109,0.00036334991455078125,0.003651142120361328
Global_Threshold_Torch,Otsu_Thresholding_CV2,0.92875,1.0,0.8638314187545161,0.9269415785809229,0.8638314187545161,0.9269415785808496,0.8638314187543887,0.92875,67813,58579,9234,0.8638314187545161,61787,0,9234,58579,0.004014492034912109,0.00016307830810546875,0.0038514137268066406
Global_Threshold_Torch,Niblack_Thresholding_CV2,0.6282484567901234,0.6245274881396352,0.7260259832185569,0.6714627643252163,0.5054150883352324,0.6714627643251705,0.5054150883351806,0.6282484567901234,67813,78834,11021,0.8601999137428014,32187,29600,18579,49234,0.004014492034912109,0.0005869865417480469,0.0034275054931640625
Global_Threshold_Torch,Sauvola_Thresholding_CV2,0.6575771604938272,0.6051698604317193,0.9942783832008611,0.7523935992144085,0.6030696850710625,0.7523935992143664,0.6030696850710086,0.6575771604938272,67813,111415,43602,0.608652335861419,17797,43990,388,67425,0.004014492034912109,0.0005671977996826172,0.003447294235229492
Global_Threshold_Torch,Sobel_CV2,0.4027700617283951,0.30116134384073,0.10707386489316208,0.15798004851886904,0.08576456970069217,0.15798004851885186,0.08576456970068204,0.4027700617283951,67813,24110,43703,0.35553654903926973,44938,16849,60552,7261,0.004014492034912109,0.0009746551513671875,0.003039836883544922
Global_Threshold_Torch,Canny_CV2,0.42248456790123456,0.2664851583770503,0.05917744385294855,0.09684815136596196,0.05088829429741691,0.09684815136595028,0.05088829429741046,0.42248456790123456,67813,15059,52754,0.22206656540781267,50741,11046,63800,4013,0.004014492034912109,0.00039196014404296875,0.0036225318908691406
Global_Threshold_Torch,Global_Threshold_Sklearn,0.9779475308641975,0.9754776370690286,0.9825549673366464,0.9790035116590018,0.9588705963619618,0.9790035116589297,0.9588705963618238,0.9779475308641975,67813,68305,492,0.9927970133957983,60112,1675,1183,66630,0.004014492034912109,0.009681463241577148,0.005666971206665039
Global_Threshold_Torch,Adaptive_Threshold_Sklearn,0.5986882716049383,0.5663138989366613,0.9950599442584755,0.7218210797685141,0.564726164970541,0.7218210797684754,0.5647261649704938,0.5986882716049383,67813,119153,51340,0.5691254101869025,10112,51675,335,67478,0.004014492034912109,0.010600090026855469,0.006585597991943359
Global_Threshold_Torch,Otsu_Thresholding_Sklearn,0.921304012345679,0.9921581357206315,0.8563697226195567,0.9192765839566267,0.8506122568549332,0.919276583956554,0.8506122568548087,0.921304012345679,67813,58532,9281,0.8631383363071977,61328,459,9740,58073,0.004014492034912109,0.009737968444824219,0.005723476409912109
Global_Threshold_Torch,Niblack_Thresholding_Sklearn,0.5659567901234568,0.6181743841357457,0.44590270302154456,0.5180933452128024,0.3496126719852006,0.5180933452127581,0.3496126719851602,0.5659567901234568,67813,48915,18898,0.7213218704378217,43110,18677,37575,30238,0.004014492034912109,0.01176309585571289,0.007748603820800781
Global_Threshold_Torch,Sauvola_Thresholding_Sklearn,0.5837808641975308,0.556974919698675,0.9998082963443587,0.7154087220774288,0.5569154441359596,0.7154087220773909,0.5569154441359139,0.5837808641975308,67813,121729,53916,0.5570817142997971,7858,53929,13,67800,0.004014492034912109,0.011575460433959961,0.0075609683990478516
Global_Threshold_Torch,Sobel_Sklearn,0.40084104938271603,0.2997964997964998,0.1086222405733414,0.15946656852451208,0.0866414952303657,0.15946656852449484,0.0866414952303555,0.40084104938271603,67813,24570,43243,0.3623199091619601,44583,17204,60447,7366,0.004014492034912109,0.0019371509552001953,0.002077341079711914
Global_Threshold_Torch,Canny_Sklearn,0.44675154320987653,0.2879118481344098,0.03891584209517349,0.06856415386014368,0.03549905838041431,0.06856415386013477,0.03549905838040954,0.44675154320987653,67813,9166,58647,0.13516582366212967,55260,6527,65174,2639,0.004014492034912109,0.005351543426513672,0.0013370513916015625
Global_Threshold_Torch,Global_Threshold_Torch,1.0,1.0,1.0,1.0,1.0,0.9999999999999262,0.9999999999998526,1.0,67813,67813,0,1.0,61787,0,0,67813,0.004014492034912109,0.004014492034912109,0.0
Global_Threshold_Torch,Adaptive_Threshold_Torch,0.7047993827160494,0.6502648892142806,0.9430197749694011,0.7697465032860685,0.6256812155723189,0.7697465032860221,0.6256812155722578,0.7047993827160494,67813,98343,30530,0.6895559419582482,27393,34394,3864,63949,0.004014492034912109,0.001092672348022461,0.0029218196868896484
Global_Threshold_Torch,Otsu_Thresholding_Torch,0.9296836419753086,1.0,0.8656157373954847,0.9279678768189831,0.8656157373954847,0.9279678768189097,0.865615737395357,0.9296836419753086,67813,58700,9113,0.8656157373954847,61787,0,9113,58700,0.004014492034912109,0.0012722015380859375,0.002742290496826172
Global_Threshold_Torch,Niblack_Thresholding_Torch,0.6288348765432099,0.6249461165910186,0.7268812764514179,0.6720704629585443,0.5061040094460701,0.6720704629584985,0.5061040094460182,0.6288348765432099,67813,78874,11061,0.8597636737074321,32205,29582,18521,49292,0.004014492034912109,0.04666423797607422,0.04264974594116211
Global_Threshold_Torch,Sauvola_Thresholding_Torch,0.6574922839506173,0.6051082313242632,0.9942931296359105,0.7523501877360649,0.6030139068997898,0.7523501877360228,0.6030139068997359,0.6574922839506173,67813,111428,43615,0.6085813260580824,17785,44002,387,67426,0.004014492034912109,0.04645037651062012,0.04243588447570801
Global_Threshold_Torch,Sobel_Torch,0.4286111111111111,0.34299662791282903,0.10049695486116231,0.15544809653064484,0.08427417858953591,0.1554480965306271,0.08427417858952549,0.4286111111111111,67813,19869,47944,0.2929969179950747,48733,13054,60998,6815,0.004014492034912109,0.0012564659118652344,0.002758026123046875
Global_Threshold_Torch,Canny_Torch,0.4151388888888889,0.32696225024920905,0.11124710601212157,0.1660101665823119,0.09051858606704903,0.16601016658229364,0.09051858606703816,0.4151388888888889,67813,23073,44740,0.34024449589311784,46258,15529,60269,7544,0.004014492034912109,0.0011584758758544922,0.002856016159057617
Adaptive_Threshold_Torch,Global_Threshold_CV2,0.7047993827160494,0.9430197749694011,0.6502648892142806,0.7697465032860685,0.6256812155723189,0.7697465032860221,0.6256812155722578,0.7047993827160494,98343,67813,30530,0.6895559419582482,27393,3864,34394,63949,0.001092672348022461,0.00020313262939453125,0.0008895397186279297
Adaptive_Threshold_Torch,Adaptive_Threshold_CV2,0.9381944444444444,0.9568132857301791,0.961969840252992,0.9593846341067662,0.921939715240759,0.9593846341067175,0.9219397152406692,0.9381944444444444,98343,98873,530,0.9946395881585468,26987,4270,3740,94603,0.001092672348022461,0.00036334991455078125,0.0007293224334716797
Adaptive_Threshold_Torch,Otsu_Thresholding_CV2,0.6645216049382716,0.9682992198569453,0.5767771981737388,0.7229324122812607,0.5660878243512975,0.7229324122812146,0.5660878243512409,0.6645216049382716,98343,58579,39764,0.5956600876524003,29400,1857,41621,56722,0.001092672348022461,0.00016307830810546875,0.0009295940399169922
Adaptive_Threshold_Torch,Niblack_Thresholding_CV2,0.8097453703703704,0.9673491133267372,0.7754491931301669,0.8608340811730643,0.7556705015012337,0.8608340811730156,0.7556705015011588,0.8097453703703704,98343,78834,19509,0.80162289130899,28683,2574,22083,76260,0.001092672348022461,0.0005869865417480469,0.0005056858062744141
Adaptive_Threshold_Torch,Sauvola_Thresholding_CV2,0.8857407407407407,0.8748821971906835,0.9911737490212826,0.9294043612162587,0.8681189494402537,0.9294043612162144,0.8681189494401763,0.8857407407407407,98343,111415,13072,0.882672889646816,17317,13940,868,97475,0.001092672348022461,0.0005671977996826172,0.0005254745483398438
Adaptive_Threshold_Torch,Sobel_CV2,0.25503858024691356,0.5372459560348403,0.13171247572272557,0.2115587204886773,0.11829223744292237,0.21155872048866,0.11829223744291158,0.25503858024691356,98343,24110,74233,0.24516233997335854,20100,11157,85390,12953,0.001092672348022461,0.0009746551513671875,0.00011801719665527344
Adaptive_Threshold_Torch,Canny_CV2,0.2544598765432099,0.5571419084932598,0.0853136471329937,0.14796917161954815,0.07989563097550756,0.1479691716195351,0.07989563097549995,0.2544598765432099,98343,15059,83284,0.15312731968721718,24588,6669,89953,8390,0.001092672348022461,0.00039196014404296875,0.0007007122039794922
Adaptive_Threshold_Torch,Global_Threshold_Sklearn,0.6932253086419753,0.928848546958495,0.6451399692911545,0.7614252796313187,0.6147592608741994,0.7614252796312729,0.6147592608741398,0.6932253086419753,98343,68305,30038,0.6945588399784428,26397,4860,34898,63445,0.001092672348022461,0.009681463241577148,0.008588790893554688
Adaptive_Threshold_Torch,Adaptive_Threshold_Sklearn,0.822253086419753,0.8160096682416724,0.9886824685030963,0.8940854084672821,0.8084579182811434,0.894085408467241,0.8084579182810763,0.822253086419753,98343,119153,20810,0.8253505996491906,9334,21923,1113,97230,0.001092672348022461,0.010600090026855469,0.009507417678833008
Adaptive_Threshold_Torch,Otsu_Thresholding_Sklearn,0.6514274691358025,0.9541789106813368,0.5679102732273776,0.7120318725099601,0.5528334570650829,0.7120318725099147,0.5528334570650282,0.6514274691358025,98343,58532,39811,0.595182168532585,28575,2682,42493,55850,0.001092672348022461,0.009737968444824219,0.008645296096801758
Adaptive_Threshold_Torch,Niblack_Thresholding_Sklearn,0.5656327160493827,0.9298170295410406,0.4624833490944958,0.6177185619796548,0.4468833516742651,0.6177185619796127,0.44688335167422116,0.5656327160493827,98343,48915,49428,0.49739178182483756,27824,3433,52861,45482,0.001092672348022461,0.01176309585571289,0.01067042350769043
Adaptive_Threshold_Torch,Sauvola_Thresholding_Sklearn,0.8113271604938271,0.8035061489045339,0.9945801938114558,0.8888909084299684,0.8000032716624953,0.8888909084299279,0.8000032716624299,0.8113271604938271,98343,121729,23386,0.8078847275505426,7338,23919,533,97810,0.001092672348022461,0.011575460433959961,0.0104827880859375
Adaptive_Threshold_Torch,Sobel_Sklearn,0.2556712962962963,0.5382173382173382,0.13446813703059698,0.21517658831856679,0.12055903509011842,0.2151765883185493,0.12055903509010744,0.2556712962962963,98343,24570,73773,0.2498398462524023,19911,11346,85119,13224,0.001092672348022461,0.0019371509552001953,0.0008444786071777344
Adaptive_Threshold_Torch,Canny_Sklearn,0.2507638888888889,0.5677503818459524,0.05291683190466022,0.09681049958608116,0.050867504032060994,0.09681049958607216,0.050867504032056025,0.2507638888888889,98343,9166,89177,0.0932043968559023,27295,3962,93139,5204,0.001092672348022461,0.005351543426513672,0.004258871078491211
Adaptive_Threshold_Torch,Global_Threshold_Torch,0.7047993827160494,0.9430197749694011,0.6502648892142806,0.7697465032860685,0.6256812155723189,0.7697465032860221,0.6256812155722578,0.7047993827160494,98343,67813,30530,0.6895559419582482,27393,3864,34394,63949,0.001092672348022461,0.004014492034912109,0.0029218196868896484
Adaptive_Threshold_Torch,Adaptive_Threshold_Torch,1.0,1.0,1.0,1.0,1.0,0.9999999999999492,0.9999999999998983,1.0,98343,98343,0,1.0,31257,0,0,98343,0.001092672348022461,0.001092672348022461,0.0
Adaptive_Threshold_Torch,Otsu_Thresholding_Torch,0.6651157407407408,0.9679897785349233,0.5777838788729244,0.7236362015498939,0.5669513679631218,0.7236362015498479,0.5669513679630653,0.6651157407407408,98343,58700,39643,0.596890475173627,29378,1879,41522,56821,0.001092672348022461,0.0012722015380859375,0.00017952919006347656
Adaptive_Threshold_Torch,Niblack_Thresholding_Torch,0.8102237654320987,0.9675051347719147,0.7759677862176261,0.8612153461575357,0.7562582998037778,0.8612153461574871,0.7562582998037028,0.8102237654320987,98343,78874,19469,0.8020296309854286,28694,2563,22032,76311,0.001092672348022461,0.04666423797607422,0.04557156562805176
Adaptive_Threshold_Torch,Sauvola_Thresholding_Torch,0.8858564814814814,0.874905768747532,0.9913161079080361,0.9294802427408937,0.868251367093568,0.9294802427408493,0.8682513670934907,0.8858564814814814,98343,111428,13085,0.8825699106149262,17318,13939,854,97489,0.001092672348022461,0.04645037651062012,0.045357704162597656
Adaptive_Threshold_Torch,Sobel_Torch,0.2608179012345679,0.5640444914187931,0.11395828884618123,0.18960849998308124,0.10473342367179103,0.1896084999830652,0.10473342367178125,0.2608179012345679,98343,19869,78474,0.20203776577895732,22595,8662,87136,11207,0.001092672348022461,0.0012564659118652344,0.00016379356384277344
Adaptive_Threshold_Torch,Canny_Torch,0.26371913580246914,0.5632990941793439,0.132159889366808,0.21409039994728865,0.11987751224416385,0.21409039994727103,0.11987751224415279,0.26371913580246914,98343,23073,75270,0.23461761386168817,21181,10076,85346,12997,0.001092672348022461,0.0011584758758544922,6.580352783203125e-05
Otsu_Thresholding_Torch,Global_Threshold_CV2,0.9296836419753086,0.8656157373954847,1.0,0.9279678768189831,0.8656157373954847,0.9279678768189097,0.865615737395357,0.9296836419753086,58700,67813,9113,0.8656157373954847,61787,9113,0,58700,0.0012722015380859375,0.00020313262939453125,0.0010690689086914062
Otsu_Thresholding_Torch,Adaptive_Threshold_CV2,0.6494675925925926,0.5671113448565331,0.9552299829642249,0.7116955315948799,0.5524280548960109,0.7116955315948346,0.5524280548959565,0.6494675925925926,58700,98873,40173,0.5936908964024556,28099,42801,2628,56072,0.0012722015380859375,0.00036334991455078125,0.0009088516235351562
Otsu_Thresholding_Torch,Otsu_Thresholding_CV2,0.9990663580246913,1.0,0.99793867120954,0.9989682722397019,0.99793867120954,0.9989682722396167,0.9979386712093701,0.9990663580246913,58700,58579,121,0.99793867120954,70900,0,121,58579,0.0012722015380859375,0.00016307830810546875,0.0011091232299804688
Otsu_Thresholding_Torch,Niblack_Thresholding_CV2,0.6045987654320988,0.547289240682954,0.7350085178875639,0.6274084953538761,0.45709775503501465,0.6274084953538305,0.45709775503496625,0.6045987654320988,58700,78834,20134,0.7446025826420073,35211,35689,15555,43145,0.0012722015380859375,0.0005869865417480469,0.0006852149963378906
Otsu_Thresholding_Torch,Sauvola_Thresholding_CV2,0.5923379629629629,0.5263294888480007,0.9989948892674617,0.689427740058196,0.5260509177027827,0.6894277400581553,0.5260509177027355,0.5923379629629629,58700,111415,52715,0.5268590405241664,18126,52774,59,58641,0.0012722015380859375,0.0005671977996826172,0.0007050037384033203
Otsu_Thresholding_Torch,Sobel_CV2,0.447037037037037,0.23114890087100787,0.0949403747870528,0.13459727086100712,0.07215453733314345,0.13459727086099088,0.07215453733313411,0.447037037037037,58700,24110,34590,0.41073253833049406,52363,18537,53127,5573,0.0012722015380859375,0.0009746551513671875,0.00029754638671875
Otsu_Thresholding_Torch,Canny_CV2,0.47968364197530866,0.21004050733780463,0.053884156729131175,0.08576580485093345,0.04480423820046461,0.08576580485092182,0.04480423820045827,0.47968364197530866,58700,15059,43641,0.256541737649063,59004,11896,55537,3163,0.0012722015380859375,0.00039196014404296875,0.0008802413940429688
Otsu_Thresholding_Torch,Global_Threshold_Sklearn,0.9212577160493827,0.8549886538320767,0.9948892674616695,0.9196488327231211,0.8512499088987683,0.9196488327230488,0.8512499088986443,0.9212577160493827,58700,68305,9605,0.8593807188346387,60995,9905,300,58400,0.0012722015380859375,0.009681463241577148,0.008409261703491211
Otsu_Thresholding_Torch,Adaptive_Threshold_Sklearn,0.5311805555555555,0.4913598482623182,0.9973935264054514,0.6583751750040764,0.49072972021524486,0.6583751750040393,0.4907297202152037,0.5311805555555555,58700,119153,60453,0.4926439116094433,10294,60606,153,58547,0.0012722015380859375,0.010600090026855469,0.009327888488769531
Otsu_Thresholding_Torch,Otsu_Thresholding_Sklearn,0.9855092592592593,0.9853926057541174,0.982572402044293,0.9839804831445339,0.9684661237511544,0.98398048314445,0.9684661237509918,0.9855092592592593,58700,58532,168,0.997137989778535,70045,855,1023,57677,0.0012722015380859375,0.009737968444824219,0.008465766906738281
Otsu_Thresholding_Torch,Niblack_Thresholding_Sklearn,0.5755632716049383,0.5377491567003987,0.4481090289608177,0.4888537843237467,0.32349866561719814,0.4888537843237013,0.3234986656171584,0.5755632716049383,58700,48915,9785,0.8333049403747871,48289,22611,32396,26304,0.0012722015380859375,0.01176309585571289,0.010490894317626953
Otsu_Thresholding_Torch,Sauvola_Thresholding_Sklearn,0.5135416666666667,0.4821529791586228,0.9998637137989779,0.6505827777131171,0.4821212942655068,0.6505827777130809,0.4821212942654672,0.5135416666666667,58700,121729,63029,0.48221869891315955,7863,63037,8,58692,0.0012722015380859375,0.011575460433959961,0.010303258895874023
Otsu_Thresholding_Torch,Sobel_Sklearn,0.4448611111111111,0.23044363044363045,0.0964565587734242,0.13599135342860574,0.0729563962478095,0.13599135342858942,0.0729563962478001,0.4448611111111111,58700,24570,34130,0.41856899488926746,51992,18908,53038,5662,0.0012722015380859375,0.0019371509552001953,0.0006649494171142578
Otsu_Thresholding_Torch,Canny_Sklearn,0.5058024691358025,0.2082696923412612,0.03252129471890971,0.056257920018860694,0.028943099291962947,0.05625792001885241,0.028943099291958558,0.5058024691358025,58700,9166,49534,0.15614991482112436,63643,7257,56791,1909,0.0012722015380859375,0.005351543426513672,0.004079341888427734
Otsu_Thresholding_Torch,Global_Threshold_Torch,0.9296836419753086,0.8656157373954847,1.0,0.9279678768189831,0.8656157373954847,0.9279678768189097,0.865615737395357,0.9296836419753086,58700,67813,9113,0.8656157373954847,61787,9113,0,58700,0.0012722015380859375,0.004014492034912109,0.002742290496826172
Otsu_Thresholding_Torch,Adaptive_Threshold_Torch,0.6651157407407408,0.5777838788729244,0.9679897785349233,0.7236362015498939,0.5669513679631218,0.7236362015498479,0.5669513679630653,0.6651157407407408,58700,98343,39643,0.596890475173627,29378,41522,1879,56821,0.0012722015380859375,0.001092672348022461,0.00017952919006347656
Otsu_Thresholding_Torch,Otsu_Thresholding_Torch,1.0,1.0,1.0,1.0,1.0,0.9999999999999148,0.9999999999998297,1.0,58700,58700,0,1.0,70900,0,0,58700,0.0012722015380859375,0.0012722015380859375,0.0
Otsu_Thresholding_Torch,Niblack_Thresholding_Torch,0.6053703703703703,0.5478991809721835,0.7362010221465076,0.6282437088403332,0.45798492989539946,0.6282437088402875,0.45798492989535095,0.6053703703703703,58700,78874,20174,0.7442249664021097,35241,35659,15485,43215,0.0012722015380859375,0.04666423797607422,0.04539203643798828
Otsu_Thresholding_Torch,Sauvola_Thresholding_Torch,0.5922067901234568,0.526250134616075,0.9989608177172061,0.6893515470704411,0.5259622025491304,0.6893515470704005,0.5259622025490832,0.5922067901234568,58700,111428,52728,0.5267975733208888,18111,52789,61,58639,0.0012722015380859375,0.04645037651062012,0.04517817497253418
Otsu_Thresholding_Torch,Sobel_Torch,0.474483024691358,0.26327444763198954,0.08911413969335605,0.13315684302969363,0.07132727917314352,0.1331568430296767,0.0713272791731338,0.474483024691358,58700,19869,38831,0.33848381601362865,56262,14638,53469,5231,0.0012722015380859375,0.0012564659118652344,1.5735626220703125e-05
Otsu_Thresholding_Torch,Canny_Torch,0.4588503086419753,0.25224288128981925,0.09914821124361159,0.1423452728895846,0.07662633470698985,0.1423452728895672,0.07662633470697976,0.4588503086419753,58700,23073,35627,0.3930664395229983,53647,17253,52880,5820,0.0012722015380859375,0.0011584758758544922,0.00011372566223144531
Niblack_Thresholding_Torch,Global_Threshold_CV2,0.6288348765432099,0.7268812764514179,0.6249461165910186,0.6720704629585443,0.5061040094460701,0.6720704629584985,0.5061040094460182,0.6288348765432099,78874,67813,11061,0.8597636737074321,32205,18521,29582,49292,0.04666423797607422,0.00020313262939453125,0.04646110534667969
Niblack_Thresholding_Torch,Adaptive_Threshold_CV2,0.7764429012345679,0.7523489729248632,0.9431117985647995,0.8369986553922147,0.71968846749226,0.8369986553921677,0.7196884674921904,0.7764429012345679,78874,98873,19999,0.797730421854298,26240,24486,4487,74387,0.04666423797607422,0.00036334991455078125,0.04630088806152344
Niblack_Thresholding_Torch,Otsu_Thresholding_CV2,0.6046373456790124,0.735878045033203,0.546529908461597,0.6272253061046321,0.45690331333601847,0.6272253061045865,0.45690331333597006,0.6046373456790124,78874,58579,20295,0.742690874052286,35254,15472,35767,43107,0.04666423797607422,0.00016307830810546875,0.04650115966796875
Niblack_Thresholding_Torch,Niblack_Thresholding_CV2,0.9713271604938272,0.9766851865946166,0.9761898724548014,0.9764374667106298,0.9539597581524433,0.9764374667105677,0.9539597581523251,0.9713271604938272,78874,78834,40,0.9994928620331162,48888,1838,1878,76996,0.04666423797607422,0.0005869865417480469,0.04607725143432617
Niblack_Thresholding_Torch,Sauvola_Thresholding_CV2,0.7486805555555556,0.7077951801822017,0.9998098232624185,0.8288340366495173,0.7076999012833168,0.8288340366494737,0.7076999012832534,0.7486805555555556,78874,111415,32541,0.7079298119642777,18170,32556,15,78859,0.04666423797607422,0.0005671977996826172,0.0460970401763916
Niblack_Thresholding_Torch,Sobel_CV2,0.41433641975308644,0.56163417669017,0.1716788802393691,0.26297288899246485,0.15139250695973971,0.2629728889924393,0.1513925069597228,0.41433641975308644,78874,24110,54764,0.30567740953926514,40157,10569,65333,13541,0.04666423797607422,0.0009746551513671875,0.04568958282470703
Niblack_Thresholding_Torch,Canny_CV2,0.40628858024691356,0.564048077561591,0.1076907472677942,0.18085230962494545,0.09941595758377322,0.18085230962492618,0.09941595758376158,0.40628858024691356,78874,15059,63815,0.19092476608261277,44161,6565,70380,8494,0.04666423797607422,0.00039196014404296875,0.04627227783203125
Niblack_Thresholding_Torch,Global_Threshold_Sklearn,0.6156867283950618,0.7127735890491179,0.6172629763927276,0.6615889495104601,0.4943092402505762,0.661588949510415,0.494309240250526,0.6156867283950618,78874,68305,10569,0.8660014707001039,31107,19619,30188,48686,0.04666423797607422,0.009681463241577148,0.03698277473449707
Niblack_Thresholding_Torch,Adaptive_Threshold_Sklearn,0.671658950617284,0.6524132837612145,0.9855846032913254,0.7851151610638953,0.6462465707872641,0.7851151610638556,0.6462465707872104,0.671658950617284,78874,119153,40279,0.6619556368702425,9310,41416,1137,77737,0.04666423797607422,0.010600090026855469,0.03606414794921875
Niblack_Thresholding_Torch,Otsu_Thresholding_Sklearn,0.5924382716049382,0.7225620173580264,0.5362096508355098,0.6155917499963611,0.4446605616477243,0.6155917499963163,0.44466056164767753,0.5924382716049382,78874,58532,20342,0.7420949869411974,34487,16239,36581,42293,0.04666423797607422,0.009737968444824219,0.03692626953125
Niblack_Thresholding_Torch,Niblack_Thresholding_Sklearn,0.7127391975308642,0.9256874169477666,0.5740801785125643,0.7086681952280712,0.5487886169993577,0.7086681952280158,0.5487886169992912,0.7127391975308642,78874,48915,29959,0.620166341253138,47091,3635,33594,45280,0.04666423797607422,0.01176309585571289,0.03490114212036133
Niblack_Thresholding_Torch,Sauvola_Thresholding_Sklearn,0.6678626543209877,0.6471670678310016,0.9987955473286507,0.785421952812271,0.6466623982138167,0.7854219528122318,0.6466623982137636,0.6678626543209877,78874,121729,42855,0.6479474899161252,7776,42950,95,78779,0.04666423797607422,0.011575460433959961,0.03508877754211426
Niblack_Thresholding_Torch,Sobel_Sklearn,0.4147993827160494,0.5617012617012617,0.17497527702411442,0.26683036232164264,0.15395513313923007,0.26683036232161683,0.15395513313921289,0.4147993827160494,78874,24570,54304,0.3115094961584299,39957,10769,65073,13801,0.04666423797607422,0.0019371509552001953,0.04472708702087402
Niblack_Thresholding_Torch,Canny_Sklearn,0.4066358024691358,0.607680558586079,0.07061896188858179,0.12653339391185825,0.06753971141020977,0.12653339391184387,0.06753971141020158,0.4066358024691358,78874,9166,69708,0.11621066511144357,47130,3596,73304,5570,0.04666423797607422,0.005351543426513672,0.04131269454956055
Niblack_Thresholding_Torch,Global_Threshold_Torch,0.6288348765432099,0.7268812764514179,0.6249461165910186,0.6720704629585443,0.5061040094460701,0.6720704629584985,0.5061040094460182,0.6288348765432099,78874,67813,11061,0.8597636737074321,32205,18521,29582,49292,0.04666423797607422,0.004014492034912109,0.04264974594116211
Niblack_Thresholding_Torch,Adaptive_Threshold_Torch,0.8102237654320987,0.7759677862176261,0.9675051347719147,0.8612153461575357,0.7562582998037778,0.8612153461574871,0.7562582998037028,0.8102237654320987,78874,98343,19469,0.8020296309854286,28694,22032,2563,76311,0.04666423797607422,0.001092672348022461,0.04557156562805176
Niblack_Thresholding_Torch,Otsu_Thresholding_Torch,0.6053703703703703,0.7362010221465076,0.5478991809721835,0.6282437088403332,0.45798492989539946,0.6282437088402875,0.45798492989535095,0.6053703703703703,78874,58700,20174,0.7442249664021097,35241,15485,35659,43215,0.04666423797607422,0.0012722015380859375,0.04539203643798828
Niblack_Thresholding_Torch,Niblack_Thresholding_Torch,1.0,1.0,1.0,1.0,1.0,0.9999999999999365,0.9999999999998732,1.0,78874,78874,0,1.0,50726,0,0,78874,0.04666423797607422,0.04666423797607422,0.0
Niblack_Thresholding_Torch,Sauvola_Thresholding_Torch,0.7484567901234568,0.7076408084144021,0.9997083956690418,0.8286933400594844,0.7074947734879005,0.8286933400594408,0.7074947734878371,0.7484567901234568,78874,111428,32554,0.707847219729332,18149,32577,23,78851,0.04666423797607422,0.04645037651062012,0.00021386146545410156
Niblack_Thresholding_Torch,Sobel_Torch,0.4140354938271605,0.5738084453168252,0.14454699901108095,0.23092269831785545,0.13053284788532435,0.23092269831783208,0.13053284788530942,0.4140354938271605,78874,19869,59005,0.25190810660040064,42258,8468,67473,11401,0.04666423797607422,0.0012564659118652344,0.045407772064208984
Niblack_Thresholding_Torch,Canny_Torch,0.4165817901234568,0.5707103540935292,0.16694981869817685,0.2583303088859898,0.14832336475968416,0.2583303088859644,0.14832336475966745,0.4165817901234568,78874,23073,55801,0.29252985774780027,40821,9905,65706,13168,0.04666423797607422,0.0011584758758544922,0.04550576210021973
Sauvola_Thresholding_Torch,Global_Threshold_CV2,0.6574922839506173,0.9942931296359105,0.6051082313242632,0.7523501877360649,0.6030139068997898,0.7523501877360228,0.6030139068997359,0.6574922839506173,111428,67813,43615,0.6085813260580824,17785,387,44002,67426,0.04645037651062012,0.00020313262939453125,0.046247243881225586
Sauvola_Thresholding_Torch,Adaptive_Threshold_CV2,0.8783256172839506,0.9837468267373297,0.8729044764332125,0.9250169994436546,0.8604945370902818,0.9250169994436105,0.8604945370902056,0.8783256172839506,111428,98873,12555,0.887326345263309,16565,1607,14162,97266,0.04645037651062012,0.00036334991455078125,0.046087026596069336
Sauvola_Thresholding_Torch,Otsu_Thresholding_CV2,0.5913348765432099,0.9990269550521518,0.525200129231432,0.6884657690565683,0.5249316051486748,0.6884657690565277,0.5249316051486277,0.5913348765432099,111428,58579,52849,0.525711670316258,18115,57,52906,58522,0.04645037651062012,0.00016307830810546875,0.04628729820251465
Sauvola_Thresholding_Torch,Niblack_Thresholding_CV2,0.7480555555555556,0.9996321384174341,0.7072279857845425,0.8283840178280476,0.7070439721148066,0.8283840178280041,0.7070439721147432,0.7480555555555556,111428,78834,32594,0.7074882435294539,18143,29,32623,78805,0.04645037651062012,0.0005869865417480469,0.04586338996887207
Sauvola_Thresholding_Torch,Sauvola_Thresholding_CV2,0.9986496913580247,0.9992729883767895,0.9991564059302869,0.999214693753001,0.9984306199499592,0.9992146937529561,0.9984306199498697,0.9986496913580247,111428,111415,13,0.9998833327350397,18091,81,94,111334,0.04645037651062012,0.0005671977996826172,0.0458831787109375
Sauvola_Thresholding_Torch,Sobel_CV2,0.20728395061728394,0.6802571547075902,0.14718921635495566,0.2420133099204651,0.13766504108715177,0.24201330992044723,0.13766504108714023,0.20728395061728394,111428,24110,87318,0.2163729044764332,10463,7709,95027,16401,0.04645037651062012,0.0009746551513671875,0.04547572135925293
Sauvola_Thresholding_Torch,Canny_CV2,0.20460648148148147,0.7770768311308852,0.10501848727429372,0.18503087273790983,0.1019471185259398,0.1850308727378952,0.10194711852593093,0.20460648148148147,111428,15059,96369,0.13514556484905052,14815,3357,99726,11702,0.04645037651062012,0.00039196014404296875,0.04605841636657715
Sauvola_Thresholding_Torch,Global_Threshold_Sklearn,0.6505324074074074,0.9841300051240759,0.6032684782998887,0.7480095474954516,0.597456271331058,0.7480095474954099,0.597456271331005,0.6505324074074074,111428,68305,43123,0.6129967333165811,17088,1084,44207,67221,0.04645037651062012,0.009681463241577148,0.03676891326904297
Sauvola_Thresholding_Torch,Adaptive_Threshold_Sklearn,0.905162037037037,0.9160071504704036,0.9795114333919661,0.9466955213135514,0.8987861919035541,0.9466955213135103,0.8987861919034802,0.905162037037037,111428,119153,7725,0.9351673898265256,8164,10008,2283,109145,0.04645037651062012,0.010600090026855469,0.03585028648376465
Sauvola_Thresholding_Torch,Otsu_Thresholding_Sklearn,0.5818981481481481,0.9889803867969658,0.5195013820583695,0.6811838079548129,0.5165115594300144,0.6811838079547727,0.5165115594299683,0.5818981481481481,111428,58532,52896,0.5252898732814014,17527,645,53541,57887,0.04645037651062012,0.009737968444824219,0.0367124080657959
Sauvola_Thresholding_Torch,Niblack_Thresholding_Sklearn,0.5008564814814814,0.9777573341510784,0.4292188677890656,0.5965586274424203,0.4250684347115077,0.5965586274423831,0.42506843471146993,0.5008564814814814,111428,48915,62513,0.4389830204257458,17084,1088,63601,47827,0.04645037651062012,0.01176309585571289,0.03468728065490723
Sauvola_Thresholding_Torch,Sauvola_Thresholding_Sklearn,0.9184953703703703,0.9143014400841213,0.9988243529453997,0.954695762940851,0.9133185622845889,0.95469576294081,0.9133185622845139,0.9184953703703703,111428,121729,10301,0.91537760106466,7740,10432,131,111297,0.04645037651062012,0.011575460433959961,0.034874916076660156
Sauvola_Thresholding_Torch,Sobel_Sklearn,0.20875,0.6807488807488807,0.15010589797896398,0.2459742055030221,0.14023408679321214,0.245974205503004,0.1402340867932004,0.20875,111428,24570,86858,0.2205011307750296,10328,7844,94702,16726,0.04645037651062012,0.0019371509552001953,0.04451322555541992
Sauvola_Thresholding_Torch,Canny_Sklearn,0.17830246913580247,0.7692559458869735,0.0632785296334853,0.11693782443570991,0.06209982121310869,0.11693782443570021,0.06209982121310322,0.17830246913580247,111428,9166,102262,0.0822593962020318,16057,2115,104377,7051,0.04645037651062012,0.005351543426513672,0.041098833084106445
Sauvola_Thresholding_Torch,Global_Threshold_Torch,0.6574922839506173,0.9942931296359105,0.6051082313242632,0.7523501877360649,0.6030139068997898,0.7523501877360228,0.6030139068997359,0.6574922839506173,111428,67813,43615,0.6085813260580824,17785,387,44002,67426,0.04645037651062012,0.004014492034912109,0.04243588447570801
Sauvola_Thresholding_Torch,Adaptive_Threshold_Torch,0.8858564814814814,0.9913161079080361,0.874905768747532,0.9294802427408937,0.868251367093568,0.9294802427408493,0.8682513670934907,0.8858564814814814,111428,98343,13085,0.8825699106149262,17318,854,13939,97489,0.04645037651062012,0.001092672348022461,0.045357704162597656
Sauvola_Thresholding_Torch,Otsu_Thresholding_Torch,0.5922067901234568,0.9989608177172061,0.526250134616075,0.6893515470704411,0.5259622025491304,0.6893515470704005,0.5259622025490832,0.5922067901234568,111428,58700,52728,0.5267975733208888,18111,61,52789,58639,0.04645037651062012,0.0012722015380859375,0.04517817497253418
Sauvola_Thresholding_Torch,Niblack_Thresholding_Torch,0.7484567901234568,0.9997083956690418,0.7076408084144021,0.8286933400594844,0.7074947734879005,0.8286933400594408,0.7074947734878371,0.7484567901234568,111428,78874,32554,0.707847219729332,18149,23,32577,78851,0.04645037651062012,0.04666423797607422,0.00021386146545410156
Sauvola_Thresholding_Torch,Sauvola_Thresholding_Torch,1.0,1.0,1.0,1.0,1.0,0.999999999999955,0.9999999999999103,1.0,111428,111428,0,1.0,18172,0,0,111428,0.04645037651062012,0.04645037651062012,0.0
Sauvola_Thresholding_Torch,Sobel_Torch,0.20164351851851853,0.700337208717097,0.1248788455325412,0.21196219258627386,0.11854458094085976,0.2119621925862577,0.11854458094084966,0.20164351851851853,111428,19869,91559,0.17831245288437378,12218,5954,97513,13915,0.04645037651062012,0.0012564659118652344,0.04519391059875488
Sauvola_Thresholding_Torch,Canny_Torch,0.21008487654320987,0.6962250249209032,0.14416484187098397,0.23886811250473974,0.13563329027246554,0.23886811250472195,0.13563329027245408,0.21008487654320987,111428,23073,88355,0.2070664464945974,11163,7009,95364,16064,0.04645037651062012,0.0011584758758544922,0.045291900634765625
Sobel_Torch,Global_Threshold_CV2,0.4286111111111111,0.10049695486116231,0.34299662791282903,0.15544809653064484,0.08427417858953591,0.1554480965306271,0.08427417858952549,0.4286111111111111,19869,67813,47944,0.2929969179950747,48733,60998,13054,6815,0.0012564659118652344,0.00020313262939453125,0.0010533332824707031
Sobel_Torch,Adaptive_Threshold_CV2,0.25256172839506175,0.11061664964145924,0.5504554834163773,0.1842145155042024,0.10145169519039006,0.18421451550418688,0.10145169519038065,0.25256172839506175,19869,98873,79004,0.20095476014685507,21795,87936,8932,10937,0.0012564659118652344,0.00036334991455078125,0.0008931159973144531
Sobel_Torch,Otsu_Thresholding_CV2,0.47469135802469137,0.08849587736219465,0.26090895364638383,0.13216398123597797,0.07075780738152435,0.13216398123596113,0.0707578073815147,0.47469135802469137,19869,58579,38710,0.33918298366308747,56336,53395,14685,5184,0.0012564659118652344,0.00016307830810546875,0.0010933876037597656
Sobel_Torch,Niblack_Thresholding_CV2,0.41425154320987656,0.14454423218408302,0.5735064673612159,0.2308947043149651,0.13051495853759107,0.23089470431494172,0.1305149585375761,0.41425154320987656,19869,78834,58965,0.25203592358626986,42292,67439,8474,11395,0.0012564659118652344,0.0005869865417480469,0.0006694793701171875
Sobel_Torch,Sauvola_Thresholding_CV2,0.2018672839506173,0.1249652201229637,0.7007398459912426,0.21210505469059443,0.11863395847001985,0.21210505469057825,0.11863395847000975,0.2018672839506173,19869,111415,91546,0.17833325853789886,12239,97492,5946,13923,0.0012564659118652344,0.0005671977996826172,0.0006892681121826172
Sobel_Torch,Sobel_CV2,0.9462114197530864,0.7674823724595603,0.9313000150988978,0.8414925305259329,0.7263591756624141,0.8414925305257416,0.7263591756621289,0.9462114197530864,19869,24110,4241,0.8240978846951472,104125,5606,1365,18504,0.0012564659118652344,0.0009746551513671875,0.0002818107604980469
Sobel_Torch,Canny_CV2,0.8758796296296296,0.6256059499302743,0.4741557199657758,0.5394525881814017,0.36934959030854275,0.5394525881812473,0.3693495903083979,0.8758796296296296,19869,15059,4810,0.7579143389199255,104093,5638,10448,9421,0.0012564659118652344,0.00039196014404296875,0.0008645057678222656
Sobel_Torch,Global_Threshold_Sklearn,0.42483024691358023,0.0997877168582095,0.34304695757209724,0.15460339782702384,0.08377787064578775,0.1546033978270063,0.08377787064577746,0.42483024691358023,19869,68305,48436,0.29088646511968375,48242,61489,13053,6816,0.0012564659118652344,0.009681463241577148,0.008424997329711914
Sobel_Torch,Adaptive_Threshold_Sklearn,0.18399691358024692,0.13960202428810017,0.8371835522673512,0.2393002546359569,0.13591201751805732,0.23930025463593965,0.1359120175180462,0.18399691358024692,19869,119153,99284,0.16675199113744513,7212,102519,3235,16634,0.0012564659118652344,0.010600090026855469,0.009343624114990234
Sobel_Torch,Otsu_Thresholding_Sklearn,0.47585648148148146,0.08945534066835235,0.26352609592833054,0.13356972487595822,0.07156427253468188,0.13356972487594118,0.07156427253467211,0.47585648148148146,19869,58532,38663,0.33945534066835237,56435,53296,14633,5236,0.0012564659118652344,0.009737968444824219,0.008481502532958984
Sobel_Torch,Niblack_Thresholding_Sklearn,0.6013425925925926,0.1749770009199632,0.4307715536765816,0.24886601535240754,0.1421170610211706,0.24886601535237138,0.14211706102114702,0.6013425925925926,19869,48915,29046,0.4061944188899111,69375,40356,11310,8559,0.0012564659118652344,0.01176309585571289,0.010506629943847656
Sobel_Torch,Sauvola_Thresholding_Sklearn,0.1858179012345679,0.14819804648029639,0.9079470531984498,0.2548058588398141,0.14600430567021155,0.2548058588397961,0.14600430567019976,0.1858179012345679,19869,121729,101860,0.16322322536125328,6042,103689,1829,18040,0.0012564659118652344,0.011575460433959961,0.010318994522094727
Sobel_Torch,Sobel_Sklearn,0.9430169753086419,0.7540496540496541,0.9324575972620666,0.8338171425999685,0.7149969126273541,0.8338171425997809,0.7149969126270782,0.9430169753086419,19869,24570,4701,0.8086691086691087,103688,6043,1342,18527,0.0012564659118652344,0.0019371509552001953,0.0006806850433349609
Sobel_Torch,Canny_Sklearn,0.8997608024691358,0.8751909229762165,0.40374452664955457,0.5525744790769761,0.38176367010898016,0.5525744790767857,0.38176367010879847,0.8997608024691358,19869,9166,10703,0.46132165685238313,108587,1144,11847,8022,0.0012564659118652344,0.005351543426513672,0.0040950775146484375
Sobel_Torch,Global_Threshold_Torch,0.4286111111111111,0.10049695486116231,0.34299662791282903,0.15544809653064484,0.08427417858953591,0.1554480965306271,0.08427417858952549,0.4286111111111111,19869,67813,47944,0.2929969179950747,48733,60998,13054,6815,0.0012564659118652344,0.004014492034912109,0.002758026123046875
Sobel_Torch,Adaptive_Threshold_Torch,0.2608179012345679,0.11395828884618123,0.5640444914187931,0.18960849998308124,0.10473342367179103,0.1896084999830652,0.10473342367178125,0.2608179012345679,19869,98343,78474,0.20203776577895732,22595,87136,8662,11207,0.0012564659118652344,0.001092672348022461,0.00016379356384277344
Sobel_Torch,Otsu_Thresholding_Torch,0.474483024691358,0.08911413969335605,0.26327444763198954,0.13315684302969363,0.07132727917314352,0.1331568430296767,0.0713272791731338,0.474483024691358,19869,58700,38831,0.33848381601362865,56262,53469,14638,5231,0.0012564659118652344,0.0012722015380859375,1.5735626220703125e-05
Sobel_Torch,Niblack_Thresholding_Torch,0.4140354938271605,0.14454699901108095,0.5738084453168252,0.23092269831785545,0.13053284788532435,0.23092269831783208,0.13053284788530942,0.4140354938271605,19869,78874,59005,0.25190810660040064,42258,67473,8468,11401,0.0012564659118652344,0.04666423797607422,0.045407772064208984
Sobel_Torch,Sauvola_Thresholding_Torch,0.20164351851851853,0.1248788455325412,0.700337208717097,0.21196219258627386,0.11854458094085976,0.2119621925862577,0.11854458094084966,0.20164351851851853,19869,111428,91559,0.17831245288437378,12218,97513,5954,13915,0.0012564659118652344,0.04645037651062012,0.04519391059875488
Sobel_Torch,Sobel_Torch,1.0,1.0,1.0,1.0,1.0,0.9999999999997484,0.9999999999994966,1.0,19869,19869,0,1.0,109731,0,0,19869,0.0012564659118652344,0.0012564659118652344,0.0
Sobel_Torch,Canny_Torch,0.9752777777777778,0.8611363931868418,1.0,0.9253877322900657,0.8611363931868418,0.9253877322898503,0.8611363931864685,0.9752777777777778,19869,23073,3204,0.8611363931868418,106527,3204,0,19869,0.0012564659118652344,0.0011584758758544922,9.799003601074219e-05
Canny_Torch,Global_Threshold_CV2,0.4151388888888889,0.11124710601212157,0.32696225024920905,0.1660101665823119,0.09051858606704903,0.16601016658229364,0.09051858606703816,0.4151388888888889,23073,67813,44740,0.34024449589311784,46258,60269,15529,7544,0.0011584758758544922,0.00020313262939453125,0.0009553432464599609
Canny_Torch,Adaptive_Threshold_CV2,0.2556635802469136,0.12885216388700657,0.5521605339574395,0.2089449428435537,0.11666025676244896,0.20894494284353657,0.11666025676243827,0.2556635802469136,23073,98873,75800,0.2333599668261305,20394,86133,10333,12740,0.0011584758758544922,0.00036334991455078125,0.0007951259613037109
Canny_Torch,Otsu_Thresholding_CV2,0.4589969135802469,0.09848239130063674,0.2500325055259394,0.14130701023857345,0.07602493312072532,0.14130701023855616,0.07602493312071532,0.4589969135802469,23073,58579,35506,0.39387835231055496,53717,52810,17304,5769,0.0011584758758544922,0.00016307830810546875,0.0009953975677490234
Canny_Torch,Niblack_Thresholding_CV2,0.4168595679012346,0.16700915848491768,0.5706236726910241,0.2583924558666235,0.14836434117262595,0.25839245586659815,0.14836434117260924,0.4168595679012346,23073,78834,55761,0.29267828601872287,40859,65668,9907,13166,0.0011584758758544922,0.0005869865417480469,0.0005714893341064453
Canny_Torch,Sauvola_Thresholding_CV2,0.2102932098765432,0.14424449131625006,0.696528409829671,0.23899530069597288,0.13571531114620367,0.2389953006959551,0.1357153111461922,0.2102932098765432,23073,111415,88342,0.20709060718933717,11183,95344,7002,16071,0.0011584758758544922,0.0005671977996826172,0.000591278076171875
Canny_Torch,Sobel_CV2,0.9708873456790124,0.9002488593944421,0.9407099206865167,0.9200347582815844,0.8519114530182903,0.9200347582813896,0.8519114530179559,0.9708873456790124,23073,24110,1037,0.9569888013272501,104122,2405,1368,21705,0.0011584758758544922,0.0009746551513671875,0.0001838207244873047
Canny_Torch,Canny_CV2,0.8682716049382716,0.699249618168537,0.4563775841893122,0.5522920381831533,0.38149409463082384,0.5522920381830084,0.3814940946306856,0.8682716049382716,23073,15059,8014,0.6526676201620942,101998,4529,12543,10530,0.0011584758758544922,0.00039196014404296875,0.0007665157318115234
Canny_Torch,Global_Threshold_Sklearn,0.41141975308641976,0.11051899568113609,0.3271789537554718,0.16522576550154305,0.09005236851209009,0.16522576550152496,0.09005236851207934,0.41141975308641976,23073,68305,45232,0.33779371934704633,45771,60756,15524,7549,0.0011584758758544922,0.009681463241577148,0.008522987365722656
Canny_Torch,Adaptive_Threshold_Sklearn,0.20021604938271606,0.16186751487583192,0.8359121050578598,0.27121623331880246,0.15688268165512978,0.27121623331878336,0.156882681655117,0.20021604938271606,23073,119153,96080,0.19364178828900658,6661,99866,3786,19287,0.0011584758758544922,0.010600090026855469,0.009441614151000977
Canny_Torch,Otsu_Thresholding_Sklearn,0.4606712962962963,0.10001366773730609,0.25371646513240587,0.14347160100484038,0.07727950786128236,0.1434716010048228,0.07727950786127216,0.4606712962962963,23073,58532,35459,0.3941946285792387,53849,52678,17219,5854,0.0011584758758544922,0.009737968444824219,0.008579492568969727
Canny_Torch,Niblack_Thresholding_Sklearn,0.5953549382716049,0.19979556373300625,0.4235686733411347,0.27151747513474467,0.15708430442819254,0.271517475134707,0.15708430442816732,0.5953549382716049,23073,48915,25842,0.4716957988347133,67385,39142,13300,9773,0.0011584758758544922,0.01176309585571289,0.010604619979858398
Canny_Torch,Sauvola_Thresholding_Sklearn,0.20316358024691358,0.17059205283868265,0.9000130022103757,0.28681924282813775,0.16741913637976072,0.2868192428281179,0.16741913637974723,0.20316358024691358,23073,121729,98656,0.18954398705320835,5564,100963,2307,20766,0.0011584758758544922,0.011575460433959961,0.010416984558105469
Canny_Torch,Sobel_Sklearn,0.9677237654320988,0.8844118844118845,0.9417934382178303,0.912201162815104,0.8385752325087794,0.9122011628149126,0.8385752325084558,0.9677237654320988,23073,24570,1497,0.9390720390720391,103687,2840,1343,21730,0.0011584758758544922,0.0019371509552001953,0.0007786750793457031
Canny_Torch,Canny_Sklearn,0.8829243827160493,0.9309404320314205,0.3698262037879773,0.5293588510809889,0.3599510672403611,0.5293588510808247,0.35995106724020925,0.8829243827160493,23073,9166,13907,0.39726086768083907,105894,633,14540,8533,0.0011584758758544922,0.005351543426513672,0.00419306755065918
Canny_Torch,Global_Threshold_Torch,0.4151388888888889,0.11124710601212157,0.32696225024920905,0.1660101665823119,0.09051858606704903,0.16601016658229364,0.09051858606703816,0.4151388888888889,23073,67813,44740,0.34024449589311784,46258,60269,15529,7544,0.0011584758758544922,0.004014492034912109,0.002856016159057617
Canny_Torch,Adaptive_Threshold_Torch,0.26371913580246914,0.132159889366808,0.5632990941793439,0.21409039994728865,0.11987751224416385,0.21409039994727103,0.11987751224415279,0.26371913580246914,23073,98343,75270,0.23461761386168817,21181,85346,10076,12997,0.0011584758758544922,0.001092672348022461,6.580352783203125e-05
Canny_Torch,Otsu_Thresholding_Torch,0.4588503086419753,0.09914821124361159,0.25224288128981925,0.1423452728895846,0.07662633470698985,0.1423452728895672,0.07662633470697976,0.4588503086419753,23073,58700,35627,0.3930664395229983,53647,52880,17253,5820,0.0011584758758544922,0.0012722015380859375,0.00011372566223144531
Canny_Torch,Niblack_Thresholding_Torch,0.4165817901234568,0.16694981869817685,0.5707103540935292,0.2583303088859898,0.14832336475968416,0.2583303088859644,0.14832336475966745,0.4165817901234568,23073,78874,55801,0.29252985774780027,40821,65706,9905,13168,0.0011584758758544922,0.04666423797607422,0.04550576210021973
Canny_Torch,Sauvola_Thresholding_Torch,0.21008487654320987,0.14416484187098397,0.6962250249209032,0.23886811250473974,0.13563329027246554,0.23886811250472195,0.13563329027245408,0.21008487654320987,23073,111428,88355,0.2070664464945974,11163,95364,7009,16064,0.0011584758758544922,0.04645037651062012,0.045291900634765625
Canny_Torch,Sobel_Torch,0.9752777777777778,1.0,0.8611363931868418,0.9253877322900657,0.8611363931868418,0.9253877322898503,0.8611363931864685,0.9752777777777778,23073,19869,3204,0.8611363931868418,106527,0,3204,19869,0.0011584758758544922,0.0012564659118652344,9.799003601074219e-05
Canny_Torch,Canny_Torch,1.0,1.0,1.0,1.0,1.0,0.9999999999997834,0.9999999999995666,1.0,23073,23073,0,1.0,106527,0,0,23073,0.0011584758758544922,0.0011584758758544922,0.0
