method1,method2,accuracy,precision,recall,f1_score,jaccard,dice_coefficient,intersection_over_union,pixel_agreement,area1,area2,area_difference,area_ratio,true_negative,false_positive,false_negative,true_positive,time1,time2,time_diff
Global_Threshold_CV2,Global_Threshold_CV2,1.0,1.0,1.0,1.0,1.0,0.9999999999999805,0.999999999999961,1.0,256790,256790,0,1.0,191560,0,0,256790,0.0009493827819824219,0.0009493827819824219,0.0
Global_Threshold_CV2,Adaptive_Threshold_CV2,0.6422460131593621,0.668140064680661,0.745803964328829,0.7048390866148108,0.5442096648613013,0.7048390866147978,0.5442096648612859,0.6422460131593621,256790,286639,29849,0.8958655312082445,96436,95124,65275,191515,0.0009493827819824219,0.0015308856964111328,0.0005815029144287109
Global_Threshold_CV2,Otsu_Thresholding_CV2,0.9151957176313148,0.871029673147633,1.0,0.9310698655914953,0.871029673147633,0.9310698655914784,0.8710296731476035,0.9151957176313148,256790,294812,38022,0.871029673147633,153538,38022,0,256790,0.0009493827819824219,0.0008966922760009766,5.269050598144531e-05
Global_Threshold_CV2,Niblack_Thresholding_CV2,0.6810393665662986,0.7269181065428613,0.7097238989057206,0.7182181097366337,0.5603278648203261,0.7182181097366195,0.5603278648203089,0.6810393665662986,256790,250716,6074,0.9763464309357841,123094,68466,74540,182250,0.0009493827819824219,0.002545595169067383,0.001596212387084961
Global_Threshold_CV2,Sauvola_Thresholding_CV2,0.6941942678710828,0.6533739658195016,0.9927294676583979,0.7880714857625117,0.6502623517017787,0.7880714857624995,0.650262351701762,0.6941942678710828,256790,390164,133374,0.6581591330824986,56319,135241,1867,254923,0.0009493827819824219,0.0026171207427978516,0.0016677379608154297
Global_Threshold_CV2,Sobel_CV2,0.49047619047619045,0.5976356634540532,0.337828575879123,0.43165392452238727,0.2752287465576974,0.43165392452237655,0.2752287465576887,0.49047619047619045,256790,145157,111633,0.565275127536119,133154,58406,170039,86751,0.0009493827819824219,0.004088878631591797,0.003139495849609375
Global_Threshold_CV2,Canny_CV2,0.4900390320062451,0.6238026124818578,0.27616729623427705,0.3828436466698158,0.23673879515819976,0.3828436466698054,0.23673879515819182,0.4900390320062451,256790,113685,143105,0.4427158378441528,148792,42768,185873,70917,0.0009493827819824219,0.001729726791381836,0.0007803440093994141
Global_Threshold_CV2,Global_Threshold_Sklearn,0.9096933199509312,0.8898706205096593,0.9612952217765489,0.9242050128137689,0.8590902763276954,0.9242050128137516,0.8590902763276654,0.9096933199509312,256790,277401,20611,0.9256996189631617,161010,30550,9939,246851,0.0009493827819824219,0.033127546310424805,0.03217816352844238
Global_Threshold_CV2,Adaptive_Threshold_Sklearn,0.6164737370357979,0.6100011929027473,0.9160208730869582,0.732327320502363,0.5776943309944766,0.7323273205023516,0.5776943309944624,0.6164737370357979,256790,385614,128824,0.6659249923498628,41171,150389,21565,235225,0.0009493827819824219,0.039739370346069336,0.038789987564086914
Global_Threshold_CV2,Otsu_Thresholding_Sklearn,0.8760298873647819,0.8256636022271138,0.9932785544608435,0.9017482455675169,0.8210760801684233,0.901748245567501,0.8210760801683967,0.8760298873647819,256790,308920,52130,0.8312508092710087,137704,53856,1726,255064,0.0009493827819824219,0.03482985496520996,0.03388047218322754
Global_Threshold_CV2,Niblack_Thresholding_Sklearn,0.6025404260064682,0.8163171664318777,0.3949024494723315,0.5322992533102371,0.362675602987039,0.5322992533102231,0.362675602987026,0.6025404260064682,256790,124225,132565,0.48376104988512014,168742,22818,155383,101407,0.0009493827819824219,0.042832374572753906,0.041882991790771484
Global_Threshold_CV2,Sauvola_Thresholding_Sklearn,0.5985435485669678,0.5879177113026754,0.9999454807430196,0.7404739418494835,0.5878988664488551,0.7404739418494728,0.5878988664488416,0.5985435485669678,256790,436755,179965,0.5879497658870534,11581,179979,14,256776,0.0009493827819824219,0.04125809669494629,0.04030871391296387
Global_Threshold_CV2,Sobel_Sklearn,0.492501394000223,0.5982521310968851,0.34682035904824954,0.4390901673088348,0.281303992141429,0.43909016730882394,0.2813039921414201,0.492501394000223,256790,148867,107923,0.5797227306359282,131753,59807,167730,89060,0.0009493827819824219,0.0074918270111083984,0.0065424442291259766
Global_Threshold_CV2,Canny_Sklearn,0.4720307795249247,0.6312795092794832,0.18796292690525332,0.2896752878478255,0.16936859170052845,0.2896752878478168,0.16936859170052251,0.4720307795249247,256790,76459,180331,0.2977491335332373,163368,28192,208523,48267,0.0009493827819824219,0.018695592880249023,0.0177462100982666
Global_Threshold_CV2,Global_Threshold_Torch,0.9999799263967882,1.0,0.9999649519062269,0.9999824756460158,0.9999649519062269,0.9999824756459963,0.9999649519061878,0.9999799263967882,256790,256781,9,0.9999649519062269,191560,0,9,256781,0.0009493827819824219,0.01045989990234375,0.009510517120361328
Global_Threshold_CV2,Adaptive_Threshold_Torch,0.6562953050072488,0.6795995606640409,0.7566026714435921,0.7160368249194732,0.5576770726890709,0.71603682491946,0.5576770726890548,0.6562953050072488,256790,285886,29096,0.8982251666748284,99962,91598,62502,194288,0.0009493827819824219,0.007790327072143555,0.006840944290161133
Global_Threshold_CV2,Otsu_Thresholding_Torch,0.9139043158246906,0.8693223557928306,1.0,0.9300935743895571,0.8693223557928306,0.9300935743895402,0.869322355792801,0.9139043158246906,256790,295391,38601,0.8693223557928306,152959,38601,0,256790,0.0009493827819824219,0.007857799530029297,0.006908416748046875
Global_Threshold_CV2,Niblack_Thresholding_Torch,0.6804639232742278,0.7260537466547725,0.7099770240274154,0.7179253938814004,0.5599716197912028,0.7179253938813863,0.5599716197911855,0.6804639232742278,256790,251104,5686,0.9778573932006698,122771,68789,74475,182315,0.0009493827819824219,0.16301989555358887,0.16207051277160645
Global_Threshold_CV2,Sauvola_Thresholding_Torch,0.6939957622393219,0.6532171069994593,0.9927684099848125,0.7879696412868608,0.6501236834723179,0.7879696412868485,0.6501236834723012,0.6939957622393219,256790,390273,133483,0.6579753147155966,56220,135340,1857,254933,0.0009493827819824219,0.16325926780700684,0.16230988502502441
Global_Threshold_CV2,Sobel_Torch,0.4942232630757221,0.5997567960874737,0.35148564975271623,0.4432222470481068,0.2847048952284219,0.44322224704809593,0.2847048952284129,0.4942232630757221,256790,150491,106299,0.586046964445656,131327,60233,166532,90258,0.0009493827819824219,0.007185697555541992,0.00623631477355957
Global_Threshold_CV2,Canny_Torch,0.4198126463700234,0.4761018090149963,0.12944429300206395,0.20354738263417502,0.11330517747394901,0.20354738263416877,0.11330517747394514,0.4198126463700234,256790,69817,186973,0.27188364032867324,154983,36577,223550,33240,0.0009493827819824219,0.007955074310302734,0.0070056915283203125
Adaptive_Threshold_CV2,Global_Threshold_CV2,0.6422460131593621,0.745803964328829,0.668140064680661,0.7048390866148108,0.5442096648613013,0.7048390866147978,0.5442096648612859,0.6422460131593621,286639,256790,29849,0.8958655312082445,96436,65275,95124,191515,0.0015308856964111328,0.0009493827819824219,0.0005815029144287109
Adaptive_Threshold_CV2,Adaptive_Threshold_CV2,1.0,1.0,1.0,1.0,1.0,0.9999999999999826,0.999999999999965,1.0,286639,286639,0,1.0,161711,0,0,286639,0.0015308856964111328,0.0015308856964111328,0.0
Adaptive_Threshold_CV2,Otsu_Thresholding_CV2,0.6024556707929073,0.6838459764188703,0.7033446251207965,0.6934582621751446,0.5307585989021838,0.6934582621751326,0.5307585989021698,0.6024556707929073,286639,294812,8173,0.9722772478732209,68505,93206,85033,201606,0.0015308856964111328,0.0008966922760009766,0.0006341934204101562
Adaptive_Threshold_CV2,Niblack_Thresholding_CV2,0.8056674473067915,0.8978804703329664,0.7853537027410785,0.837855793655963,0.7209568219522038,0.8378557936559474,0.7209568219521806,0.8056674473067915,286639,250716,35923,0.8746751139935598,136108,25603,61526,225113,0.0015308856964111328,0.002545595169067383,0.00101470947265625
Adaptive_Threshold_CV2,Sauvola_Thresholding_CV2,0.7553986840637894,0.7267918106232251,0.989286175293662,0.8379631886974497,0.7211158721883861,0.8379631886974372,0.7211158721883677,0.7553986840637894,286639,390164,103525,0.7346628597205278,55115,106596,3071,283568,0.0015308856964111328,0.0026171207427978516,0.0010862350463867188
Adaptive_Threshold_CV2,Sobel_CV2,0.3774551131928181,0.5259064323456671,0.2663245406242696,0.3535882685342152,0.2147629671099458,0.35358826853420705,0.21476296710993975,0.3774551131928181,286639,145157,141482,0.5064105024089535,92893,68818,210300,76339,0.0015308856964111328,0.004088878631591797,0.002557992935180664
Adaptive_Threshold_CV2,Canny_CV2,0.38685402029664323,0.5516119101024761,0.2187769284710036,0.31329623005365653,0.18574466698655862,0.3132962300536487,0.18574466698655312,0.38685402029664323,286639,113685,172954,0.396613859244555,110736,50975,223929,62710,0.0015308856964111328,0.001729726791381836,0.00019884109497070312
Adaptive_Threshold_CV2,Global_Threshold_Sklearn,0.5561503289840526,0.6579644629976099,0.6367591290787367,0.647188142684916,0.47840218075068147,0.6471881426849044,0.4784021807506689,0.5561503289840526,286639,277401,9238,0.9677713081611364,66830,94881,104119,182520,0.0015308856964111328,0.033127546310424805,0.03159666061401367
Adaptive_Threshold_CV2,Adaptive_Threshold_Sklearn,0.6774015835842534,0.6841245390468188,0.920349289524454,0.784847371450927,0.6458837787217373,0.7848473714509153,0.6458837787217215,0.6774015835842534,286639,385614,98975,0.7433314143158702,39905,121806,22831,263808,0.0015308856964111328,0.039739370346069336,0.0382084846496582
Adaptive_Threshold_CV2,Otsu_Thresholding_Sklearn,0.5525749972119995,0.6392528810047908,0.688943235219213,0.6631685525699385,0.49607491942594595,0.6631685525699273,0.4960749194259335,0.5525749972119995,286639,308920,22281,0.927874530622815,50269,111442,89161,197478,0.0015308856964111328,0.03482985496520996,0.03329896926879883
Adaptive_Threshold_CV2,Niblack_Thresholding_Sklearn,0.5073402475744396,0.7646608975649024,0.33139244834094456,0.46239144826511935,0.3007211736325244,0.4623914482651081,0.3007211736325148,0.5073402475744396,286639,124225,162414,0.4333848499331912,132476,29235,191649,94990,0.0015308856964111328,0.042832374572753906,0.04130148887634277
Adaptive_Threshold_CV2,Sauvola_Thresholding_Sklearn,0.6557823129251701,0.6514682144451694,0.9926492905710668,0.786658446157972,0.6483404806066599,0.7866584461579611,0.6483404806066452,0.6557823129251701,286639,436755,150116,0.6562924293940539,9488,152223,2107,284532,0.0015308856964111328,0.04125809669494629,0.039727210998535156
Adaptive_Threshold_CV2,Sobel_Sklearn,0.3776736924277908,0.5255899561353423,0.2729670421680232,0.35931996344482053,0.2190067261373274,0.35931996344481226,0.21900672613732128,0.3776736924277908,286639,148867,137772,0.5193536120346498,91087,70624,208396,78243,0.0015308856964111328,0.0074918270111083984,0.005960941314697266
Adaptive_Threshold_CV2,Canny_Sklearn,0.3708977361436378,0.5299572319805386,0.14136248033240417,0.22319043343670303,0.1256130300268462,0.2231904334366969,0.12561303002684232,0.3708977361436378,286639,76459,210180,0.26674318567954813,125772,35939,246119,40520,0.0015308856964111328,0.018695592880249023,0.01716470718383789
Adaptive_Threshold_CV2,Global_Threshold_Torch,0.6422660867625739,0.7458301042522617,0.668140064680661,0.7048507600014722,0.5442235830692943,0.7048507600014592,0.5442235830692788,0.6422660867625739,286639,256781,29858,0.8958341328290986,96445,65266,95124,191515,0.0015308856964111328,0.01045989990234375,0.008929014205932617
Adaptive_Threshold_CV2,Adaptive_Threshold_Torch,0.917834281253485,0.9368874306541768,0.9344262295081968,0.9356552115628138,0.8790903302459614,0.9356552115627975,0.8790903302459325,0.917834281253485,286639,285886,753,0.9973730022781269,143668,18043,18796,267843,0.0015308856964111328,0.007790327072143555,0.006259441375732422
Adaptive_Threshold_CV2,Otsu_Thresholding_Torch,0.6017843202854912,0.6829761231723377,0.703829555643161,0.6932460526089721,0.5305100122276714,0.6932460526089601,0.5305100122276574,0.6017843202854912,286639,295391,8752,0.9703714737415832,68065,93646,84894,201745,0.0015308856964111328,0.007857799530029297,0.006326913833618164
Adaptive_Threshold_CV2,Niblack_Thresholding_Torch,0.8060421545667448,0.8976001975277176,0.7863235637858073,0.8382852031546668,0.7215929464194243,0.8382852031546512,0.7215929464194011,0.8060421545667448,286639,251104,35535,0.8760287330056273,135998,25713,61248,225391,0.0015308856964111328,0.16301989555358887,0.16148900985717773
Adaptive_Threshold_CV2,Sauvola_Thresholding_Torch,0.7552135608341697,0.7266221337371532,0.9893315285079839,0.8378666650908833,0.7209729210258027,0.8378666650908709,0.7209729210257844,0.7552135608341697,286639,390273,103634,0.7344576744996452,55019,106692,3058,283581,0.0015308856964111328,0.16325926780700684,0.1617283821105957
Adaptive_Threshold_CV2,Sobel_Torch,0.37982825917252144,0.5285233003967015,0.277484920056238,0.3639100496419829,0.2224266762119958,0.3639100496419746,0.22242667621198955,0.37982825917252144,286639,150491,136148,0.5250192751160868,90758,70953,207101,79538,0.0015308856964111328,0.007185697555541992,0.005654811859130859
Adaptive_Threshold_CV2,Canny_Torch,0.36649492583918813,0.518670237907673,0.12633312284790277,0.20317795183697288,0.11307627933700554,0.20317795183696716,0.113076279337002,0.36649492583918813,286639,69817,216822,0.24357118186987814,128106,33605,250427,36212,0.0015308856964111328,0.007955074310302734,0.0064241886138916016
Otsu_Thresholding_CV2,Global_Threshold_CV2,0.9151957176313148,1.0,0.871029673147633,0.9310698655914953,0.871029673147633,0.9310698655914784,0.8710296731476035,0.9151957176313148,294812,256790,38022,0.871029673147633,153538,0,38022,256790,0.0008966922760009766,0.0009493827819824219,5.269050598144531e-05
Otsu_Thresholding_CV2,Adaptive_Threshold_CV2,0.6024556707929073,0.7033446251207965,0.6838459764188703,0.6934582621751446,0.5307585989021838,0.6934582621751326,0.5307585989021698,0.6024556707929073,294812,286639,8173,0.9722772478732209,68505,85033,93206,201606,0.0008966922760009766,0.0015308856964111328,0.0006341934204101562
Otsu_Thresholding_CV2,Otsu_Thresholding_CV2,1.0,1.0,1.0,1.0,1.0,0.999999999999983,0.999999999999966,1.0,294812,294812,0,1.0,153538,0,0,294812,0.0008966922760009766,0.0008966922760009766,0.0
Otsu_Thresholding_CV2,Niblack_Thresholding_CV2,0.6501840080294413,0.7751559533496067,0.6592133291724895,0.7124987168394656,0.553396510091576,0.7124987168394525,0.5533965100915601,0.6501840080294413,294812,250716,44096,0.8504267126168541,97166,56372,100468,194344,0.0008966922760009766,0.002545595169067383,0.0016489028930664062
Otsu_Thresholding_CV2,Sauvola_Thresholding_CV2,0.7347206423553028,0.7253847100193764,0.9599982361640639,0.826361799537502,0.7041026776495993,0.82636179953749,0.7041026776495818,0.7347206423553028,294812,390164,95352,0.7556104612419393,46393,107145,11793,283019,0.0008966922760009766,0.0026171207427978516,0.001720428466796875
Otsu_Thresholding_CV2,Sobel_CV2,0.5101170960187353,0.758936875245424,0.3736788190440009,0.5007852825994559,0.3340317279353798,0.5007852825994444,0.33403172793536967,0.5101170960187353,294812,145157,149655,0.49237140957627235,118546,34992,184647,110165,0.0008966922760009766,0.004088878631591797,0.0031921863555908203
Otsu_Thresholding_CV2,Canny_CV2,0.47431470949035354,0.7600211109645072,0.29307830074759506,0.4230288104931003,0.2682539879662459,0.42302881049308994,0.26825398796623756,0.47431470949035354,294812,113685,181127,0.38561863153467296,126256,27282,208409,86403,0.0008966922760009766,0.001729726791381836,0.0008330345153808594
Otsu_Thresholding_CV2,Global_Threshold_Sklearn,0.9257655849224936,0.9713915955602179,0.9140231740906068,0.9418345965575756,0.8900636833273878,0.9418345965575591,0.8900636833273584,0.9257655849224936,294812,277401,17411,0.9409420240695765,145602,7936,25347,269465,0.0008966922760009766,0.033127546310424805,0.03223085403442383
Otsu_Thresholding_CV2,Adaptive_Threshold_Sklearn,0.6504828816772611,0.6790728552386583,0.8882270735248226,0.7696942797600327,0.6256122093051036,0.7696942797600214,0.6256122093050887,0.6504828816772611,294812,385614,90802,0.7645261842153034,29784,123754,32952,261860,0.0008966922760009766,0.039739370346069336,0.03884267807006836
Otsu_Thresholding_CV2,Otsu_Thresholding_Sklearn,0.9482279469164715,0.9395960119124692,0.9845596515745628,0.9615524769268483,0.9259519191506738,0.9615524769268324,0.9259519191506441,0.9482279469164715,294812,308920,14108,0.9543312184384306,134878,18660,4552,290260,0.0008966922760009766,0.03482985496520996,0.033933162689208984
Otsu_Thresholding_CV2,Niblack_Thresholding_Sklearn,0.5504784208765473,0.8754035017106058,0.3688689741258836,0.5190329254934528,0.35046891617519094,0.5190329254934405,0.35046891617517967,0.5504784208765473,294812,124225,170587,0.421370229162992,138060,15478,186065,108747,0.0008966922760009766,0.042832374572753906,0.04193568229675293
Otsu_Thresholding_CV2,Sauvola_Thresholding_Sklearn,0.6830801828928292,0.6748360064567092,0.9997489925783211,0.8057717201568687,0.6747216874337555,0.8057717201568577,0.6747216874337401,0.6830801828928292,294812,436755,141943,0.6750054378312784,11521,142017,74,294738,0.0008966922760009766,0.04125809669494629,0.04036140441894531
Otsu_Thresholding_CV2,Sobel_Sklearn,0.5143682390989183,0.7588854480845318,0.38320353309905975,0.5092555653975058,0.3416115824932115,0.5092555653974944,0.34161158249320117,0.5143682390989183,294812,148867,145945,0.5049557005820658,117644,35894,181839,112973,0.0008966922760009766,0.0074918270111083984,0.006595134735107422
Otsu_Thresholding_CV2,Canny_Sklearn,0.4433567525370804,0.7958513713231928,0.20640272444812288,0.32779290599050287,0.19602410919364346,0.32779290599049404,0.19602410919363714,0.4433567525370804,294812,76459,218353,0.2593483304614466,137929,15609,233962,60850,0.0008966922760009766,0.018695592880249023,0.017798900604248047
Otsu_Thresholding_CV2,Global_Threshold_Torch,0.915175644028103,1.0,0.8709991452179694,0.9310524245231538,0.8709991452179694,0.931052424523137,0.8709991452179399,0.915175644028103,294812,256781,38031,0.8709991452179694,153538,0,38031,256781,0.0008966922760009766,0.01045989990234375,0.009563207626342773
Otsu_Thresholding_CV2,Adaptive_Threshold_Torch,0.6197033567525371,0.7174048396913455,0.6956840291439969,0.706377497425512,0.546046080691796,0.7063774974254998,0.5460460806917815,0.6197033567525371,294812,285886,8926,0.9697230777580288,72748,80790,89716,205096,0.0008966922760009766,0.007790327072143555,0.006893634796142578
Otsu_Thresholding_CV2,Otsu_Thresholding_Torch,0.9987085981933758,0.9980398861170449,1.0,0.9990189816046343,0.9980398861170449,0.9990189816046174,0.998039886117011,0.9987085981933758,294812,295391,579,0.9980398861170449,152959,579,0,294812,0.0008966922760009766,0.007857799530029297,0.00696110725402832
Otsu_Thresholding_CV2,Niblack_Thresholding_Torch,0.650090331214453,0.7746471581496113,0.6598001438204686,0.7126261183039149,0.5535502377639094,0.7126261183039018,0.5535502377638937,0.650090331214453,294812,251104,43708,0.8517428055845759,96951,56587,100295,194517,0.0008966922760009766,0.16301989555358887,0.1621232032775879
Otsu_Thresholding_CV2,Sauvola_Thresholding_Torch,0.7346068919371027,0.725256423067955,0.9600966039374246,0.8263149828123517,0.7040347032735793,0.8263149828123397,0.7040347032735618,0.7346068919371027,294812,390273,95461,0.7553994255303339,46313,107225,11764,283048,0.0008966922760009766,0.16325926780700684,0.16236257553100586
Otsu_Thresholding_CV2,Sobel_Torch,0.5162640794022527,0.7589158155637215,0.3873994274317192,0.5129541009155564,0.344948398184196,0.5129541009155448,0.34494839818418555,0.5162640794022527,294812,150491,144321,0.5104642958902623,117257,36281,180602,114210,0.0008966922760009766,0.007185697555541992,0.006289005279541016
Otsu_Thresholding_CV2,Canny_Torch,0.38703468272554925,0.6431528137846083,0.15231062507631982,0.24629417846633153,0.14044212857259028,0.24629417846632476,0.1404421285725859,0.38703468272554925,294812,69817,224995,0.2368187183696729,128624,24914,249909,44903,0.0008966922760009766,0.007955074310302734,0.007058382034301758
Niblack_Thresholding_CV2,Global_Threshold_CV2,0.6810393665662986,0.7097238989057206,0.7269181065428613,0.7182181097366337,0.5603278648203261,0.7182181097366195,0.5603278648203089,0.6810393665662986,250716,256790,6074,0.9763464309357841,123094,74540,68466,182250,0.002545595169067383,0.0009493827819824219,0.001596212387084961
Niblack_Thresholding_CV2,Adaptive_Threshold_CV2,0.8056674473067915,0.7853537027410785,0.8978804703329664,0.837855793655963,0.7209568219522038,0.8378557936559474,0.7209568219521806,0.8056674473067915,250716,286639,35923,0.8746751139935598,136108,61526,25603,225113,0.002545595169067383,0.0015308856964111328,0.00101470947265625
Niblack_Thresholding_CV2,Otsu_Thresholding_CV2,0.6501840080294413,0.6592133291724895,0.7751559533496067,0.7124987168394656,0.553396510091576,0.7124987168394525,0.5533965100915601,0.6501840080294413,250716,294812,44096,0.8504267126168541,97166,100468,56372,194344,0.002545595169067383,0.0008966922760009766,0.0016489028930664062
Niblack_Thresholding_CV2,Niblack_Thresholding_CV2,1.0,1.0,1.0,1.0,1.0,0.99999999999998,0.99999999999996,1.0,250716,250716,0,1.0,197634,0,0,250716,0.002545595169067383,0.002545595169067383,0.0
Niblack_Thresholding_CV2,Sauvola_Thresholding_CV2,0.688778855804617,0.642478547482597,0.9998245026244835,0.782274372737486,0.6424061013613253,0.7822743727374737,0.6424061013613087,0.688778855804617,250716,390164,139448,0.6425913205728873,58142,139492,44,250672,0.002545595169067383,0.0026171207427978516,7.152557373046875e-05
Niblack_Thresholding_CV2,Sobel_CV2,0.49397791903646704,0.5821214271444023,0.33703074394932914,0.4268995359622909,0.2713746170200466,0.42689953596228014,0.2713746170200379,0.49397791903646704,250716,145157,105559,0.578969830405718,136976,60658,166217,84499,0.002545595169067383,0.004088878631591797,0.001543283462524414
Niblack_Thresholding_CV2,Canny_CV2,0.4964536634325861,0.6097374323789418,0.2764801608194132,0.38044901084245103,0.23491017781437765,0.3804490108424406,0.23491017781436968,0.4964536634325861,250716,113685,137031,0.4534413439908103,153267,44367,181398,69318,0.002545595169067383,0.001729726791381836,0.0008158683776855469
Niblack_Thresholding_CV2,Global_Threshold_Sklearn,0.6002074272331883,0.6288189299966475,0.6957473795050974,0.6605922551252847,0.4931972789115646,0.6605922551252722,0.4931972789115507,0.6002074272331883,250716,277401,26685,0.9038035190932981,94668,102966,76281,174435,0.002545595169067383,0.033127546310424805,0.030581951141357422
Niblack_Thresholding_CV2,Adaptive_Threshold_Sklearn,0.5887364781978365,0.586000508280301,0.9012986805788222,0.7102289692455173,0.5506628326347597,0.710228969245506,0.5506628326347462,0.5887364781978365,250716,385614,134898,0.6501734895517279,37990,159644,24746,225970,0.002545595169067383,0.039739370346069336,0.03719377517700195
Niblack_Thresholding_CV2,Otsu_Thresholding_Sklearn,0.600918924947028,0.6161918943415771,0.7592415322516314,0.6802778949174106,0.5154705617928845,0.6802778949173984,0.5154705617928705,0.600918924947028,250716,308920,58204,0.8115887608442315,79068,118566,60362,190354,0.002545595169067383,0.03482985496520996,0.03228425979614258
Niblack_Thresholding_CV2,Niblack_Thresholding_Sklearn,0.6367190810750529,0.8535479975850272,0.42291676638108455,0.5655929866298964,0.39430439293590025,0.5655929866298813,0.3943043929358856,0.6367190810750529,250716,124225,126491,0.4954809425804496,179441,18193,144684,106032,0.002545595169067383,0.042832374572753906,0.04028677940368652
Niblack_Thresholding_CV2,Sauvola_Thresholding_Sklearn,0.583332218133155,0.5731565751966206,0.9984564208107979,0.7282605375354015,0.5726491620571805,0.7282605375353909,0.5726491620571674,0.583332218133155,250716,436755,186039,0.5740426554933544,11208,186426,387,250329,0.002545595169067383,0.04125809669494629,0.038712501525878906
Niblack_Thresholding_CV2,Sobel_Sklearn,0.49494145199063233,0.5815257914782994,0.34529108632875444,0.4333017170400142,0.2765699827163728,0.43330171704000336,0.27656998271636396,0.49494145199063233,250716,148867,101849,0.5937674500231337,135337,62297,164146,86570,0.002545595169067383,0.0074918270111083984,0.004946231842041016
Niblack_Thresholding_CV2,Canny_Sklearn,0.4735608341697335,0.5960449391176971,0.1817714066912363,0.27858485519981663,0.1618347881051981,0.2785848551998081,0.16183478810519236,0.4735608341697335,250716,76459,174257,0.30496258715040125,166748,30886,205143,45573,0.002545595169067383,0.018695592880249023,0.01614999771118164
Niblack_Thresholding_CV2,Global_Threshold_Torch,0.681050518568083,0.7097409855090525,0.7269101293894287,0.718222964864817,0.5603337750461954,0.7182229648648027,0.5603337750461781,0.681050518568083,250716,256781,6065,0.9763806512164062,123101,74533,68468,182248,0.002545595169067383,0.01045989990234375,0.007914304733276367
Niblack_Thresholding_CV2,Adaptive_Threshold_Torch,0.8526419092227054,0.8229399131122196,0.9383804783101198,0.8768770895374971,0.780749000282078,0.8768770895374807,0.7807490002820522,0.8526419092227054,250716,285886,35170,0.8769789356596686,147015,50619,15449,235267,0.002545595169067383,0.007790327072143555,0.005244731903076172
Niblack_Thresholding_CV2,Otsu_Thresholding_Torch,0.6495572655291625,0.6584256121547373,0.7757502512803331,0.7122889836607111,0.5531435039560427,0.7122889836606981,0.553143503956027,0.6495572655291625,250716,295391,44675,0.848759779411018,96736,100898,56223,194493,0.002545595169067383,0.007857799530029297,0.005312204360961914
Niblack_Thresholding_CV2,Niblack_Thresholding_Torch,0.9846325415412066,0.9855079966866318,0.9870331370953589,0.9862699772826911,0.9729118751351458,0.9862699772826713,0.9729118751351075,0.9846325415412066,250716,251104,388,0.9984548234994265,193995,3639,3251,247465,0.002545595169067383,0.16301989555358887,0.16047430038452148
Niblack_Thresholding_CV2,Sauvola_Thresholding_Torch,0.6885446637671462,0.6423042331906127,0.999832479777916,0.7821475875561047,0.6422351177894777,0.7821475875560925,0.6422351177894613,0.6885446637671462,250716,390273,139557,0.642411850166422,58035,139599,42,250674,0.002545595169067383,0.16325926780700684,0.16071367263793945
Niblack_Thresholding_CV2,Sobel_Torch,0.49503066800490686,0.5807789170116485,0.3486095821567032,0.43569528946404223,0.27852328675451316,0.43569528946403135,0.2785232867545043,0.49503066800490686,250716,150491,100225,0.6002448986103799,134545,63089,163314,87402,0.002545595169067383,0.007185697555541992,0.004640102386474609
Niblack_Thresholding_CV2,Canny_Torch,0.4596922047507528,0.5606514172765945,0.15612485840552656,0.24423694284207867,0.13910586730160987,0.24423694284207104,0.13910586730160493,0.4596922047507528,250716,69817,180899,0.2784704606008392,166960,30674,211573,39143,0.002545595169067383,0.007955074310302734,0.0054094791412353516
Sauvola_Thresholding_CV2,Global_Threshold_CV2,0.6941942678710828,0.9927294676583979,0.6533739658195016,0.7880714857625117,0.6502623517017787,0.7880714857624995,0.650262351701762,0.6941942678710828,390164,256790,133374,0.6581591330824986,56319,1867,135241,254923,0.0026171207427978516,0.0009493827819824219,0.0016677379608154297
Sauvola_Thresholding_CV2,Adaptive_Threshold_CV2,0.7553986840637894,0.989286175293662,0.7267918106232251,0.8379631886974497,0.7211158721883861,0.8379631886974372,0.7211158721883677,0.7553986840637894,390164,286639,103525,0.7346628597205278,55115,3071,106596,283568,0.0026171207427978516,0.0015308856964111328,0.0010862350463867188
Sauvola_Thresholding_CV2,Otsu_Thresholding_CV2,0.7347206423553028,0.9599982361640639,0.7253847100193764,0.826361799537502,0.7041026776495993,0.82636179953749,0.7041026776495818,0.7347206423553028,390164,294812,95352,0.7556104612419393,46393,11793,107145,283019,0.0026171207427978516,0.0008966922760009766,0.001720428466796875
Sauvola_Thresholding_CV2,Niblack_Thresholding_CV2,0.688778855804617,0.9998245026244835,0.642478547482597,0.782274372737486,0.6424061013613253,0.7822743727374737,0.6424061013613087,0.688778855804617,390164,250716,139448,0.6425913205728873,58142,44,139492,250672,0.0026171207427978516,0.002545595169067383,7.152557373046875e-05
Sauvola_Thresholding_CV2,Sauvola_Thresholding_CV2,1.0,1.0,1.0,1.0,1.0,0.9999999999999871,0.9999999999999744,1.0,390164,390164,0,1.0,58186,0,0,390164,0.0026171207427978516,0.0026171207427978516,0.0
Sauvola_Thresholding_CV2,Sobel_CV2,0.3190877662540426,0.7923627520546719,0.2947914210434586,0.42971226609828495,0.273651928128212,0.4297122660982769,0.27365192812820543,0.3190877662540426,390164,145157,245007,0.37204098789227097,28046,30140,275147,115017,0.0026171207427978516,0.004088878631591797,0.0014717578887939453
Sauvola_Thresholding_CV2,Canny_CV2,0.3139489238318278,0.8631657650525575,0.25150705857024225,0.389517494328658,0.2418638469880706,0.38951749432865024,0.24186384698806462,0.3139489238318278,390164,113685,276479,0.29137747203739967,42630,15556,292035,98129,0.0026171207427978516,0.001729726791381836,0.0008873939514160156
Sauvola_Thresholding_CV2,Global_Threshold_Sklearn,0.6640281030444964,0.9317414140540229,0.6624547626126449,0.774354557234127,0.6317932823106387,0.7743545572341154,0.6317932823106233,0.6640281030444964,390164,277401,112763,0.7109856368091366,39251,18935,131698,258466,0.0026171207427978516,0.033127546310424805,0.030510425567626953
Sauvola_Thresholding_CV2,Adaptive_Threshold_Sklearn,0.8325370804059329,0.9085458515510328,0.8979506053864529,0.9032171574857756,0.8235150318501281,0.9032171574857639,0.8235150318501088,0.8325370804059329,390164,385614,4550,0.9883382372540778,22920,35266,39816,350348,0.0026171207427978516,0.039739370346069336,0.037122249603271484
Sauvola_Thresholding_CV2,Otsu_Thresholding_Sklearn,0.693846325415412,0.9093292761880098,0.7199792907597831,0.80365163556883,0.6717538632243995,0.8036516355688186,0.6717538632243834,0.693846325415412,390164,308920,81244,0.7917696148286362,30176,28010,109254,280910,0.0026171207427978516,0.03482985496520996,0.03221273422241211
Sauvola_Thresholding_CV2,Niblack_Thresholding_Sklearn,0.38241775398684064,0.9559106460052325,0.30435406649511487,0.46170505201316514,0.30014078419577345,0.46170505201315615,0.30014078419576584,0.38241775398684064,390164,124225,265939,0.31839175321147006,52709,5477,271416,118748,0.0026171207427978516,0.042832374572753906,0.040215253829956055
Sauvola_Thresholding_CV2,Sauvola_Thresholding_Sklearn,0.8939556150328984,0.892232487321267,0.9987774371802627,0.9425034374588079,0.8912591027189227,0.9425034374587965,0.8912591027189023,0.8939556150328984,390164,436755,46591,0.8933246328032879,11118,47068,477,389687,0.0026171207427978516,0.04125809669494629,0.03864097595214844
Sauvola_Thresholding_CV2,Sobel_Sklearn,0.324052637448422,0.7925530842967212,0.302398478588491,0.4377670300965993,0.280218788445918,0.4377670300965911,0.28021878844591136,0.324052637448422,390164,148867,241297,0.38154980982356135,27304,30882,272179,117985,0.0026171207427978516,0.0074918270111083984,0.004874706268310547
Sauvola_Thresholding_CV2,Canny_Sklearn,0.25085089773614366,0.8549811009822258,0.16754749284916087,0.280187646129745,0.16291756801212207,0.280187646129739,0.16291756801211799,0.25085089773614366,390164,76459,313705,0.19596631160230057,47098,11088,324793,65371,0.0026171207427978516,0.018695592880249023,0.016078472137451172
Sauvola_Thresholding_CV2,Global_Threshold_Torch,0.6941831158692985,0.9927370015694308,0.6533560246460463,0.7880608088786527,0.6502478132995263,0.7880608088786405,0.6502478132995098,0.6941831158692985,390164,256781,133383,0.6581360658594847,56321,1865,135248,254916,0.0026171207427978516,0.01045989990234375,0.007842779159545898
Sauvola_Thresholding_CV2,Adaptive_Threshold_Torch,0.7601159808185569,0.9942739413612419,0.7285372304979445,0.8409111752089342,0.7254932988940814,0.8409111752089218,0.7254932988940629,0.7601159808185569,390164,285886,104278,0.7327329020616972,56549,1637,105915,284249,0.0026171207427978516,0.007790327072143555,0.005173206329345703
Sauvola_Thresholding_CV2,Otsu_Thresholding_Torch,0.734767480762797,0.9591321333419095,0.7261536174531735,0.8265390814741341,0.7043601268906811,0.826539081474122,0.7043601268906635,0.734767480762797,390164,295391,94773,0.7570944525891676,46114,12072,106845,283319,0.0026171207427978516,0.007857799530029297,0.005240678787231445
Sauvola_Thresholding_CV2,Niblack_Thresholding_Torch,0.6896576335452214,0.9998367210398879,0.6434806901713126,0.7830205156034606,0.6434130777411873,0.7830205156034484,0.6434130777411708,0.6896576335452214,390164,251104,139060,0.6435857741872648,58145,41,139101,251063,0.0026171207427978516,0.16301989555358887,0.16040277481079102
Sauvola_Thresholding_CV2,Sauvola_Thresholding_Torch,0.9981911453105833,0.9988213378839941,0.9991003783024575,0.9989608386070881,0.9979238346850168,0.9989608386070753,0.9979238346849912,0.9981911453105833,390164,390273,109,0.9997207083246855,57726,460,351,389813,0.0026171207427978516,0.16325926780700684,0.16064214706420898
Sauvola_Thresholding_CV2,Sobel_Torch,0.3272867179658749,0.7942136074582533,0.3063378476743113,0.4421377773256513,0.28381057765598994,0.44213777732564313,0.28381057765598317,0.3272867179658749,390164,150491,239673,0.38571216206518283,27217,30969,270642,119522,0.0026171207427978516,0.007185697555541992,0.004568576812744141
Sauvola_Thresholding_CV2,Canny_Torch,0.19444407271105163,0.7076356761247261,0.1266262392224808,0.21481322054606602,0.12033094969019134,0.21481322054606136,0.12033094969018841,0.19444407271105163,390164,69817,320347,0.17894270101803345,37774,20412,340759,49405,0.0026171207427978516,0.007955074310302734,0.005337953567504883
Sobel_CV2,Global_Threshold_CV2,0.49047619047619045,0.337828575879123,0.5976356634540532,0.43165392452238727,0.2752287465576974,0.43165392452237655,0.2752287465576887,0.49047619047619045,145157,256790,111633,0.565275127536119,133154,170039,58406,86751,0.004088878631591797,0.0009493827819824219,0.003139495849609375
Sobel_CV2,Adaptive_Threshold_CV2,0.3774551131928181,0.2663245406242696,0.5259064323456671,0.3535882685342152,0.2147629671099458,0.35358826853420705,0.21476296710993975,0.3774551131928181,145157,286639,141482,0.5064105024089535,92893,210300,68818,76339,0.004088878631591797,0.0015308856964111328,0.002557992935180664
Sobel_CV2,Otsu_Thresholding_CV2,0.5101170960187353,0.3736788190440009,0.758936875245424,0.5007852825994559,0.3340317279353798,0.5007852825994444,0.33403172793536967,0.5101170960187353,145157,294812,149655,0.49237140957627235,118546,184647,34992,110165,0.004088878631591797,0.0008966922760009766,0.0031921863555908203
Sobel_CV2,Niblack_Thresholding_CV2,0.49397791903646704,0.33703074394932914,0.5821214271444023,0.4268995359622909,0.2713746170200466,0.42689953596228014,0.2713746170200379,0.49397791903646704,145157,250716,105559,0.578969830405718,136976,166217,60658,84499,0.004088878631591797,0.002545595169067383,0.001543283462524414
Sobel_CV2,Sauvola_Thresholding_CV2,0.3190877662540426,0.2947914210434586,0.7923627520546719,0.42971226609828495,0.273651928128212,0.4297122660982769,0.27365192812820543,0.3190877662540426,145157,390164,245007,0.37204098789227097,28046,275147,30140,115017,0.004088878631591797,0.0026171207427978516,0.0014717578887939453
Sobel_CV2,Sobel_CV2,1.0,1.0,1.0,1.0,1.0,0.9999999999999655,0.999999999999931,1.0,145157,145157,0,1.0,303193,0,0,145157,0.004088878631591797,0.004088878631591797,0.0
Sobel_CV2,Canny_CV2,0.7955793464926955,0.7353212824910939,0.5758936875245424,0.6459152687740012,0.47701244529150283,0.6459152687739761,0.4770124452914756,0.7955793464926955,145157,113685,31472,0.7831864808448783,273103,30090,61562,83595,0.004088878631591797,0.001729726791381836,0.002359151840209961
Sobel_CV2,Global_Threshold_Sklearn,0.4999620831939333,0.3575437723728465,0.6832808614121262,0.46944088148845836,0.30671202164669503,0.46944088148844726,0.30671202164668554,0.4999620831939333,145157,277401,132244,0.523274970169538,124975,178218,45974,99183,0.004088878631591797,0.033127546310424805,0.029038667678833008
Sobel_CV2,Adaptive_Threshold_Sklearn,0.31984610237537636,0.2928109456606866,0.7778612123424982,0.4254640890327467,0.2702155511787469,0.4254640890327387,0.2702155511787404,0.31984610237537636,145157,385614,240457,0.3764308349800578,30491,272702,32245,112912,0.004088878631591797,0.039739370346069336,0.03565049171447754
Sobel_CV2,Otsu_Thresholding_Sklearn,0.5236868517898963,0.389294963097242,0.828489153123859,0.5296943029486189,0.3602613415773959,0.5296943029486072,0.36026134157738515,0.5236868517898963,145157,308920,163763,0.4698854072251716,114534,188659,24896,120261,0.004088878631591797,0.03482985496520996,0.030740976333618164
Sobel_CV2,Niblack_Thresholding_Sklearn,0.6065127690420431,0.3741678406117931,0.32021190848529524,0.3450935845750644,0.20852755259061198,0.34509358457505157,0.2085275525906026,0.6065127690420431,145157,124225,20932,0.8557975157932446,225449,77744,98676,46481,0.004088878631591797,0.042832374572753906,0.03874349594116211
Sobel_CV2,Sauvola_Thresholding_Sklearn,0.3324188691870191,0.3235246305136747,0.9734356593205977,0.4856438774247653,0.32069330997183454,0.4856438774247569,0.32069330997182727,0.3324188691870191,145157,436755,291598,0.3323533788966354,7739,295454,3856,141301,0.004088878631591797,0.04125809669494629,0.03716921806335449
Sobel_CV2,Sobel_Sklearn,0.991680606668897,0.9750112516541611,0.9999311090750016,0.9873139607651076,0.9749457605943161,0.9873139607650739,0.9749457605942505,0.991680606668897,145157,148867,3710,0.9750784257088542,299473,3720,10,145147,0.004088878631591797,0.0074918270111083984,0.0034029483795166016
Sobel_CV2,Canny_Sklearn,0.7897000111520018,0.8326554100890673,0.43858718491013177,0.5745433542704498,0.40305915721231766,0.5745433542704238,0.40305915721229213,0.7897000111520018,145157,76459,68698,0.5267331234456485,290398,12795,81493,63664,0.004088878631591797,0.018695592880249023,0.014606714248657227
Sobel_CV2,Global_Threshold_Torch,0.4904739600758336,0.33782094469606394,0.597601217991554,0.43163871044788005,0.27521637605015353,0.4316387104478693,0.2752163760501448,0.4904739600758336,145157,256781,111624,0.5652949400461872,133158,170035,58411,86746,0.004088878631591797,0.01045989990234375,0.006371021270751953
Sobel_CV2,Adaptive_Threshold_Torch,0.39062116649938666,0.2760331041044332,0.543645845532768,0.3661537248023979,0.22410537047502477,0.3661537248023894,0.2241053704750184,0.39062116649938666,145157,285886,140729,0.5077443456482654,96221,206972,66243,78914,0.004088878631591797,0.007790327072143555,0.003701448440551758
Sobel_CV2,Otsu_Thresholding_Torch,0.5104405040704807,0.3741718603478102,0.7614307267303678,0.5017705221678455,0.3349089906399896,0.5017705221678341,0.3349089906399794,0.5104405040704807,145157,295391,150234,0.4914063055407917,118329,184864,34630,110527,0.004088878631591797,0.007857799530029297,0.0037689208984375
Sobel_CV2,Niblack_Thresholding_Torch,0.4935139957622393,0.3368683891933223,0.5827414454693883,0.42693578222434203,0.2714039118047178,0.42693578222433126,0.2714039118047091,0.4935139957622393,145157,251104,105947,0.5780752198292342,136678,166515,60568,84589,0.004088878631591797,0.16301989555358887,0.15893101692199707
Sobel_CV2,Sauvola_Thresholding_Torch,0.31916136946581913,0.2948910121889037,0.7928518776221608,0.429889994957324,0.2737960993667062,0.429889994957316,0.27379609936669963,0.31916136946581913,145157,390273,245116,0.37193707994147684,28008,275185,30069,115088,0.004088878631591797,0.16325926780700684,0.15917038917541504
Sobel_CV2,Sobel_Torch,0.9880807404929185,0.9645227953831126,0.9999655545375008,0.9819244506981275,0.9644907505847331,0.9819244506980942,0.9644907505846689,0.9880807404929185,145157,150491,5334,0.9645560199613266,297854,5339,5,145152,0.004088878631591797,0.007185697555541992,0.0030968189239501953
Sobel_CV2,Canny_Torch,0.794847775175644,0.8808313161550911,0.4236585214629677,0.5721343046135812,0.40069196035888116,0.5721343046135545,0.400691960358855,0.794847775175644,145157,69817,75340,0.48097577106167805,294873,8320,83660,61497,0.004088878631591797,0.007955074310302734,0.0038661956787109375
Canny_CV2,Global_Threshold_CV2,0.4900390320062451,0.27616729623427705,0.6238026124818578,0.3828436466698158,0.23673879515819976,0.3828436466698054,0.23673879515819182,0.4900390320062451,113685,256790,143105,0.4427158378441528,148792,185873,42768,70917,0.001729726791381836,0.0009493827819824219,0.0007803440093994141
Canny_CV2,Adaptive_Threshold_CV2,0.38685402029664323,0.2187769284710036,0.5516119101024761,0.31329623005365653,0.18574466698655862,0.3132962300536487,0.18574466698655312,0.38685402029664323,113685,286639,172954,0.396613859244555,110736,223929,50975,62710,0.001729726791381836,0.0015308856964111328,0.00019884109497070312
Canny_CV2,Otsu_Thresholding_CV2,0.47431470949035354,0.29307830074759506,0.7600211109645072,0.4230288104931003,0.2682539879662459,0.42302881049308994,0.26825398796623756,0.47431470949035354,113685,294812,181127,0.38561863153467296,126256,208409,27282,86403,0.001729726791381836,0.0008966922760009766,0.0008330345153808594
Canny_CV2,Niblack_Thresholding_CV2,0.4964536634325861,0.2764801608194132,0.6097374323789418,0.38044901084245103,0.23491017781437765,0.3804490108424406,0.23491017781436968,0.4964536634325861,113685,250716,137031,0.4534413439908103,153267,181398,44367,69318,0.001729726791381836,0.002545595169067383,0.0008158683776855469
Canny_CV2,Sauvola_Thresholding_CV2,0.3139489238318278,0.25150705857024225,0.8631657650525575,0.389517494328658,0.2418638469880706,0.38951749432865024,0.24186384698806462,0.3139489238318278,113685,390164,276479,0.29137747203739967,42630,292035,15556,98129,0.001729726791381836,0.0026171207427978516,0.0008873939514160156
Canny_CV2,Sobel_CV2,0.7955793464926955,0.5758936875245424,0.7353212824910939,0.6459152687740012,0.47701244529150283,0.6459152687739761,0.4770124452914756,0.7955793464926955,113685,145157,31472,0.7831864808448783,273103,61562,30090,83595,0.001729726791381836,0.004088878631591797,0.002359151840209961
Canny_CV2,Canny_CV2,1.0,1.0,1.0,1.0,1.0,0.9999999999999559,0.9999999999999121,1.0,113685,113685,0,1.0,334665,0,0,113685,0.001729726791381836,0.001729726791381836,0.0
Canny_CV2,Global_Threshold_Sklearn,0.4783807293409167,0.2833767722538852,0.6914632537274047,0.40200365137079824,0.25156731535441007,0.402003651370788,0.251567315354402,0.4783807293409167,113685,277401,163716,0.4098218824012891,135873,198792,35076,78609,0.001729726791381836,0.033127546310424805,0.03139781951904297
Canny_CV2,Adaptive_Threshold_Sklearn,0.2979837180773949,0.23929369784292065,0.8116726041254343,0.3696182047230217,0.22670653327567908,0.36961820472301427,0.2267065332756735,0.2979837180773949,113685,385614,271929,0.29481554092953055,41326,293339,21410,92275,0.001729726791381836,0.039739370346069336,0.0380096435546875
Canny_CV2,Otsu_Thresholding_Sklearn,0.46322515891602545,0.29448077172083387,0.8002023134098606,0.43052495829438836,0.27431143971969096,0.4305249582943782,0.2743114397196827,0.46322515891602545,113685,308920,195235,0.36800789848504467,116716,217949,22714,90971,0.001729726791381836,0.03482985496520996,0.033100128173828125
Canny_CV2,Niblack_Thresholding_Sklearn,0.6271082859373257,0.28466089756490237,0.31105246954303556,0.29727207767643227,0.17458577719849122,0.2972720776764198,0.1745857771984826,0.6271082859373257,113685,124225,10540,0.9151539545180116,245802,88863,78323,35362,0.001729726791381836,0.042832374572753906,0.04110264778137207
Canny_CV2,Sauvola_Thresholding_Sklearn,0.2700479536076726,0.25548190633192525,0.9815103135857853,0.40543201802194606,0.25425822078718124,0.4054320180219387,0.25425822078717547,0.2700479536076726,113685,436755,323070,0.26029467321496036,9493,325172,2102,111583,0.001729726791381836,0.04125809669494629,0.03952836990356445
Canny_CV2,Sobel_Sklearn,0.793781643805063,0.571295182948538,0.7480934160179443,0.6478488070934519,0.4791245317033323,0.6478488070934273,0.47912453170330527,0.793781643805063,113685,148867,35182,0.7636682407786817,270845,63820,28638,85047,0.001729726791381836,0.0074918270111083984,0.0057621002197265625
Canny_CV2,Canny_Sklearn,0.8168573658971785,0.7064701343203547,0.47513744117517703,0.568158869067654,0.39680300893276915,0.568158869067624,0.39680300893273995,0.8168573658971785,113685,76459,37226,0.6725513480230462,312222,22443,59669,54016,0.001729726791381836,0.018695592880249023,0.016965866088867188
Canny_CV2,Global_Threshold_Torch,0.4900457232073157,0.2761652926034247,0.6237762237762238,0.3828367515507496,0.23673352205960901,0.38283675155073926,0.2367335220596011,0.4900457232073157,113685,256781,143096,0.44273135473418984,148798,185867,42771,70914,0.001729726791381836,0.01045989990234375,0.008730173110961914
Canny_CV2,Adaptive_Threshold_Torch,0.3997925727668116,0.228181862700517,0.573813607775872,0.32652019290689266,0.19511451020975842,0.32652019290688444,0.19511451020975257,0.3997925727668116,113685,285886,172201,0.39765850723715046,114013,220652,48451,65234,0.001729726791381836,0.007790327072143555,0.006060600280761719
Canny_CV2,Otsu_Thresholding_Torch,0.47402698784431807,0.2932655361876293,0.7620002638870563,0.42353010198593904,0.268657271870193,0.42353010198592866,0.2686572718701847,0.47402698784431807,113685,295391,181706,0.38486277510147565,125902,208763,27057,86628,0.001729726791381836,0.007857799530029297,0.006128072738647461
Canny_CV2,Niblack_Thresholding_Torch,0.4960700345712055,0.2764830508474576,0.6106874257817654,0.380636477525364,0.2350531380030674,0.3806364775253535,0.23505313800305944,0.4960700345712055,113685,251104,137419,0.4527406970816873,152987,181678,44259,69426,0.001729726791381836,0.16301989555358887,0.16129016876220703
Canny_CV2,Sauvola_Thresholding_Torch,0.31386639901862384,0.251529057864623,0.8634824295201654,0.38957611546994,0.24190905215220568,0.3895761154699322,0.2419090521521997,0.31386639901862384,113685,390273,276588,0.29129609273508544,42557,292108,15520,98165,0.001729726791381836,0.16325926780700684,0.161529541015625
Canny_CV2,Sobel_Torch,0.7907929073268651,0.5660737186941411,0.7493424814179531,0.6449412512870207,0.47595076737416686,0.6449412512869963,0.4759507673741402,0.7907929073268651,113685,150491,36806,0.7554272348512535,269363,65302,28496,85189,0.001729726791381836,0.007185697555541992,0.005455970764160156
Canny_CV2,Canny_Torch,0.7489282926285268,0.5079994843662718,0.31197607424022517,0.3865570947455614,0.2395852332218732,0.3865570947455403,0.239585233221857,0.7489282926285268,113685,69817,43868,0.6141267537493953,300315,34350,78218,35467,0.001729726791381836,0.007955074310302734,0.0062253475189208984
Global_Threshold_Sklearn,Global_Threshold_CV2,0.9096933199509312,0.9612952217765489,0.8898706205096593,0.9242050128137689,0.8590902763276954,0.9242050128137516,0.8590902763276654,0.9096933199509312,277401,256790,20611,0.9256996189631617,161010,9939,30550,246851,0.033127546310424805,0.0009493827819824219,0.03217816352844238
Global_Threshold_Sklearn,Adaptive_Threshold_CV2,0.5561503289840526,0.6367591290787367,0.6579644629976099,0.647188142684916,0.47840218075068147,0.6471881426849044,0.4784021807506689,0.5561503289840526,277401,286639,9238,0.9677713081611364,66830,104119,94881,182520,0.033127546310424805,0.0015308856964111328,0.03159666061401367
Global_Threshold_Sklearn,Otsu_Thresholding_CV2,0.9257655849224936,0.9140231740906068,0.9713915955602179,0.9418345965575756,0.8900636833273878,0.9418345965575591,0.8900636833273584,0.9257655849224936,277401,294812,17411,0.9409420240695765,145602,25347,7936,269465,0.033127546310424805,0.0008966922760009766,0.03223085403442383
Global_Threshold_Sklearn,Niblack_Thresholding_CV2,0.6002074272331883,0.6957473795050974,0.6288189299966475,0.6605922551252847,0.4931972789115646,0.6605922551252722,0.4931972789115507,0.6002074272331883,277401,250716,26685,0.9038035190932981,94668,76281,102966,174435,0.033127546310424805,0.002545595169067383,0.030581951141357422
Global_Threshold_Sklearn,Sauvola_Thresholding_CV2,0.6640281030444964,0.6624547626126449,0.9317414140540229,0.774354557234127,0.6317932823106387,0.7743545572341154,0.6317932823106233,0.6640281030444964,277401,390164,112763,0.7109856368091366,39251,131698,18935,258466,0.033127546310424805,0.0026171207427978516,0.030510425567626953
Global_Threshold_Sklearn,Sobel_CV2,0.4999620831939333,0.6832808614121262,0.3575437723728465,0.46944088148845836,0.30671202164669503,0.46944088148844726,0.30671202164668554,0.4999620831939333,277401,145157,132244,0.523274970169538,124975,45974,178218,99183,0.033127546310424805,0.004088878631591797,0.029038667678833008
Global_Threshold_Sklearn,Canny_CV2,0.4783807293409167,0.6914632537274047,0.2833767722538852,0.40200365137079824,0.25156731535441007,0.402003651370788,0.251567315354402,0.4783807293409167,277401,113685,163716,0.4098218824012891,135873,35076,198792,78609,0.033127546310424805,0.001729726791381836,0.03139781951904297
Global_Threshold_Sklearn,Global_Threshold_Sklearn,1.0,1.0,1.0,1.0,1.0,0.9999999999999819,0.9999999999999639,1.0,277401,277401,0,1.0,170949,0,0,277401,0.033127546310424805,0.033127546310424805,0.0
Global_Threshold_Sklearn,Adaptive_Threshold_Sklearn,0.6487677038028327,0.6555000596451374,0.9112079624803083,0.7624865199128225,0.6161440115053199,0.762486519912811,0.616144011505305,0.6487677038028327,277401,385614,108213,0.7193748152297376,38105,132844,24631,252770,0.033127546310424805,0.039739370346069336,0.006611824035644531
Global_Threshold_Sklearn,Otsu_Thresholding_Sklearn,0.9297000111520017,0.8979703483102421,1.0,0.9462427578067304,0.8979703483102421,0.9462427578067143,0.897970348310213,0.9297000111520017,277401,308920,31519,0.8979703483102421,139430,31519,0,277401,0.033127546310424805,0.03482985496520996,0.0017023086547851562
Global_Threshold_Sklearn,Niblack_Thresholding_Sklearn,0.5790877662540426,0.8569531092775207,0.3837585300701872,0.5301200619481806,0.3606553489333302,0.5301200619481674,0.36065534893331797,0.5790877662540426,277401,124225,153176,0.44781741954787474,153179,17770,170946,106455,0.033127546310424805,0.042832374572753906,0.009704828262329102
Global_Threshold_Sklearn,Sauvola_Thresholding_Sklearn,0.644576781532285,0.6351409829309338,1.0,0.776863878480332,0.6351409829309338,0.7768638784803211,0.6351409829309193,0.644576781532285,277401,436755,159354,0.6351409829309338,11595,159354,0,277401,0.033127546310424805,0.04125809669494629,0.008130550384521484
Global_Threshold_Sklearn,Sobel_Sklearn,0.5033522917363666,0.6838184419649754,0.3669705588660459,0.47762440530370565,0.3137362468024779,0.47762440530369443,0.3137362468024682,0.5033522917363666,277401,148867,128534,0.5366491108539623,123880,47069,175603,101798,0.033127546310424805,0.0074918270111083984,0.025635719299316406
Global_Threshold_Sklearn,Canny_Sklearn,0.4545422103267536,0.7147883179220236,0.19701443037335842,0.3088905216752388,0.18265554396941258,0.30889052167523007,0.18265554396940648,0.4545422103267536,277401,76459,200942,0.2756262594583293,149142,21807,222749,54652,0.033127546310424805,0.018695592880249023,0.014431953430175781
Global_Threshold_Sklearn,Global_Threshold_Torch,0.9096732463477194,0.9612938652003069,0.8898381765026081,0.9241868876150825,0.8590589545486184,0.9241868876150652,0.8590589545485884,0.9096732463477194,277401,256781,20620,0.9256671749561105,161010,9939,30559,246842,0.033127546310424805,0.01045989990234375,0.022667646408081055
Global_Threshold_Sklearn,Adaptive_Threshold_Torch,0.5735586037693766,0.6507698872977341,0.6706753039823217,0.6605726743205507,0.4931754501764124,0.6605726743205389,0.49317545017639935,0.5735586037693766,277401,285886,8485,0.9703203374771762,71109,99840,91355,186046,0.033127546310424805,0.007790327072143555,0.02533721923828125
Global_Threshold_Sklearn,Otsu_Thresholding_Torch,0.9255090888814542,0.9130169842683088,0.9722279299642035,0.9416926214053268,0.8898101255381976,0.9416926214053104,0.8898101255381682,0.9255090888814542,277401,295391,17990,0.9390976705451418,145255,25694,7704,269697,0.033127546310424805,0.007857799530029297,0.025269746780395508
Global_Threshold_Sklearn,Niblack_Thresholding_Torch,0.5997479647596744,0.6950347266471263,0.6291469749568315,0.660451651356184,0.4930405476031064,0.6604516513561715,0.49304054760309246,0.5997479647596744,277401,251104,26297,0.9052022162861706,94371,76578,102875,174526,0.033127546310424805,0.16301989555358887,0.12989234924316406
Global_Threshold_Sklearn,Sauvola_Thresholding_Torch,0.6639098918255827,0.6623414891627143,0.9318423509648487,0.7743120145460209,0.6317366440197468,0.7743120145460094,0.6317366440197314,0.6639098918255827,277401,390273,112872,0.7107870644395077,39170,131779,18907,258494,0.033127546310424805,0.16325926780700684,0.13013172149658203
Global_Threshold_Sklearn,Sobel_Torch,0.5051544552247128,0.6845193400269783,0.3713541047076254,0.4814953305974405,0.31708518274552294,0.4814953305974292,0.31708518274551317,0.5051544552247128,277401,150491,126910,0.5425034516818613,123472,47477,174387,103014,0.033127546310424805,0.007185697555541992,0.025941848754882812
Global_Threshold_Sklearn,Canny_Torch,0.3962127801940448,0.5479324519816091,0.1379050544158096,0.2203514794739904,0.12381741503027871,0.22035147947398406,0.1238174150302747,0.3962127801940448,277401,69817,207584,0.2516825822545701,139387,31562,239146,38255,0.033127546310424805,0.007955074310302734,0.02517247200012207
Adaptive_Threshold_Sklearn,Global_Threshold_CV2,0.6164737370357979,0.9160208730869582,0.6100011929027473,0.732327320502363,0.5776943309944766,0.7323273205023516,0.5776943309944624,0.6164737370357979,385614,256790,128824,0.6659249923498628,41171,21565,150389,235225,0.039739370346069336,0.0009493827819824219,0.038789987564086914
Adaptive_Threshold_Sklearn,Adaptive_Threshold_CV2,0.6774015835842534,0.920349289524454,0.6841245390468188,0.784847371450927,0.6458837787217373,0.7848473714509153,0.6458837787217215,0.6774015835842534,385614,286639,98975,0.7433314143158702,39905,22831,121806,263808,0.039739370346069336,0.0015308856964111328,0.0382084846496582
Adaptive_Threshold_Sklearn,Otsu_Thresholding_CV2,0.6504828816772611,0.8882270735248226,0.6790728552386583,0.7696942797600327,0.6256122093051036,0.7696942797600214,0.6256122093050887,0.6504828816772611,385614,294812,90802,0.7645261842153034,29784,32952,123754,261860,0.039739370346069336,0.0008966922760009766,0.03884267807006836
Adaptive_Threshold_Sklearn,Niblack_Thresholding_CV2,0.5887364781978365,0.9012986805788222,0.586000508280301,0.7102289692455173,0.5506628326347597,0.710228969245506,0.5506628326347462,0.5887364781978365,385614,250716,134898,0.6501734895517279,37990,24746,159644,225970,0.039739370346069336,0.002545595169067383,0.03719377517700195
Adaptive_Threshold_Sklearn,Sauvola_Thresholding_CV2,0.8325370804059329,0.8979506053864529,0.9085458515510328,0.9032171574857756,0.8235150318501281,0.9032171574857639,0.8235150318501088,0.8325370804059329,385614,390164,4550,0.9883382372540778,22920,39816,35266,350348,0.039739370346069336,0.0026171207427978516,0.037122249603271484
Adaptive_Threshold_Sklearn,Sobel_CV2,0.31984610237537636,0.7778612123424982,0.2928109456606866,0.4254640890327467,0.2702155511787469,0.4254640890327387,0.2702155511787404,0.31984610237537636,385614,145157,240457,0.3764308349800578,30491,32245,272702,112912,0.039739370346069336,0.004088878631591797,0.03565049171447754
Adaptive_Threshold_Sklearn,Canny_CV2,0.2979837180773949,0.8116726041254343,0.23929369784292065,0.3696182047230217,0.22670653327567908,0.36961820472301427,0.2267065332756735,0.2979837180773949,385614,113685,271929,0.29481554092953055,41326,21410,293339,92275,0.039739370346069336,0.001729726791381836,0.0380096435546875
Adaptive_Threshold_Sklearn,Global_Threshold_Sklearn,0.6487677038028327,0.9112079624803083,0.6555000596451374,0.7624865199128225,0.6161440115053199,0.762486519912811,0.616144011505305,0.6487677038028327,385614,277401,108213,0.7193748152297376,38105,24631,132844,252770,0.039739370346069336,0.033127546310424805,0.006611824035644531
Adaptive_Threshold_Sklearn,Adaptive_Threshold_Sklearn,1.0,1.0,1.0,1.0,1.0,0.999999999999987,0.999999999999974,1.0,385614,385614,0,1.0,62736,0,0,385614,0.039739370346069336,0.039739370346069336,0.0
Adaptive_Threshold_Sklearn,Otsu_Thresholding_Sklearn,0.6663722538195606,0.8820277094393371,0.7066029760330278,0.7846296941546418,0.6455889948774813,0.7846296941546305,0.645588994877466,0.6663722538195606,385614,308920,76694,0.8011119928218374,26292,36444,113138,272476,0.039739370346069336,0.03482985496520996,0.004909515380859375
Adaptive_Threshold_Sklearn,Niblack_Thresholding_Sklearn,0.4074473067915691,0.9827651438921312,0.31659638913524923,0.47891197024943166,0.31484829338112985,0.4789119702494223,0.3148482933811217,0.4074473067915691,385614,124225,261389,0.32214857344391024,60595,2141,263530,122084,0.039739370346069336,0.042832374572753906,0.0030930042266845703
Adaptive_Threshold_Sklearn,Sauvola_Thresholding_Sklearn,0.8663075722092115,0.8728325949330861,0.9885896258953254,0.9271117953132961,0.8641271208532149,0.9271117953132848,0.8641271208531952,0.8663075722092115,385614,436755,51141,0.8829068928804479,7195,55541,4400,381214,0.039739370346069336,0.04125809669494629,0.0015187263488769531
Adaptive_Threshold_Sklearn,Sobel_Sklearn,0.32432920709267316,0.7776874659931348,0.3002276888287251,0.43321278024850274,0.2764975197571583,0.43321278024849463,0.2764975197571517,0.32432920709267316,385614,148867,236747,0.3860518549637721,29641,33095,269842,115772,0.039739370346069336,0.0074918270111083984,0.03224754333496094
Adaptive_Threshold_Sklearn,Canny_Sklearn,0.2390877662540426,0.7907375194548713,0.15678631999875522,0.2616859240855882,0.15054007081426443,0.26168592408558256,0.15054007081426068,0.2390877662540426,385614,76459,309155,0.1982785894702993,46736,16000,325155,60459,0.039739370346069336,0.018695592880249023,0.021043777465820312
Adaptive_Threshold_Sklearn,Global_Threshold_Torch,0.6164625850340136,0.9160257184137456,0.6099830400348535,0.7323157870157769,0.577679977012454,0.7323157870157655,0.5776799770124399,0.6164625850340136,385614,256781,128833,0.6659016529482851,41173,21563,150396,235218,0.039739370346069336,0.01045989990234375,0.029279470443725586
Adaptive_Threshold_Sklearn,Adaptive_Threshold_Torch,0.6734337013493922,0.9183450746101592,0.6808414632248829,0.7819568131049889,0.6419779048215221,0.7819568131049772,0.6419779048215063,0.6734337013493922,385614,285886,99728,0.7413786843838658,39392,23344,123072,262542,0.039739370346069336,0.007790327072143555,0.03194904327392578
Adaptive_Threshold_Sklearn,Otsu_Thresholding_Torch,0.6508687409389986,0.887758936460488,0.6800479235712397,0.7701441252266871,0.6262068109148481,0.7701441252266757,0.6262068109148331,0.6508687409389986,385614,295391,90223,0.7660276857168049,29581,33155,123378,262236,0.039739370346069336,0.007857799530029297,0.03188157081604004
Adaptive_Threshold_Sklearn,Niblack_Thresholding_Torch,0.5893654510984722,0.9012401236141201,0.5868692526723615,0.7108484446803766,0.5514079719696988,0.7108484446803653,0.5514079719696854,0.5893654510984722,385614,251104,134510,0.6511796770864129,37937,24799,159309,226305,0.039739370346069336,0.16301989555358887,0.12328052520751953
Adaptive_Threshold_Sklearn,Sauvola_Thresholding_Torch,0.8325259284041485,0.8978330553228125,0.9086807014268155,0.9032243097255142,0.8235269232667508,0.9032243097255025,0.8235269232667314,0.8325259284041485,385614,390273,4659,0.9880622026120177,22863,39873,35214,350400,0.039739370346069336,0.16325926780700684,0.1235198974609375
Adaptive_Threshold_Sklearn,Sobel_Torch,0.3273848555815769,0.7792426125150341,0.30410980929115644,0.4374851941317466,0.27998787114765683,0.4374851941317384,0.27998787114765017,0.3273848555815769,385614,150491,235123,0.3902633203151338,29514,33222,268345,117269,0.039739370346069336,0.007185697555541992,0.032553672790527344
Adaptive_Threshold_Sklearn,Canny_Torch,0.22144083863053418,0.7617342481057622,0.1379151171897286,0.2335458060606327,0.1322116400537975,0.23354580606062755,0.13221164005379424,0.22144083863053418,385614,69817,315797,0.18105411110592456,46101,16635,332432,53182,0.039739370346069336,0.007955074310302734,0.0317842960357666
Otsu_Thresholding_Sklearn,Global_Threshold_CV2,0.8760298873647819,0.9932785544608435,0.8256636022271138,0.9017482455675169,0.8210760801684233,0.901748245567501,0.8210760801683967,0.8760298873647819,308920,256790,52130,0.8312508092710087,137704,1726,53856,255064,0.03482985496520996,0.0009493827819824219,0.03388047218322754
Otsu_Thresholding_Sklearn,Adaptive_Threshold_CV2,0.5525749972119995,0.688943235219213,0.6392528810047908,0.6631685525699385,0.49607491942594595,0.6631685525699273,0.4960749194259335,0.5525749972119995,308920,286639,22281,0.927874530622815,50269,89161,111442,197478,0.03482985496520996,0.0015308856964111328,0.03329896926879883
Otsu_Thresholding_Sklearn,Otsu_Thresholding_CV2,0.9482279469164715,0.9845596515745628,0.9395960119124692,0.9615524769268483,0.9259519191506738,0.9615524769268324,0.9259519191506441,0.9482279469164715,308920,294812,14108,0.9543312184384306,134878,4552,18660,290260,0.03482985496520996,0.0008966922760009766,0.033933162689208984
Otsu_Thresholding_Sklearn,Niblack_Thresholding_CV2,0.600918924947028,0.7592415322516314,0.6161918943415771,0.6802778949174106,0.5154705617928845,0.6802778949173984,0.5154705617928705,0.600918924947028,308920,250716,58204,0.8115887608442315,79068,60362,118566,190354,0.03482985496520996,0.002545595169067383,0.03228425979614258
Otsu_Thresholding_Sklearn,Sauvola_Thresholding_CV2,0.693846325415412,0.7199792907597831,0.9093292761880098,0.80365163556883,0.6717538632243995,0.8036516355688186,0.6717538632243834,0.693846325415412,308920,390164,81244,0.7917696148286362,30176,109254,28010,280910,0.03482985496520996,0.0026171207427978516,0.03221273422241211
Otsu_Thresholding_Sklearn,Sobel_CV2,0.5236868517898963,0.828489153123859,0.389294963097242,0.5296943029486189,0.3602613415773959,0.5296943029486072,0.36026134157738515,0.5236868517898963,308920,145157,163763,0.4698854072251716,114534,24896,188659,120261,0.03482985496520996,0.004088878631591797,0.030740976333618164
Otsu_Thresholding_Sklearn,Canny_CV2,0.46322515891602545,0.8002023134098606,0.29448077172083387,0.43052495829438836,0.27431143971969096,0.4305249582943782,0.2743114397196827,0.46322515891602545,308920,113685,195235,0.36800789848504467,116716,22714,217949,90971,0.03482985496520996,0.001729726791381836,0.033100128173828125
Otsu_Thresholding_Sklearn,Global_Threshold_Sklearn,0.9297000111520017,1.0,0.8979703483102421,0.9462427578067304,0.8979703483102421,0.9462427578067143,0.897970348310213,0.9297000111520017,308920,277401,31519,0.8979703483102421,139430,0,31519,277401,0.03482985496520996,0.033127546310424805,0.0017023086547851562
Otsu_Thresholding_Sklearn,Adaptive_Threshold_Sklearn,0.6663722538195606,0.7066029760330278,0.8820277094393371,0.7846296941546418,0.6455889948774813,0.7846296941546305,0.645588994877466,0.6663722538195606,308920,385614,76694,0.8011119928218374,26292,113138,36444,272476,0.03482985496520996,0.039739370346069336,0.004909515380859375
Otsu_Thresholding_Sklearn,Otsu_Thresholding_Sklearn,1.0,1.0,1.0,1.0,1.0,0.9999999999999838,0.9999999999999676,1.0,308920,308920,0,1.0,139430,0,0,308920,0.03482985496520996,0.03482985496520996,0.0
Otsu_Thresholding_Sklearn,Niblack_Thresholding_Sklearn,0.5265016170402588,0.8889192996578789,0.35745824161595235,0.5098800632582623,0.3421738416393209,0.5098800632582504,0.3421738416393103,0.5265016170402588,308920,124225,184695,0.4021267642107989,125631,13799,198494,110426,0.03482985496520996,0.042832374572753906,0.008002519607543945
Otsu_Thresholding_Sklearn,Sauvola_Thresholding_Sklearn,0.7143459350953496,0.7070348364643794,0.9996147869998705,0.8282455493344956,0.7068422474214533,0.8282455493344845,0.7068422474214371,0.7143459350953496,308920,436755,127835,0.7073073004315921,11476,127954,119,308801,0.03482985496520996,0.04125809669494629,0.006428241729736328
Otsu_Thresholding_Sklearn,Sobel_Sklearn,0.529450206312033,0.8289815741567976,0.39948206655444773,0.5391503035254387,0.36906623920760573,0.5391503035254269,0.3690662392075947,0.529450206312033,308920,148867,160053,0.4818949889939143,113971,25459,185512,123408,0.03482985496520996,0.0074918270111083984,0.027338027954101562
Otsu_Thresholding_Sklearn,Canny_Sklearn,0.4293096910895506,0.8469244954812383,0.2096173766670983,0.33605878888055657,0.2019655421927242,0.3360587888805478,0.2019655421927179,0.4293096910895506,308920,76459,232461,0.24750420820924512,127726,11704,244165,64755,0.03482985496520996,0.018695592880249023,0.016134262084960938
Otsu_Thresholding_Sklearn,Global_Threshold_Torch,0.8760098137615702,0.9932783188787332,0.8256344684708015,0.9017307729701733,0.8210471082840275,0.9017307729701574,0.8210471082840011,0.8760098137615702,308920,256781,52139,0.8312216755146964,137704,1726,53865,255055,0.03482985496520996,0.01045989990234375,0.02436995506286621
Otsu_Thresholding_Sklearn,Adaptive_Threshold_Torch,0.5727177428348389,0.7052356533723232,0.6526511718244206,0.6779252394898505,0.5127737551152245,0.6779252394898391,0.5127737551152114,0.5727177428348389,308920,285886,23034,0.9254370063446847,55161,84269,107303,201617,0.03482985496520996,0.007790327072143555,0.027039527893066406
Otsu_Thresholding_Sklearn,Otsu_Thresholding_Torch,0.9489751310360209,0.984176904509616,0.9410753593163278,0.962143664437682,0.9270489869066373,0.962143664437666,0.9270489869066076,0.9489751310360209,308920,295391,13529,0.9562054900945228,134756,4674,18203,290717,0.03482985496520996,0.007857799530029297,0.026972055435180664
Otsu_Thresholding_Sklearn,Niblack_Thresholding_Torch,0.6008207873313259,0.7587533452274755,0.6167486727955458,0.6804208391068954,0.5156347260336998,0.6804208391068832,0.5156347260336858,0.6008207873313259,308920,251104,57816,0.8128447494496958,78852,60578,118394,190526,0.03482985496520996,0.16301989555358887,0.1281900405883789
Otsu_Thresholding_Sklearn,Sauvola_Thresholding_Torch,0.6939823798371808,0.7199960027980413,0.9096044283309594,0.8037694885389299,0.6719185648903151,0.8037694885389184,0.671918564890299,0.6939823798371808,308920,390273,81353,0.7915484801664476,30152,109278,27925,280995,0.03482985496520996,0.16325926780700684,0.12842941284179688
Otsu_Thresholding_Sklearn,Sobel_Torch,0.5314218802275008,0.8283684738622243,0.4035413699339635,0.5427035922082841,0.37240439851948776,0.5427035922082722,0.3724043985194766,0.5314218802275008,308920,150491,158429,0.4871520134662696,113601,25829,184258,124662,0.03482985496520996,0.007185697555541992,0.02764415740966797
Otsu_Thresholding_Sklearn,Canny_Torch,0.38391658302665327,0.734176489966627,0.1659264534507316,0.2706785975492228,0.15652301368942742,0.27067859754921564,0.15652301368942262,0.38391658302665327,308920,69817,239103,0.22600349605075748,120871,18559,257662,51258,0.03482985496520996,0.007955074310302734,0.026874780654907227
Niblack_Thresholding_Sklearn,Global_Threshold_CV2,0.6025404260064682,0.3949024494723315,0.8163171664318777,0.5322992533102371,0.362675602987039,0.5322992533102231,0.362675602987026,0.6025404260064682,124225,256790,132565,0.48376104988512014,168742,155383,22818,101407,0.042832374572753906,0.0009493827819824219,0.041882991790771484
Niblack_Thresholding_Sklearn,Adaptive_Threshold_CV2,0.5073402475744396,0.33139244834094456,0.7646608975649024,0.46239144826511935,0.3007211736325244,0.4623914482651081,0.3007211736325148,0.5073402475744396,124225,286639,162414,0.4333848499331912,132476,191649,29235,94990,0.042832374572753906,0.0015308856964111328,0.04130148887634277
Niblack_Thresholding_Sklearn,Otsu_Thresholding_CV2,0.5504784208765473,0.3688689741258836,0.8754035017106058,0.5190329254934528,0.35046891617519094,0.5190329254934405,0.35046891617517967,0.5504784208765473,124225,294812,170587,0.421370229162992,138060,186065,15478,108747,0.042832374572753906,0.0008966922760009766,0.04193568229675293
Niblack_Thresholding_Sklearn,Niblack_Thresholding_CV2,0.6367190810750529,0.42291676638108455,0.8535479975850272,0.5655929866298964,0.39430439293590025,0.5655929866298813,0.3943043929358856,0.6367190810750529,124225,250716,126491,0.4954809425804496,179441,144684,18193,106032,0.042832374572753906,0.002545595169067383,0.04028677940368652
Niblack_Thresholding_Sklearn,Sauvola_Thresholding_CV2,0.38241775398684064,0.30435406649511487,0.9559106460052325,0.46170505201316514,0.30014078419577345,0.46170505201315615,0.30014078419576584,0.38241775398684064,124225,390164,265939,0.31839175321147006,52709,271416,5477,118748,0.042832374572753906,0.0026171207427978516,0.040215253829956055
Niblack_Thresholding_Sklearn,Sobel_CV2,0.6065127690420431,0.32021190848529524,0.3741678406117931,0.3450935845750644,0.20852755259061198,0.34509358457505157,0.2085275525906026,0.6065127690420431,124225,145157,20932,0.8557975157932446,225449,98676,77744,46481,0.042832374572753906,0.004088878631591797,0.03874349594116211
Niblack_Thresholding_Sklearn,Canny_CV2,0.6271082859373257,0.31105246954303556,0.28466089756490237,0.29727207767643227,0.17458577719849122,0.2972720776764198,0.1745857771984826,0.6271082859373257,124225,113685,10540,0.9151539545180116,245802,78323,88863,35362,0.042832374572753906,0.001729726791381836,0.04110264778137207
Niblack_Thresholding_Sklearn,Global_Threshold_Sklearn,0.5790877662540426,0.3837585300701872,0.8569531092775207,0.5301200619481806,0.3606553489333302,0.5301200619481674,0.36065534893331797,0.5790877662540426,124225,277401,153176,0.44781741954787474,153179,170946,17770,106455,0.042832374572753906,0.033127546310424805,0.009704828262329102
Niblack_Thresholding_Sklearn,Adaptive_Threshold_Sklearn,0.4074473067915691,0.31659638913524923,0.9827651438921312,0.47891197024943166,0.31484829338112985,0.4789119702494223,0.3148482933811217,0.4074473067915691,124225,385614,261389,0.32214857344391024,60595,263530,2141,122084,0.042832374572753906,0.039739370346069336,0.0030930042266845703
Niblack_Thresholding_Sklearn,Otsu_Thresholding_Sklearn,0.5265016170402588,0.35745824161595235,0.8889192996578789,0.5098800632582623,0.3421738416393209,0.5098800632582504,0.3421738416393103,0.5265016170402588,124225,308920,184695,0.4021267642107989,125631,198494,13799,110426,0.042832374572753906,0.03482985496520996,0.008002519607543945
Niblack_Thresholding_Sklearn,Niblack_Thresholding_Sklearn,1.0,1.0,1.0,1.0,1.0,0.9999999999999597,0.9999999999999195,1.0,124225,124225,0,1.0,324125,0,0,124225,0.042832374572753906,0.042832374572753906,0.0
Niblack_Thresholding_Sklearn,Sauvola_Thresholding_Sklearn,0.30293297646927625,0.28442719602523153,1.0,0.4428856643730614,0.28442719602523153,0.44288566437305354,0.28442719602522504,0.30293297646927625,124225,436755,312530,0.28442719602523153,11595,312530,0,124225,0.042832374572753906,0.04125809669494629,0.0015742778778076172
Niblack_Thresholding_Sklearn,Sobel_Sklearn,0.6028236868517899,0.31913721644152165,0.38244314751459046,0.34793402955780467,0.21060540909554354,0.34793402955779196,0.2106054090955342,0.6028236868517899,124225,148867,24642,0.8344696944252252,222767,101358,76716,47509,0.042832374572753906,0.0074918270111083984,0.03534054756164551
Niblack_Thresholding_Sklearn,Canny_Sklearn,0.6544886807181889,0.2993368995147726,0.18423827731938017,0.2280899324310857,0.12872545656000944,0.2280899324310743,0.1287254565600022,0.6544886807181889,124225,76459,47766,0.6154880257597102,270553,53572,101338,22887,0.042832374572753906,0.018695592880249023,0.024136781692504883
Niblack_Thresholding_Sklearn,Global_Threshold_Torch,0.6025471172075387,0.39490460742811967,0.8162930167035621,0.5322960793268348,0.3626726561326457,0.5322960793268208,0.3626726561326327,0.6025471172075387,124225,256781,132556,0.48377800538201815,168748,155377,22821,101404,0.042832374572753906,0.01045989990234375,0.032372474670410156
Niblack_Thresholding_Sklearn,Adaptive_Threshold_Torch,0.538425337348054,0.3553234506061857,0.8177259005836184,0.4953878340254224,0.32924619727805166,0.4953878340254103,0.329246197278041,0.538425337348054,124225,285886,161661,0.434526349663852,139821,184304,22643,101582,0.042832374572753906,0.007790327072143555,0.03504204750061035
Niblack_Thresholding_Sklearn,Otsu_Thresholding_Torch,0.5496063343370134,0.36846417121713254,0.8761601931978266,0.5187647754137116,0.35022443890274313,0.5187647754136993,0.35022443890273186,0.5496063343370134,124225,295391,171166,0.42054429552694567,137575,186550,15384,108841,0.042832374572753906,0.007857799530029297,0.03497457504272461
Niblack_Thresholding_Sklearn,Niblack_Thresholding_Torch,0.6360499609679937,0.42243851153306994,0.853902193600322,0.5652427603515848,0.3939640412548792,0.5652427603515698,0.3939640412548646,0.6360499609679937,124225,251104,126879,0.4947153370714923,179097,145028,18149,106076,0.042832374572753906,0.16301989555358887,0.12018752098083496
Niblack_Thresholding_Sklearn,Sauvola_Thresholding_Torch,0.38217464034794246,0.30426906293799466,0.9559106460052325,0.4616072365684609,0.3000581174984207,0.46160723656845193,0.3000581174984131,0.38217464034794246,124225,390273,266048,0.3183028290453093,52600,271525,5477,118748,0.042832374572753906,0.16325926780700684,0.12042689323425293
Niblack_Thresholding_Sklearn,Sobel_Torch,0.600967993754879,0.3183246838681383,0.3856309116522439,0.3487601741434791,0.2112110964635754,0.3487601741434664,0.2112110964635661,0.600967993754879,124225,150491,26266,0.8254646457263225,221539,102586,76320,47905,0.042832374572753906,0.007185697555541992,0.035646677017211914
Niblack_Thresholding_Sklearn,Canny_Torch,0.6761324857811978,0.34974289929386826,0.19656268866975246,0.2516774718875295,0.14395368579917936,0.25167747188751655,0.14395368579917087,0.6761324857811978,124225,69817,54408,0.5620205272690683,278726,45399,99807,24418,0.042832374572753906,0.007955074310302734,0.03487730026245117
Sauvola_Thresholding_Sklearn,Global_Threshold_CV2,0.5985435485669678,0.9999454807430196,0.5879177113026754,0.7404739418494835,0.5878988664488551,0.7404739418494728,0.5878988664488416,0.5985435485669678,436755,256790,179965,0.5879497658870534,11581,14,179979,256776,0.04125809669494629,0.0009493827819824219,0.04030871391296387
Sauvola_Thresholding_Sklearn,Adaptive_Threshold_CV2,0.6557823129251701,0.9926492905710668,0.6514682144451694,0.786658446157972,0.6483404806066599,0.7866584461579611,0.6483404806066452,0.6557823129251701,436755,286639,150116,0.6562924293940539,9488,2107,152223,284532,0.04125809669494629,0.0015308856964111328,0.039727210998535156
Sauvola_Thresholding_Sklearn,Otsu_Thresholding_CV2,0.6830801828928292,0.9997489925783211,0.6748360064567092,0.8057717201568687,0.6747216874337555,0.8057717201568577,0.6747216874337401,0.6830801828928292,436755,294812,141943,0.6750054378312784,11521,74,142017,294738,0.04125809669494629,0.0008966922760009766,0.04036140441894531
Sauvola_Thresholding_Sklearn,Niblack_Thresholding_CV2,0.583332218133155,0.9984564208107979,0.5731565751966206,0.7282605375354015,0.5726491620571805,0.7282605375353909,0.5726491620571674,0.583332218133155,436755,250716,186039,0.5740426554933544,11208,387,186426,250329,0.04125809669494629,0.002545595169067383,0.038712501525878906
Sauvola_Thresholding_Sklearn,Sauvola_Thresholding_CV2,0.8939556150328984,0.9987774371802627,0.892232487321267,0.9425034374588079,0.8912591027189227,0.9425034374587965,0.8912591027189023,0.8939556150328984,436755,390164,46591,0.8933246328032879,11118,477,47068,389687,0.04125809669494629,0.0026171207427978516,0.03864097595214844
Sauvola_Thresholding_Sklearn,Sobel_CV2,0.3324188691870191,0.9734356593205977,0.3235246305136747,0.4856438774247653,0.32069330997183454,0.4856438774247569,0.32069330997182727,0.3324188691870191,436755,145157,291598,0.3323533788966354,7739,3856,295454,141301,0.04125809669494629,0.004088878631591797,0.03716921806335449
Sauvola_Thresholding_Sklearn,Canny_CV2,0.2700479536076726,0.9815103135857853,0.25548190633192525,0.40543201802194606,0.25425822078718124,0.4054320180219387,0.25425822078717547,0.2700479536076726,436755,113685,323070,0.26029467321496036,9493,2102,325172,111583,0.04125809669494629,0.001729726791381836,0.03952836990356445
Sauvola_Thresholding_Sklearn,Global_Threshold_Sklearn,0.644576781532285,1.0,0.6351409829309338,0.776863878480332,0.6351409829309338,0.7768638784803211,0.6351409829309193,0.644576781532285,436755,277401,159354,0.6351409829309338,11595,0,159354,277401,0.04125809669494629,0.033127546310424805,0.008130550384521484
Sauvola_Thresholding_Sklearn,Adaptive_Threshold_Sklearn,0.8663075722092115,0.9885896258953254,0.8728325949330861,0.9271117953132961,0.8641271208532149,0.9271117953132848,0.8641271208531952,0.8663075722092115,436755,385614,51141,0.8829068928804479,7195,4400,55541,381214,0.04125809669494629,0.039739370346069336,0.0015187263488769531
Sauvola_Thresholding_Sklearn,Otsu_Thresholding_Sklearn,0.7143459350953496,0.9996147869998705,0.7070348364643794,0.8282455493344956,0.7068422474214533,0.8282455493344845,0.7068422474214371,0.7143459350953496,436755,308920,127835,0.7073073004315921,11476,119,127954,308801,0.04125809669494629,0.03482985496520996,0.006428241729736328
Sauvola_Thresholding_Sklearn,Niblack_Thresholding_Sklearn,0.30293297646927625,1.0,0.28442719602523153,0.4428856643730614,0.28442719602523153,0.44288566437305354,0.28442719602522504,0.30293297646927625,436755,124225,312530,0.28442719602523153,11595,0,312530,124225,0.04125809669494629,0.042832374572753906,0.0015742778778076172
Sauvola_Thresholding_Sklearn,Sauvola_Thresholding_Sklearn,1.0,1.0,1.0,1.0,1.0,0.9999999999999886,0.9999999999999771,1.0,436755,436755,0,1.0,11595,0,0,436755,0.04125809669494629,0.04125809669494629,0.0
Sauvola_Thresholding_Sklearn,Sobel_Sklearn,0.3404215456674473,0.9736879227767067,0.33187942897047545,0.4950292167985492,0.328929453198751,0.4950292167985408,0.3289294531987435,0.3404215456674473,436755,148867,287888,0.3408478437567973,7678,3917,291805,144950,0.04125809669494629,0.0074918270111083984,0.03376626968383789
Sauvola_Thresholding_Sklearn,Canny_Sklearn,0.19167168506746962,0.9861494395689193,0.17263683300706345,0.29383454075687726,0.172219252924758,0.29383454075687154,0.17221925292475407,0.19167168506746962,436755,76459,360296,0.17506153335393984,10536,1059,361355,75400,0.04125809669494629,0.018695592880249023,0.022562503814697266
Sauvola_Thresholding_Sklearn,Global_Threshold_Torch,0.598523474963756,0.9999454788321566,0.5878971047841467,0.7404575970101047,0.5878782605908386,0.7404575970100941,0.5878782605908252,0.598523474963756,436755,256781,179974,0.5879291593685246,11581,14,179988,256767,0.04125809669494629,0.01045989990234375,0.03079819679260254
Sauvola_Thresholding_Sklearn,Adaptive_Threshold_Torch,0.6602854912456786,0.9974780157125568,0.6529175395816876,0.7892300602927318,0.6518414724464885,0.7892300602927209,0.6518414724464736,0.6602854912456786,436755,285886,150869,0.6545683506771531,10874,721,151590,285165,0.04125809669494629,0.007790327072143555,0.033467769622802734
Sauvola_Thresholding_Sklearn,Otsu_Thresholding_Torch,0.6843582022973124,0.9997393285509715,0.6761548236425456,0.8067079516926952,0.6760356384147681,0.8067079516926842,0.6760356384147527,0.6843582022973124,436755,295391,141364,0.6763311238566244,11518,77,141441,295314,0.04125809669494629,0.007857799530029297,0.03340029716491699
Sauvola_Thresholding_Sklearn,Niblack_Thresholding_Torch,0.5842199174751868,0.9984787179813942,0.5740563931723736,0.7289924243195189,0.5735547437073504,0.7289924243195084,0.5735547437073372,0.5842199174751868,436755,251104,185651,0.5749310254032581,11213,382,186033,250722,0.04125809669494629,0.16301989555358887,0.12176179885864258
Sauvola_Thresholding_Sklearn,Sauvola_Thresholding_Torch,0.8941898070703691,0.9987726540139851,0.8924774759304416,0.9426379759814661,0.8914997461313622,0.9426379759814547,0.8914997461313418,0.8941898070703691,436755,390273,46482,0.8935742006388021,11116,479,46961,389794,0.04125809669494629,0.16325926780700684,0.12200117111206055
Sauvola_Thresholding_Sklearn,Sobel_Torch,0.3439946470391435,0.9738987713550976,0.3355725750134515,0.49915367665339566,0.3325814701270528,0.49915367665338717,0.3325814701270452,0.3439946470391435,436755,150491,286264,0.34456617554464175,7667,3928,290192,146563,0.04125809669494629,0.007185697555541992,0.0340723991394043
Sauvola_Thresholding_Sklearn,Canny_Torch,0.16287721646035463,0.9399429938267184,0.15025357465856143,0.2590905142802997,0.14882480473888077,0.2590905142802946,0.1488248047388774,0.16287721646035463,436755,69817,366938,0.15985392267976326,7402,4193,371131,65624,0.04125809669494629,0.007955074310302734,0.033303022384643555
Sobel_Sklearn,Global_Threshold_CV2,0.492501394000223,0.34682035904824954,0.5982521310968851,0.4390901673088348,0.281303992141429,0.43909016730882394,0.2813039921414201,0.492501394000223,148867,256790,107923,0.5797227306359282,131753,167730,59807,89060,0.0074918270111083984,0.0009493827819824219,0.0065424442291259766
Sobel_Sklearn,Adaptive_Threshold_CV2,0.3776736924277908,0.2729670421680232,0.5255899561353423,0.35931996344482053,0.2190067261373274,0.35931996344481226,0.21900672613732128,0.3776736924277908,148867,286639,137772,0.5193536120346498,91087,208396,70624,78243,0.0074918270111083984,0.0015308856964111328,0.005960941314697266
Sobel_Sklearn,Otsu_Thresholding_CV2,0.5143682390989183,0.38320353309905975,0.7588854480845318,0.5092555653975058,0.3416115824932115,0.5092555653974944,0.34161158249320117,0.5143682390989183,148867,294812,145945,0.5049557005820658,117644,181839,35894,112973,0.0074918270111083984,0.0008966922760009766,0.006595134735107422
Sobel_Sklearn,Niblack_Thresholding_CV2,0.49494145199063233,0.34529108632875444,0.5815257914782994,0.4333017170400142,0.2765699827163728,0.43330171704000336,0.27656998271636396,0.49494145199063233,148867,250716,101849,0.5937674500231337,135337,164146,62297,86570,0.0074918270111083984,0.002545595169067383,0.004946231842041016
Sobel_Sklearn,Sauvola_Thresholding_CV2,0.324052637448422,0.302398478588491,0.7925530842967212,0.4377670300965993,0.280218788445918,0.4377670300965911,0.28021878844591136,0.324052637448422,148867,390164,241297,0.38154980982356135,27304,272179,30882,117985,0.0074918270111083984,0.0026171207427978516,0.004874706268310547
Sobel_Sklearn,Sobel_CV2,0.991680606668897,0.9999311090750016,0.9750112516541611,0.9873139607651076,0.9749457605943161,0.9873139607650739,0.9749457605942505,0.991680606668897,148867,145157,3710,0.9750784257088542,299473,10,3720,145147,0.0074918270111083984,0.004088878631591797,0.0034029483795166016
Sobel_Sklearn,Canny_CV2,0.793781643805063,0.7480934160179443,0.571295182948538,0.6478488070934519,0.4791245317033323,0.6478488070934273,0.47912453170330527,0.793781643805063,148867,113685,35182,0.7636682407786817,270845,28638,63820,85047,0.0074918270111083984,0.001729726791381836,0.0057621002197265625
Sobel_Sklearn,Global_Threshold_Sklearn,0.5033522917363666,0.3669705588660459,0.6838184419649754,0.47762440530370565,0.3137362468024779,0.47762440530369443,0.3137362468024682,0.5033522917363666,148867,277401,128534,0.5366491108539623,123880,175603,47069,101798,0.0074918270111083984,0.033127546310424805,0.025635719299316406
Sobel_Sklearn,Adaptive_Threshold_Sklearn,0.32432920709267316,0.3002276888287251,0.7776874659931348,0.43321278024850274,0.2764975197571583,0.43321278024849463,0.2764975197571517,0.32432920709267316,148867,385614,236747,0.3860518549637721,29641,269842,33095,115772,0.0074918270111083984,0.039739370346069336,0.03224754333496094
Sobel_Sklearn,Otsu_Thresholding_Sklearn,0.529450206312033,0.39948206655444773,0.8289815741567976,0.5391503035254387,0.36906623920760573,0.5391503035254269,0.3690662392075947,0.529450206312033,148867,308920,160053,0.4818949889939143,113971,185512,25459,123408,0.0074918270111083984,0.03482985496520996,0.027338027954101562
Sobel_Sklearn,Niblack_Thresholding_Sklearn,0.6028236868517899,0.38244314751459046,0.31913721644152165,0.34793402955780467,0.21060540909554354,0.34793402955779196,0.2106054090955342,0.6028236868517899,148867,124225,24642,0.8344696944252252,222767,76716,101358,47509,0.0074918270111083984,0.042832374572753906,0.03534054756164551
Sobel_Sklearn,Sauvola_Thresholding_Sklearn,0.3404215456674473,0.33187942897047545,0.9736879227767067,0.4950292167985492,0.328929453198751,0.4950292167985408,0.3289294531987435,0.3404215456674473,148867,436755,287888,0.3408478437567973,7678,291805,3917,144950,0.0074918270111083984,0.04125809669494629,0.03376626968383789
Sobel_Sklearn,Sobel_Sklearn,1.0,1.0,1.0,1.0,1.0,0.9999999999999664,0.9999999999999327,1.0,148867,148867,0,1.0,299483,0,0,148867,0.0074918270111083984,0.0074918270111083984,0.0
Sobel_Sklearn,Canny_Sklearn,0.7843916583026653,0.8413528819367243,0.4321239764353416,0.5709860380071541,0.3995664515487866,0.5709860380071287,0.3995664515487618,0.7843916583026653,148867,76459,72408,0.5136061047780905,287353,12130,84538,64329,0.0074918270111083984,0.018695592880249023,0.011203765869140625
Sobel_Sklearn,Global_Threshold_Torch,0.4924991635998662,0.3468130430210958,0.5982185440695386,0.4390752573659922,0.28129175313415017,0.43907525736598135,0.2812917531341413,0.4924991635998662,148867,256781,107914,0.5797430495246922,131757,167726,59812,89055,0.0074918270111083984,0.01045989990234375,0.0029680728912353516
Sobel_Sklearn,Adaptive_Threshold_Torch,0.39249470279915244,0.2839908215162687,0.5453794326479341,0.37349483499826336,0.22963027910081343,0.37349483499825475,0.22963027910080694,0.39249470279915244,148867,285886,137019,0.5207215463506433,94786,204697,67678,81189,0.0074918270111083984,0.007790327072143555,0.00029850006103515625
Sobel_Sklearn,Otsu_Thresholding_Torch,0.5147139511542321,0.3836948315960879,0.7613507358917692,0.510244047377875,0.342501767809548,0.5102440473778636,0.3425017678095376,0.5147139511542321,148867,295391,146524,0.5039659299030776,117432,182051,35527,113340,0.0074918270111083984,0.007857799530029297,0.00036597251892089844
Sobel_Sklearn,Niblack_Thresholding_Torch,0.4944819895171183,0.3451199502994775,0.5821370753760068,0.43333641689022456,0.27659825731703425,0.4333364168902137,0.2765982573170254,0.4944819895171183,148867,251104,102237,0.5928499745125526,135040,164443,62206,86661,0.0074918270111083984,0.16301989555358887,0.15552806854248047
Sobel_Sklearn,Sauvola_Thresholding_Torch,0.324135162261626,0.3025010697639857,0.7930434548959809,0.4379493267054939,0.2803681943184463,0.4379493267054858,0.2803681943184396,0.324135162261626,148867,390273,241406,0.3814432461379598,27268,272215,30809,118058,0.0074918270111083984,0.16325926780700684,0.15576744079589844
Sobel_Sklearn,Sobel_Torch,0.9963689082190254,0.9891953671648138,0.9999865651890614,0.9945616953614067,0.9891822210999848,0.9945616953613735,0.9891822210999189,0.9963689082190254,148867,150491,1624,0.9892086569960994,297857,1626,2,148865,0.0074918270111083984,0.007185697555541992,0.00030612945556640625
Sobel_Sklearn,Canny_Torch,0.7900702576112412,0.8920606729020153,0.4183667300341916,0.569598141610726,0.3982084742620026,0.5695981416106999,0.39820847426197714,0.7900702576112412,148867,69817,79050,0.4689890976509233,291947,7536,86586,62281,0.0074918270111083984,0.007955074310302734,0.00046324729919433594
Canny_Sklearn,Global_Threshold_CV2,0.4720307795249247,0.18796292690525332,0.6312795092794832,0.2896752878478255,0.16936859170052845,0.2896752878478168,0.16936859170052251,0.4720307795249247,76459,256790,180331,0.2977491335332373,163368,208523,28192,48267,0.018695592880249023,0.0009493827819824219,0.0177462100982666
Canny_Sklearn,Adaptive_Threshold_CV2,0.3708977361436378,0.14136248033240417,0.5299572319805386,0.22319043343670303,0.1256130300268462,0.2231904334366969,0.12561303002684232,0.3708977361436378,76459,286639,210180,0.26674318567954813,125772,246119,35939,40520,0.018695592880249023,0.0015308856964111328,0.01716470718383789
Canny_Sklearn,Otsu_Thresholding_CV2,0.4433567525370804,0.20640272444812288,0.7958513713231928,0.32779290599050287,0.19602410919364346,0.32779290599049404,0.19602410919363714,0.4433567525370804,76459,294812,218353,0.2593483304614466,137929,233962,15609,60850,0.018695592880249023,0.0008966922760009766,0.017798900604248047
Canny_Sklearn,Niblack_Thresholding_CV2,0.4735608341697335,0.1817714066912363,0.5960449391176971,0.27858485519981663,0.1618347881051981,0.2785848551998081,0.16183478810519236,0.4735608341697335,76459,250716,174257,0.30496258715040125,166748,205143,30886,45573,0.018695592880249023,0.002545595169067383,0.01614999771118164
Canny_Sklearn,Sauvola_Thresholding_CV2,0.25085089773614366,0.16754749284916087,0.8549811009822258,0.280187646129745,0.16291756801212207,0.280187646129739,0.16291756801211799,0.25085089773614366,76459,390164,313705,0.19596631160230057,47098,324793,11088,65371,0.018695592880249023,0.0026171207427978516,0.016078472137451172
Canny_Sklearn,Sobel_CV2,0.7897000111520018,0.43858718491013177,0.8326554100890673,0.5745433542704498,0.40305915721231766,0.5745433542704238,0.40305915721229213,0.7897000111520018,76459,145157,68698,0.5267331234456485,290398,81493,12795,63664,0.018695592880249023,0.004088878631591797,0.014606714248657227
Canny_Sklearn,Canny_CV2,0.8168573658971785,0.47513744117517703,0.7064701343203547,0.568158869067654,0.39680300893276915,0.568158869067624,0.39680300893273995,0.8168573658971785,76459,113685,37226,0.6725513480230462,312222,59669,22443,54016,0.018695592880249023,0.001729726791381836,0.016965866088867188
Canny_Sklearn,Global_Threshold_Sklearn,0.4545422103267536,0.19701443037335842,0.7147883179220236,0.3088905216752388,0.18265554396941258,0.30889052167523007,0.18265554396940648,0.4545422103267536,76459,277401,200942,0.2756262594583293,149142,222749,21807,54652,0.018695592880249023,0.033127546310424805,0.014431953430175781
Canny_Sklearn,Adaptive_Threshold_Sklearn,0.2390877662540426,0.15678631999875522,0.7907375194548713,0.2616859240855882,0.15054007081426443,0.26168592408558256,0.15054007081426068,0.2390877662540426,76459,385614,309155,0.1982785894702993,46736,325155,16000,60459,0.018695592880249023,0.039739370346069336,0.021043777465820312
Canny_Sklearn,Otsu_Thresholding_Sklearn,0.4293096910895506,0.2096173766670983,0.8469244954812383,0.33605878888055657,0.2019655421927242,0.3360587888805478,0.2019655421927179,0.4293096910895506,76459,308920,232461,0.24750420820924512,127726,244165,11704,64755,0.018695592880249023,0.03482985496520996,0.016134262084960938
Canny_Sklearn,Niblack_Thresholding_Sklearn,0.6544886807181889,0.18423827731938017,0.2993368995147726,0.2280899324310857,0.12872545656000944,0.2280899324310743,0.1287254565600022,0.6544886807181889,76459,124225,47766,0.6154880257597102,270553,101338,53572,22887,0.018695592880249023,0.042832374572753906,0.024136781692504883
Canny_Sklearn,Sauvola_Thresholding_Sklearn,0.19167168506746962,0.17263683300706345,0.9861494395689193,0.29383454075687726,0.172219252924758,0.29383454075687154,0.17221925292475407,0.19167168506746962,76459,436755,360296,0.17506153335393984,10536,361355,1059,75400,0.018695592880249023,0.04125809669494629,0.022562503814697266
Canny_Sklearn,Sobel_Sklearn,0.7843916583026653,0.4321239764353416,0.8413528819367243,0.5709860380071541,0.3995664515487866,0.5709860380071287,0.3995664515487618,0.7843916583026653,76459,148867,72408,0.5136061047780905,287353,84538,12130,64329,0.018695592880249023,0.0074918270111083984,0.011203765869140625
Canny_Sklearn,Canny_Sklearn,1.0,1.0,1.0,1.0,1.0,0.9999999999999345,0.9999999999998692,1.0,76459,76459,0,1.0,371891,0,0,76459,0.018695592880249023,0.018695592880249023,0.0
Canny_Sklearn,Global_Threshold_Torch,0.4720330099252816,0.18795393740191058,0.6312271936593469,0.2896591045492738,0.16935752709867813,0.2896591045492651,0.1693575270986722,0.4720330099252816,76459,256781,180322,0.2977595694385488,163373,208518,28196,48263,0.018695592880249023,0.01045989990234375,0.008235692977905273
Canny_Sklearn,Adaptive_Threshold_Torch,0.37833166053306566,0.14624710548960074,0.5468290194744896,0.23077453807835074,0.13043817367838145,0.23077453807834436,0.13043817367837737,0.37833166053306566,76459,285886,209427,0.2674457650951778,127815,244076,34649,41810,0.018695592880249023,0.007790327072143555,0.010905265808105469
Canny_Sklearn,Otsu_Thresholding_Torch,0.44281476525036245,0.20656688930942377,0.7980486273689167,0.3281860965443055,0.19630539970144645,0.32818609654429665,0.19630539970144012,0.44281476525036245,76459,295391,218932,0.2588399781983879,137518,234373,15441,61018,0.018695592880249023,0.007857799530029297,0.010837793350219727
Canny_Sklearn,Niblack_Thresholding_Torch,0.47297200847552134,0.18173744743213968,0.5968558312298095,0.27863342318882167,0.16186756902471552,0.2786334231888132,0.16186756902470978,0.47297200847552134,76459,251104,174645,0.30449136612718236,166422,205469,30824,45635,0.018695592880249023,0.16301989555358887,0.14432430267333984
Canny_Sklearn,Sauvola_Thresholding_Torch,0.2506791569086651,0.1675416951723537,0.8551903634627709,0.28019077329173914,0.16291968256736722,0.28019077329173314,0.16291968256736317,0.2506791569086651,76459,390273,313814,0.19591157984282798,47005,324886,11072,65387,0.018695592880249023,0.16325926780700684,0.1445636749267578
Canny_Sklearn,Sobel_Torch,0.7807694881231181,0.4274607783854184,0.8413528819367243,0.5669001982815598,0.3955762170937333,0.5669001982815348,0.39557621709370894,0.7807694881231181,76459,150491,74032,0.5080636051325328,285729,86162,12130,64329,0.018695592880249023,0.007185697555541992,0.011509895324707031
Canny_Sklearn,Canny_Torch,0.8327467380394781,0.5105346835297994,0.4661844910344106,0.48735267576362495,0.32218526285342397,0.4873526757635916,0.3221852628533948,0.8327467380394781,76459,69817,6642,0.9131299127637035,337718,34173,40815,35644,0.018695592880249023,0.007955074310302734,0.010740518569946289
Global_Threshold_Torch,Global_Threshold_CV2,0.9999799263967882,0.9999649519062269,1.0,0.9999824756460158,0.9999649519062269,0.9999824756459963,0.9999649519061878,0.9999799263967882,256781,256790,9,0.9999649519062269,191560,9,0,256781,0.01045989990234375,0.0009493827819824219,0.009510517120361328
Global_Threshold_Torch,Adaptive_Threshold_CV2,0.6422660867625739,0.668140064680661,0.7458301042522617,0.7048507600014722,0.5442235830692943,0.7048507600014592,0.5442235830692788,0.6422660867625739,256781,286639,29858,0.8958341328290986,96445,95124,65266,191515,0.01045989990234375,0.0015308856964111328,0.008929014205932617
Global_Threshold_Torch,Otsu_Thresholding_CV2,0.915175644028103,0.8709991452179694,1.0,0.9310524245231538,0.8709991452179694,0.931052424523137,0.8709991452179399,0.915175644028103,256781,294812,38031,0.8709991452179694,153538,38031,0,256781,0.01045989990234375,0.0008966922760009766,0.009563207626342773
Global_Threshold_Torch,Niblack_Thresholding_CV2,0.681050518568083,0.7269101293894287,0.7097409855090525,0.718222964864817,0.5603337750461954,0.7182229648648027,0.5603337750461781,0.681050518568083,256781,250716,6065,0.9763806512164062,123101,68468,74533,182248,0.01045989990234375,0.002545595169067383,0.007914304733276367
Global_Threshold_Torch,Sauvola_Thresholding_CV2,0.6941831158692985,0.6533560246460463,0.9927370015694308,0.7880608088786527,0.6502478132995263,0.7880608088786405,0.6502478132995098,0.6941831158692985,256781,390164,133383,0.6581360658594847,56321,135248,1865,254916,0.01045989990234375,0.0026171207427978516,0.007842779159545898
Global_Threshold_Torch,Sobel_CV2,0.4904739600758336,0.597601217991554,0.33782094469606394,0.43163871044788005,0.27521637605015353,0.4316387104478693,0.2752163760501448,0.4904739600758336,256781,145157,111624,0.5652949400461872,133158,58411,170035,86746,0.01045989990234375,0.004088878631591797,0.006371021270751953
Global_Threshold_Torch,Canny_CV2,0.4900457232073157,0.6237762237762238,0.2761652926034247,0.3828367515507496,0.23673352205960901,0.38283675155073926,0.2367335220596011,0.4900457232073157,256781,113685,143096,0.44273135473418984,148798,42771,185867,70914,0.01045989990234375,0.001729726791381836,0.008730173110961914
Global_Threshold_Torch,Global_Threshold_Sklearn,0.9096732463477194,0.8898381765026081,0.9612938652003069,0.9241868876150825,0.8590589545486184,0.9241868876150652,0.8590589545485884,0.9096732463477194,256781,277401,20620,0.9256671749561105,161010,30559,9939,246842,0.01045989990234375,0.033127546310424805,0.022667646408081055
Global_Threshold_Torch,Adaptive_Threshold_Sklearn,0.6164625850340136,0.6099830400348535,0.9160257184137456,0.7323157870157769,0.577679977012454,0.7323157870157655,0.5776799770124399,0.6164625850340136,256781,385614,128833,0.6659016529482851,41173,150396,21563,235218,0.01045989990234375,0.039739370346069336,0.029279470443725586
Global_Threshold_Torch,Otsu_Thresholding_Sklearn,0.8760098137615702,0.8256344684708015,0.9932783188787332,0.9017307729701733,0.8210471082840275,0.9017307729701574,0.8210471082840011,0.8760098137615702,256781,308920,52139,0.8312216755146964,137704,53865,1726,255055,0.01045989990234375,0.03482985496520996,0.02436995506286621
Global_Threshold_Torch,Niblack_Thresholding_Sklearn,0.6025471172075387,0.8162930167035621,0.39490460742811967,0.5322960793268348,0.3626726561326457,0.5322960793268208,0.3626726561326327,0.6025471172075387,256781,124225,132556,0.48377800538201815,168748,22821,155377,101404,0.01045989990234375,0.042832374572753906,0.032372474670410156
Global_Threshold_Torch,Sauvola_Thresholding_Sklearn,0.598523474963756,0.5878971047841467,0.9999454788321566,0.7404575970101047,0.5878782605908386,0.7404575970100941,0.5878782605908252,0.598523474963756,256781,436755,179974,0.5879291593685246,11581,179988,14,256767,0.01045989990234375,0.04125809669494629,0.03079819679260254
Global_Threshold_Torch,Sobel_Sklearn,0.4924991635998662,0.5982185440695386,0.3468130430210958,0.4390752573659922,0.28129175313415017,0.43907525736598135,0.2812917531341413,0.4924991635998662,256781,148867,107914,0.5797430495246922,131757,59812,167726,89055,0.01045989990234375,0.0074918270111083984,0.0029680728912353516
Global_Threshold_Torch,Canny_Sklearn,0.4720330099252816,0.6312271936593469,0.18795393740191058,0.2896591045492738,0.16935752709867813,0.2896591045492651,0.1693575270986722,0.4720330099252816,256781,76459,180322,0.2977595694385488,163373,28196,208518,48263,0.01045989990234375,0.018695592880249023,0.008235692977905273
Global_Threshold_Torch,Global_Threshold_Torch,1.0,1.0,1.0,1.0,1.0,0.9999999999999805,0.999999999999961,1.0,256781,256781,0,1.0,191569,0,0,256781,0.01045989990234375,0.01045989990234375,0.0
Global_Threshold_Torch,Adaptive_Threshold_Torch,0.6563153786104606,0.6795995606640409,0.7566291898543895,0.7160487002157861,0.5576914796816111,0.7160487002157729,0.557691479681595,0.6563153786104606,256781,285886,29105,0.8981936855949574,99971,91598,62493,194288,0.01045989990234375,0.007790327072143555,0.0026695728302001953
Global_Threshold_Torch,Otsu_Thresholding_Torch,0.9138842422214788,0.8692918877013857,1.0,0.9300761356968481,0.8692918877013857,0.9300761356968312,0.8692918877013561,0.9138842422214788,256781,295391,38610,0.8692918877013857,152959,38610,0,256781,0.01045989990234375,0.007857799530029297,0.002602100372314453
Global_Threshold_Torch,Niblack_Thresholding_Torch,0.680475075276012,0.7260457818274499,0.7099941195026112,0.7179302401134116,0.5599775164940474,0.7179302401133973,0.5599775164940302,0.680475075276012,256781,251104,5677,0.9778916664394951,122778,68791,74468,182313,0.01045989990234375,0.16301989555358887,0.15255999565124512
Global_Threshold_Torch,Sauvola_Thresholding_Torch,0.6939846102375377,0.6531991708368244,0.9927759452607475,0.7879589647850103,0.6501091480332952,0.787958964784998,0.6501091480332787,0.6939846102375377,256781,390273,133492,0.657952253935066,56222,135347,1855,254926,0.01045989990234375,0.16325926780700684,0.15279936790466309
Global_Threshold_Torch,Sobel_Torch,0.4942210326753652,0.5997235715092597,0.35147849724083946,0.44320748787051406,0.2846927155785615,0.4432074878705032,0.2846927155785525,0.4942210326753652,256781,150491,106290,0.5860675049945284,131331,60238,166528,90253,0.01045989990234375,0.007185697555541992,0.003274202346801758
Global_Threshold_Torch,Canny_Torch,0.4198237983718077,0.4760731626967644,0.12944104119853103,0.20354074427889945,0.11330106353967821,0.2035407442788932,0.11330106353967434,0.4198237983718077,256781,69817,186964,0.27189316966598,154990,36579,223543,33238,0.01045989990234375,0.007955074310302734,0.0025048255920410156
Adaptive_Threshold_Torch,Global_Threshold_CV2,0.6562953050072488,0.7566026714435921,0.6795995606640409,0.7160368249194732,0.5576770726890709,0.71603682491946,0.5576770726890548,0.6562953050072488,285886,256790,29096,0.8982251666748284,99962,62502,91598,194288,0.007790327072143555,0.0009493827819824219,0.006840944290161133
Adaptive_Threshold_Torch,Adaptive_Threshold_CV2,0.917834281253485,0.9344262295081968,0.9368874306541768,0.9356552115628138,0.8790903302459614,0.9356552115627975,0.8790903302459325,0.917834281253485,285886,286639,753,0.9973730022781269,143668,18796,18043,267843,0.007790327072143555,0.0015308856964111328,0.006259441375732422
Adaptive_Threshold_Torch,Otsu_Thresholding_CV2,0.6197033567525371,0.6956840291439969,0.7174048396913455,0.706377497425512,0.546046080691796,0.7063774974254998,0.5460460806917815,0.6197033567525371,285886,294812,8926,0.9697230777580288,72748,89716,80790,205096,0.007790327072143555,0.0008966922760009766,0.006893634796142578
Adaptive_Threshold_Torch,Niblack_Thresholding_CV2,0.8526419092227054,0.9383804783101198,0.8229399131122196,0.8768770895374971,0.780749000282078,0.8768770895374807,0.7807490002820522,0.8526419092227054,285886,250716,35170,0.8769789356596686,147015,15449,50619,235267,0.007790327072143555,0.002545595169067383,0.005244731903076172
Adaptive_Threshold_Torch,Sauvola_Thresholding_CV2,0.7601159808185569,0.7285372304979445,0.9942739413612419,0.8409111752089342,0.7254932988940814,0.8409111752089218,0.7254932988940629,0.7601159808185569,285886,390164,104278,0.7327329020616972,56549,105915,1637,284249,0.007790327072143555,0.0026171207427978516,0.005173206329345703
Adaptive_Threshold_Torch,Sobel_CV2,0.39062116649938666,0.543645845532768,0.2760331041044332,0.3661537248023979,0.22410537047502477,0.3661537248023894,0.2241053704750184,0.39062116649938666,285886,145157,140729,0.5077443456482654,96221,66243,206972,78914,0.007790327072143555,0.004088878631591797,0.003701448440551758
Adaptive_Threshold_Torch,Canny_CV2,0.3997925727668116,0.573813607775872,0.228181862700517,0.32652019290689266,0.19511451020975842,0.32652019290688444,0.19511451020975257,0.3997925727668116,285886,113685,172201,0.39765850723715046,114013,48451,220652,65234,0.007790327072143555,0.001729726791381836,0.006060600280761719
Adaptive_Threshold_Torch,Global_Threshold_Sklearn,0.5735586037693766,0.6706753039823217,0.6507698872977341,0.6605726743205507,0.4931754501764124,0.6605726743205389,0.49317545017639935,0.5735586037693766,285886,277401,8485,0.9703203374771762,71109,91355,99840,186046,0.007790327072143555,0.033127546310424805,0.02533721923828125
Adaptive_Threshold_Torch,Adaptive_Threshold_Sklearn,0.6734337013493922,0.6808414632248829,0.9183450746101592,0.7819568131049889,0.6419779048215221,0.7819568131049772,0.6419779048215063,0.6734337013493922,285886,385614,99728,0.7413786843838658,39392,123072,23344,262542,0.007790327072143555,0.039739370346069336,0.03194904327392578
Adaptive_Threshold_Torch,Otsu_Thresholding_Sklearn,0.5727177428348389,0.6526511718244206,0.7052356533723232,0.6779252394898505,0.5127737551152245,0.6779252394898391,0.5127737551152114,0.5727177428348389,285886,308920,23034,0.9254370063446847,55161,107303,84269,201617,0.007790327072143555,0.03482985496520996,0.027039527893066406
Adaptive_Threshold_Torch,Niblack_Thresholding_Sklearn,0.538425337348054,0.8177259005836184,0.3553234506061857,0.4953878340254224,0.32924619727805166,0.4953878340254103,0.329246197278041,0.538425337348054,285886,124225,161661,0.434526349663852,139821,22643,184304,101582,0.007790327072143555,0.042832374572753906,0.03504204750061035
Adaptive_Threshold_Torch,Sauvola_Thresholding_Sklearn,0.6602854912456786,0.6529175395816876,0.9974780157125568,0.7892300602927318,0.6518414724464885,0.7892300602927209,0.6518414724464736,0.6602854912456786,285886,436755,150869,0.6545683506771531,10874,151590,721,285165,0.007790327072143555,0.04125809669494629,0.033467769622802734
Adaptive_Threshold_Torch,Sobel_Sklearn,0.39249470279915244,0.5453794326479341,0.2839908215162687,0.37349483499826336,0.22963027910081343,0.37349483499825475,0.22963027910080694,0.39249470279915244,285886,148867,137019,0.5207215463506433,94786,67678,204697,81189,0.007790327072143555,0.0074918270111083984,0.00029850006103515625
Adaptive_Threshold_Torch,Canny_Sklearn,0.37833166053306566,0.5468290194744896,0.14624710548960074,0.23077453807835074,0.13043817367838145,0.23077453807834436,0.13043817367837737,0.37833166053306566,285886,76459,209427,0.2674457650951778,127815,34649,244076,41810,0.007790327072143555,0.018695592880249023,0.010905265808105469
Adaptive_Threshold_Torch,Global_Threshold_Torch,0.6563153786104606,0.7566291898543895,0.6795995606640409,0.7160487002157861,0.5576914796816111,0.7160487002157729,0.557691479681595,0.6563153786104606,285886,256781,29105,0.8981936855949574,99971,62493,91598,194288,0.007790327072143555,0.01045989990234375,0.0026695728302001953
Adaptive_Threshold_Torch,Adaptive_Threshold_Torch,1.0,1.0,1.0,1.0,1.0,0.9999999999999825,0.999999999999965,1.0,285886,285886,0,1.0,162464,0,0,285886,0.007790327072143555,0.007790327072143555,0.0
Adaptive_Threshold_Torch,Otsu_Thresholding_Torch,0.6191033790565407,0.6948451374618726,0.7179470138446793,0.7062071955367235,0.5458425747155782,0.7062071955367113,0.5458425747155636,0.6191033790565407,285886,295391,9505,0.9678223100906933,72324,90140,80635,205251,0.007790327072143555,0.007857799530029297,6.747245788574219e-05
Adaptive_Threshold_Torch,Niblack_Thresholding_Torch,0.8534939221590275,0.9384637441060277,0.8242866037511456,0.8776774241605989,0.7820188625397394,0.8776774241605825,0.7820188625397134,0.8534939221590275,285886,251104,34782,0.8783361199918849,147012,15452,50234,235652,0.007790327072143555,0.16301989555358887,0.1552295684814453
Adaptive_Threshold_Torch,Sauvola_Thresholding_Torch,0.7601003680160588,0.7284644338706495,0.9944523341471776,0.8409264684785679,0.7255160657277235,0.8409264684785555,0.725516065727705,0.7601003680160588,285886,390273,104387,0.7325282558619223,56491,105973,1586,284300,0.007790327072143555,0.16325926780700684,0.15546894073486328
Adaptive_Threshold_Torch,Sobel_Torch,0.396094568975131,0.5502521745486441,0.28965391799528484,0.37952504371220297,0.23420605313248616,0.37952504371219425,0.23420605313247952,0.396094568975131,285886,150491,135395,0.5264021323184765,94781,67683,203078,82808,0.007790327072143555,0.007185697555541992,0.0006046295166015625
Adaptive_Threshold_Torch,Canny_Torch,0.3749682167949147,0.5404844092413023,0.13199317210356576,0.21217139017663614,0.11867546419765511,0.21217139017663014,0.11867546419765138,0.3749682167949147,285886,69817,216069,0.2442127281503816,130382,32082,248151,37735,0.007790327072143555,0.007955074310302734,0.0001647472381591797
Otsu_Thresholding_Torch,Global_Threshold_CV2,0.9139043158246906,1.0,0.8693223557928306,0.9300935743895571,0.8693223557928306,0.9300935743895402,0.869322355792801,0.9139043158246906,295391,256790,38601,0.8693223557928306,152959,0,38601,256790,0.007857799530029297,0.0009493827819824219,0.006908416748046875
Otsu_Thresholding_Torch,Adaptive_Threshold_CV2,0.6017843202854912,0.703829555643161,0.6829761231723377,0.6932460526089721,0.5305100122276714,0.6932460526089601,0.5305100122276574,0.6017843202854912,295391,286639,8752,0.9703714737415832,68065,84894,93646,201745,0.007857799530029297,0.0015308856964111328,0.006326913833618164
Otsu_Thresholding_Torch,Otsu_Thresholding_CV2,0.9987085981933758,1.0,0.9980398861170449,0.9990189816046343,0.9980398861170449,0.9990189816046174,0.998039886117011,0.9987085981933758,295391,294812,579,0.9980398861170449,152959,0,579,294812,0.007857799530029297,0.0008966922760009766,0.00696110725402832
Otsu_Thresholding_Torch,Niblack_Thresholding_CV2,0.6495572655291625,0.7757502512803331,0.6584256121547373,0.7122889836607111,0.5531435039560427,0.7122889836606981,0.553143503956027,0.6495572655291625,295391,250716,44675,0.848759779411018,96736,56223,100898,194493,0.007857799530029297,0.002545595169067383,0.005312204360961914
Otsu_Thresholding_Torch,Sauvola_Thresholding_CV2,0.734767480762797,0.7261536174531735,0.9591321333419095,0.8265390814741341,0.7043601268906811,0.826539081474122,0.7043601268906635,0.734767480762797,295391,390164,94773,0.7570944525891676,46114,106845,12072,283319,0.007857799530029297,0.0026171207427978516,0.005240678787231445
Otsu_Thresholding_Torch,Sobel_CV2,0.5104405040704807,0.7614307267303678,0.3741718603478102,0.5017705221678455,0.3349089906399896,0.5017705221678341,0.3349089906399794,0.5104405040704807,295391,145157,150234,0.4914063055407917,118329,34630,184864,110527,0.007857799530029297,0.004088878631591797,0.0037689208984375
Otsu_Thresholding_Torch,Canny_CV2,0.47402698784431807,0.7620002638870563,0.2932655361876293,0.42353010198593904,0.268657271870193,0.42353010198592866,0.2686572718701847,0.47402698784431807,295391,113685,181706,0.38486277510147565,125902,27057,208763,86628,0.007857799530029297,0.001729726791381836,0.006128072738647461
Otsu_Thresholding_Torch,Global_Threshold_Sklearn,0.9255090888814542,0.9722279299642035,0.9130169842683088,0.9416926214053268,0.8898101255381976,0.9416926214053104,0.8898101255381682,0.9255090888814542,295391,277401,17990,0.9390976705451418,145255,7704,25694,269697,0.007857799530029297,0.033127546310424805,0.025269746780395508
Otsu_Thresholding_Torch,Adaptive_Threshold_Sklearn,0.6508687409389986,0.6800479235712397,0.887758936460488,0.7701441252266871,0.6262068109148481,0.7701441252266757,0.6262068109148331,0.6508687409389986,295391,385614,90223,0.7660276857168049,29581,123378,33155,262236,0.007857799530029297,0.039739370346069336,0.03188157081604004
Otsu_Thresholding_Torch,Otsu_Thresholding_Sklearn,0.9489751310360209,0.9410753593163278,0.984176904509616,0.962143664437682,0.9270489869066373,0.962143664437666,0.9270489869066076,0.9489751310360209,295391,308920,13529,0.9562054900945228,134756,18203,4674,290717,0.007857799530029297,0.03482985496520996,0.026972055435180664
Otsu_Thresholding_Torch,Niblack_Thresholding_Sklearn,0.5496063343370134,0.8761601931978266,0.36846417121713254,0.5187647754137116,0.35022443890274313,0.5187647754136993,0.35022443890273186,0.5496063343370134,295391,124225,171166,0.42054429552694567,137575,15384,186550,108841,0.007857799530029297,0.042832374572753906,0.03497457504272461
Otsu_Thresholding_Torch,Sauvola_Thresholding_Sklearn,0.6843582022973124,0.6761548236425456,0.9997393285509715,0.8067079516926952,0.6760356384147681,0.8067079516926842,0.6760356384147527,0.6843582022973124,295391,436755,141364,0.6763311238566244,11518,141441,77,295314,0.007857799530029297,0.04125809669494629,0.03340029716491699
Otsu_Thresholding_Torch,Sobel_Sklearn,0.5147139511542321,0.7613507358917692,0.3836948315960879,0.510244047377875,0.342501767809548,0.5102440473778636,0.3425017678095376,0.5147139511542321,295391,148867,146524,0.5039659299030776,117432,35527,182051,113340,0.007857799530029297,0.0074918270111083984,0.00036597251892089844
Otsu_Thresholding_Torch,Canny_Sklearn,0.44281476525036245,0.7980486273689167,0.20656688930942377,0.3281860965443055,0.19630539970144645,0.32818609654429665,0.19630539970144012,0.44281476525036245,295391,76459,218932,0.2588399781983879,137518,15441,234373,61018,0.007857799530029297,0.018695592880249023,0.010837793350219727
Otsu_Thresholding_Torch,Global_Threshold_Torch,0.9138842422214788,1.0,0.8692918877013857,0.9300761356968481,0.8692918877013857,0.9300761356968312,0.8692918877013561,0.9138842422214788,295391,256781,38610,0.8692918877013857,152959,0,38610,256781,0.007857799530029297,0.01045989990234375,0.002602100372314453
Otsu_Thresholding_Torch,Adaptive_Threshold_Torch,0.6191033790565407,0.7179470138446793,0.6948451374618726,0.7062071955367235,0.5458425747155782,0.7062071955367113,0.5458425747155636,0.6191033790565407,295391,285886,9505,0.9678223100906933,72324,80635,90140,205251,0.007857799530029297,0.007790327072143555,6.747245788574219e-05
Otsu_Thresholding_Torch,Otsu_Thresholding_Torch,1.0,1.0,1.0,1.0,1.0,0.999999999999983,0.9999999999999661,1.0,295391,295391,0,1.0,152959,0,0,295391,0.007857799530029297,0.007857799530029297,0.0
Otsu_Thresholding_Torch,Niblack_Thresholding_Torch,0.6494725103156016,0.7752485026124634,0.6590180472661659,0.7124237184237733,0.5533060282468373,0.7124237184237603,0.5533060282468215,0.6494725103156016,295391,251104,44287,0.8500732926866424,96523,56436,100723,194668,0.007857799530029297,0.16301989555358887,0.15516209602355957
Otsu_Thresholding_Torch,Sauvola_Thresholding_Torch,0.7346804951488792,0.7260404896059938,0.9592506203641953,0.8265097773836748,0.7043175660560265,0.8265097773836627,0.7043175660560089,0.7346804951488792,295391,390273,94882,0.7568830024111327,46040,106919,12037,283354,0.007857799530029297,0.16325926780700684,0.15540146827697754
Otsu_Thresholding_Torch,Sobel_Torch,0.5166097914575666,0.7613544996046275,0.3878825014980145,0.5139341798951292,0.34583540846048205,0.5139341798951177,0.34583540846047156,0.5166097914575666,295391,150491,144900,0.5094637277371349,117045,35914,180814,114577,0.007857799530029297,0.007185697555541992,0.0006721019744873047
Otsu_Thresholding_Torch,Canny_Torch,0.3866086762573882,0.6459315066531074,0.1526688355433984,0.2469661124619395,0.14087925750755206,0.24696611246193273,0.14087925750754765,0.3866086762573882,295391,69817,225574,0.23635452671205284,128239,24720,250294,45097,0.007857799530029297,0.007955074310302734,9.72747802734375e-05
Niblack_Thresholding_Torch,Global_Threshold_CV2,0.6804639232742278,0.7099770240274154,0.7260537466547725,0.7179253938814004,0.5599716197912028,0.7179253938813863,0.5599716197911855,0.6804639232742278,251104,256790,5686,0.9778573932006698,122771,74475,68789,182315,0.16301989555358887,0.0009493827819824219,0.16207051277160645
Niblack_Thresholding_Torch,Adaptive_Threshold_CV2,0.8060421545667448,0.7863235637858073,0.8976001975277176,0.8382852031546668,0.7215929464194243,0.8382852031546512,0.7215929464194011,0.8060421545667448,251104,286639,35535,0.8760287330056273,135998,61248,25713,225391,0.16301989555358887,0.0015308856964111328,0.16148900985717773
Niblack_Thresholding_Torch,Otsu_Thresholding_CV2,0.650090331214453,0.6598001438204686,0.7746471581496113,0.7126261183039149,0.5535502377639094,0.7126261183039018,0.5535502377638937,0.650090331214453,251104,294812,43708,0.8517428055845759,96951,100295,56587,194517,0.16301989555358887,0.0008966922760009766,0.1621232032775879
Niblack_Thresholding_Torch,Niblack_Thresholding_CV2,0.9846325415412066,0.9870331370953589,0.9855079966866318,0.9862699772826911,0.9729118751351458,0.9862699772826713,0.9729118751351075,0.9846325415412066,251104,250716,388,0.9984548234994265,193995,3251,3639,247465,0.16301989555358887,0.002545595169067383,0.16047430038452148
Niblack_Thresholding_Torch,Sauvola_Thresholding_CV2,0.6896576335452214,0.6434806901713126,0.9998367210398879,0.7830205156034606,0.6434130777411873,0.7830205156034484,0.6434130777411708,0.6896576335452214,251104,390164,139060,0.6435857741872648,58145,139101,41,251063,0.16301989555358887,0.0026171207427978516,0.16040277481079102
Niblack_Thresholding_Torch,Sobel_CV2,0.4935139957622393,0.5827414454693883,0.3368683891933223,0.42693578222434203,0.2714039118047178,0.42693578222433126,0.2714039118047091,0.4935139957622393,251104,145157,105947,0.5780752198292342,136678,60568,166515,84589,0.16301989555358887,0.004088878631591797,0.15893101692199707
Niblack_Thresholding_Torch,Canny_CV2,0.4960700345712055,0.6106874257817654,0.2764830508474576,0.380636477525364,0.2350531380030674,0.3806364775253535,0.23505313800305944,0.4960700345712055,251104,113685,137419,0.4527406970816873,152987,44259,181678,69426,0.16301989555358887,0.001729726791381836,0.16129016876220703
Niblack_Thresholding_Torch,Global_Threshold_Sklearn,0.5997479647596744,0.6291469749568315,0.6950347266471263,0.660451651356184,0.4930405476031064,0.6604516513561715,0.49304054760309246,0.5997479647596744,251104,277401,26297,0.9052022162861706,94371,102875,76578,174526,0.16301989555358887,0.033127546310424805,0.12989234924316406
Niblack_Thresholding_Torch,Adaptive_Threshold_Sklearn,0.5893654510984722,0.5868692526723615,0.9012401236141201,0.7108484446803766,0.5514079719696988,0.7108484446803653,0.5514079719696854,0.5893654510984722,251104,385614,134510,0.6511796770864129,37937,159309,24799,226305,0.16301989555358887,0.039739370346069336,0.12328052520751953
Niblack_Thresholding_Torch,Otsu_Thresholding_Sklearn,0.6008207873313259,0.6167486727955458,0.7587533452274755,0.6804208391068954,0.5156347260336998,0.6804208391068832,0.5156347260336858,0.6008207873313259,251104,308920,57816,0.8128447494496958,78852,118394,60578,190526,0.16301989555358887,0.03482985496520996,0.1281900405883789
Niblack_Thresholding_Torch,Niblack_Thresholding_Sklearn,0.6360499609679937,0.853902193600322,0.42243851153306994,0.5652427603515848,0.3939640412548792,0.5652427603515698,0.3939640412548646,0.6360499609679937,251104,124225,126879,0.4947153370714923,179097,18149,145028,106076,0.16301989555358887,0.042832374572753906,0.12018752098083496
Niblack_Thresholding_Torch,Sauvola_Thresholding_Sklearn,0.5842199174751868,0.5740563931723736,0.9984787179813942,0.7289924243195189,0.5735547437073504,0.7289924243195084,0.5735547437073372,0.5842199174751868,251104,436755,185651,0.5749310254032581,11213,186033,382,250722,0.16301989555358887,0.04125809669494629,0.12176179885864258
Niblack_Thresholding_Torch,Sobel_Sklearn,0.4944819895171183,0.5821370753760068,0.3451199502994775,0.43333641689022456,0.27659825731703425,0.4333364168902137,0.2765982573170254,0.4944819895171183,251104,148867,102237,0.5928499745125526,135040,62206,164443,86661,0.16301989555358887,0.0074918270111083984,0.15552806854248047
Niblack_Thresholding_Torch,Canny_Sklearn,0.47297200847552134,0.5968558312298095,0.18173744743213968,0.27863342318882167,0.16186756902471552,0.2786334231888132,0.16186756902470978,0.47297200847552134,251104,76459,174645,0.30449136612718236,166422,30824,205469,45635,0.16301989555358887,0.018695592880249023,0.14432430267333984
Niblack_Thresholding_Torch,Global_Threshold_Torch,0.680475075276012,0.7099941195026112,0.7260457818274499,0.7179302401134116,0.5599775164940474,0.7179302401133973,0.5599775164940302,0.680475075276012,251104,256781,5677,0.9778916664394951,122778,74468,68791,182313,0.16301989555358887,0.01045989990234375,0.15255999565124512
Niblack_Thresholding_Torch,Adaptive_Threshold_Torch,0.8534939221590275,0.8242866037511456,0.9384637441060277,0.8776774241605989,0.7820188625397394,0.8776774241605825,0.7820188625397134,0.8534939221590275,251104,285886,34782,0.8783361199918849,147012,50234,15452,235652,0.16301989555358887,0.007790327072143555,0.1552295684814453
Niblack_Thresholding_Torch,Otsu_Thresholding_Torch,0.6494725103156016,0.6590180472661659,0.7752485026124634,0.7124237184237733,0.5533060282468373,0.7124237184237603,0.5533060282468215,0.6494725103156016,251104,295391,44287,0.8500732926866424,96523,100723,56436,194668,0.16301989555358887,0.007857799530029297,0.15516209602355957
Niblack_Thresholding_Torch,Niblack_Thresholding_Torch,1.0,1.0,1.0,1.0,1.0,0.99999999999998,0.9999999999999601,1.0,251104,251104,0,1.0,197246,0,0,251104,0.16301989555358887,0.16301989555358887,0.0
Niblack_Thresholding_Torch,Sauvola_Thresholding_Torch,0.6894234415077506,0.6433060959892178,0.9998446858672104,0.7828936803159452,0.6432418168029679,0.782893680315933,0.6432418168029513,0.6894234415077506,251104,390273,139169,0.6434060260381835,58038,139208,39,251065,0.16301989555358887,0.16325926780700684,0.00023937225341796875
Niblack_Thresholding_Torch,Sobel_Torch,0.49471395115423217,0.5815962416357124,0.34856075570281636,0.43588690098233296,0.27867991212150156,0.4358869009823221,0.2786799121214927,0.49471395115423217,251104,150491,100613,0.599317414298458,134280,62966,163579,87525,0.16301989555358887,0.007185697555541992,0.15583419799804688
Niblack_Thresholding_Torch,Canny_Torch,0.4591256830601093,0.5616110689373648,0.1561504396584682,0.24435920366694608,0.13918519333643345,0.24435920366693845,0.13918519333642848,0.4591256830601093,251104,69817,181287,0.2780401745890149,166639,30607,211894,39210,0.16301989555358887,0.007955074310302734,0.15506482124328613
Sauvola_Thresholding_Torch,Global_Threshold_CV2,0.6939957622393219,0.9927684099848125,0.6532171069994593,0.7879696412868608,0.6501236834723179,0.7879696412868485,0.6501236834723012,0.6939957622393219,390273,256790,133483,0.6579753147155966,56220,1857,135340,254933,0.16325926780700684,0.0009493827819824219,0.16230988502502441
Sauvola_Thresholding_Torch,Adaptive_Threshold_CV2,0.7552135608341697,0.9893315285079839,0.7266221337371532,0.8378666650908833,0.7209729210258027,0.8378666650908709,0.7209729210257844,0.7552135608341697,390273,286639,103634,0.7344576744996452,55019,3058,106692,283581,0.16325926780700684,0.0015308856964111328,0.1617283821105957
Sauvola_Thresholding_Torch,Otsu_Thresholding_CV2,0.7346068919371027,0.9600966039374246,0.725256423067955,0.8263149828123517,0.7040347032735793,0.8263149828123397,0.7040347032735618,0.7346068919371027,390273,294812,95461,0.7553994255303339,46313,11764,107225,283048,0.16325926780700684,0.0008966922760009766,0.16236257553100586
Sauvola_Thresholding_Torch,Niblack_Thresholding_CV2,0.6885446637671462,0.999832479777916,0.6423042331906127,0.7821475875561047,0.6422351177894777,0.7821475875560925,0.6422351177894613,0.6885446637671462,390273,250716,139557,0.642411850166422,58035,42,139599,250674,0.16325926780700684,0.002545595169067383,0.16071367263793945
Sauvola_Thresholding_Torch,Sauvola_Thresholding_CV2,0.9981911453105833,0.9991003783024575,0.9988213378839941,0.9989608386070881,0.9979238346850168,0.9989608386070753,0.9979238346849912,0.9981911453105833,390273,390164,109,0.9997207083246855,57726,351,460,389813,0.16325926780700684,0.0026171207427978516,0.16064214706420898
Sauvola_Thresholding_Torch,Sobel_CV2,0.31916136946581913,0.7928518776221608,0.2948910121889037,0.429889994957324,0.2737960993667062,0.429889994957316,0.27379609936669963,0.31916136946581913,390273,145157,245116,0.37193707994147684,28008,30069,275185,115088,0.16325926780700684,0.004088878631591797,0.15917038917541504
Sauvola_Thresholding_Torch,Canny_CV2,0.31386639901862384,0.8634824295201654,0.251529057864623,0.38957611546994,0.24190905215220568,0.3895761154699322,0.2419090521521997,0.31386639901862384,390273,113685,276588,0.29129609273508544,42557,15520,292108,98165,0.16325926780700684,0.001729726791381836,0.161529541015625
Sauvola_Thresholding_Torch,Global_Threshold_Sklearn,0.6639098918255827,0.9318423509648487,0.6623414891627143,0.7743120145460209,0.6317366440197468,0.7743120145460094,0.6317366440197314,0.6639098918255827,390273,277401,112872,0.7107870644395077,39170,18907,131779,258494,0.16325926780700684,0.033127546310424805,0.13013172149658203
Sauvola_Thresholding_Torch,Adaptive_Threshold_Sklearn,0.8325259284041485,0.9086807014268155,0.8978330553228125,0.9032243097255142,0.8235269232667508,0.9032243097255025,0.8235269232667314,0.8325259284041485,390273,385614,4659,0.9880622026120177,22863,35214,39873,350400,0.16325926780700684,0.039739370346069336,0.1235198974609375
Sauvola_Thresholding_Torch,Otsu_Thresholding_Sklearn,0.6939823798371808,0.9096044283309594,0.7199960027980413,0.8037694885389299,0.6719185648903151,0.8037694885389184,0.671918564890299,0.6939823798371808,390273,308920,81353,0.7915484801664476,30152,27925,109278,280995,0.16325926780700684,0.03482985496520996,0.12842941284179688
Sauvola_Thresholding_Torch,Niblack_Thresholding_Sklearn,0.38217464034794246,0.9559106460052325,0.30426906293799466,0.4616072365684609,0.3000581174984207,0.46160723656845193,0.3000581174984131,0.38217464034794246,390273,124225,266048,0.3183028290453093,52600,5477,271525,118748,0.16325926780700684,0.042832374572753906,0.12042689323425293
Sauvola_Thresholding_Torch,Sauvola_Thresholding_Sklearn,0.8941898070703691,0.8924774759304416,0.9987726540139851,0.9426379759814661,0.8914997461313622,0.9426379759814547,0.8914997461313418,0.8941898070703691,390273,436755,46482,0.8935742006388021,11116,46961,479,389794,0.16325926780700684,0.04125809669494629,0.12200117111206055
Sauvola_Thresholding_Torch,Sobel_Sklearn,0.324135162261626,0.7930434548959809,0.3025010697639857,0.4379493267054939,0.2803681943184463,0.4379493267054858,0.2803681943184396,0.324135162261626,390273,148867,241406,0.3814432461379598,27268,30809,272215,118058,0.16325926780700684,0.0074918270111083984,0.15576744079589844
Sauvola_Thresholding_Torch,Canny_Sklearn,0.2506791569086651,0.8551903634627709,0.1675416951723537,0.28019077329173914,0.16291968256736722,0.28019077329173314,0.16291968256736317,0.2506791569086651,390273,76459,313814,0.19591157984282798,47005,11072,324886,65387,0.16325926780700684,0.018695592880249023,0.1445636749267578
Sauvola_Thresholding_Torch,Global_Threshold_Torch,0.6939846102375377,0.9927759452607475,0.6531991708368244,0.7879589647850103,0.6501091480332952,0.787958964784998,0.6501091480332787,0.6939846102375377,390273,256781,133492,0.657952253935066,56222,1855,135347,254926,0.16325926780700684,0.01045989990234375,0.15279936790466309
Sauvola_Thresholding_Torch,Adaptive_Threshold_Torch,0.7601003680160588,0.9944523341471776,0.7284644338706495,0.8409264684785679,0.7255160657277235,0.8409264684785555,0.725516065727705,0.7601003680160588,390273,285886,104387,0.7325282558619223,56491,1586,105973,284300,0.16325926780700684,0.007790327072143555,0.15546894073486328
Sauvola_Thresholding_Torch,Otsu_Thresholding_Torch,0.7346804951488792,0.9592506203641953,0.7260404896059938,0.8265097773836748,0.7043175660560265,0.8265097773836627,0.7043175660560089,0.7346804951488792,390273,295391,94882,0.7568830024111327,46040,12037,106919,283354,0.16325926780700684,0.007857799530029297,0.15540146827697754
Sauvola_Thresholding_Torch,Niblack_Thresholding_Torch,0.6894234415077506,0.9998446858672104,0.6433060959892178,0.7828936803159452,0.6432418168029679,0.782893680315933,0.6432418168029513,0.6894234415077506,390273,251104,139169,0.6434060260381835,58038,39,139208,251065,0.16325926780700684,0.16301989555358887,0.00023937225341796875
Sauvola_Thresholding_Torch,Sauvola_Thresholding_Torch,1.0,1.0,1.0,1.0,1.0,0.9999999999999871,0.9999999999999744,1.0,390273,390273,0,1.0,58077,0,0,390273,0.16325926780700684,0.16325926780700684,0.0
Sauvola_Thresholding_Torch,Sobel_Torch,0.32738262518122,0.7947186210471058,0.3064470255436579,0.4423297408851181,0.28396879140291476,0.4423297408851099,0.28396879140290804,0.32738262518122,390273,150491,239782,0.3856044358692505,27184,30893,270675,119598,0.16325926780700684,0.007185697555541992,0.15607357025146484
Sauvola_Thresholding_Torch,Canny_Torch,0.1944150775064124,0.7083231877622929,0.12671386439748586,0.2149709839379252,0.12042996612579968,0.21497098393792052,0.12042996612579673,0.1944150775064124,390273,69817,320456,0.17889272381128082,37713,20364,340820,49453,0.16325926780700684,0.007955074310302734,0.1553041934967041
Sobel_Torch,Global_Threshold_CV2,0.4942232630757221,0.35148564975271623,0.5997567960874737,0.4432222470481068,0.2847048952284219,0.44322224704809593,0.2847048952284129,0.4942232630757221,150491,256790,106299,0.586046964445656,131327,166532,60233,90258,0.007185697555541992,0.0009493827819824219,0.00623631477355957
Sobel_Torch,Adaptive_Threshold_CV2,0.37982825917252144,0.277484920056238,0.5285233003967015,0.3639100496419829,0.2224266762119958,0.3639100496419746,0.22242667621198955,0.37982825917252144,150491,286639,136148,0.5250192751160868,90758,207101,70953,79538,0.007185697555541992,0.0015308856964111328,0.005654811859130859
Sobel_Torch,Otsu_Thresholding_CV2,0.5162640794022527,0.3873994274317192,0.7589158155637215,0.5129541009155564,0.344948398184196,0.5129541009155448,0.34494839818418555,0.5162640794022527,150491,294812,144321,0.5104642958902623,117257,180602,36281,114210,0.007185697555541992,0.0008966922760009766,0.006289005279541016
Sobel_Torch,Niblack_Thresholding_CV2,0.49503066800490686,0.3486095821567032,0.5807789170116485,0.43569528946404223,0.27852328675451316,0.43569528946403135,0.2785232867545043,0.49503066800490686,150491,250716,100225,0.6002448986103799,134545,163314,63089,87402,0.007185697555541992,0.002545595169067383,0.004640102386474609
Sobel_Torch,Sauvola_Thresholding_CV2,0.3272867179658749,0.3063378476743113,0.7942136074582533,0.4421377773256513,0.28381057765598994,0.44213777732564313,0.28381057765598317,0.3272867179658749,150491,390164,239673,0.38571216206518283,27217,270642,30969,119522,0.007185697555541992,0.0026171207427978516,0.004568576812744141
Sobel_Torch,Sobel_CV2,0.9880807404929185,0.9999655545375008,0.9645227953831126,0.9819244506981275,0.9644907505847331,0.9819244506980942,0.9644907505846689,0.9880807404929185,150491,145157,5334,0.9645560199613266,297854,5,5339,145152,0.007185697555541992,0.004088878631591797,0.0030968189239501953
Sobel_Torch,Canny_CV2,0.7907929073268651,0.7493424814179531,0.5660737186941411,0.6449412512870207,0.47595076737416686,0.6449412512869963,0.4759507673741402,0.7907929073268651,150491,113685,36806,0.7554272348512535,269363,28496,65302,85189,0.007185697555541992,0.001729726791381836,0.005455970764160156
Sobel_Torch,Global_Threshold_Sklearn,0.5051544552247128,0.3713541047076254,0.6845193400269783,0.4814953305974405,0.31708518274552294,0.4814953305974292,0.31708518274551317,0.5051544552247128,150491,277401,126910,0.5425034516818613,123472,174387,47477,103014,0.007185697555541992,0.033127546310424805,0.025941848754882812
Sobel_Torch,Adaptive_Threshold_Sklearn,0.3273848555815769,0.30410980929115644,0.7792426125150341,0.4374851941317466,0.27998787114765683,0.4374851941317384,0.27998787114765017,0.3273848555815769,150491,385614,235123,0.3902633203151338,29514,268345,33222,117269,0.007185697555541992,0.039739370346069336,0.032553672790527344
Sobel_Torch,Otsu_Thresholding_Sklearn,0.5314218802275008,0.4035413699339635,0.8283684738622243,0.5427035922082841,0.37240439851948776,0.5427035922082722,0.3724043985194766,0.5314218802275008,150491,308920,158429,0.4871520134662696,113601,184258,25829,124662,0.007185697555541992,0.03482985496520996,0.02764415740966797
Sobel_Torch,Niblack_Thresholding_Sklearn,0.600967993754879,0.3856309116522439,0.3183246838681383,0.3487601741434791,0.2112110964635754,0.3487601741434664,0.2112110964635661,0.600967993754879,150491,124225,26266,0.8254646457263225,221539,76320,102586,47905,0.007185697555541992,0.042832374572753906,0.035646677017211914
Sobel_Torch,Sauvola_Thresholding_Sklearn,0.3439946470391435,0.3355725750134515,0.9738987713550976,0.49915367665339566,0.3325814701270528,0.49915367665338717,0.3325814701270452,0.3439946470391435,150491,436755,286264,0.34456617554464175,7667,290192,3928,146563,0.007185697555541992,0.04125809669494629,0.0340723991394043
Sobel_Torch,Sobel_Sklearn,0.9963689082190254,0.9999865651890614,0.9891953671648138,0.9945616953614067,0.9891822210999848,0.9945616953613735,0.9891822210999189,0.9963689082190254,150491,148867,1624,0.9892086569960994,297857,2,1626,148865,0.007185697555541992,0.0074918270111083984,0.00030612945556640625
Sobel_Torch,Canny_Sklearn,0.7807694881231181,0.8413528819367243,0.4274607783854184,0.5669001982815598,0.3955762170937333,0.5669001982815348,0.39557621709370894,0.7807694881231181,150491,76459,74032,0.5080636051325328,285729,12130,86162,64329,0.007185697555541992,0.018695592880249023,0.011509895324707031
Sobel_Torch,Global_Threshold_Torch,0.4942210326753652,0.35147849724083946,0.5997235715092597,0.44320748787051406,0.2846927155785615,0.4432074878705032,0.2846927155785525,0.4942210326753652,150491,256781,106290,0.5860675049945284,131331,166528,60238,90253,0.007185697555541992,0.01045989990234375,0.003274202346801758
Sobel_Torch,Adaptive_Threshold_Torch,0.396094568975131,0.28965391799528484,0.5502521745486441,0.37952504371220297,0.23420605313248616,0.37952504371219425,0.23420605313247952,0.396094568975131,150491,285886,135395,0.5264021323184765,94781,203078,67683,82808,0.007185697555541992,0.007790327072143555,0.0006046295166015625
Sobel_Torch,Otsu_Thresholding_Torch,0.5166097914575666,0.3878825014980145,0.7613544996046275,0.5139341798951292,0.34583540846048205,0.5139341798951177,0.34583540846047156,0.5166097914575666,150491,295391,144900,0.5094637277371349,117045,180814,35914,114577,0.007185697555541992,0.007857799530029297,0.0006721019744873047
Sobel_Torch,Niblack_Thresholding_Torch,0.49471395115423217,0.34856075570281636,0.5815962416357124,0.43588690098233296,0.27867991212150156,0.4358869009823221,0.2786799121214927,0.49471395115423217,150491,251104,100613,0.599317414298458,134280,163579,62966,87525,0.007185697555541992,0.16301989555358887,0.15583419799804688
Sobel_Torch,Sauvola_Thresholding_Torch,0.32738262518122,0.3064470255436579,0.7947186210471058,0.4423297408851181,0.28396879140291476,0.4423297408851099,0.28396879140290804,0.32738262518122,150491,390273,239782,0.3856044358692505,27184,270675,30893,119598,0.007185697555541992,0.16325926780700684,0.15607357025146484
Sobel_Torch,Sobel_Torch,1.0,1.0,1.0,1.0,1.0,0.9999999999999667,0.9999999999999335,1.0,150491,150491,0,1.0,297859,0,0,150491,0.007185697555541992,0.007185697555541992,0.0
Sobel_Torch,Canny_Torch,0.7937013493922159,0.91535012962459,0.42465662398415854,0.5801605025691305,0.40860991937391705,0.5801605025691041,0.4086099193738909,0.7937013493922159,150491,69817,80674,0.4639280754330824,291949,5910,86584,63907,0.007185697555541992,0.007955074310302734,0.0007693767547607422
Canny_Torch,Global_Threshold_CV2,0.4198126463700234,0.12944429300206395,0.4761018090149963,0.20354738263417502,0.11330517747394901,0.20354738263416877,0.11330517747394514,0.4198126463700234,69817,256790,186973,0.27188364032867324,154983,223550,36577,33240,0.007955074310302734,0.0009493827819824219,0.0070056915283203125
Canny_Torch,Adaptive_Threshold_CV2,0.36649492583918813,0.12633312284790277,0.518670237907673,0.20317795183697288,0.11307627933700554,0.20317795183696716,0.113076279337002,0.36649492583918813,69817,286639,216822,0.24357118186987814,128106,250427,33605,36212,0.007955074310302734,0.0015308856964111328,0.0064241886138916016
Canny_Torch,Otsu_Thresholding_CV2,0.38703468272554925,0.15231062507631982,0.6431528137846083,0.24629417846633153,0.14044212857259028,0.24629417846632476,0.1404421285725859,0.38703468272554925,69817,294812,224995,0.2368187183696729,128624,249909,24914,44903,0.007955074310302734,0.0008966922760009766,0.007058382034301758
Canny_Torch,Niblack_Thresholding_CV2,0.4596922047507528,0.15612485840552656,0.5606514172765945,0.24423694284207867,0.13910586730160987,0.24423694284207104,0.13910586730160493,0.4596922047507528,69817,250716,180899,0.2784704606008392,166960,211573,30674,39143,0.007955074310302734,0.002545595169067383,0.0054094791412353516
Canny_Torch,Sauvola_Thresholding_CV2,0.19444407271105163,0.1266262392224808,0.7076356761247261,0.21481322054606602,0.12033094969019134,0.21481322054606136,0.12033094969018841,0.19444407271105163,69817,390164,320347,0.17894270101803345,37774,340759,20412,49405,0.007955074310302734,0.0026171207427978516,0.005337953567504883
Canny_Torch,Sobel_CV2,0.794847775175644,0.4236585214629677,0.8808313161550911,0.5721343046135812,0.40069196035888116,0.5721343046135545,0.400691960358855,0.794847775175644,69817,145157,75340,0.48097577106167805,294873,83660,8320,61497,0.007955074310302734,0.004088878631591797,0.0038661956787109375
Canny_Torch,Canny_CV2,0.7489282926285268,0.31197607424022517,0.5079994843662718,0.3865570947455614,0.2395852332218732,0.3865570947455403,0.239585233221857,0.7489282926285268,69817,113685,43868,0.6141267537493953,300315,78218,34350,35467,0.007955074310302734,0.001729726791381836,0.0062253475189208984
Canny_Torch,Global_Threshold_Sklearn,0.3962127801940448,0.1379050544158096,0.5479324519816091,0.2203514794739904,0.12381741503027871,0.22035147947398406,0.1238174150302747,0.3962127801940448,69817,277401,207584,0.2516825822545701,139387,239146,31562,38255,0.007955074310302734,0.033127546310424805,0.02517247200012207
Canny_Torch,Adaptive_Threshold_Sklearn,0.22144083863053418,0.1379151171897286,0.7617342481057622,0.2335458060606327,0.1322116400537975,0.23354580606062755,0.13221164005379424,0.22144083863053418,69817,385614,315797,0.18105411110592456,46101,332432,16635,53182,0.007955074310302734,0.039739370346069336,0.0317842960357666
Canny_Torch,Otsu_Thresholding_Sklearn,0.38391658302665327,0.1659264534507316,0.734176489966627,0.2706785975492228,0.15652301368942742,0.27067859754921564,0.15652301368942262,0.38391658302665327,69817,308920,239103,0.22600349605075748,120871,257662,18559,51258,0.007955074310302734,0.03482985496520996,0.026874780654907227
Canny_Torch,Niblack_Thresholding_Sklearn,0.6761324857811978,0.19656268866975246,0.34974289929386826,0.2516774718875295,0.14395368579917936,0.25167747188751655,0.14395368579917087,0.6761324857811978,69817,124225,54408,0.5620205272690683,278726,99807,45399,24418,0.007955074310302734,0.042832374572753906,0.03487730026245117
Canny_Torch,Sauvola_Thresholding_Sklearn,0.16287721646035463,0.15025357465856143,0.9399429938267184,0.2590905142802997,0.14882480473888077,0.2590905142802946,0.1488248047388774,0.16287721646035463,69817,436755,366938,0.15985392267976326,7402,371131,4193,65624,0.007955074310302734,0.04125809669494629,0.033303022384643555
Canny_Torch,Sobel_Sklearn,0.7900702576112412,0.4183667300341916,0.8920606729020153,0.569598141610726,0.3982084742620026,0.5695981416106999,0.39820847426197714,0.7900702576112412,69817,148867,79050,0.4689890976509233,291947,86586,7536,62281,0.007955074310302734,0.0074918270111083984,0.00046324729919433594
Canny_Torch,Canny_Sklearn,0.8327467380394781,0.4661844910344106,0.5105346835297994,0.48735267576362495,0.32218526285342397,0.4873526757635916,0.3221852628533948,0.8327467380394781,69817,76459,6642,0.9131299127637035,337718,40815,34173,35644,0.007955074310302734,0.018695592880249023,0.010740518569946289
Canny_Torch,Global_Threshold_Torch,0.4198237983718077,0.12944104119853103,0.4760731626967644,0.20354074427889945,0.11330106353967821,0.2035407442788932,0.11330106353967434,0.4198237983718077,69817,256781,186964,0.27189316966598,154990,223543,36579,33238,0.007955074310302734,0.01045989990234375,0.0025048255920410156
Canny_Torch,Adaptive_Threshold_Torch,0.3749682167949147,0.13199317210356576,0.5404844092413023,0.21217139017663614,0.11867546419765511,0.21217139017663014,0.11867546419765138,0.3749682167949147,69817,285886,216069,0.2442127281503816,130382,248151,32082,37735,0.007955074310302734,0.007790327072143555,0.0001647472381591797
Canny_Torch,Otsu_Thresholding_Torch,0.3866086762573882,0.1526688355433984,0.6459315066531074,0.2469661124619395,0.14087925750755206,0.24696611246193273,0.14087925750754765,0.3866086762573882,69817,295391,225574,0.23635452671205284,128239,250294,24720,45097,0.007955074310302734,0.007857799530029297,9.72747802734375e-05
Canny_Torch,Niblack_Thresholding_Torch,0.4591256830601093,0.1561504396584682,0.5616110689373648,0.24435920366694608,0.13918519333643345,0.24435920366693845,0.13918519333642848,0.4591256830601093,69817,251104,181287,0.2780401745890149,166639,211894,30607,39210,0.007955074310302734,0.16301989555358887,0.15506482124328613
Canny_Torch,Sauvola_Thresholding_Torch,0.1944150775064124,0.12671386439748586,0.7083231877622929,0.2149709839379252,0.12042996612579968,0.21497098393792052,0.12042996612579673,0.1944150775064124,69817,390273,320456,0.17889272381128082,37713,340820,20364,49453,0.007955074310302734,0.16325926780700684,0.1553041934967041
Canny_Torch,Sobel_Torch,0.7937013493922159,0.42465662398415854,0.91535012962459,0.5801605025691305,0.40860991937391705,0.5801605025691041,0.4086099193738909,0.7937013493922159,69817,150491,80674,0.4639280754330824,291949,86584,5910,63907,0.007955074310302734,0.007185697555541992,0.0007693767547607422
Canny_Torch,Canny_Torch,1.0,1.0,1.0,1.0,1.0,0.9999999999999283,0.9999999999998568,1.0,69817,69817,0,1.0,378533,0,0,69817,0.007955074310302734,0.007955074310302734,0.0
