method1,method2,accuracy,precision,recall,f1_score,jaccard,dice_coefficient,intersection_over_union,pixel_agreement,area1,area2,area_difference,area_ratio,true_negative,false_positive,false_negative,true_positive,time1,time2,time_diff
Global_Threshold_CV2,Global_Threshold_CV2,1.0,1.0,1.0,1.0,1.0,0.9999999999999262,0.9999999999998526,1.0,67813,67813,0,1.0,61787,0,0,67813,0.00019478797912597656,0.00019478797912597656,0.0
Global_Threshold_CV2,Adaptive_Threshold_CV2,0.6900925925925926,0.6398207801927726,0.9328742276554642,0.7590439509016954,0.611660623640319,0.7590439509016498,0.61166062364026,0.6900925925925926,67813,98873,31060,0.6858596381216308,26175,35612,4552,63261,0.00019478797912597656,0.0003800392150878906,0.00018525123596191406
Global_Threshold_CV2,Otsu_Thresholding_CV2,0.92875,1.0,0.8638314187545161,0.9269415785809229,0.8638314187545161,0.9269415785808496,0.8638314187543887,0.92875,67813,58579,9234,0.8638314187545161,61787,0,9234,58579,0.00019478797912597656,0.0001342296600341797,6.0558319091796875e-05
Global_Threshold_CV2,Niblack_Thresholding_CV2,0.6282484567901234,0.6245274881396352,0.7260259832185569,0.6714627643252163,0.5054150883352324,0.6714627643251705,0.5054150883351806,0.6282484567901234,67813,78834,11021,0.8601999137428014,32187,29600,18579,49234,0.00019478797912597656,0.0005602836608886719,0.0003654956817626953
Global_Threshold_CV2,Sauvola_Thresholding_CV2,0.6575771604938272,0.6051698604317193,0.9942783832008611,0.7523935992144085,0.6030696850710625,0.7523935992143664,0.6030696850710086,0.6575771604938272,67813,111415,43602,0.608652335861419,17797,43990,388,67425,0.00019478797912597656,0.0005826950073242188,0.0003879070281982422
Global_Threshold_CV2,Sobel_CV2,0.4027700617283951,0.30116134384073,0.10707386489316208,0.15798004851886904,0.08576456970069217,0.15798004851885186,0.08576456970068204,0.4027700617283951,67813,24110,43703,0.35553654903926973,44938,16849,60552,7261,0.00019478797912597656,0.0009999275207519531,0.0008051395416259766
Global_Threshold_CV2,Canny_CV2,0.42248456790123456,0.2664851583770503,0.05917744385294855,0.09684815136596196,0.05088829429741691,0.09684815136595028,0.05088829429741046,0.42248456790123456,67813,15059,52754,0.22206656540781267,50741,11046,63800,4013,0.00019478797912597656,0.00042510032653808594,0.00023031234741210938
Global_Threshold_CV2,Global_Threshold_Sklearn,0.9816358024691358,0.9863243797660279,0.9784702048279829,0.9823815939475593,0.965373255932376,0.9823815939474865,0.9653732559322356,0.9816358024691358,67813,67273,540,0.9920369250733635,60867,920,1460,66353,0.00019478797912597656,0.009993314743041992,0.009798526763916016
Global_Threshold_CV2,Adaptive_Threshold_Sklearn,0.5987731481481482,0.5663706414625548,0.9950009585182782,0.7218516477932249,0.5647635867518184,0.7218516477931861,0.5647635867517712,0.5987731481481482,67813,119134,51321,0.5692161767421559,10127,51660,339,67474,0.00019478797912597656,0.010895967483520508,0.010701179504394531
Global_Threshold_CV2,Otsu_Thresholding_Sklearn,0.9220524691358025,0.9921375334709123,0.85782961968944,0.920108188475713,0.8520373787971995,0.9201081884756402,0.8520373787970748,0.9220524691358025,67813,58633,9180,0.8646277262471798,61326,461,9641,58172,0.00019478797912597656,0.010400056838989258,0.010205268859863281
Global_Threshold_CV2,Niblack_Thresholding_Sklearn,0.565979938271605,0.6173914808949527,0.44842434341497944,0.5195144660749828,0.3509081677398509,0.5195144660749383,0.35090816773981043,0.565979938271605,67813,49254,18559,0.7263209119195434,42942,18845,37404,30409,0.00019478797912597656,0.01208806037902832,0.011893272399902344
Global_Threshold_CV2,Sauvola_Thresholding_Sklearn,0.5836805555555555,0.5569154441359596,0.9998082963443587,0.715359658146712,0.5568559812738697,0.7153596581466742,0.556855981273824,0.5836805555555555,67813,121742,53929,0.5570222273332128,7845,53942,13,67800,0.00019478797912597656,0.011623620986938477,0.0114288330078125
Global_Threshold_CV2,Sobel_Sklearn,0.4012422839506173,0.3000898839679686,0.10831256543730552,0.15917389938129137,0.08646873234130721,0.15917389938127413,0.08646873234129704,0.4012422839506173,67813,24476,43337,0.3609337442673234,44656,17131,60468,7345,0.00019478797912597656,0.002012491226196289,0.0018177032470703125
Global_Threshold_CV2,Canny_Sklearn,0.4466898148148148,0.28719685383438937,0.03876837774468023,0.06831499213948836,0.03536549274933412,0.06831499213947947,0.03536549274932937,0.4466898148148148,67813,9154,58659,0.13498886644153776,55262,6525,65184,2629,0.00019478797912597656,0.004400491714477539,0.0042057037353515625
Global_Threshold_CV2,Global_Threshold_Torch,1.0,1.0,1.0,1.0,1.0,0.9999999999999262,0.9999999999998526,1.0,67813,67813,0,1.0,61787,0,0,67813,0.00019478797912597656,0.00399017333984375,0.0037953853607177734
Global_Threshold_CV2,Adaptive_Threshold_Torch,0.7047993827160494,0.6502648892142806,0.9430197749694011,0.7697465032860685,0.6256812155723189,0.7697465032860221,0.6256812155722578,0.7047993827160494,67813,98343,30530,0.6895559419582482,27393,34394,3864,63949,0.00019478797912597656,0.0010750293731689453,0.0008802413940429688
Global_Threshold_CV2,Otsu_Thresholding_Torch,0.9296836419753086,1.0,0.8656157373954847,0.9279678768189831,0.8656157373954847,0.9279678768189097,0.865615737395357,0.9296836419753086,67813,58700,9113,0.8656157373954847,61787,0,9113,58700,0.00019478797912597656,0.0012536048889160156,0.001058816909790039
Global_Threshold_CV2,Niblack_Thresholding_Torch,0.6288348765432099,0.6249461165910186,0.7268812764514179,0.6720704629585443,0.5061040094460701,0.6720704629584985,0.5061040094460182,0.6288348765432099,67813,78874,11061,0.8597636737074321,32205,29582,18521,49292,0.00019478797912597656,0.0464475154876709,0.04625272750854492
Global_Threshold_CV2,Sauvola_Thresholding_Torch,0.6574922839506173,0.6051082313242632,0.9942931296359105,0.7523501877360649,0.6030139068997898,0.7523501877360228,0.6030139068997359,0.6574922839506173,67813,111428,43615,0.6085813260580824,17785,44002,387,67426,0.00019478797912597656,0.04664468765258789,0.046449899673461914
Global_Threshold_CV2,Sobel_Torch,0.4286111111111111,0.34299662791282903,0.10049695486116231,0.15544809653064484,0.08427417858953591,0.1554480965306271,0.08427417858952549,0.4286111111111111,67813,19869,47944,0.2929969179950747,48733,13054,60998,6815,0.00019478797912597656,0.0012612342834472656,0.001066446304321289
Global_Threshold_CV2,Canny_Torch,0.4151388888888889,0.32696225024920905,0.11124710601212157,0.1660101665823119,0.09051858606704903,0.16601016658229364,0.09051858606703816,0.4151388888888889,67813,23073,44740,0.34024449589311784,46258,15529,60269,7544,0.00019478797912597656,0.001138925552368164,0.0009441375732421875
Adaptive_Threshold_CV2,Global_Threshold_CV2,0.6900925925925926,0.9328742276554642,0.6398207801927726,0.7590439509016954,0.611660623640319,0.7590439509016498,0.61166062364026,0.6900925925925926,98873,67813,31060,0.6858596381216308,26175,4552,35612,63261,0.0003800392150878906,0.00019478797912597656,0.00018525123596191406
Adaptive_Threshold_CV2,Adaptive_Threshold_CV2,1.0,1.0,1.0,1.0,1.0,0.9999999999999494,0.9999999999998989,1.0,98873,98873,0,1.0,30727,0,0,98873,0.0003800392150878906,0.0003800392150878906,0.0
Adaptive_Threshold_CV2,Otsu_Thresholding_CV2,0.6489197530864198,0.9555642807149319,0.5661404023343076,0.7110230419429413,0.5516181165989987,0.7110230419428961,0.5516181165989444,0.6489197530864198,98873,58579,40294,0.5924671042650673,28124,2603,42897,55976,0.0003800392150878906,0.0001342296600341797,0.00024580955505371094
Adaptive_Threshold_CV2,Niblack_Thresholding_CV2,0.7757330246913581,0.9427531268234518,0.7516814499408332,0.8364442593707619,0.7188690925270346,0.8364442593707149,0.7188690925269651,0.7757330246913581,98873,78834,20039,0.7973258624700373,26214,4513,24552,74321,0.0003800392150878906,0.0005602836608886719,0.00018024444580078125
Adaptive_Threshold_CV2,Sauvola_Thresholding_CV2,0.878179012345679,0.8728627204595432,0.9835850029836255,0.924922011717264,0.8603301544613315,0.9249220117172199,0.8603301544612555,0.878179012345679,98873,111415,12542,0.8874298792801687,16562,14165,1623,97250,0.0003800392150878906,0.0005826950073242188,0.00020265579223632812
Adaptive_Threshold_CV2,Sobel_CV2,0.2499922839506173,0.5346744089589383,0.13037937556259038,0.20963873055625573,0.11709297678305418,0.2096387305562387,0.11709297678304353,0.2499922839506173,98873,24110,74763,0.243848168863087,19508,11219,85982,12891,0.0003800392150878906,0.0009999275207519531,0.0006198883056640625
Adaptive_Threshold_CV2,Canny_CV2,0.25285493827160493,0.5678331894548111,0.08648468237031343,0.15010708141698556,0.08114365967299608,0.1501070814169724,0.08114365967298838,0.25285493827160493,98873,15059,83814,0.15230649418951583,24219,6508,90322,8551,0.0003800392150878906,0.00042510032653808594,4.506111145019531e-05
Adaptive_Threshold_CV2,Global_Threshold_Sklearn,0.673641975308642,0.9205030249877365,0.6263084967584679,0.745428719319153,0.5941700808858099,0.7454287193191081,0.594170080885753,0.673641975308642,98873,67273,31600,0.6803980864341125,25379,5348,36948,61925,0.0003800392150878906,0.009993314743041992,0.009613275527954102
Adaptive_Threshold_CV2,Adaptive_Threshold_Sklearn,0.8230169753086419,0.8186999513153256,0.9864674885964824,0.8947877820436958,0.8096072116342387,0.8947877820436547,0.8096072116341715,0.8230169753086419,98873,119134,20261,0.8299310020649017,9128,21599,1338,97535,0.0003800392150878906,0.010895967483520508,0.010515928268432617
Adaptive_Threshold_CV2,Otsu_Thresholding_Sklearn,0.6363271604938272,0.9412276363140211,0.558160468479767,0.7007606059451703,0.5393621907954534,0.7007606059451258,0.5393621907954007,0.6363271604938272,98873,58633,40240,0.5930132594338191,27281,3446,43686,55187,0.0003800392150878906,0.010400056838989258,0.010020017623901367
Adaptive_Threshold_CV2,Niblack_Thresholding_Sklearn,0.535378086419753,0.8924351321720063,0.44457030736399217,0.5934907208003942,0.4219600464620672,0.5934907208003541,0.42196004646202667,0.535378086419753,98873,49254,49619,0.4981541978093109,25429,5298,54917,43956,0.0003800392150878906,0.01208806037902832,0.01170802116394043
Adaptive_Threshold_CV2,Sauvola_Thresholding_Sklearn,0.8077854938271605,0.80376533981699,0.9896736217167478,0.8870838338281621,0.7970805535869928,0.887083833828122,0.7970805535869279,0.8077854938271605,98873,121742,22869,0.8121519278474151,6837,23890,1021,97852,0.0003800392150878906,0.011623620986938477,0.011243581771850586
Adaptive_Threshold_CV2,Sobel_Sklearn,0.25059413580246914,0.5357493054420657,0.13262468014523682,0.21261623523498366,0.11895388076490439,0.21261623523496642,0.1189538807648936,0.25059413580246914,98873,24476,74397,0.24754988722907165,19364,11363,85760,13113,0.0003800392150878906,0.002012491226196289,0.0016324520111083984
Adaptive_Threshold_CV2,Canny_Sklearn,0.2464429012345679,0.5662005680576797,0.05242078221556947,0.09595749210845436,0.05039671735832912,0.0959574921084455,0.05039671735832422,0.2464429012345679,98873,9154,89719,0.09258341508804224,26756,3971,93690,5183,0.0003800392150878906,0.004400491714477539,0.0040204524993896484
Adaptive_Threshold_CV2,Global_Threshold_Torch,0.6900925925925926,0.9328742276554642,0.6398207801927726,0.7590439509016954,0.611660623640319,0.7590439509016498,0.61166062364026,0.6900925925925926,98873,67813,31060,0.6858596381216308,26175,4552,35612,63261,0.0003800392150878906,0.00399017333984375,0.0036101341247558594
Adaptive_Threshold_CV2,Adaptive_Threshold_Torch,0.9381944444444444,0.961969840252992,0.9568132857301791,0.9593846341067662,0.921939715240759,0.9593846341067175,0.9219397152406692,0.9381944444444444,98873,98343,530,0.9946395881585468,26987,3740,4270,94603,0.0003800392150878906,0.0010750293731689453,0.0006949901580810547
Adaptive_Threshold_CV2,Otsu_Thresholding_Torch,0.6494675925925926,0.9552299829642249,0.5671113448565331,0.7116955315948799,0.5524280548960109,0.7116955315948346,0.5524280548959565,0.6494675925925926,98873,58700,40173,0.5936908964024556,28099,2628,42801,56072,0.0003800392150878906,0.0012536048889160156,0.000873565673828125
Adaptive_Threshold_CV2,Niblack_Thresholding_Torch,0.7764429012345679,0.9431117985647995,0.7523489729248632,0.8369986553922147,0.71968846749226,0.8369986553921677,0.7196884674921904,0.7764429012345679,98873,78874,19999,0.797730421854298,26240,4487,24486,74387,0.0003800392150878906,0.0464475154876709,0.04606747627258301
Adaptive_Threshold_CV2,Sauvola_Thresholding_Torch,0.8783256172839506,0.8729044764332125,0.9837468267373297,0.9250169994436546,0.8604945370902818,0.9250169994436105,0.8604945370902056,0.8783256172839506,98873,111428,12555,0.887326345263309,16565,14162,1607,97266,0.0003800392150878906,0.04664468765258789,0.0462646484375
Adaptive_Threshold_CV2,Sobel_Torch,0.25256172839506175,0.5504554834163773,0.11061664964145924,0.1842145155042024,0.10145169519039006,0.18421451550418688,0.10145169519038065,0.25256172839506175,98873,19869,79004,0.20095476014685507,21795,8932,87936,10937,0.0003800392150878906,0.0012612342834472656,0.000881195068359375
Adaptive_Threshold_CV2,Canny_Torch,0.2556635802469136,0.5521605339574395,0.12885216388700657,0.2089449428435537,0.11666025676244896,0.20894494284353657,0.11666025676243827,0.2556635802469136,98873,23073,75800,0.2333599668261305,20394,10333,86133,12740,0.0003800392150878906,0.001138925552368164,0.0007588863372802734
Otsu_Thresholding_CV2,Global_Threshold_CV2,0.92875,0.8638314187545161,1.0,0.9269415785809229,0.8638314187545161,0.9269415785808496,0.8638314187543887,0.92875,58579,67813,9234,0.8638314187545161,61787,9234,0,58579,0.0001342296600341797,0.00019478797912597656,6.0558319091796875e-05
Otsu_Thresholding_CV2,Adaptive_Threshold_CV2,0.6489197530864198,0.5661404023343076,0.9555642807149319,0.7110230419429413,0.5516181165989987,0.7110230419428961,0.5516181165989444,0.6489197530864198,58579,98873,40294,0.5924671042650673,28124,42897,2603,55976,0.0001342296600341797,0.0003800392150878906,0.00024580955505371094
Otsu_Thresholding_CV2,Otsu_Thresholding_CV2,1.0,1.0,1.0,1.0,1.0,0.9999999999999146,0.9999999999998294,1.0,58579,58579,0,1.0,71021,0,0,58579,0.0001342296600341797,0.0001342296600341797,0.0
Otsu_Thresholding_CV2,Niblack_Thresholding_CV2,0.6038811728395062,0.5459319582921075,0.7347001485173867,0.6264036153784577,0.4560317880794702,0.626403615378412,0.4560317880794219,0.6038811728395062,58579,78834,20255,0.7430677119009564,35225,35796,15541,43038,0.0001342296600341797,0.0005602836608886719,0.0004260540008544922
Otsu_Thresholding_CV2,Sauvola_Thresholding_CV2,0.5914660493827161,0.5252793609478077,0.9990610969801464,0.6885419485393602,0.525020184803086,0.6885419485393197,0.5250201848030389,0.5914660493827161,58579,111415,52836,0.5257730108154198,18130,52891,55,58524,0.0001342296600341797,0.0005826950073242188,0.00044846534729003906
Otsu_Thresholding_CV2,Sobel_CV2,0.4472453703703704,0.2291995022812111,0.09433414704928388,0.13365743932082866,0.07161463395668909,0.13365743932081248,0.0716146339566798,0.4472453703703704,58579,24110,34469,0.41158094197579337,52437,18584,53053,5526,0.0001342296600341797,0.0009999275207519531,0.0008656978607177734
Otsu_Thresholding_CV2,Canny_CV2,0.48016975308641974,0.2081147486552892,0.053500401167653935,0.08511909611885168,0.044451378645183254,0.08511909611884012,0.044451378645176946,0.48016975308641974,58579,15059,43520,0.25707164683589684,59096,11925,55445,3134,0.0001342296600341797,0.00042510032653808594,0.00029087066650390625
Otsu_Thresholding_CV2,Global_Threshold_Sklearn,0.9282407407407407,0.8662613529945149,0.9948274979088069,0.9261036773352828,0.862377175328519,0.9261036773352092,0.8623771753283914,0.9282407407407407,58579,67273,8694,0.8707653887889644,62024,8997,303,58276,0.0001342296600341797,0.009993314743041992,0.009859085083007812
Otsu_Thresholding_CV2,Adaptive_Threshold_Sklearn,0.530408950617284,0.49043094330753606,0.9974052134724047,0.6575433423553707,0.4898060124406888,0.6575433423553337,0.4898060124406477,0.530408950617284,58579,119134,60555,0.4917068175331979,10314,60707,152,58427,0.0001342296600341797,0.010895967483520508,0.010761737823486328
Otsu_Thresholding_CV2,Otsu_Thresholding_Sklearn,0.986574074074074,0.9847014479900398,0.985609177350245,0.985155103573013,0.9707445019839935,0.985155103572929,0.9707445019838303,0.986574074074074,58579,58633,54,0.9990790169358552,70124,897,843,57736,0.0001342296600341797,0.010400056838989258,0.010265827178955078
Otsu_Thresholding_CV2,Niblack_Thresholding_Sklearn,0.5770293209876544,0.5381897916920453,0.45251711364140734,0.4916491241085753,0.3259514294497387,0.49164912410852973,0.3259514294496986,0.5770293209876544,58579,49254,9325,0.8408132607248331,48275,22746,32071,26508,0.0001342296600341797,0.01208806037902832,0.01195383071899414
Otsu_Thresholding_CV2,Sauvola_Thresholding_Sklearn,0.5125077160493827,0.48110758817827864,0.9998634322880213,0.649630381375436,0.48107597535934293,0.6496303813754,0.4810759753593034,0.5125077160493827,58579,121742,63163,0.48117330091504984,7850,63171,8,58571,0.0001342296600341797,0.011623620986938477,0.011489391326904297
Otsu_Thresholding_CV2,Sobel_Sklearn,0.44547067901234566,0.2285504167347606,0.09549497260110279,0.13470591776533622,0.07221698661261797,0.13470591776532,0.07221698661260864,0.44547067901234566,58579,24476,34103,0.4178289147988187,52139,18882,52985,5594,0.0001342296600341797,0.002012491226196289,0.0018782615661621094
Otsu_Thresholding_CV2,Canny_Sklearn,0.506304012345679,0.20482849027747432,0.03200805749500674,0.05536444569116974,0.028470345288347656,0.05536444569116157,0.028470345288343336,0.506304012345679,58579,9154,49425,0.15626760443162224,63742,7279,56704,1875,0.0001342296600341797,0.004400491714477539,0.004266262054443359
Otsu_Thresholding_CV2,Global_Threshold_Torch,0.92875,0.8638314187545161,1.0,0.9269415785809229,0.8638314187545161,0.9269415785808496,0.8638314187543887,0.92875,58579,67813,9234,0.8638314187545161,61787,9234,0,58579,0.0001342296600341797,0.00399017333984375,0.0038559436798095703
Otsu_Thresholding_CV2,Adaptive_Threshold_Torch,0.6645216049382716,0.5767771981737388,0.9682992198569453,0.7229324122812607,0.5660878243512975,0.7229324122812146,0.5660878243512409,0.6645216049382716,58579,98343,39764,0.5956600876524003,29400,41621,1857,56722,0.0001342296600341797,0.0010750293731689453,0.0009407997131347656
Otsu_Thresholding_CV2,Otsu_Thresholding_Torch,0.9990663580246913,0.99793867120954,1.0,0.9989682722397019,0.99793867120954,0.9989682722396167,0.9979386712093701,0.9990663580246913,58579,58700,121,0.99793867120954,70900,121,0,58579,0.0001342296600341797,0.0012536048889160156,0.001119375228881836
Otsu_Thresholding_CV2,Niblack_Thresholding_Torch,0.6046373456790124,0.546529908461597,0.735878045033203,0.6272253061046321,0.45690331333601847,0.6272253061045865,0.45690331333597006,0.6046373456790124,58579,78874,20295,0.742690874052286,35254,35767,15472,43107,0.0001342296600341797,0.0464475154876709,0.04631328582763672
Otsu_Thresholding_CV2,Sauvola_Thresholding_Torch,0.5913348765432099,0.525200129231432,0.9990269550521518,0.6884657690565683,0.5249316051486748,0.6884657690565277,0.5249316051486277,0.5913348765432099,58579,111428,52849,0.525711670316258,18115,52906,57,58522,0.0001342296600341797,0.04664468765258789,0.04651045799255371
Otsu_Thresholding_CV2,Sobel_Torch,0.47469135802469137,0.26090895364638383,0.08849587736219465,0.13216398123597797,0.07075780738152435,0.13216398123596113,0.0707578073815147,0.47469135802469137,58579,19869,38710,0.33918298366308747,56336,14685,53395,5184,0.0001342296600341797,0.0012612342834472656,0.001127004623413086
Otsu_Thresholding_CV2,Canny_Torch,0.4589969135802469,0.2500325055259394,0.09848239130063674,0.14130701023857345,0.07602493312072532,0.14130701023855616,0.07602493312071532,0.4589969135802469,58579,23073,35506,0.39387835231055496,53717,17304,52810,5769,0.0001342296600341797,0.001138925552368164,0.0010046958923339844
Niblack_Thresholding_CV2,Global_Threshold_CV2,0.6282484567901234,0.7260259832185569,0.6245274881396352,0.6714627643252163,0.5054150883352324,0.6714627643251705,0.5054150883351806,0.6282484567901234,78834,67813,11021,0.8601999137428014,32187,18579,29600,49234,0.0005602836608886719,0.00019478797912597656,0.0003654956817626953
Niblack_Thresholding_CV2,Adaptive_Threshold_CV2,0.7757330246913581,0.7516814499408332,0.9427531268234518,0.8364442593707619,0.7188690925270346,0.8364442593707149,0.7188690925269651,0.7757330246913581,78834,98873,20039,0.7973258624700373,26214,24552,4513,74321,0.0005602836608886719,0.0003800392150878906,0.00018024444580078125
Niblack_Thresholding_CV2,Otsu_Thresholding_CV2,0.6038811728395062,0.7347001485173867,0.5459319582921075,0.6264036153784577,0.4560317880794702,0.626403615378412,0.4560317880794219,0.6038811728395062,78834,58579,20255,0.7430677119009564,35225,15541,35796,43038,0.0005602836608886719,0.0001342296600341797,0.0004260540008544922
Niblack_Thresholding_CV2,Niblack_Thresholding_CV2,1.0,1.0,1.0,1.0,1.0,0.9999999999999365,0.9999999999998732,1.0,78834,78834,0,1.0,50766,0,0,78834,0.0005602836608886719,0.0005602836608886719,0.0
Niblack_Thresholding_CV2,Sauvola_Thresholding_CV2,0.7483410493827161,0.7074182111923888,0.9997843570033235,0.8285667730185179,0.7073102878885777,0.8285667730184743,0.7073102878885144,0.7483410493827161,78834,111415,32581,0.7075707938787417,18168,32598,17,78817,0.0005602836608886719,0.0005826950073242188,2.2411346435546875e-05
Niblack_Thresholding_CV2,Sobel_CV2,0.4147993827160494,0.5620489423475736,0.1718928381155339,0.26326935032639104,0.1515890505968029,0.2632693503263655,0.15158905059678593,0.4147993827160494,78834,24110,54724,0.3058325088159931,40207,10559,65283,13551,0.0005602836608886719,0.0009999275207519531,0.00043964385986328125
Niblack_Thresholding_CV2,Canny_CV2,0.40672067901234565,0.5645793213360781,0.10784686810259533,0.1810997624956067,0.0995655279830427,0.18109976249558743,0.09956552798303105,0.40672067901234565,78834,15059,63775,0.1910216404089606,44209,6557,70332,8502,0.0005602836608886719,0.00042510032653808594,0.00013518333435058594
Niblack_Thresholding_CV2,Global_Threshold_Sklearn,0.6115663580246914,0.7117714387644375,0.6073902123449273,0.6554511419712951,0.48748778302655155,0.6554511419712501,0.4874877830265019,0.6115663580246914,78834,67273,11561,0.8533500773777811,31376,19390,30951,47883,0.0005602836608886719,0.009993314743041992,0.00943303108215332
Niblack_Thresholding_CV2,Adaptive_Threshold_Sklearn,0.6720216049382716,0.6524669699665923,0.9860085749803384,0.7852885314798351,0.646481532307027,0.7852885314797954,0.6464815323069733,0.6720216049382716,78834,119134,40300,0.66172545201202,9363,41403,1103,77731,0.0005602836608886719,0.010895967483520508,0.010335683822631836
Niblack_Thresholding_CV2,Otsu_Thresholding_Sklearn,0.5923379629629629,0.7217266726928522,0.5367861582565898,0.615667760262463,0.4447398843930636,0.6156677602624182,0.44473988439301687,0.5923379629629629,78834,58633,20201,0.7437526955374585,34450,16316,36517,42317,0.0005602836608886719,0.010400056838989258,0.009839773178100586
Niblack_Thresholding_CV2,Niblack_Thresholding_Sklearn,0.7087962962962963,0.9171640881958826,0.5730268665804095,0.7053588158141277,0.5448295824589333,0.7053588158140728,0.5448295824588677,0.7087962962962963,78834,49254,29580,0.6247811857827841,46686,4080,33660,45174,0.0005602836608886719,0.01208806037902832,0.011527776718139648
Niblack_Thresholding_CV2,Sauvola_Thresholding_Sklearn,0.6674845679012346,0.6467858257626784,0.9988203059593577,0.7851487715379707,0.6462921163869167,0.7851487715379315,0.6462921163868637,0.6674845679012346,78834,121742,42908,0.6475497363276437,7765,43001,93,78741,0.0005602836608886719,0.011623620986938477,0.011063337326049805
Niblack_Thresholding_CV2,Sobel_Sklearn,0.4152314814814815,0.5622650759928093,0.17456934825075476,0.2664214500048398,0.15368294099254032,0.26642145000481404,0.15368294099252316,0.4152314814814815,78834,24476,54358,0.3104751756856179,40052,10714,65072,13762,0.0005602836608886719,0.002012491226196289,0.0014522075653076172
Niblack_Thresholding_CV2,Canny_Sklearn,0.4069753086419753,0.6080402010050251,0.07060405408833752,0.12651725235259353,0.06753051369779912,0.12651725235257916,0.06753051369779094,0.4069753086419753,78834,9154,69680,0.11611741126924931,47178,3588,73268,5566,0.0005602836608886719,0.004400491714477539,0.003840208053588867
Niblack_Thresholding_CV2,Global_Threshold_Torch,0.6282484567901234,0.7260259832185569,0.6245274881396352,0.6714627643252163,0.5054150883352324,0.6714627643251705,0.5054150883351806,0.6282484567901234,78834,67813,11021,0.8601999137428014,32187,18579,29600,49234,0.0005602836608886719,0.00399017333984375,0.003429889678955078
Niblack_Thresholding_CV2,Adaptive_Threshold_Torch,0.8097453703703704,0.7754491931301669,0.9673491133267372,0.8608340811730643,0.7556705015012337,0.8608340811730156,0.7556705015011588,0.8097453703703704,78834,98343,19509,0.80162289130899,28683,22083,2574,76260,0.0005602836608886719,0.0010750293731689453,0.0005147457122802734
Niblack_Thresholding_CV2,Otsu_Thresholding_Torch,0.6045987654320988,0.7350085178875639,0.547289240682954,0.6274084953538761,0.45709775503501465,0.6274084953538305,0.45709775503496625,0.6045987654320988,78834,58700,20134,0.7446025826420073,35211,15555,35689,43145,0.0005602836608886719,0.0012536048889160156,0.0006933212280273438
Niblack_Thresholding_CV2,Niblack_Thresholding_Torch,0.9713271604938272,0.9761898724548014,0.9766851865946166,0.9764374667106298,0.9539597581524433,0.9764374667105677,0.9539597581523251,0.9713271604938272,78834,78874,40,0.9994928620331162,48888,1878,1838,76996,0.0005602836608886719,0.0464475154876709,0.04588723182678223
Niblack_Thresholding_CV2,Sauvola_Thresholding_Torch,0.7480555555555556,0.7072279857845425,0.9996321384174341,0.8283840178280476,0.7070439721148066,0.8283840178280041,0.7070439721147432,0.7480555555555556,78834,111428,32594,0.7074882435294539,18143,32623,29,78805,0.0005602836608886719,0.04664468765258789,0.04608440399169922
Niblack_Thresholding_CV2,Sobel_Torch,0.41425154320987656,0.5735064673612159,0.14454423218408302,0.2308947043149651,0.13051495853759107,0.23089470431494172,0.1305149585375761,0.41425154320987656,78834,19869,58965,0.25203592358626986,42292,8474,67439,11395,0.0005602836608886719,0.0012612342834472656,0.0007009506225585938
Niblack_Thresholding_CV2,Canny_Torch,0.4168595679012346,0.5706236726910241,0.16700915848491768,0.2583924558666235,0.14836434117262595,0.25839245586659815,0.14836434117260924,0.4168595679012346,78834,23073,55761,0.29267828601872287,40859,9907,65668,13166,0.0005602836608886719,0.001138925552368164,0.0005786418914794922
Sauvola_Thresholding_CV2,Global_Threshold_CV2,0.6575771604938272,0.9942783832008611,0.6051698604317193,0.7523935992144085,0.6030696850710625,0.7523935992143664,0.6030696850710086,0.6575771604938272,111415,67813,43602,0.608652335861419,17797,388,43990,67425,0.0005826950073242188,0.00019478797912597656,0.0003879070281982422
Sauvola_Thresholding_CV2,Adaptive_Threshold_CV2,0.878179012345679,0.9835850029836255,0.8728627204595432,0.924922011717264,0.8603301544613315,0.9249220117172199,0.8603301544612555,0.878179012345679,111415,98873,12542,0.8874298792801687,16562,1623,14165,97250,0.0005826950073242188,0.0003800392150878906,0.00020265579223632812
Sauvola_Thresholding_CV2,Otsu_Thresholding_CV2,0.5914660493827161,0.9990610969801464,0.5252793609478077,0.6885419485393602,0.525020184803086,0.6885419485393197,0.5250201848030389,0.5914660493827161,111415,58579,52836,0.5257730108154198,18130,55,52891,58524,0.0005826950073242188,0.0001342296600341797,0.00044846534729003906
Sauvola_Thresholding_CV2,Niblack_Thresholding_CV2,0.7483410493827161,0.9997843570033235,0.7074182111923888,0.8285667730185179,0.7073102878885777,0.8285667730184743,0.7073102878885144,0.7483410493827161,111415,78834,32581,0.7075707938787417,18168,17,32598,78817,0.0005826950073242188,0.0005602836608886719,2.2411346435546875e-05
Sauvola_Thresholding_CV2,Sauvola_Thresholding_CV2,1.0,1.0,1.0,1.0,1.0,0.999999999999955,0.9999999999999103,1.0,111415,111415,0,1.0,18185,0,0,111415,0.0005826950073242188,0.0005826950073242188,0.0
Sauvola_Thresholding_CV2,Sobel_CV2,0.20758487654320987,0.6807963500622148,0.14732307139972176,0.24222837114923446,0.1378042330263368,0.24222837114921655,0.13780423302632522,0.20758487654320987,111415,24110,87305,0.2163981510568595,10489,7696,95001,16414,0.0005826950073242188,0.0009999275207519531,0.0004172325134277344
Sauvola_Thresholding_CV2,Canny_CV2,0.2047993827160494,0.7774752639617505,0.10508459363640443,0.18514477283868622,0.1020162765975986,0.1851447728386716,0.1020162765975897,0.2047993827160494,111415,15059,96356,0.13516133375218778,14834,3351,99707,11708,0.0005826950073242188,0.00042510032653808594,0.0001575946807861328
Sauvola_Thresholding_CV2,Global_Threshold_Sklearn,0.6441512345679012,0.9853135730530822,0.5949378449939415,0.7419076826647565,0.5897084597386191,0.7419076826647149,0.5897084597385667,0.6441512345679012,111415,67273,44142,0.6038055917066822,17197,988,45130,66285,0.0005826950073242188,0.009993314743041992,0.009410619735717773
Sauvola_Thresholding_CV2,Adaptive_Threshold_Sklearn,0.9057638888888889,0.9163462991253546,0.9798321590450119,0.9470264455712235,0.8993829347261927,0.9470264455711823,0.8993829347261186,0.9057638888888889,111415,119134,7719,0.9352074135007639,8219,9966,2247,109168,0.0005826950073242188,0.010895967483520508,0.010313272476196289
Sauvola_Thresholding_CV2,Otsu_Thresholding_Sklearn,0.5827932098765433,0.9890164241979772,0.520477494053763,0.6820309559653744,0.5174863241685184,0.6820309559653344,0.5174863241684722,0.5827932098765433,111415,58633,52782,0.5262576852308936,17541,644,53426,57989,0.0005826950073242188,0.010400056838989258,0.009817361831665039
Sauvola_Thresholding_CV2,Niblack_Thresholding_Sklearn,0.5036342592592593,0.9779916351971414,0.4323475295067989,0.5996178478735786,0.4281815838363008,0.5996178478735412,0.4281815838362627,0.5036342592592593,111415,49254,62161,0.4420769196248261,17101,1084,63245,48170,0.0005826950073242188,0.01208806037902832,0.011505365371704102
Sauvola_Thresholding_CV2,Sauvola_Thresholding_Sklearn,0.9183410493827161,0.9141216671321318,0.9988511421262846,0.9546099838306378,0.9131615656026913,0.9546099838305967,0.9131615656026165,0.9183410493827161,111415,121742,10327,0.9151730709204712,7730,10455,128,111287,0.0005826950073242188,0.011623620986938477,0.011040925979614258
Sauvola_Thresholding_CV2,Sobel_Sklearn,0.20888117283950616,0.6815247589475405,0.14971951712067497,0.24550558903827333,0.13992953611274223,0.24550558903825523,0.13992953611273048,0.20888117283950616,111415,24476,86939,0.21968316653951442,10390,7795,94734,16681,0.0005826950073242188,0.002012491226196289,0.0014297962188720703
Sauvola_Thresholding_CV2,Canny_Sklearn,0.17846450617283952,0.7700458815818222,0.06326796212359198,0.11692889548723137,0.06209478505990134,0.11692889548722168,0.06209478505989587,0.17846450617283952,111415,9154,102261,0.08216128887492707,16080,2105,104366,7049,0.0005826950073242188,0.004400491714477539,0.0038177967071533203
Sauvola_Thresholding_CV2,Global_Threshold_Torch,0.6575771604938272,0.9942783832008611,0.6051698604317193,0.7523935992144085,0.6030696850710625,0.7523935992143664,0.6030696850710086,0.6575771604938272,111415,67813,43602,0.608652335861419,17797,388,43990,67425,0.0005826950073242188,0.00399017333984375,0.0034074783325195312
Sauvola_Thresholding_CV2,Adaptive_Threshold_Torch,0.8857407407407407,0.9911737490212826,0.8748821971906835,0.9294043612162587,0.8681189494402537,0.9294043612162144,0.8681189494401763,0.8857407407407407,111415,98343,13072,0.882672889646816,17317,868,13940,97475,0.0005826950073242188,0.0010750293731689453,0.0004923343658447266
Sauvola_Thresholding_CV2,Otsu_Thresholding_Torch,0.5923379629629629,0.9989948892674617,0.5263294888480007,0.689427740058196,0.5260509177027827,0.6894277400581553,0.5260509177027355,0.5923379629629629,111415,58700,52715,0.5268590405241664,18126,59,52774,58641,0.0005826950073242188,0.0012536048889160156,0.0006709098815917969
Sauvola_Thresholding_CV2,Niblack_Thresholding_Torch,0.7486805555555556,0.9998098232624185,0.7077951801822017,0.8288340366495173,0.7076999012833168,0.8288340366494737,0.7076999012832534,0.7486805555555556,111415,78874,32541,0.7079298119642777,18170,15,32556,78859,0.0005826950073242188,0.0464475154876709,0.04586482048034668
Sauvola_Thresholding_CV2,Sauvola_Thresholding_Torch,0.9986496913580247,0.9991564059302869,0.9992729883767895,0.999214693753001,0.9984306199499592,0.9992146937529561,0.9984306199498697,0.9986496913580247,111415,111428,13,0.9998833327350397,18091,94,81,111334,0.0005826950073242188,0.04664468765258789,0.04606199264526367
Sauvola_Thresholding_CV2,Sobel_Torch,0.2018672839506173,0.7007398459912426,0.1249652201229637,0.21210505469059443,0.11863395847001985,0.21210505469057825,0.11863395847000975,0.2018672839506173,111415,19869,91546,0.17833325853789886,12239,5946,97492,13923,0.0005826950073242188,0.0012612342834472656,0.0006785392761230469
Sauvola_Thresholding_CV2,Canny_Torch,0.2102932098765432,0.696528409829671,0.14424449131625006,0.23899530069597288,0.13571531114620367,0.2389953006959551,0.1357153111461922,0.2102932098765432,111415,23073,88342,0.20709060718933717,11183,7002,95344,16071,0.0005826950073242188,0.001138925552368164,0.0005562305450439453
Sobel_CV2,Global_Threshold_CV2,0.4027700617283951,0.10707386489316208,0.30116134384073,0.15798004851886904,0.08576456970069217,0.15798004851885186,0.08576456970068204,0.4027700617283951,24110,67813,43703,0.35553654903926973,44938,60552,16849,7261,0.0009999275207519531,0.00019478797912597656,0.0008051395416259766
Sobel_CV2,Adaptive_Threshold_CV2,0.2499922839506173,0.13037937556259038,0.5346744089589383,0.20963873055625573,0.11709297678305418,0.2096387305562387,0.11709297678304353,0.2499922839506173,24110,98873,74763,0.243848168863087,19508,85982,11219,12891,0.0009999275207519531,0.0003800392150878906,0.0006198883056640625
Sobel_CV2,Otsu_Thresholding_CV2,0.4472453703703704,0.09433414704928388,0.2291995022812111,0.13365743932082866,0.07161463395668909,0.13365743932081248,0.0716146339566798,0.4472453703703704,24110,58579,34469,0.41158094197579337,52437,53053,18584,5526,0.0009999275207519531,0.0001342296600341797,0.0008656978607177734
Sobel_CV2,Niblack_Thresholding_CV2,0.4147993827160494,0.1718928381155339,0.5620489423475736,0.26326935032639104,0.1515890505968029,0.2632693503263655,0.15158905059678593,0.4147993827160494,24110,78834,54724,0.3058325088159931,40207,65283,10559,13551,0.0009999275207519531,0.0005602836608886719,0.00043964385986328125
Sobel_CV2,Sauvola_Thresholding_CV2,0.20758487654320987,0.14732307139972176,0.6807963500622148,0.24222837114923446,0.1378042330263368,0.24222837114921655,0.13780423302632522,0.20758487654320987,24110,111415,87305,0.2163981510568595,10489,95001,7696,16414,0.0009999275207519531,0.0005826950073242188,0.0004172325134277344
Sobel_CV2,Sobel_CV2,1.0,1.0,1.0,1.0,1.0,0.9999999999997927,0.9999999999995852,1.0,24110,24110,0,1.0,105490,0,0,24110,0.0009999275207519531,0.0009999275207519531,0.0
Sobel_CV2,Canny_CV2,0.8700231481481482,0.7412178763530115,0.4629614267938615,0.5699405141821339,0.39854322133752274,0.5699405141819883,0.39854322133738046,0.8700231481481482,24110,15059,9051,0.6245956034840315,101593,3897,12948,11162,0.0009999275207519531,0.00042510032653808594,0.0005748271942138672
Sobel_CV2,Global_Threshold_Sklearn,0.4043287037037037,0.10542119423840174,0.2941518042306097,0.1552148649092282,0.08413709648716945,0.15521486490921121,0.08413709648715947,0.4043287037037037,24110,67273,43163,0.3583904389576799,45309,60181,17018,7092,0.0009999275207519531,0.009993314743041992,0.008993387222290039
Sobel_CV2,Adaptive_Threshold_Sklearn,0.20199074074074075,0.16713112965232427,0.8258399004562422,0.2780011728239926,0.16144097686750505,0.2780011728239732,0.16144097686749195,0.20199074074074075,24110,119134,95024,0.20237715513623314,6267,99223,4199,19911,0.0009999275207519531,0.010895967483520508,0.009896039962768555
Sobel_CV2,Otsu_Thresholding_Sklearn,0.4495601851851852,0.09726604471884434,0.23654085441725425,0.13784851890794386,0.07402647975077882,0.1378485189079272,0.07402647975076922,0.4495601851851852,24110,58633,34523,0.4112018828987089,52560,52930,18407,5703,0.0009999275207519531,0.010400056838989258,0.009400129318237305
Sobel_CV2,Niblack_Thresholding_Sklearn,0.5913734567901234,0.20715068826897307,0.42318540024885937,0.2781473202115479,0.1615395576384161,0.27814732021151,0.16153955763839054,0.5913734567901234,24110,49254,25144,0.4895033905875665,66439,39051,13907,10203,0.0009999275207519531,0.01208806037902832,0.011088132858276367
Sobel_CV2,Sauvola_Thresholding_Sklearn,0.20672839506172838,0.17678369009873338,0.8926586478639569,0.29512108164440665,0.17310383656398295,0.2951210816443864,0.17310383656396902,0.20672839506172838,24110,121742,97632,0.1980417604442181,5270,100220,2588,21522,0.0009999275207519531,0.011623620986938477,0.010623693466186523
Sobel_CV2,Sobel_Sklearn,0.9969753086419753,0.9845154436999509,0.9994608046453753,0.9919318322150413,0.9839928130997591,0.9919318322148373,0.9839928130993573,0.9969753086419753,24110,24476,366,0.9850465762379473,105111,379,13,24097,0.0009999275207519531,0.002012491226196289,0.001012563705444336
Sobel_CV2,Canny_Sklearn,0.8782716049382716,0.955210836792659,0.362671090833679,0.5257335257335257,0.3566068515497553,0.5257335257333677,0.35660685154960986,0.8782716049382716,24110,9154,14956,0.3796764827872252,105080,410,15366,8744,0.0009999275207519531,0.004400491714477539,0.003400564193725586
Sobel_CV2,Global_Threshold_Torch,0.4027700617283951,0.10707386489316208,0.30116134384073,0.15798004851886904,0.08576456970069217,0.15798004851885186,0.08576456970068204,0.4027700617283951,24110,67813,43703,0.35553654903926973,44938,60552,16849,7261,0.0009999275207519531,0.00399017333984375,0.002990245819091797
Sobel_CV2,Adaptive_Threshold_Torch,0.25503858024691356,0.13171247572272557,0.5372459560348403,0.2115587204886773,0.11829223744292237,0.21155872048866,0.11829223744291158,0.25503858024691356,24110,98343,74233,0.24516233997335854,20100,85390,11157,12953,0.0009999275207519531,0.0010750293731689453,7.510185241699219e-05
Sobel_CV2,Otsu_Thresholding_Torch,0.447037037037037,0.0949403747870528,0.23114890087100787,0.13459727086100712,0.07215453733314345,0.13459727086099088,0.07215453733313411,0.447037037037037,24110,58700,34590,0.41073253833049406,52363,53127,18537,5573,0.0009999275207519531,0.0012536048889160156,0.0002536773681640625
Sobel_CV2,Niblack_Thresholding_Torch,0.41433641975308644,0.1716788802393691,0.56163417669017,0.26297288899246485,0.15139250695973971,0.2629728889924393,0.1513925069597228,0.41433641975308644,24110,78874,54764,0.30567740953926514,40157,65333,10569,13541,0.0009999275207519531,0.0464475154876709,0.045447587966918945
Sobel_CV2,Sauvola_Thresholding_Torch,0.20728395061728394,0.14718921635495566,0.6802571547075902,0.2420133099204651,0.13766504108715177,0.24201330992044723,0.13766504108714023,0.20728395061728394,24110,111428,87318,0.2163729044764332,10463,95027,7709,16401,0.0009999275207519531,0.04664468765258789,0.04564476013183594
Sobel_CV2,Sobel_Torch,0.9462114197530864,0.9313000150988978,0.7674823724595603,0.8414925305259329,0.7263591756624141,0.8414925305257416,0.7263591756621289,0.9462114197530864,24110,19869,4241,0.8240978846951472,104125,1365,5606,18504,0.0009999275207519531,0.0012612342834472656,0.0002613067626953125
Sobel_CV2,Canny_Torch,0.9708873456790124,0.9407099206865167,0.9002488593944421,0.9200347582815844,0.8519114530182903,0.9200347582813896,0.8519114530179559,0.9708873456790124,24110,23073,1037,0.9569888013272501,104122,1368,2405,21705,0.0009999275207519531,0.001138925552368164,0.00013899803161621094
Canny_CV2,Global_Threshold_CV2,0.42248456790123456,0.05917744385294855,0.2664851583770503,0.09684815136596196,0.05088829429741691,0.09684815136595028,0.05088829429741046,0.42248456790123456,15059,67813,52754,0.22206656540781267,50741,63800,11046,4013,0.00042510032653808594,0.00019478797912597656,0.00023031234741210938
Canny_CV2,Adaptive_Threshold_CV2,0.25285493827160493,0.08648468237031343,0.5678331894548111,0.15010708141698556,0.08114365967299608,0.1501070814169724,0.08114365967298838,0.25285493827160493,15059,98873,83814,0.15230649418951583,24219,90322,6508,8551,0.00042510032653808594,0.0003800392150878906,4.506111145019531e-05
Canny_CV2,Otsu_Thresholding_CV2,0.48016975308641974,0.053500401167653935,0.2081147486552892,0.08511909611885168,0.044451378645183254,0.08511909611884012,0.044451378645176946,0.48016975308641974,15059,58579,43520,0.25707164683589684,59096,55445,11925,3134,0.00042510032653808594,0.0001342296600341797,0.00029087066650390625
Canny_CV2,Niblack_Thresholding_CV2,0.40672067901234565,0.10784686810259533,0.5645793213360781,0.1810997624956067,0.0995655279830427,0.18109976249558743,0.09956552798303105,0.40672067901234565,15059,78834,63775,0.1910216404089606,44209,70332,6557,8502,0.00042510032653808594,0.0005602836608886719,0.00013518333435058594
Canny_CV2,Sauvola_Thresholding_CV2,0.2047993827160494,0.10508459363640443,0.7774752639617505,0.18514477283868622,0.1020162765975986,0.1851447728386716,0.1020162765975897,0.2047993827160494,15059,111415,96356,0.13516133375218778,14834,99707,3351,11708,0.00042510032653808594,0.0005826950073242188,0.0001575946807861328
Canny_CV2,Sobel_CV2,0.8700231481481482,0.4629614267938615,0.7412178763530115,0.5699405141821339,0.39854322133752274,0.5699405141819883,0.39854322133738046,0.8700231481481482,15059,24110,9051,0.6245956034840315,101593,12948,3897,11162,0.00042510032653808594,0.0009999275207519531,0.0005748271942138672
Canny_CV2,Canny_CV2,1.0,1.0,1.0,1.0,1.0,0.9999999999996679,0.9999999999993359,1.0,15059,15059,0,1.0,114541,0,0,15059,0.00042510032653808594,0.00042510032653808594,0.0
Canny_CV2,Global_Threshold_Sklearn,0.4266820987654321,0.05968219047760617,0.266617969320672,0.09753194383714717,0.05126600865712425,0.09753194383713532,0.05126600865711771,0.4266820987654321,15059,67273,52214,0.22384909250367904,51283,63258,11044,4015,0.00042510032653808594,0.009993314743041992,0.009568214416503906
Canny_CV2,Adaptive_Threshold_Sklearn,0.1654861111111111,0.10928870011919352,0.8645992429776214,0.19404886991124723,0.1074496793840212,0.19404886991123277,0.10744967938401233,0.1654861111111111,15059,119134,104075,0.126403881343697,8427,106114,2039,13020,0.00042510032653808594,0.010895967483520508,0.010470867156982422
Canny_CV2,Otsu_Thresholding_Sklearn,0.4808179012345679,0.05462793989732744,0.21269672621023972,0.08692938175107202,0.04543971399792875,0.08692938175106024,0.04543971399792231,0.4808179012345679,15059,58633,43574,0.25683488820288913,59111,55430,11856,3203,0.00042510032653808594,0.010400056838989258,0.009974956512451172
Canny_CV2,Niblack_Thresholding_Sklearn,0.5908256172839507,0.11454907215657611,0.37465967195696925,0.17545441823581545,0.09616335157062263,0.1754544182357882,0.09616335157060624,0.5908256172839507,15059,49254,34195,0.30574166565152067,70929,43612,9417,5642,0.00042510032653808594,0.01208806037902832,0.011662960052490234
Canny_CV2,Sauvola_Thresholding_Sklearn,0.15847993827160495,0.11392945737707612,0.921043894016867,0.20277629549491596,0.11282752112973944,0.20277629549490114,0.11282752112973027,0.15847993827160495,15059,121742,106683,0.12369601287969641,6669,107872,1189,13870,0.00042510032653808594,0.011623620986938477,0.01119852066040039
Canny_CV2,Sobel_Sklearn,0.869128086419753,0.46114561202810916,0.7495185603293711,0.5709877323890223,0.39956811101670914,0.570987732388878,0.3995681110165677,0.869128086419753,15059,24476,9417,0.6152557607452198,101352,13189,3772,11287,0.00042510032653808594,0.002012491226196289,0.0015873908996582031
Canny_CV2,Canny_Sklearn,0.924266975308642,0.7864321608040201,0.4780529915665051,0.5946392433816545,0.42312213471258964,0.5946392433814088,0.42312213471234095,0.924266975308642,15059,9154,5905,0.60787568895677,112586,1955,7860,7199,0.00042510032653808594,0.004400491714477539,0.003975391387939453
Canny_CV2,Global_Threshold_Torch,0.42248456790123456,0.05917744385294855,0.2664851583770503,0.09684815136596196,0.05088829429741691,0.09684815136595028,0.05088829429741046,0.42248456790123456,15059,67813,52754,0.22206656540781267,50741,63800,11046,4013,0.00042510032653808594,0.00399017333984375,0.003565073013305664
Canny_CV2,Adaptive_Threshold_Torch,0.2544598765432099,0.0853136471329937,0.5571419084932598,0.14796917161954815,0.07989563097550756,0.1479691716195351,0.07989563097549995,0.2544598765432099,15059,98343,83284,0.15312731968721718,24588,89953,6669,8390,0.00042510032653808594,0.0010750293731689453,0.0006499290466308594
Canny_CV2,Otsu_Thresholding_Torch,0.47968364197530866,0.053884156729131175,0.21004050733780463,0.08576580485093345,0.04480423820046461,0.08576580485092182,0.04480423820045827,0.47968364197530866,15059,58700,43641,0.256541737649063,59004,55537,11896,3163,0.00042510032653808594,0.0012536048889160156,0.0008285045623779297
Canny_CV2,Niblack_Thresholding_Torch,0.40628858024691356,0.1076907472677942,0.564048077561591,0.18085230962494545,0.09941595758377322,0.18085230962492618,0.09941595758376158,0.40628858024691356,15059,78874,63815,0.19092476608261277,44161,70380,6565,8494,0.00042510032653808594,0.0464475154876709,0.04602241516113281
Canny_CV2,Sauvola_Thresholding_Torch,0.20460648148148147,0.10501848727429372,0.7770768311308852,0.18503087273790983,0.1019471185259398,0.1850308727378952,0.10194711852593093,0.20460648148148147,15059,111428,96369,0.13514556484905052,14815,99726,3357,11702,0.00042510032653808594,0.04664468765258789,0.046219587326049805
Canny_CV2,Sobel_Torch,0.8758796296296296,0.4741557199657758,0.6256059499302743,0.5394525881814017,0.36934959030854275,0.5394525881812473,0.3693495903083979,0.8758796296296296,15059,19869,4810,0.7579143389199255,104093,10448,5638,9421,0.00042510032653808594,0.0012612342834472656,0.0008361339569091797
Canny_CV2,Canny_Torch,0.8682716049382716,0.4563775841893122,0.699249618168537,0.5522920381831533,0.38149409463082384,0.5522920381830084,0.3814940946306856,0.8682716049382716,15059,23073,8014,0.6526676201620942,101998,12543,4529,10530,0.00042510032653808594,0.001138925552368164,0.0007138252258300781
Global_Threshold_Sklearn,Global_Threshold_CV2,0.9816358024691358,0.9784702048279829,0.9863243797660279,0.9823815939475593,0.965373255932376,0.9823815939474865,0.9653732559322356,0.9816358024691358,67273,67813,540,0.9920369250733635,60867,1460,920,66353,0.009993314743041992,0.00019478797912597656,0.009798526763916016
Global_Threshold_Sklearn,Adaptive_Threshold_CV2,0.673641975308642,0.6263084967584679,0.9205030249877365,0.745428719319153,0.5941700808858099,0.7454287193191081,0.594170080885753,0.673641975308642,67273,98873,31600,0.6803980864341125,25379,36948,5348,61925,0.009993314743041992,0.0003800392150878906,0.009613275527954102
Global_Threshold_Sklearn,Otsu_Thresholding_CV2,0.9282407407407407,0.9948274979088069,0.8662613529945149,0.9261036773352828,0.862377175328519,0.9261036773352092,0.8623771753283914,0.9282407407407407,67273,58579,8694,0.8707653887889644,62024,303,8997,58276,0.009993314743041992,0.0001342296600341797,0.009859085083007812
Global_Threshold_Sklearn,Niblack_Thresholding_CV2,0.6115663580246914,0.6073902123449273,0.7117714387644375,0.6554511419712951,0.48748778302655155,0.6554511419712501,0.4874877830265019,0.6115663580246914,67273,78834,11561,0.8533500773777811,31376,30951,19390,47883,0.009993314743041992,0.0005602836608886719,0.00943303108215332
Global_Threshold_Sklearn,Sauvola_Thresholding_CV2,0.6441512345679012,0.5949378449939415,0.9853135730530822,0.7419076826647565,0.5897084597386191,0.7419076826647149,0.5897084597385667,0.6441512345679012,67273,111415,44142,0.6038055917066822,17197,45130,988,66285,0.009993314743041992,0.0005826950073242188,0.009410619735717773
Global_Threshold_Sklearn,Sobel_CV2,0.4043287037037037,0.2941518042306097,0.10542119423840174,0.1552148649092282,0.08413709648716945,0.15521486490921121,0.08413709648715947,0.4043287037037037,67273,24110,43163,0.3583904389576799,45309,17018,60181,7092,0.009993314743041992,0.0009999275207519531,0.008993387222290039
Global_Threshold_Sklearn,Canny_CV2,0.4266820987654321,0.266617969320672,0.05968219047760617,0.09753194383714717,0.05126600865712425,0.09753194383713532,0.05126600865711771,0.4266820987654321,67273,15059,52214,0.22384909250367904,51283,11044,63258,4015,0.009993314743041992,0.00042510032653808594,0.009568214416503906
Global_Threshold_Sklearn,Global_Threshold_Sklearn,1.0,1.0,1.0,1.0,1.0,0.9999999999999256,0.9999999999998513,1.0,67273,67273,0,1.0,62327,0,0,67273,0.009993314743041992,0.009993314743041992,0.0
Global_Threshold_Sklearn,Adaptive_Threshold_Sklearn,0.5962577160493827,0.5627360787012944,0.9965513653323027,0.7192970221075389,0.561642343715966,0.7192970221075002,0.561642343715919,0.5962577160493827,67273,119134,51861,0.5646834656773045,10234,52093,232,67041,0.009993314743041992,0.010895967483520508,0.0009026527404785156
Global_Threshold_Sklearn,Otsu_Thresholding_Sklearn,0.9333333333333333,1.0,0.8715680882374801,0.9313773767731482,0.8715680882374801,0.9313773767730743,0.8715680882373505,0.9333333333333333,67273,58633,8640,0.8715680882374801,62327,0,8640,58633,0.009993314743041992,0.010400056838989258,0.0004067420959472656
Global_Threshold_Sklearn,Niblack_Thresholding_Sklearn,0.5615663580246913,0.6061030576196857,0.44375901178779004,0.5123791052717396,0.34442854835360087,0.5123791052716956,0.3444285483535611,0.5615663580246913,67273,49254,18019,0.7321510858739761,42926,19401,37420,29853,0.009993314743041992,0.01208806037902832,0.002094745635986328
Global_Threshold_Sklearn,Sauvola_Thresholding_Sklearn,0.5797145061728395,0.5525866176011566,1.0,0.711827103669021,0.5525866176011566,0.7118271036689833,0.5525866176011112,0.5797145061728395,67273,121742,54469,0.5525866176011566,7858,54469,0,67273,0.009993314743041992,0.011623620986938477,0.0016303062438964844
Global_Threshold_Sklearn,Sobel_Sklearn,0.4025848765432099,0.2926131720869423,0.10646173056055178,0.15612159260591396,0.08467022119238181,0.15612159260589695,0.0846702211923718,0.4025848765432099,67273,24476,42797,0.36383095744206445,45013,17314,60111,7162,0.009993314743041992,0.002012491226196289,0.007980823516845703
Global_Threshold_Sklearn,Canny_Sklearn,0.4506404320987654,0.2856674677736509,0.038871464034605265,0.06843131354102608,0.03542784371104969,0.06843131354101713,0.0354278437110449,0.4506404320987654,67273,9154,58119,0.13607242132802164,55788,6539,64658,2615,0.009993314743041992,0.004400491714477539,0.005592823028564453
Global_Threshold_Sklearn,Global_Threshold_Torch,0.9816358024691358,0.9784702048279829,0.9863243797660279,0.9823815939475593,0.965373255932376,0.9823815939474865,0.9653732559322356,0.9816358024691358,67273,67813,540,0.9920369250733635,60867,1460,920,66353,0.009993314743041992,0.00399017333984375,0.006003141403198242
Global_Threshold_Sklearn,Adaptive_Threshold_Torch,0.688966049382716,0.6370865236976704,0.931324602738097,0.7566056419669597,0.6085001408272874,0.7566056419669139,0.6085001408272284,0.688966049382716,67273,98343,31070,0.6840649563263272,26637,35690,4620,62653,0.009993314743041992,0.0010750293731689453,0.008918285369873047
Global_Threshold_Sklearn,Otsu_Thresholding_Torch,0.929050925925926,0.9947018739352641,0.8679410759145572,0.9270081684170417,0.8639470880681818,0.9270081684169682,0.863947088068054,0.929050925925926,67273,58700,8573,0.8725640301458237,62016,311,8884,58389,0.009993314743041992,0.0012536048889160156,0.008739709854125977
Global_Threshold_Sklearn,Niblack_Thresholding_Torch,0.6121682098765432,0.6078302102086873,0.7126484622359639,0.6560791531813859,0.4881828827452777,0.6560791531813409,0.48818288274522803,0.6121682098765432,67273,78874,11601,0.8529173111544995,31395,30932,19331,47942,0.009993314743041992,0.0464475154876709,0.036454200744628906
Global_Threshold_Sklearn,Sauvola_Thresholding_Torch,0.6440354938271605,0.5948594608177478,0.9852987082484801,0.7418425190681641,0.5896261241627156,0.7418425190681226,0.5896261241626631,0.6440354938271605,67273,111428,44155,0.60373514735973,17183,45144,989,66284,0.009993314743041992,0.04664468765258789,0.0366513729095459
Global_Threshold_Sklearn,Sobel_Torch,0.43,0.3339372892445518,0.09862797853522215,0.1522801863624888,0.08241519370986373,0.15228018636247134,0.08241519370985351,0.43,67273,19869,47404,0.2953488026399893,49093,13234,60638,6635,0.009993314743041992,0.0012612342834472656,0.008732080459594727
Global_Threshold_Sklearn,Canny_Torch,0.41640432098765434,0.3188141984137303,0.10934550265336762,0.1628406348925243,0.08863718520303651,0.16284063489250628,0.08863718520302584,0.41640432098765434,67273,23073,44200,0.3429756365852571,46610,15717,59917,7356,0.009993314743041992,0.001138925552368164,0.008854389190673828
Adaptive_Threshold_Sklearn,Global_Threshold_CV2,0.5987731481481482,0.9950009585182782,0.5663706414625548,0.7218516477932249,0.5647635867518184,0.7218516477931861,0.5647635867517712,0.5987731481481482,119134,67813,51321,0.5692161767421559,10127,339,51660,67474,0.010895967483520508,0.00019478797912597656,0.010701179504394531
Adaptive_Threshold_Sklearn,Adaptive_Threshold_CV2,0.8230169753086419,0.9864674885964824,0.8186999513153256,0.8947877820436958,0.8096072116342387,0.8947877820436547,0.8096072116341715,0.8230169753086419,119134,98873,20261,0.8299310020649017,9128,1338,21599,97535,0.010895967483520508,0.0003800392150878906,0.010515928268432617
Adaptive_Threshold_Sklearn,Otsu_Thresholding_CV2,0.530408950617284,0.9974052134724047,0.49043094330753606,0.6575433423553707,0.4898060124406888,0.6575433423553337,0.4898060124406477,0.530408950617284,119134,58579,60555,0.4917068175331979,10314,152,60707,58427,0.010895967483520508,0.0001342296600341797,0.010761737823486328
Adaptive_Threshold_Sklearn,Niblack_Thresholding_CV2,0.6720216049382716,0.9860085749803384,0.6524669699665923,0.7852885314798351,0.646481532307027,0.7852885314797954,0.6464815323069733,0.6720216049382716,119134,78834,40300,0.66172545201202,9363,1103,41403,77731,0.010895967483520508,0.0005602836608886719,0.010335683822631836
Adaptive_Threshold_Sklearn,Sauvola_Thresholding_CV2,0.9057638888888889,0.9798321590450119,0.9163462991253546,0.9470264455712235,0.8993829347261927,0.9470264455711823,0.8993829347261186,0.9057638888888889,119134,111415,7719,0.9352074135007639,8219,2247,9966,109168,0.010895967483520508,0.0005826950073242188,0.010313272476196289
Adaptive_Threshold_Sklearn,Sobel_CV2,0.20199074074074075,0.8258399004562422,0.16713112965232427,0.2780011728239926,0.16144097686750505,0.2780011728239732,0.16144097686749195,0.20199074074074075,119134,24110,95024,0.20237715513623314,6267,4199,99223,19911,0.010895967483520508,0.0009999275207519531,0.009896039962768555
Adaptive_Threshold_Sklearn,Canny_CV2,0.1654861111111111,0.8645992429776214,0.10928870011919352,0.19404886991124723,0.1074496793840212,0.19404886991123277,0.10744967938401233,0.1654861111111111,119134,15059,104075,0.126403881343697,8427,2039,106114,13020,0.010895967483520508,0.00042510032653808594,0.010470867156982422
Adaptive_Threshold_Sklearn,Global_Threshold_Sklearn,0.5962577160493827,0.9965513653323027,0.5627360787012944,0.7192970221075389,0.561642343715966,0.7192970221075002,0.561642343715919,0.5962577160493827,119134,67273,51861,0.5646834656773045,10234,232,52093,67041,0.010895967483520508,0.009993314743041992,0.0009026527404785156
Adaptive_Threshold_Sklearn,Adaptive_Threshold_Sklearn,1.0,1.0,1.0,1.0,1.0,0.999999999999958,0.9999999999999161,1.0,119134,119134,0,1.0,10466,0,0,119134,0.010895967483520508,0.010895967483520508,0.0
Adaptive_Threshold_Sklearn,Otsu_Thresholding_Sklearn,0.5323225308641976,0.9990619616939266,0.49169842362381855,0.6590424544488009,0.4914715284128569,0.6590424544487639,0.49147152841281566,0.5323225308641976,119134,58633,60501,0.492160088639683,10411,55,60556,58578,0.010895967483520508,0.010400056838989258,0.00049591064453125
Adaptive_Threshold_Sklearn,Niblack_Thresholding_Sklearn,0.4583179012345679,0.9967312299508669,0.41208219316064265,0.5830938071596551,0.4115260488704472,0.5830938071596204,0.4115260488704127,0.4583179012345679,119134,49254,69880,0.4134336125707187,10305,161,70041,49093,0.010895967483520508,0.01208806037902832,0.0011920928955078125
Adaptive_Threshold_Sklearn,Sauvola_Thresholding_Sklearn,0.9456481481481481,0.9603587915427708,0.9813823089965921,0.9707567379066407,0.9431752178121975,0.9707567379066004,0.9431752178121214,0.9456481481481481,119134,121742,2608,0.9785776478125873,5640,4826,2218,116916,0.010895967483520508,0.011623620986938477,0.0007276535034179688
Adaptive_Threshold_Sklearn,Sobel_Sklearn,0.20364197530864198,0.8253391076973362,0.16956536337233702,0.28133138360838383,0.16369146496608838,0.2813313836083642,0.16369146496607512,0.20364197530864198,119134,24476,94658,0.20544932596907683,6191,4275,98933,20201,0.010895967483520508,0.002012491226196289,0.008883476257324219
Adaptive_Threshold_Sklearn,Canny_Sklearn,0.12947530864197532,0.8448765566965261,0.06491849513992647,0.12057246196058867,0.06415382318297194,0.12057246196057927,0.06415382318296663,0.12947530864197532,119134,9154,109980,0.07683784645860964,9046,1420,111400,7734,0.010895967483520508,0.004400491714477539,0.006495475769042969
Adaptive_Threshold_Sklearn,Global_Threshold_Torch,0.5987731481481482,0.9950009585182782,0.5663706414625548,0.7218516477932249,0.5647635867518184,0.7218516477931861,0.5647635867517712,0.5987731481481482,119134,67813,51321,0.5692161767421559,10127,339,51660,67474,0.010895967483520508,0.00399017333984375,0.006905794143676758
Adaptive_Threshold_Sklearn,Adaptive_Threshold_Torch,0.8226466049382716,0.9888451643736718,0.8162741115046922,0.8943106627367492,0.8088263426237825,0.894310662736708,0.8088263426237153,0.8226466049382716,119134,98343,20791,0.8254822300938439,9369,1097,21888,97246,0.010895967483520508,0.0010750293731689453,0.009820938110351562
Adaptive_Threshold_Sklearn,Otsu_Thresholding_Torch,0.5312808641975308,0.9973424190800682,0.4914130307049205,0.6584117772754366,0.4907703914829407,0.6584117772753996,0.4907703914828996,0.5312808641975308,119134,58700,60434,0.4927224805680998,10310,156,60590,58544,0.010895967483520508,0.0012536048889160156,0.009642362594604492
Adaptive_Threshold_Sklearn,Niblack_Thresholding_Torch,0.6724074074074075,0.9860790628090372,0.6528446958886632,0.7855844208314816,0.646882693459312,0.7855844208314419,0.6468826934592582,0.6724074074074075,119134,78874,40260,0.6620612083871943,9368,1098,41358,77776,0.010895967483520508,0.0464475154876709,0.03555154800415039
Adaptive_Threshold_Sklearn,Sauvola_Thresholding_Torch,0.9060030864197531,0.9799152816168288,0.9165309651317004,0.9471638865034134,0.8996308868602314,0.9471638865033722,0.8996308868601572,0.9060030864197531,119134,111428,7706,0.9353165343226955,8228,2238,9944,109190,0.010895967483520508,0.04664468765258789,0.03574872016906738
Adaptive_Threshold_Sklearn,Sobel_Torch,0.18392746913580246,0.8364789370375962,0.13950677388486915,0.23913152953533376,0.1358031752776121,0.23913152953531655,0.135803175277601,0.18392746913580246,119134,19869,99265,0.1667785854583914,7217,3249,102514,16620,0.010895967483520508,0.0012612342834472656,0.009634733200073242
Adaptive_Threshold_Sklearn,Canny_Torch,0.19999228395061727,0.8348719282277988,0.16169187637450266,0.2709149338640151,0.15668109057782406,0.27091493386399607,0.15668109057781132,0.19999228395061727,119134,23073,96061,0.1936726711098427,6656,3810,99871,19263,0.010895967483520508,0.001138925552368164,0.009757041931152344
Otsu_Thresholding_Sklearn,Global_Threshold_CV2,0.9220524691358025,0.85782961968944,0.9921375334709123,0.920108188475713,0.8520373787971995,0.9201081884756402,0.8520373787970748,0.9220524691358025,58633,67813,9180,0.8646277262471798,61326,9641,461,58172,0.010400056838989258,0.00019478797912597656,0.010205268859863281
Otsu_Thresholding_Sklearn,Adaptive_Threshold_CV2,0.6363271604938272,0.558160468479767,0.9412276363140211,0.7007606059451703,0.5393621907954534,0.7007606059451258,0.5393621907954007,0.6363271604938272,58633,98873,40240,0.5930132594338191,27281,43686,3446,55187,0.010400056838989258,0.0003800392150878906,0.010020017623901367
Otsu_Thresholding_Sklearn,Otsu_Thresholding_CV2,0.986574074074074,0.985609177350245,0.9847014479900398,0.985155103573013,0.9707445019839935,0.985155103572929,0.9707445019838303,0.986574074074074,58633,58579,54,0.9990790169358552,70124,843,897,57736,0.010400056838989258,0.0001342296600341797,0.010265827178955078
Otsu_Thresholding_Sklearn,Niblack_Thresholding_CV2,0.5923379629629629,0.5367861582565898,0.7217266726928522,0.615667760262463,0.4447398843930636,0.6156677602624182,0.44473988439301687,0.5923379629629629,58633,78834,20201,0.7437526955374585,34450,36517,16316,42317,0.010400056838989258,0.0005602836608886719,0.009839773178100586
Otsu_Thresholding_Sklearn,Sauvola_Thresholding_CV2,0.5827932098765433,0.520477494053763,0.9890164241979772,0.6820309559653744,0.5174863241685184,0.6820309559653344,0.5174863241684722,0.5827932098765433,58633,111415,52782,0.5262576852308936,17541,53426,644,57989,0.010400056838989258,0.0005826950073242188,0.009817361831665039
Otsu_Thresholding_Sklearn,Sobel_CV2,0.4495601851851852,0.23654085441725425,0.09726604471884434,0.13784851890794386,0.07402647975077882,0.1378485189079272,0.07402647975076922,0.4495601851851852,58633,24110,34523,0.4112018828987089,52560,18407,52930,5703,0.010400056838989258,0.0009999275207519531,0.009400129318237305
Otsu_Thresholding_Sklearn,Canny_CV2,0.4808179012345679,0.21269672621023972,0.05462793989732744,0.08692938175107202,0.04543971399792875,0.08692938175106024,0.04543971399792231,0.4808179012345679,58633,15059,43574,0.25683488820288913,59111,11856,55430,3203,0.010400056838989258,0.00042510032653808594,0.009974956512451172
Otsu_Thresholding_Sklearn,Global_Threshold_Sklearn,0.9333333333333333,0.8715680882374801,1.0,0.9313773767731482,0.8715680882374801,0.9313773767730743,0.8715680882373505,0.9333333333333333,58633,67273,8640,0.8715680882374801,62327,8640,0,58633,0.010400056838989258,0.009993314743041992,0.0004067420959472656
Otsu_Thresholding_Sklearn,Adaptive_Threshold_Sklearn,0.5323225308641976,0.49169842362381855,0.9990619616939266,0.6590424544488009,0.4914715284128569,0.6590424544487639,0.49147152841281566,0.5323225308641976,58633,119134,60501,0.492160088639683,10411,60556,55,58578,0.010400056838989258,0.010895967483520508,0.00049591064453125
Otsu_Thresholding_Sklearn,Otsu_Thresholding_Sklearn,1.0,1.0,1.0,1.0,1.0,0.9999999999999147,0.9999999999998295,1.0,58633,58633,0,1.0,70967,0,0,58633,0.010400056838989258,0.010400056838989258,0.0
Otsu_Thresholding_Sklearn,Niblack_Thresholding_Sklearn,0.5767206790123457,0.5383319121289641,0.4522197397370082,0.4915328074744872,0.32584918645234234,0.49153280747444167,0.3258491864523023,0.5767206790123457,58633,49254,9379,0.8400388859515973,48228,22739,32118,26515,0.010400056838989258,0.01208806037902832,0.0016880035400390625
Otsu_Thresholding_Sklearn,Sauvola_Thresholding_Sklearn,0.5130478395061728,0.4816168618882555,1.0,0.6501233541233541,0.4816168618882555,0.650123354123318,0.48161686188821595,0.5130478395061728,58633,121742,63109,0.4816168618882555,7858,63109,0,58633,0.010400056838989258,0.011623620986938477,0.0012235641479492188
Otsu_Thresholding_Sklearn,Sobel_Sklearn,0.44775462962962964,0.2357002778231737,0.09839169068613238,0.1388297296321698,0.07459270752521334,0.1388297296321531,0.07459270752520371,0.44775462962962964,58633,24476,34157,0.417444101444579,52260,18707,52864,5769,0.010400056838989258,0.002012491226196289,0.008387565612792969
Otsu_Thresholding_Sklearn,Canny_Sklearn,0.5074922839506173,0.21618964387153158,0.03375232377671277,0.058388776609084335,0.030072331631412593,0.058388776609075724,0.030072331631408027,0.5074922839506173,58633,9154,49479,0.15612368461446627,63792,7175,56654,1979,0.010400056838989258,0.004400491714477539,0.005999565124511719
Otsu_Thresholding_Sklearn,Global_Threshold_Torch,0.9220524691358025,0.85782961968944,0.9921375334709123,0.920108188475713,0.8520373787971995,0.9201081884756402,0.8520373787970748,0.9220524691358025,58633,67813,9180,0.8646277262471798,61326,9641,461,58172,0.010400056838989258,0.00399017333984375,0.006409883499145508
Otsu_Thresholding_Sklearn,Adaptive_Threshold_Torch,0.6520833333333333,0.5688559429750973,0.9541213992120479,0.712758638263174,0.553710173903576,0.7127586382631286,0.5537101739035213,0.6520833333333333,58633,98343,39710,0.5962091862155924,28567,42400,2690,55943,0.010400056838989258,0.0010750293731689453,0.009325027465820312
Otsu_Thresholding_Sklearn,Otsu_Thresholding_Torch,0.9859336419753086,0.9839011925042589,0.9850254975866832,0.9844630240426819,0.9694014569136258,0.9844630240425981,0.9694014569134631,0.9859336419753086,58633,58700,67,0.9988586030664395,70022,945,878,57755,0.010400056838989258,0.0012536048889160156,0.009146451950073242
Otsu_Thresholding_Sklearn,Niblack_Thresholding_Torch,0.5930941358024692,0.5373887466085149,0.722903484385926,0.61649225130357,0.4456008662650729,0.6164922513035251,0.4456008662650261,0.5930941358024692,58633,78874,20241,0.7433755103075792,34479,36488,16247,42386,0.010400056838989258,0.0464475154876709,0.03604745864868164
Otsu_Thresholding_Sklearn,Sauvola_Thresholding_Torch,0.582662037037037,0.5203988225580644,0.98898231371412,0.6819552983929296,0.5173992183735746,0.6819552983928895,0.5173992183735284,0.582662037037037,58633,111428,52795,0.5261962881860932,17526,53441,646,57987,0.010400056838989258,0.04664468765258789,0.03624463081359863
Otsu_Thresholding_Sklearn,Sobel_Torch,0.47540123456790123,0.2645830187729629,0.08965940681868573,0.13393289342946677,0.07177281725715066,0.1339328934294497,0.07177281725714087,0.47540123456790123,58633,19869,38764,0.33887060187948764,56355,14612,53376,5257,0.010400056838989258,0.0012612342834472656,0.009138822555541992
Otsu_Thresholding_Sklearn,Canny_Torch,0.46021604938271604,0.2546266198587093,0.1001995463305647,0.14380828825300468,0.07747491131595258,0.14380828825298708,0.07747491131594236,0.46021604938271604,58633,23073,35560,0.3935155970187437,53769,17198,52758,5875,0.010400056838989258,0.001138925552368164,0.009261131286621094
Niblack_Thresholding_Sklearn,Global_Threshold_CV2,0.565979938271605,0.44842434341497944,0.6173914808949527,0.5195144660749828,0.3509081677398509,0.5195144660749383,0.35090816773981043,0.565979938271605,49254,67813,18559,0.7263209119195434,42942,37404,18845,30409,0.01208806037902832,0.00019478797912597656,0.011893272399902344
Niblack_Thresholding_Sklearn,Adaptive_Threshold_CV2,0.535378086419753,0.44457030736399217,0.8924351321720063,0.5934907208003942,0.4219600464620672,0.5934907208003541,0.42196004646202667,0.535378086419753,49254,98873,49619,0.4981541978093109,25429,54917,5298,43956,0.01208806037902832,0.0003800392150878906,0.01170802116394043
Niblack_Thresholding_Sklearn,Otsu_Thresholding_CV2,0.5770293209876544,0.45251711364140734,0.5381897916920453,0.4916491241085753,0.3259514294497387,0.49164912410852973,0.3259514294496986,0.5770293209876544,49254,58579,9325,0.8408132607248331,48275,32071,22746,26508,0.01208806037902832,0.0001342296600341797,0.01195383071899414
Niblack_Thresholding_Sklearn,Niblack_Thresholding_CV2,0.7087962962962963,0.5730268665804095,0.9171640881958826,0.7053588158141277,0.5448295824589333,0.7053588158140728,0.5448295824588677,0.7087962962962963,49254,78834,29580,0.6247811857827841,46686,33660,4080,45174,0.01208806037902832,0.0005602836608886719,0.011527776718139648
Niblack_Thresholding_Sklearn,Sauvola_Thresholding_CV2,0.5036342592592593,0.4323475295067989,0.9779916351971414,0.5996178478735786,0.4281815838363008,0.5996178478735412,0.4281815838362627,0.5036342592592593,49254,111415,62161,0.4420769196248261,17101,63245,1084,48170,0.01208806037902832,0.0005826950073242188,0.011505365371704102
Niblack_Thresholding_Sklearn,Sobel_CV2,0.5913734567901234,0.42318540024885937,0.20715068826897307,0.2781473202115479,0.1615395576384161,0.27814732021151,0.16153955763839054,0.5913734567901234,49254,24110,25144,0.4895033905875665,66439,13907,39051,10203,0.01208806037902832,0.0009999275207519531,0.011088132858276367
Niblack_Thresholding_Sklearn,Canny_CV2,0.5908256172839507,0.37465967195696925,0.11454907215657611,0.17545441823581545,0.09616335157062263,0.1754544182357882,0.09616335157060624,0.5908256172839507,49254,15059,34195,0.30574166565152067,70929,9417,43612,5642,0.01208806037902832,0.00042510032653808594,0.011662960052490234
Niblack_Thresholding_Sklearn,Global_Threshold_Sklearn,0.5615663580246913,0.44375901178779004,0.6061030576196857,0.5123791052717396,0.34442854835360087,0.5123791052716956,0.3444285483535611,0.5615663580246913,49254,67273,18019,0.7321510858739761,42926,37420,19401,29853,0.01208806037902832,0.009993314743041992,0.002094745635986328
Niblack_Thresholding_Sklearn,Adaptive_Threshold_Sklearn,0.4583179012345679,0.41208219316064265,0.9967312299508669,0.5830938071596551,0.4115260488704472,0.5830938071596204,0.4115260488704127,0.4583179012345679,49254,119134,69880,0.4134336125707187,10305,70041,161,49093,0.01208806037902832,0.010895967483520508,0.0011920928955078125
Niblack_Thresholding_Sklearn,Otsu_Thresholding_Sklearn,0.5767206790123457,0.4522197397370082,0.5383319121289641,0.4915328074744872,0.32584918645234234,0.49153280747444167,0.3258491864523023,0.5767206790123457,49254,58633,9379,0.8400388859515973,48228,32118,22739,26515,0.01208806037902832,0.010400056838989258,0.0016880035400390625
Niblack_Thresholding_Sklearn,Niblack_Thresholding_Sklearn,1.0,1.0,1.0,1.0,1.0,0.9999999999998985,0.999999999999797,1.0,49254,49254,0,1.0,80346,0,0,49254,0.01208806037902832,0.01208806037902832,0.0
Niblack_Thresholding_Sklearn,Sauvola_Thresholding_Sklearn,0.440679012345679,0.4045768921161144,1.0,0.5760836510795574,0.4045768921161144,0.5760836510795236,0.40457689211608117,0.440679012345679,49254,121742,72488,0.4045768921161144,7858,72488,0,49254,0.01208806037902832,0.011623620986938477,0.00046443939208984375
Niblack_Thresholding_Sklearn,Sobel_Sklearn,0.5906327160493827,0.42237293675437165,0.2098915824095505,0.2804285908042859,0.16308051489146896,0.28042859080424787,0.16308051489144323,0.5906327160493827,49254,24476,24778,0.4969342591464653,66208,14138,38916,10338,0.01208806037902832,0.002012491226196289,0.010075569152832031
Niblack_Thresholding_Sklearn,Canny_Sklearn,0.604182098765432,0.3883548175660913,0.07217687903520527,0.12172990001369675,0.06480958197363863,0.12172990001367592,0.06480958197362682,0.604182098765432,49254,9154,40100,0.18585292565070857,74747,5599,45699,3555,0.01208806037902832,0.004400491714477539,0.007687568664550781
Niblack_Thresholding_Sklearn,Global_Threshold_Torch,0.565979938271605,0.44842434341497944,0.6173914808949527,0.5195144660749828,0.3509081677398509,0.5195144660749383,0.35090816773981043,0.565979938271605,49254,67813,18559,0.7263209119195434,42942,37404,18845,30409,0.01208806037902832,0.00399017333984375,0.00809788703918457
Niblack_Thresholding_Sklearn,Adaptive_Threshold_Torch,0.5665354938271605,0.46480176525019573,0.9280464530799529,0.6193892829800064,0.44863427130055844,0.6193892829799643,0.4486342713005144,0.5665354938271605,49254,98343,49089,0.5008389005826546,27713,52633,3544,45710,0.01208806037902832,0.0010750293731689453,0.011013031005859375
Niblack_Thresholding_Sklearn,Otsu_Thresholding_Torch,0.5775,0.45313458262350936,0.5400373573719901,0.4927839635400263,0.32694978796632046,0.49278396353998066,0.32694978796628027,0.5775,49254,58700,9446,0.8390800681431005,48245,32101,22655,26599,0.01208806037902832,0.0012536048889160156,0.010834455490112305
Niblack_Thresholding_Sklearn,Niblack_Thresholding_Torch,0.7138734567901235,0.5771610416613839,0.9242498071222642,0.7105862887112887,0.5510925488771866,0.7105862887112333,0.5510925488771199,0.7138734567901235,49254,78874,29620,0.6244643355224789,46995,33351,3731,45523,0.01208806037902832,0.0464475154876709,0.03435945510864258
Niblack_Thresholding_Sklearn,Sauvola_Thresholding_Torch,0.5035339506172839,0.432297088703019,0.9779916351971414,0.5995693357065508,0.4281321103526735,0.5995693357065135,0.42813211035263543,0.5035339506172839,49254,111428,62174,0.44202534371971136,17088,63258,1084,48170,0.01208806037902832,0.04664468765258789,0.03455662727355957
Niblack_Thresholding_Sklearn,Sobel_Torch,0.5991435185185185,0.4321304544768232,0.1743208673407236,0.24842671759038237,0.1418306159869171,0.24842671759034643,0.14183061598689367,0.5991435185185185,49254,19869,29385,0.403398708734316,69063,11283,40668,8586,0.01208806037902832,0.0012612342834472656,0.010826826095581055
Niblack_Thresholding_Sklearn,Canny_Torch,0.593341049382716,0.425258960689984,0.19921224672107848,0.271323295588093,0.15695433096056946,0.27132329558805546,0.15695433096054437,0.593341049382716,49254,23073,26181,0.46844926300401996,67085,13261,39442,9812,0.01208806037902832,0.001138925552368164,0.010949134826660156
Sauvola_Thresholding_Sklearn,Global_Threshold_CV2,0.5836805555555555,0.9998082963443587,0.5569154441359596,0.715359658146712,0.5568559812738697,0.7153596581466742,0.556855981273824,0.5836805555555555,121742,67813,53929,0.5570222273332128,7845,13,53942,67800,0.011623620986938477,0.00019478797912597656,0.0114288330078125
Sauvola_Thresholding_Sklearn,Adaptive_Threshold_CV2,0.8077854938271605,0.9896736217167478,0.80376533981699,0.8870838338281621,0.7970805535869928,0.887083833828122,0.7970805535869279,0.8077854938271605,121742,98873,22869,0.8121519278474151,6837,1021,23890,97852,0.011623620986938477,0.0003800392150878906,0.011243581771850586
Sauvola_Thresholding_Sklearn,Otsu_Thresholding_CV2,0.5125077160493827,0.9998634322880213,0.48110758817827864,0.649630381375436,0.48107597535934293,0.6496303813754,0.4810759753593034,0.5125077160493827,121742,58579,63163,0.48117330091504984,7850,8,63171,58571,0.011623620986938477,0.0001342296600341797,0.011489391326904297
Sauvola_Thresholding_Sklearn,Niblack_Thresholding_CV2,0.6674845679012346,0.9988203059593577,0.6467858257626784,0.7851487715379707,0.6462921163869167,0.7851487715379315,0.6462921163868637,0.6674845679012346,121742,78834,42908,0.6475497363276437,7765,93,43001,78741,0.011623620986938477,0.0005602836608886719,0.011063337326049805
Sauvola_Thresholding_Sklearn,Sauvola_Thresholding_CV2,0.9183410493827161,0.9988511421262846,0.9141216671321318,0.9546099838306378,0.9131615656026913,0.9546099838305967,0.9131615656026165,0.9183410493827161,121742,111415,10327,0.9151730709204712,7730,128,10455,111287,0.011623620986938477,0.0005826950073242188,0.011040925979614258
Sauvola_Thresholding_Sklearn,Sobel_CV2,0.20672839506172838,0.8926586478639569,0.17678369009873338,0.29512108164440665,0.17310383656398295,0.2951210816443864,0.17310383656396902,0.20672839506172838,121742,24110,97632,0.1980417604442181,5270,2588,100220,21522,0.011623620986938477,0.0009999275207519531,0.010623693466186523
Sauvola_Thresholding_Sklearn,Canny_CV2,0.15847993827160495,0.921043894016867,0.11392945737707612,0.20277629549491596,0.11282752112973944,0.20277629549490114,0.11282752112973027,0.15847993827160495,121742,15059,106683,0.12369601287969641,6669,1189,107872,13870,0.011623620986938477,0.00042510032653808594,0.01119852066040039
Sauvola_Thresholding_Sklearn,Global_Threshold_Sklearn,0.5797145061728395,1.0,0.5525866176011566,0.711827103669021,0.5525866176011566,0.7118271036689833,0.5525866176011112,0.5797145061728395,121742,67273,54469,0.5525866176011566,7858,0,54469,67273,0.011623620986938477,0.009993314743041992,0.0016303062438964844
Sauvola_Thresholding_Sklearn,Adaptive_Threshold_Sklearn,0.9456481481481481,0.9813823089965921,0.9603587915427708,0.9707567379066407,0.9431752178121975,0.9707567379066004,0.9431752178121214,0.9456481481481481,121742,119134,2608,0.9785776478125873,5640,2218,4826,116916,0.011623620986938477,0.010895967483520508,0.0007276535034179688
Sauvola_Thresholding_Sklearn,Otsu_Thresholding_Sklearn,0.5130478395061728,1.0,0.4816168618882555,0.6501233541233541,0.4816168618882555,0.650123354123318,0.48161686188821595,0.5130478395061728,121742,58633,63109,0.4816168618882555,7858,0,63109,58633,0.011623620986938477,0.010400056838989258,0.0012235641479492188
Sauvola_Thresholding_Sklearn,Niblack_Thresholding_Sklearn,0.440679012345679,1.0,0.4045768921161144,0.5760836510795574,0.4045768921161144,0.5760836510795236,0.40457689211608117,0.440679012345679,121742,49254,72488,0.4045768921161144,7858,0,72488,49254,0.011623620986938477,0.01208806037902832,0.00046443939208984375
Sauvola_Thresholding_Sklearn,Sauvola_Thresholding_Sklearn,1.0,1.0,1.0,1.0,1.0,0.9999999999999589,0.9999999999999178,1.0,121742,121742,0,1.0,7858,0,0,121742,0.011623620986938477,0.011623620986938477,0.0
Sauvola_Thresholding_Sklearn,Sobel_Sklearn,0.20873456790123457,0.8920983820885766,0.17935470092490677,0.298663639223625,0.17554649751171783,0.29866363922360456,0.17554649751170373,0.20873456790123457,121742,24476,97266,0.20104811815150073,5217,2641,99907,21835,0.011623620986938477,0.002012491226196289,0.009611129760742188
Sauvola_Thresholding_Sklearn,Canny_Sklearn,0.11739197530864197,0.9017915665282936,0.06780733025578682,0.12613066862241779,0.06731027959654602,0.12613066862240815,0.06731027959654053,0.11739197530864197,121742,9154,112588,0.07519179905045095,6959,899,113487,8255,0.011623620986938477,0.004400491714477539,0.0072231292724609375
Sauvola_Thresholding_Sklearn,Global_Threshold_Torch,0.5836805555555555,0.9998082963443587,0.5569154441359596,0.715359658146712,0.5568559812738697,0.7153596581466742,0.556855981273824,0.5836805555555555,121742,67813,53929,0.5570222273332128,7845,13,53942,67800,0.011623620986938477,0.00399017333984375,0.0076334476470947266
Sauvola_Thresholding_Sklearn,Adaptive_Threshold_Torch,0.8112731481481481,0.9946106992871887,0.8034449902252304,0.8888656655383147,0.7999623789583878,0.8888656655382743,0.7999623789583225,0.8112731481481481,121742,98343,23399,0.8077984590363227,7328,530,23929,97813,0.011623620986938477,0.0010750293731689453,0.010548591613769531
Sauvola_Thresholding_Sklearn,Otsu_Thresholding_Torch,0.5134413580246914,0.9998637137989779,0.48210149332194313,0.6505359062745923,0.48206981519507186,0.6505359062745563,0.4820698151950323,0.5134413580246914,121742,58700,63042,0.4821672060587143,7850,8,63050,58692,0.011623620986938477,0.0012536048889160156,0.010370016098022461
Sauvola_Thresholding_Sklearn,Niblack_Thresholding_Torch,0.6678086419753086,0.9988335826761671,0.6471226035386308,0.7854009650277146,0.646633944547499,0.7854009650276754,0.646633944547446,0.6678086419753086,121742,78874,42868,0.6478783000114997,7766,92,42960,78782,0.011623620986938477,0.0464475154876709,0.03482389450073242
Sauvola_Thresholding_Sklearn,Sauvola_Thresholding_Torch,0.9184567901234568,0.9988602505653875,0.9142366644214815,0.9546768452202256,0.9132839360296712,0.9546768452201846,0.9132839360295962,0.9184567901234568,121742,111428,10314,0.9152798541177244,7731,127,10441,111301,0.011623620986938477,0.04664468765258789,0.035021066665649414
Sauvola_Thresholding_Sklearn,Sobel_Torch,0.18568672839506173,0.9078463938799134,0.14816579323487375,0.2547542210703971,0.14597039806430206,0.25475422107037904,0.14597039806429027,0.18568672839506173,121742,19869,101873,0.1632057958633832,6027,1831,103704,18038,0.011623620986938477,0.0012612342834472656,0.010362386703491211
Sauvola_Thresholding_Sklearn,Canny_Torch,0.20315586419753087,0.9002730464178911,0.17062312102643296,0.28687635949314644,0.1674580588989302,0.2868763594931266,0.1674580588989167,0.20315586419753087,121742,23073,98669,0.1895237469402507,5557,2301,100970,20772,0.011623620986938477,0.001138925552368164,0.010484695434570312
Sobel_Sklearn,Global_Threshold_CV2,0.4012422839506173,0.10831256543730552,0.3000898839679686,0.15917389938129137,0.08646873234130721,0.15917389938127413,0.08646873234129704,0.4012422839506173,24476,67813,43337,0.3609337442673234,44656,60468,17131,7345,0.002012491226196289,0.00019478797912597656,0.0018177032470703125
Sobel_Sklearn,Adaptive_Threshold_CV2,0.25059413580246914,0.13262468014523682,0.5357493054420657,0.21261623523498366,0.11895388076490439,0.21261623523496642,0.1189538807648936,0.25059413580246914,24476,98873,74397,0.24754988722907165,19364,85760,11363,13113,0.002012491226196289,0.0003800392150878906,0.0016324520111083984
Sobel_Sklearn,Otsu_Thresholding_CV2,0.44547067901234566,0.09549497260110279,0.2285504167347606,0.13470591776533622,0.07221698661261797,0.13470591776532,0.07221698661260864,0.44547067901234566,24476,58579,34103,0.4178289147988187,52139,52985,18882,5594,0.002012491226196289,0.0001342296600341797,0.0018782615661621094
Sobel_Sklearn,Niblack_Thresholding_CV2,0.4152314814814815,0.17456934825075476,0.5622650759928093,0.2664214500048398,0.15368294099254032,0.26642145000481404,0.15368294099252316,0.4152314814814815,24476,78834,54358,0.3104751756856179,40052,65072,10714,13762,0.002012491226196289,0.0005602836608886719,0.0014522075653076172
Sobel_Sklearn,Sauvola_Thresholding_CV2,0.20888117283950616,0.14971951712067497,0.6815247589475405,0.24550558903827333,0.13992953611274223,0.24550558903825523,0.13992953611273048,0.20888117283950616,24476,111415,86939,0.21968316653951442,10390,94734,7795,16681,0.002012491226196289,0.0005826950073242188,0.0014297962188720703
Sobel_Sklearn,Sobel_CV2,0.9969753086419753,0.9994608046453753,0.9845154436999509,0.9919318322150413,0.9839928130997591,0.9919318322148373,0.9839928130993573,0.9969753086419753,24476,24110,366,0.9850465762379473,105111,13,379,24097,0.002012491226196289,0.0009999275207519531,0.001012563705444336
Sobel_Sklearn,Canny_CV2,0.869128086419753,0.7495185603293711,0.46114561202810916,0.5709877323890223,0.39956811101670914,0.570987732388878,0.3995681110165677,0.869128086419753,24476,15059,9417,0.6152557607452198,101352,3772,13189,11287,0.002012491226196289,0.00042510032653808594,0.0015873908996582031
Sobel_Sklearn,Global_Threshold_Sklearn,0.4025848765432099,0.10646173056055178,0.2926131720869423,0.15612159260591396,0.08467022119238181,0.15612159260589695,0.0846702211923718,0.4025848765432099,24476,67273,42797,0.36383095744206445,45013,60111,17314,7162,0.002012491226196289,0.009993314743041992,0.007980823516845703
Sobel_Sklearn,Adaptive_Threshold_Sklearn,0.20364197530864198,0.16956536337233702,0.8253391076973362,0.28133138360838383,0.16369146496608838,0.2813313836083642,0.16369146496607512,0.20364197530864198,24476,119134,94658,0.20544932596907683,6191,98933,4275,20201,0.002012491226196289,0.010895967483520508,0.008883476257324219
Sobel_Sklearn,Otsu_Thresholding_Sklearn,0.44775462962962964,0.09839169068613238,0.2357002778231737,0.1388297296321698,0.07459270752521334,0.1388297296321531,0.07459270752520371,0.44775462962962964,24476,58633,34157,0.417444101444579,52260,52864,18707,5769,0.002012491226196289,0.010400056838989258,0.008387565612792969
Sobel_Sklearn,Niblack_Thresholding_Sklearn,0.5906327160493827,0.2098915824095505,0.42237293675437165,0.2804285908042859,0.16308051489146896,0.28042859080424787,0.16308051489144323,0.5906327160493827,24476,49254,24778,0.4969342591464653,66208,38916,14138,10338,0.002012491226196289,0.01208806037902832,0.010075569152832031
Sobel_Sklearn,Sauvola_Thresholding_Sklearn,0.20873456790123457,0.17935470092490677,0.8920983820885766,0.298663639223625,0.17554649751171783,0.29866363922360456,0.17554649751170373,0.20873456790123457,24476,121742,97266,0.20104811815150073,5217,99907,2641,21835,0.002012491226196289,0.011623620986938477,0.009611129760742188
Sobel_Sklearn,Sobel_Sklearn,1.0,1.0,1.0,1.0,1.0,0.9999999999997958,0.9999999999995914,1.0,24476,24476,0,1.0,105124,0,0,24476,0.002012491226196289,0.002012491226196289,0.0
Sobel_Sklearn,Canny_Sklearn,0.8757561728395061,0.9573956740222853,0.35806504330773004,0.5212013083556348,0.3524491273224483,0.52120130835548,0.3524491273223066,0.8757561728395061,24476,9154,15322,0.37399901944762215,104734,390,15712,8764,0.002012491226196289,0.004400491714477539,0.00238800048828125
Sobel_Sklearn,Global_Threshold_Torch,0.4012422839506173,0.10831256543730552,0.3000898839679686,0.15917389938129137,0.08646873234130721,0.15917389938127413,0.08646873234129704,0.4012422839506173,24476,67813,43337,0.3609337442673234,44656,60468,17131,7345,0.002012491226196289,0.00399017333984375,0.001977682113647461
Sobel_Sklearn,Adaptive_Threshold_Torch,0.25559413580246915,0.13393937545122683,0.5381598300375878,0.21449450003663928,0.12013096573549664,0.21449450003662182,0.12013096573548569,0.25559413580246915,24476,98343,73867,0.24888400801277163,19953,85171,11304,13172,0.002012491226196289,0.0010750293731689453,0.0009374618530273438
Sobel_Sklearn,Otsu_Thresholding_Torch,0.44526234567901235,0.09609880749574105,0.23047066514136297,0.13564008848706358,0.07275424002063584,0.13564008848704728,0.07275424002062646,0.44526234567901235,24476,58700,34224,0.41696763202725723,52065,53059,18835,5641,0.002012491226196289,0.0012536048889160156,0.0007588863372802734
Sobel_Sklearn,Niblack_Thresholding_Torch,0.41475308641975306,0.17434135456550956,0.5618156561529661,0.2661054668601838,0.1534726950077568,0.2661054668601581,0.15347269500773966,0.41475308641975306,24476,78874,54398,0.31031772193625273,40001,65123,10725,13751,0.002012491226196289,0.0464475154876709,0.04443502426147461
Sobel_Sklearn,Sauvola_Thresholding_Torch,0.20858024691358024,0.14958538248914097,0.6809936264095441,0.24529079350129504,0.13978999630983932,0.24529079350127697,0.13978999630982758,0.20858024691358024,24476,111428,86952,0.21965753670531643,10364,94760,7808,16668,0.002012491226196289,0.04664468765258789,0.0446321964263916
Sobel_Sklearn,Sobel_Torch,0.9437422839506173,0.9324575972620666,0.7569455793430299,0.835584620588567,0.7176001239445349,0.8355846205883786,0.7176001239442569,0.9437422839506173,24476,19869,4607,0.8117747998038896,103782,1342,5949,18527,0.002012491226196289,0.0012612342834472656,0.0007512569427490234
Sobel_Sklearn,Canny_Torch,0.9684490740740741,0.9417934382178303,0.8878084654355287,0.9140045006204126,0.8416282582594213,0.9140045006202204,0.8416282582590954,0.9684490740740741,24476,23073,1403,0.942678542245465,103781,1343,2746,21730,0.002012491226196289,0.001138925552368164,0.000873565673828125
Canny_Sklearn,Global_Threshold_CV2,0.4466898148148148,0.03876837774468023,0.28719685383438937,0.06831499213948836,0.03536549274933412,0.06831499213947947,0.03536549274932937,0.4466898148148148,9154,67813,58659,0.13498886644153776,55262,65184,6525,2629,0.004400491714477539,0.00019478797912597656,0.0042057037353515625
Canny_Sklearn,Adaptive_Threshold_CV2,0.2464429012345679,0.05242078221556947,0.5662005680576797,0.09595749210845436,0.05039671735832912,0.0959574921084455,0.05039671735832422,0.2464429012345679,9154,98873,89719,0.09258341508804224,26756,93690,3971,5183,0.004400491714477539,0.0003800392150878906,0.0040204524993896484
Canny_Sklearn,Otsu_Thresholding_CV2,0.506304012345679,0.03200805749500674,0.20482849027747432,0.05536444569116974,0.028470345288347656,0.05536444569116157,0.028470345288343336,0.506304012345679,9154,58579,49425,0.15626760443162224,63742,56704,7279,1875,0.004400491714477539,0.0001342296600341797,0.004266262054443359
Canny_Sklearn,Niblack_Thresholding_CV2,0.4069753086419753,0.07060405408833752,0.6080402010050251,0.12651725235259353,0.06753051369779912,0.12651725235257916,0.06753051369779094,0.4069753086419753,9154,78834,69680,0.11611741126924931,47178,73268,3588,5566,0.004400491714477539,0.0005602836608886719,0.003840208053588867
Canny_Sklearn,Sauvola_Thresholding_CV2,0.17846450617283952,0.06326796212359198,0.7700458815818222,0.11692889548723137,0.06209478505990134,0.11692889548722168,0.06209478505989587,0.17846450617283952,9154,111415,102261,0.08216128887492707,16080,104366,2105,7049,0.004400491714477539,0.0005826950073242188,0.0038177967071533203
Canny_Sklearn,Sobel_CV2,0.8782716049382716,0.362671090833679,0.955210836792659,0.5257335257335257,0.3566068515497553,0.5257335257333677,0.35660685154960986,0.8782716049382716,9154,24110,14956,0.3796764827872252,105080,15366,410,8744,0.004400491714477539,0.0009999275207519531,0.003400564193725586
Canny_Sklearn,Canny_CV2,0.924266975308642,0.4780529915665051,0.7864321608040201,0.5946392433816545,0.42312213471258964,0.5946392433814088,0.42312213471234095,0.924266975308642,9154,15059,5905,0.60787568895677,112586,7860,1955,7199,0.004400491714477539,0.00042510032653808594,0.003975391387939453
Canny_Sklearn,Global_Threshold_Sklearn,0.4506404320987654,0.038871464034605265,0.2856674677736509,0.06843131354102608,0.03542784371104969,0.06843131354101713,0.0354278437110449,0.4506404320987654,9154,67273,58119,0.13607242132802164,55788,64658,6539,2615,0.004400491714477539,0.009993314743041992,0.005592823028564453
Canny_Sklearn,Adaptive_Threshold_Sklearn,0.12947530864197532,0.06491849513992647,0.8448765566965261,0.12057246196058867,0.06415382318297194,0.12057246196057927,0.06415382318296663,0.12947530864197532,9154,119134,109980,0.07683784645860964,9046,111400,1420,7734,0.004400491714477539,0.010895967483520508,0.006495475769042969
Canny_Sklearn,Otsu_Thresholding_Sklearn,0.5074922839506173,0.03375232377671277,0.21618964387153158,0.058388776609084335,0.030072331631412593,0.058388776609075724,0.030072331631408027,0.5074922839506173,9154,58633,49479,0.15612368461446627,63792,56654,7175,1979,0.004400491714477539,0.010400056838989258,0.005999565124511719
Canny_Sklearn,Niblack_Thresholding_Sklearn,0.604182098765432,0.07217687903520527,0.3883548175660913,0.12172990001369675,0.06480958197363863,0.12172990001367592,0.06480958197362682,0.604182098765432,9154,49254,40100,0.18585292565070857,74747,45699,5599,3555,0.004400491714477539,0.01208806037902832,0.007687568664550781
Canny_Sklearn,Sauvola_Thresholding_Sklearn,0.11739197530864197,0.06780733025578682,0.9017915665282936,0.12613066862241779,0.06731027959654602,0.12613066862240815,0.06731027959654053,0.11739197530864197,9154,121742,112588,0.07519179905045095,6959,113487,899,8255,0.004400491714477539,0.011623620986938477,0.0072231292724609375
Canny_Sklearn,Sobel_Sklearn,0.8757561728395061,0.35806504330773004,0.9573956740222853,0.5212013083556348,0.3524491273224483,0.52120130835548,0.3524491273223066,0.8757561728395061,9154,24476,15322,0.37399901944762215,104734,15712,390,8764,0.004400491714477539,0.002012491226196289,0.00238800048828125
Canny_Sklearn,Canny_Sklearn,1.0,1.0,1.0,1.0,1.0,0.9999999999994538,0.9999999999989075,1.0,9154,9154,0,1.0,120446,0,0,9154,0.004400491714477539,0.004400491714477539,0.0
Canny_Sklearn,Global_Threshold_Torch,0.4466898148148148,0.03876837774468023,0.28719685383438937,0.06831499213948836,0.03536549274933412,0.06831499213947947,0.03536549274932937,0.4466898148148148,9154,67813,58659,0.13498886644153776,55262,65184,6525,2629,0.004400491714477539,0.00399017333984375,0.00041031837463378906
Canny_Sklearn,Adaptive_Threshold_Torch,0.2505478395061728,0.052713462066440925,0.566309809919161,0.09644920323357861,0.05066804804863507,0.09644920323356965,0.05066804804863012,0.2505478395061728,9154,98343,89189,0.09308237495297073,27287,93159,3970,5184,0.004400491714477539,0.0010750293731689453,0.0033254623413085938
Canny_Sklearn,Otsu_Thresholding_Torch,0.5057253086419753,0.03233390119250426,0.20734105309154469,0.05594364370560321,0.028776760264418704,0.055943643705594966,0.028776760264414343,0.5057253086419753,9154,58700,49546,0.15594548551959114,63644,56802,7256,1898,0.004400491714477539,0.0012536048889160156,0.0031468868255615234
Canny_Sklearn,Niblack_Thresholding_Torch,0.40660493827160493,0.070517534295205,0.6076032335590998,0.12636888262825466,0.0674459777362792,0.12636888262824028,0.06744597773627102,0.40660493827160493,9154,78874,69720,0.1160585237213784,47134,73312,3592,5562,0.004400491714477539,0.0464475154876709,0.04204702377319336
Canny_Sklearn,Sauvola_Thresholding_Torch,0.1782253086419753,0.06317981117851887,0.7690627048284903,0.11676701331873746,0.06200348769618291,0.11676701331872777,0.06200348769617745,0.1782253086419753,9154,111428,102274,0.08215170334206842,16058,104388,2114,7040,0.004400491714477539,0.04664468765258789,0.04224419593811035
Canny_Sklearn,Sobel_Torch,0.8996373456790123,0.40303991141979967,0.8748088267424077,0.5518381972918031,0.3810611467999048,0.5518381972916129,0.38106114679972347,0.8996373456790123,9154,19869,10715,0.46071770094116465,108585,11861,1146,8008,0.004400491714477539,0.0012612342834472656,0.0031392574310302734
Canny_Sklearn,Canny_Torch,0.8828935185185185,0.3694794781779569,0.93128686912825,0.5290594842833649,0.3596742890895283,0.5290594842832007,0.35967428908937654,0.8828935185185185,9154,23073,13919,0.39674077926580853,105898,14548,629,8525,0.004400491714477539,0.001138925552368164,0.003261566162109375
Global_Threshold_Torch,Global_Threshold_CV2,1.0,1.0,1.0,1.0,1.0,0.9999999999999262,0.9999999999998526,1.0,67813,67813,0,1.0,61787,0,0,67813,0.00399017333984375,0.00019478797912597656,0.0037953853607177734
Global_Threshold_Torch,Adaptive_Threshold_CV2,0.6900925925925926,0.6398207801927726,0.9328742276554642,0.7590439509016954,0.611660623640319,0.7590439509016498,0.61166062364026,0.6900925925925926,67813,98873,31060,0.6858596381216308,26175,35612,4552,63261,0.00399017333984375,0.0003800392150878906,0.0036101341247558594
Global_Threshold_Torch,Otsu_Thresholding_CV2,0.92875,1.0,0.8638314187545161,0.9269415785809229,0.8638314187545161,0.9269415785808496,0.8638314187543887,0.92875,67813,58579,9234,0.8638314187545161,61787,0,9234,58579,0.00399017333984375,0.0001342296600341797,0.0038559436798095703
Global_Threshold_Torch,Niblack_Thresholding_CV2,0.6282484567901234,0.6245274881396352,0.7260259832185569,0.6714627643252163,0.5054150883352324,0.6714627643251705,0.5054150883351806,0.6282484567901234,67813,78834,11021,0.8601999137428014,32187,29600,18579,49234,0.00399017333984375,0.0005602836608886719,0.003429889678955078
Global_Threshold_Torch,Sauvola_Thresholding_CV2,0.6575771604938272,0.6051698604317193,0.9942783832008611,0.7523935992144085,0.6030696850710625,0.7523935992143664,0.6030696850710086,0.6575771604938272,67813,111415,43602,0.608652335861419,17797,43990,388,67425,0.00399017333984375,0.0005826950073242188,0.0034074783325195312
Global_Threshold_Torch,Sobel_CV2,0.4027700617283951,0.30116134384073,0.10707386489316208,0.15798004851886904,0.08576456970069217,0.15798004851885186,0.08576456970068204,0.4027700617283951,67813,24110,43703,0.35553654903926973,44938,16849,60552,7261,0.00399017333984375,0.0009999275207519531,0.002990245819091797
Global_Threshold_Torch,Canny_CV2,0.42248456790123456,0.2664851583770503,0.05917744385294855,0.09684815136596196,0.05088829429741691,0.09684815136595028,0.05088829429741046,0.42248456790123456,67813,15059,52754,0.22206656540781267,50741,11046,63800,4013,0.00399017333984375,0.00042510032653808594,0.003565073013305664
Global_Threshold_Torch,Global_Threshold_Sklearn,0.9816358024691358,0.9863243797660279,0.9784702048279829,0.9823815939475593,0.965373255932376,0.9823815939474865,0.9653732559322356,0.9816358024691358,67813,67273,540,0.9920369250733635,60867,920,1460,66353,0.00399017333984375,0.009993314743041992,0.006003141403198242
Global_Threshold_Torch,Adaptive_Threshold_Sklearn,0.5987731481481482,0.5663706414625548,0.9950009585182782,0.7218516477932249,0.5647635867518184,0.7218516477931861,0.5647635867517712,0.5987731481481482,67813,119134,51321,0.5692161767421559,10127,51660,339,67474,0.00399017333984375,0.010895967483520508,0.006905794143676758
Global_Threshold_Torch,Otsu_Thresholding_Sklearn,0.9220524691358025,0.9921375334709123,0.85782961968944,0.920108188475713,0.8520373787971995,0.9201081884756402,0.8520373787970748,0.9220524691358025,67813,58633,9180,0.8646277262471798,61326,461,9641,58172,0.00399017333984375,0.010400056838989258,0.006409883499145508
Global_Threshold_Torch,Niblack_Thresholding_Sklearn,0.565979938271605,0.6173914808949527,0.44842434341497944,0.5195144660749828,0.3509081677398509,0.5195144660749383,0.35090816773981043,0.565979938271605,67813,49254,18559,0.7263209119195434,42942,18845,37404,30409,0.00399017333984375,0.01208806037902832,0.00809788703918457
Global_Threshold_Torch,Sauvola_Thresholding_Sklearn,0.5836805555555555,0.5569154441359596,0.9998082963443587,0.715359658146712,0.5568559812738697,0.7153596581466742,0.556855981273824,0.5836805555555555,67813,121742,53929,0.5570222273332128,7845,53942,13,67800,0.00399017333984375,0.011623620986938477,0.0076334476470947266
Global_Threshold_Torch,Sobel_Sklearn,0.4012422839506173,0.3000898839679686,0.10831256543730552,0.15917389938129137,0.08646873234130721,0.15917389938127413,0.08646873234129704,0.4012422839506173,67813,24476,43337,0.3609337442673234,44656,17131,60468,7345,0.00399017333984375,0.002012491226196289,0.001977682113647461
Global_Threshold_Torch,Canny_Sklearn,0.4466898148148148,0.28719685383438937,0.03876837774468023,0.06831499213948836,0.03536549274933412,0.06831499213947947,0.03536549274932937,0.4466898148148148,67813,9154,58659,0.13498886644153776,55262,6525,65184,2629,0.00399017333984375,0.004400491714477539,0.00041031837463378906
Global_Threshold_Torch,Global_Threshold_Torch,1.0,1.0,1.0,1.0,1.0,0.9999999999999262,0.9999999999998526,1.0,67813,67813,0,1.0,61787,0,0,67813,0.00399017333984375,0.00399017333984375,0.0
Global_Threshold_Torch,Adaptive_Threshold_Torch,0.7047993827160494,0.6502648892142806,0.9430197749694011,0.7697465032860685,0.6256812155723189,0.7697465032860221,0.6256812155722578,0.7047993827160494,67813,98343,30530,0.6895559419582482,27393,34394,3864,63949,0.00399017333984375,0.0010750293731689453,0.0029151439666748047
Global_Threshold_Torch,Otsu_Thresholding_Torch,0.9296836419753086,1.0,0.8656157373954847,0.9279678768189831,0.8656157373954847,0.9279678768189097,0.865615737395357,0.9296836419753086,67813,58700,9113,0.8656157373954847,61787,0,9113,58700,0.00399017333984375,0.0012536048889160156,0.0027365684509277344
Global_Threshold_Torch,Niblack_Thresholding_Torch,0.6288348765432099,0.6249461165910186,0.7268812764514179,0.6720704629585443,0.5061040094460701,0.6720704629584985,0.5061040094460182,0.6288348765432099,67813,78874,11061,0.8597636737074321,32205,29582,18521,49292,0.00399017333984375,0.0464475154876709,0.04245734214782715
Global_Threshold_Torch,Sauvola_Thresholding_Torch,0.6574922839506173,0.6051082313242632,0.9942931296359105,0.7523501877360649,0.6030139068997898,0.7523501877360228,0.6030139068997359,0.6574922839506173,67813,111428,43615,0.6085813260580824,17785,44002,387,67426,0.00399017333984375,0.04664468765258789,0.04265451431274414
Global_Threshold_Torch,Sobel_Torch,0.4286111111111111,0.34299662791282903,0.10049695486116231,0.15544809653064484,0.08427417858953591,0.1554480965306271,0.08427417858952549,0.4286111111111111,67813,19869,47944,0.2929969179950747,48733,13054,60998,6815,0.00399017333984375,0.0012612342834472656,0.0027289390563964844
Global_Threshold_Torch,Canny_Torch,0.4151388888888889,0.32696225024920905,0.11124710601212157,0.1660101665823119,0.09051858606704903,0.16601016658229364,0.09051858606703816,0.4151388888888889,67813,23073,44740,0.34024449589311784,46258,15529,60269,7544,0.00399017333984375,0.001138925552368164,0.002851247787475586
Adaptive_Threshold_Torch,Global_Threshold_CV2,0.7047993827160494,0.9430197749694011,0.6502648892142806,0.7697465032860685,0.6256812155723189,0.7697465032860221,0.6256812155722578,0.7047993827160494,98343,67813,30530,0.6895559419582482,27393,3864,34394,63949,0.0010750293731689453,0.00019478797912597656,0.0008802413940429688
Adaptive_Threshold_Torch,Adaptive_Threshold_CV2,0.9381944444444444,0.9568132857301791,0.961969840252992,0.9593846341067662,0.921939715240759,0.9593846341067175,0.9219397152406692,0.9381944444444444,98343,98873,530,0.9946395881585468,26987,4270,3740,94603,0.0010750293731689453,0.0003800392150878906,0.0006949901580810547
Adaptive_Threshold_Torch,Otsu_Thresholding_CV2,0.6645216049382716,0.9682992198569453,0.5767771981737388,0.7229324122812607,0.5660878243512975,0.7229324122812146,0.5660878243512409,0.6645216049382716,98343,58579,39764,0.5956600876524003,29400,1857,41621,56722,0.0010750293731689453,0.0001342296600341797,0.0009407997131347656
Adaptive_Threshold_Torch,Niblack_Thresholding_CV2,0.8097453703703704,0.9673491133267372,0.7754491931301669,0.8608340811730643,0.7556705015012337,0.8608340811730156,0.7556705015011588,0.8097453703703704,98343,78834,19509,0.80162289130899,28683,2574,22083,76260,0.0010750293731689453,0.0005602836608886719,0.0005147457122802734
Adaptive_Threshold_Torch,Sauvola_Thresholding_CV2,0.8857407407407407,0.8748821971906835,0.9911737490212826,0.9294043612162587,0.8681189494402537,0.9294043612162144,0.8681189494401763,0.8857407407407407,98343,111415,13072,0.882672889646816,17317,13940,868,97475,0.0010750293731689453,0.0005826950073242188,0.0004923343658447266
Adaptive_Threshold_Torch,Sobel_CV2,0.25503858024691356,0.5372459560348403,0.13171247572272557,0.2115587204886773,0.11829223744292237,0.21155872048866,0.11829223744291158,0.25503858024691356,98343,24110,74233,0.24516233997335854,20100,11157,85390,12953,0.0010750293731689453,0.0009999275207519531,7.510185241699219e-05
Adaptive_Threshold_Torch,Canny_CV2,0.2544598765432099,0.5571419084932598,0.0853136471329937,0.14796917161954815,0.07989563097550756,0.1479691716195351,0.07989563097549995,0.2544598765432099,98343,15059,83284,0.15312731968721718,24588,6669,89953,8390,0.0010750293731689453,0.00042510032653808594,0.0006499290466308594
Adaptive_Threshold_Torch,Global_Threshold_Sklearn,0.688966049382716,0.931324602738097,0.6370865236976704,0.7566056419669597,0.6085001408272874,0.7566056419669139,0.6085001408272284,0.688966049382716,98343,67273,31070,0.6840649563263272,26637,4620,35690,62653,0.0010750293731689453,0.009993314743041992,0.008918285369873047
Adaptive_Threshold_Torch,Adaptive_Threshold_Sklearn,0.8226466049382716,0.8162741115046922,0.9888451643736718,0.8943106627367492,0.8088263426237825,0.894310662736708,0.8088263426237153,0.8226466049382716,98343,119134,20791,0.8254822300938439,9369,21888,1097,97246,0.0010750293731689453,0.010895967483520508,0.009820938110351562
Adaptive_Threshold_Torch,Otsu_Thresholding_Sklearn,0.6520833333333333,0.9541213992120479,0.5688559429750973,0.712758638263174,0.553710173903576,0.7127586382631286,0.5537101739035213,0.6520833333333333,98343,58633,39710,0.5962091862155924,28567,2690,42400,55943,0.0010750293731689453,0.010400056838989258,0.009325027465820312
Adaptive_Threshold_Torch,Niblack_Thresholding_Sklearn,0.5665354938271605,0.9280464530799529,0.46480176525019573,0.6193892829800064,0.44863427130055844,0.6193892829799643,0.4486342713005144,0.5665354938271605,98343,49254,49089,0.5008389005826546,27713,3544,52633,45710,0.0010750293731689453,0.01208806037902832,0.011013031005859375
Adaptive_Threshold_Torch,Sauvola_Thresholding_Sklearn,0.8112731481481481,0.8034449902252304,0.9946106992871887,0.8888656655383147,0.7999623789583878,0.8888656655382743,0.7999623789583225,0.8112731481481481,98343,121742,23399,0.8077984590363227,7328,23929,530,97813,0.0010750293731689453,0.011623620986938477,0.010548591613769531
Adaptive_Threshold_Torch,Sobel_Sklearn,0.25559413580246915,0.5381598300375878,0.13393937545122683,0.21449450003663928,0.12013096573549664,0.21449450003662182,0.12013096573548569,0.25559413580246915,98343,24476,73867,0.24888400801277163,19953,11304,85171,13172,0.0010750293731689453,0.002012491226196289,0.0009374618530273438
Adaptive_Threshold_Torch,Canny_Sklearn,0.2505478395061728,0.566309809919161,0.052713462066440925,0.09644920323357861,0.05066804804863507,0.09644920323356965,0.05066804804863012,0.2505478395061728,98343,9154,89189,0.09308237495297073,27287,3970,93159,5184,0.0010750293731689453,0.004400491714477539,0.0033254623413085938
Adaptive_Threshold_Torch,Global_Threshold_Torch,0.7047993827160494,0.9430197749694011,0.6502648892142806,0.7697465032860685,0.6256812155723189,0.7697465032860221,0.6256812155722578,0.7047993827160494,98343,67813,30530,0.6895559419582482,27393,3864,34394,63949,0.0010750293731689453,0.00399017333984375,0.0029151439666748047
Adaptive_Threshold_Torch,Adaptive_Threshold_Torch,1.0,1.0,1.0,1.0,1.0,0.9999999999999492,0.9999999999998983,1.0,98343,98343,0,1.0,31257,0,0,98343,0.0010750293731689453,0.0010750293731689453,0.0
Adaptive_Threshold_Torch,Otsu_Thresholding_Torch,0.6651157407407408,0.9679897785349233,0.5777838788729244,0.7236362015498939,0.5669513679631218,0.7236362015498479,0.5669513679630653,0.6651157407407408,98343,58700,39643,0.596890475173627,29378,1879,41522,56821,0.0010750293731689453,0.0012536048889160156,0.0001785755157470703
Adaptive_Threshold_Torch,Niblack_Thresholding_Torch,0.8102237654320987,0.9675051347719147,0.7759677862176261,0.8612153461575357,0.7562582998037778,0.8612153461574871,0.7562582998037028,0.8102237654320987,98343,78874,19469,0.8020296309854286,28694,2563,22032,76311,0.0010750293731689453,0.0464475154876709,0.04537248611450195
Adaptive_Threshold_Torch,Sauvola_Thresholding_Torch,0.8858564814814814,0.874905768747532,0.9913161079080361,0.9294802427408937,0.868251367093568,0.9294802427408493,0.8682513670934907,0.8858564814814814,98343,111428,13085,0.8825699106149262,17318,13939,854,97489,0.0010750293731689453,0.04664468765258789,0.045569658279418945
Adaptive_Threshold_Torch,Sobel_Torch,0.2608179012345679,0.5640444914187931,0.11395828884618123,0.18960849998308124,0.10473342367179103,0.1896084999830652,0.10473342367178125,0.2608179012345679,98343,19869,78474,0.20203776577895732,22595,8662,87136,11207,0.0010750293731689453,0.0012612342834472656,0.0001862049102783203
Adaptive_Threshold_Torch,Canny_Torch,0.26371913580246914,0.5632990941793439,0.132159889366808,0.21409039994728865,0.11987751224416385,0.21409039994727103,0.11987751224415279,0.26371913580246914,98343,23073,75270,0.23461761386168817,21181,10076,85346,12997,0.0010750293731689453,0.001138925552368164,6.389617919921875e-05
Otsu_Thresholding_Torch,Global_Threshold_CV2,0.9296836419753086,0.8656157373954847,1.0,0.9279678768189831,0.8656157373954847,0.9279678768189097,0.865615737395357,0.9296836419753086,58700,67813,9113,0.8656157373954847,61787,9113,0,58700,0.0012536048889160156,0.00019478797912597656,0.001058816909790039
Otsu_Thresholding_Torch,Adaptive_Threshold_CV2,0.6494675925925926,0.5671113448565331,0.9552299829642249,0.7116955315948799,0.5524280548960109,0.7116955315948346,0.5524280548959565,0.6494675925925926,58700,98873,40173,0.5936908964024556,28099,42801,2628,56072,0.0012536048889160156,0.0003800392150878906,0.000873565673828125
Otsu_Thresholding_Torch,Otsu_Thresholding_CV2,0.9990663580246913,1.0,0.99793867120954,0.9989682722397019,0.99793867120954,0.9989682722396167,0.9979386712093701,0.9990663580246913,58700,58579,121,0.99793867120954,70900,0,121,58579,0.0012536048889160156,0.0001342296600341797,0.001119375228881836
Otsu_Thresholding_Torch,Niblack_Thresholding_CV2,0.6045987654320988,0.547289240682954,0.7350085178875639,0.6274084953538761,0.45709775503501465,0.6274084953538305,0.45709775503496625,0.6045987654320988,58700,78834,20134,0.7446025826420073,35211,35689,15555,43145,0.0012536048889160156,0.0005602836608886719,0.0006933212280273438
Otsu_Thresholding_Torch,Sauvola_Thresholding_CV2,0.5923379629629629,0.5263294888480007,0.9989948892674617,0.689427740058196,0.5260509177027827,0.6894277400581553,0.5260509177027355,0.5923379629629629,58700,111415,52715,0.5268590405241664,18126,52774,59,58641,0.0012536048889160156,0.0005826950073242188,0.0006709098815917969
Otsu_Thresholding_Torch,Sobel_CV2,0.447037037037037,0.23114890087100787,0.0949403747870528,0.13459727086100712,0.07215453733314345,0.13459727086099088,0.07215453733313411,0.447037037037037,58700,24110,34590,0.41073253833049406,52363,18537,53127,5573,0.0012536048889160156,0.0009999275207519531,0.0002536773681640625
Otsu_Thresholding_Torch,Canny_CV2,0.47968364197530866,0.21004050733780463,0.053884156729131175,0.08576580485093345,0.04480423820046461,0.08576580485092182,0.04480423820045827,0.47968364197530866,58700,15059,43641,0.256541737649063,59004,11896,55537,3163,0.0012536048889160156,0.00042510032653808594,0.0008285045623779297
Otsu_Thresholding_Torch,Global_Threshold_Sklearn,0.929050925925926,0.8679410759145572,0.9947018739352641,0.9270081684170417,0.8639470880681818,0.9270081684169682,0.863947088068054,0.929050925925926,58700,67273,8573,0.8725640301458237,62016,8884,311,58389,0.0012536048889160156,0.009993314743041992,0.008739709854125977
Otsu_Thresholding_Torch,Adaptive_Threshold_Sklearn,0.5312808641975308,0.4914130307049205,0.9973424190800682,0.6584117772754366,0.4907703914829407,0.6584117772753996,0.4907703914828996,0.5312808641975308,58700,119134,60434,0.4927224805680998,10310,60590,156,58544,0.0012536048889160156,0.010895967483520508,0.009642362594604492
Otsu_Thresholding_Torch,Otsu_Thresholding_Sklearn,0.9859336419753086,0.9850254975866832,0.9839011925042589,0.9844630240426819,0.9694014569136258,0.9844630240425981,0.9694014569134631,0.9859336419753086,58700,58633,67,0.9988586030664395,70022,878,945,57755,0.0012536048889160156,0.010400056838989258,0.009146451950073242
Otsu_Thresholding_Torch,Niblack_Thresholding_Sklearn,0.5775,0.5400373573719901,0.45313458262350936,0.4927839635400263,0.32694978796632046,0.49278396353998066,0.32694978796628027,0.5775,58700,49254,9446,0.8390800681431005,48245,22655,32101,26599,0.0012536048889160156,0.01208806037902832,0.010834455490112305
Otsu_Thresholding_Torch,Sauvola_Thresholding_Sklearn,0.5134413580246914,0.48210149332194313,0.9998637137989779,0.6505359062745923,0.48206981519507186,0.6505359062745563,0.4820698151950323,0.5134413580246914,58700,121742,63042,0.4821672060587143,7850,63050,8,58692,0.0012536048889160156,0.011623620986938477,0.010370016098022461
Otsu_Thresholding_Torch,Sobel_Sklearn,0.44526234567901235,0.23047066514136297,0.09609880749574105,0.13564008848706358,0.07275424002063584,0.13564008848704728,0.07275424002062646,0.44526234567901235,58700,24476,34224,0.41696763202725723,52065,18835,53059,5641,0.0012536048889160156,0.002012491226196289,0.0007588863372802734
Otsu_Thresholding_Torch,Canny_Sklearn,0.5057253086419753,0.20734105309154469,0.03233390119250426,0.05594364370560321,0.028776760264418704,0.055943643705594966,0.028776760264414343,0.5057253086419753,58700,9154,49546,0.15594548551959114,63644,7256,56802,1898,0.0012536048889160156,0.004400491714477539,0.0031468868255615234
Otsu_Thresholding_Torch,Global_Threshold_Torch,0.9296836419753086,0.8656157373954847,1.0,0.9279678768189831,0.8656157373954847,0.9279678768189097,0.865615737395357,0.9296836419753086,58700,67813,9113,0.8656157373954847,61787,9113,0,58700,0.0012536048889160156,0.00399017333984375,0.0027365684509277344
Otsu_Thresholding_Torch,Adaptive_Threshold_Torch,0.6651157407407408,0.5777838788729244,0.9679897785349233,0.7236362015498939,0.5669513679631218,0.7236362015498479,0.5669513679630653,0.6651157407407408,58700,98343,39643,0.596890475173627,29378,41522,1879,56821,0.0012536048889160156,0.0010750293731689453,0.0001785755157470703
Otsu_Thresholding_Torch,Otsu_Thresholding_Torch,1.0,1.0,1.0,1.0,1.0,0.9999999999999148,0.9999999999998297,1.0,58700,58700,0,1.0,70900,0,0,58700,0.0012536048889160156,0.0012536048889160156,0.0
Otsu_Thresholding_Torch,Niblack_Thresholding_Torch,0.6053703703703703,0.5478991809721835,0.7362010221465076,0.6282437088403332,0.45798492989539946,0.6282437088402875,0.45798492989535095,0.6053703703703703,58700,78874,20174,0.7442249664021097,35241,35659,15485,43215,0.0012536048889160156,0.0464475154876709,0.04519391059875488
Otsu_Thresholding_Torch,Sauvola_Thresholding_Torch,0.5922067901234568,0.526250134616075,0.9989608177172061,0.6893515470704411,0.5259622025491304,0.6893515470704005,0.5259622025490832,0.5922067901234568,58700,111428,52728,0.5267975733208888,18111,52789,61,58639,0.0012536048889160156,0.04664468765258789,0.045391082763671875
Otsu_Thresholding_Torch,Sobel_Torch,0.474483024691358,0.26327444763198954,0.08911413969335605,0.13315684302969363,0.07132727917314352,0.1331568430296767,0.0713272791731338,0.474483024691358,58700,19869,38831,0.33848381601362865,56262,14638,53469,5231,0.0012536048889160156,0.0012612342834472656,7.62939453125e-06
Otsu_Thresholding_Torch,Canny_Torch,0.4588503086419753,0.25224288128981925,0.09914821124361159,0.1423452728895846,0.07662633470698985,0.1423452728895672,0.07662633470697976,0.4588503086419753,58700,23073,35627,0.3930664395229983,53647,17253,52880,5820,0.0012536048889160156,0.001138925552368164,0.00011467933654785156
Niblack_Thresholding_Torch,Global_Threshold_CV2,0.6288348765432099,0.7268812764514179,0.6249461165910186,0.6720704629585443,0.5061040094460701,0.6720704629584985,0.5061040094460182,0.6288348765432099,78874,67813,11061,0.8597636737074321,32205,18521,29582,49292,0.0464475154876709,0.00019478797912597656,0.04625272750854492
Niblack_Thresholding_Torch,Adaptive_Threshold_CV2,0.7764429012345679,0.7523489729248632,0.9431117985647995,0.8369986553922147,0.71968846749226,0.8369986553921677,0.7196884674921904,0.7764429012345679,78874,98873,19999,0.797730421854298,26240,24486,4487,74387,0.0464475154876709,0.0003800392150878906,0.04606747627258301
Niblack_Thresholding_Torch,Otsu_Thresholding_CV2,0.6046373456790124,0.735878045033203,0.546529908461597,0.6272253061046321,0.45690331333601847,0.6272253061045865,0.45690331333597006,0.6046373456790124,78874,58579,20295,0.742690874052286,35254,15472,35767,43107,0.0464475154876709,0.0001342296600341797,0.04631328582763672
Niblack_Thresholding_Torch,Niblack_Thresholding_CV2,0.9713271604938272,0.9766851865946166,0.9761898724548014,0.9764374667106298,0.9539597581524433,0.9764374667105677,0.9539597581523251,0.9713271604938272,78874,78834,40,0.9994928620331162,48888,1838,1878,76996,0.0464475154876709,0.0005602836608886719,0.04588723182678223
Niblack_Thresholding_Torch,Sauvola_Thresholding_CV2,0.7486805555555556,0.7077951801822017,0.9998098232624185,0.8288340366495173,0.7076999012833168,0.8288340366494737,0.7076999012832534,0.7486805555555556,78874,111415,32541,0.7079298119642777,18170,32556,15,78859,0.0464475154876709,0.0005826950073242188,0.04586482048034668
Niblack_Thresholding_Torch,Sobel_CV2,0.41433641975308644,0.56163417669017,0.1716788802393691,0.26297288899246485,0.15139250695973971,0.2629728889924393,0.1513925069597228,0.41433641975308644,78874,24110,54764,0.30567740953926514,40157,10569,65333,13541,0.0464475154876709,0.0009999275207519531,0.045447587966918945
Niblack_Thresholding_Torch,Canny_CV2,0.40628858024691356,0.564048077561591,0.1076907472677942,0.18085230962494545,0.09941595758377322,0.18085230962492618,0.09941595758376158,0.40628858024691356,78874,15059,63815,0.19092476608261277,44161,6565,70380,8494,0.0464475154876709,0.00042510032653808594,0.04602241516113281
Niblack_Thresholding_Torch,Global_Threshold_Sklearn,0.6121682098765432,0.7126484622359639,0.6078302102086873,0.6560791531813859,0.4881828827452777,0.6560791531813409,0.48818288274522803,0.6121682098765432,78874,67273,11601,0.8529173111544995,31395,19331,30932,47942,0.0464475154876709,0.009993314743041992,0.036454200744628906
Niblack_Thresholding_Torch,Adaptive_Threshold_Sklearn,0.6724074074074075,0.6528446958886632,0.9860790628090372,0.7855844208314816,0.646882693459312,0.7855844208314419,0.6468826934592582,0.6724074074074075,78874,119134,40260,0.6620612083871943,9368,41358,1098,77776,0.0464475154876709,0.010895967483520508,0.03555154800415039
Niblack_Thresholding_Torch,Otsu_Thresholding_Sklearn,0.5930941358024692,0.722903484385926,0.5373887466085149,0.61649225130357,0.4456008662650729,0.6164922513035251,0.4456008662650261,0.5930941358024692,78874,58633,20241,0.7433755103075792,34479,16247,36488,42386,0.0464475154876709,0.010400056838989258,0.03604745864868164
Niblack_Thresholding_Torch,Niblack_Thresholding_Sklearn,0.7138734567901235,0.9242498071222642,0.5771610416613839,0.7105862887112887,0.5510925488771866,0.7105862887112333,0.5510925488771199,0.7138734567901235,78874,49254,29620,0.6244643355224789,46995,3731,33351,45523,0.0464475154876709,0.01208806037902832,0.03435945510864258
Niblack_Thresholding_Torch,Sauvola_Thresholding_Sklearn,0.6678086419753086,0.6471226035386308,0.9988335826761671,0.7854009650277146,0.646633944547499,0.7854009650276754,0.646633944547446,0.6678086419753086,78874,121742,42868,0.6478783000114997,7766,42960,92,78782,0.0464475154876709,0.011623620986938477,0.03482389450073242
Niblack_Thresholding_Torch,Sobel_Sklearn,0.41475308641975306,0.5618156561529661,0.17434135456550956,0.2661054668601838,0.1534726950077568,0.2661054668601581,0.15347269500773966,0.41475308641975306,78874,24476,54398,0.31031772193625273,40001,10725,65123,13751,0.0464475154876709,0.002012491226196289,0.04443502426147461
Niblack_Thresholding_Torch,Canny_Sklearn,0.40660493827160493,0.6076032335590998,0.070517534295205,0.12636888262825466,0.0674459777362792,0.12636888262824028,0.06744597773627102,0.40660493827160493,78874,9154,69720,0.1160585237213784,47134,3592,73312,5562,0.0464475154876709,0.004400491714477539,0.04204702377319336
Niblack_Thresholding_Torch,Global_Threshold_Torch,0.6288348765432099,0.7268812764514179,0.6249461165910186,0.6720704629585443,0.5061040094460701,0.6720704629584985,0.5061040094460182,0.6288348765432099,78874,67813,11061,0.8597636737074321,32205,18521,29582,49292,0.0464475154876709,0.00399017333984375,0.04245734214782715
Niblack_Thresholding_Torch,Adaptive_Threshold_Torch,0.8102237654320987,0.7759677862176261,0.9675051347719147,0.8612153461575357,0.7562582998037778,0.8612153461574871,0.7562582998037028,0.8102237654320987,78874,98343,19469,0.8020296309854286,28694,22032,2563,76311,0.0464475154876709,0.0010750293731689453,0.04537248611450195
Niblack_Thresholding_Torch,Otsu_Thresholding_Torch,0.6053703703703703,0.7362010221465076,0.5478991809721835,0.6282437088403332,0.45798492989539946,0.6282437088402875,0.45798492989535095,0.6053703703703703,78874,58700,20174,0.7442249664021097,35241,15485,35659,43215,0.0464475154876709,0.0012536048889160156,0.04519391059875488
Niblack_Thresholding_Torch,Niblack_Thresholding_Torch,1.0,1.0,1.0,1.0,1.0,0.9999999999999365,0.9999999999998732,1.0,78874,78874,0,1.0,50726,0,0,78874,0.0464475154876709,0.0464475154876709,0.0
Niblack_Thresholding_Torch,Sauvola_Thresholding_Torch,0.7484567901234568,0.7076408084144021,0.9997083956690418,0.8286933400594844,0.7074947734879005,0.8286933400594408,0.7074947734878371,0.7484567901234568,78874,111428,32554,0.707847219729332,18149,32577,23,78851,0.0464475154876709,0.04664468765258789,0.0001971721649169922
Niblack_Thresholding_Torch,Sobel_Torch,0.4140354938271605,0.5738084453168252,0.14454699901108095,0.23092269831785545,0.13053284788532435,0.23092269831783208,0.13053284788530942,0.4140354938271605,78874,19869,59005,0.25190810660040064,42258,8468,67473,11401,0.0464475154876709,0.0012612342834472656,0.04518628120422363
Niblack_Thresholding_Torch,Canny_Torch,0.4165817901234568,0.5707103540935292,0.16694981869817685,0.2583303088859898,0.14832336475968416,0.2583303088859644,0.14832336475966745,0.4165817901234568,78874,23073,55801,0.29252985774780027,40821,9905,65706,13168,0.0464475154876709,0.001138925552368164,0.045308589935302734
Sauvola_Thresholding_Torch,Global_Threshold_CV2,0.6574922839506173,0.9942931296359105,0.6051082313242632,0.7523501877360649,0.6030139068997898,0.7523501877360228,0.6030139068997359,0.6574922839506173,111428,67813,43615,0.6085813260580824,17785,387,44002,67426,0.04664468765258789,0.00019478797912597656,0.046449899673461914
Sauvola_Thresholding_Torch,Adaptive_Threshold_CV2,0.8783256172839506,0.9837468267373297,0.8729044764332125,0.9250169994436546,0.8604945370902818,0.9250169994436105,0.8604945370902056,0.8783256172839506,111428,98873,12555,0.887326345263309,16565,1607,14162,97266,0.04664468765258789,0.0003800392150878906,0.0462646484375
Sauvola_Thresholding_Torch,Otsu_Thresholding_CV2,0.5913348765432099,0.9990269550521518,0.525200129231432,0.6884657690565683,0.5249316051486748,0.6884657690565277,0.5249316051486277,0.5913348765432099,111428,58579,52849,0.525711670316258,18115,57,52906,58522,0.04664468765258789,0.0001342296600341797,0.04651045799255371
Sauvola_Thresholding_Torch,Niblack_Thresholding_CV2,0.7480555555555556,0.9996321384174341,0.7072279857845425,0.8283840178280476,0.7070439721148066,0.8283840178280041,0.7070439721147432,0.7480555555555556,111428,78834,32594,0.7074882435294539,18143,29,32623,78805,0.04664468765258789,0.0005602836608886719,0.04608440399169922
Sauvola_Thresholding_Torch,Sauvola_Thresholding_CV2,0.9986496913580247,0.9992729883767895,0.9991564059302869,0.999214693753001,0.9984306199499592,0.9992146937529561,0.9984306199498697,0.9986496913580247,111428,111415,13,0.9998833327350397,18091,81,94,111334,0.04664468765258789,0.0005826950073242188,0.04606199264526367
Sauvola_Thresholding_Torch,Sobel_CV2,0.20728395061728394,0.6802571547075902,0.14718921635495566,0.2420133099204651,0.13766504108715177,0.24201330992044723,0.13766504108714023,0.20728395061728394,111428,24110,87318,0.2163729044764332,10463,7709,95027,16401,0.04664468765258789,0.0009999275207519531,0.04564476013183594
Sauvola_Thresholding_Torch,Canny_CV2,0.20460648148148147,0.7770768311308852,0.10501848727429372,0.18503087273790983,0.1019471185259398,0.1850308727378952,0.10194711852593093,0.20460648148148147,111428,15059,96369,0.13514556484905052,14815,3357,99726,11702,0.04664468765258789,0.00042510032653808594,0.046219587326049805
Sauvola_Thresholding_Torch,Global_Threshold_Sklearn,0.6440354938271605,0.9852987082484801,0.5948594608177478,0.7418425190681641,0.5896261241627156,0.7418425190681226,0.5896261241626631,0.6440354938271605,111428,67273,44155,0.60373514735973,17183,989,45144,66284,0.04664468765258789,0.009993314743041992,0.0366513729095459
Sauvola_Thresholding_Torch,Adaptive_Threshold_Sklearn,0.9060030864197531,0.9165309651317004,0.9799152816168288,0.9471638865034134,0.8996308868602314,0.9471638865033722,0.8996308868601572,0.9060030864197531,111428,119134,7706,0.9353165343226955,8228,9944,2238,109190,0.04664468765258789,0.010895967483520508,0.03574872016906738
Sauvola_Thresholding_Torch,Otsu_Thresholding_Sklearn,0.582662037037037,0.98898231371412,0.5203988225580644,0.6819552983929296,0.5173992183735746,0.6819552983928895,0.5173992183735284,0.582662037037037,111428,58633,52795,0.5261962881860932,17526,646,53441,57987,0.04664468765258789,0.010400056838989258,0.03624463081359863
Sauvola_Thresholding_Torch,Niblack_Thresholding_Sklearn,0.5035339506172839,0.9779916351971414,0.432297088703019,0.5995693357065508,0.4281321103526735,0.5995693357065135,0.42813211035263543,0.5035339506172839,111428,49254,62174,0.44202534371971136,17088,1084,63258,48170,0.04664468765258789,0.01208806037902832,0.03455662727355957
Sauvola_Thresholding_Torch,Sauvola_Thresholding_Sklearn,0.9184567901234568,0.9142366644214815,0.9988602505653875,0.9546768452202256,0.9132839360296712,0.9546768452201846,0.9132839360295962,0.9184567901234568,111428,121742,10314,0.9152798541177244,7731,10441,127,111301,0.04664468765258789,0.011623620986938477,0.035021066665649414
Sauvola_Thresholding_Torch,Sobel_Sklearn,0.20858024691358024,0.6809936264095441,0.14958538248914097,0.24529079350129504,0.13978999630983932,0.24529079350127697,0.13978999630982758,0.20858024691358024,111428,24476,86952,0.21965753670531643,10364,7808,94760,16668,0.04664468765258789,0.002012491226196289,0.0446321964263916
Sauvola_Thresholding_Torch,Canny_Sklearn,0.1782253086419753,0.7690627048284903,0.06317981117851887,0.11676701331873746,0.06200348769618291,0.11676701331872777,0.06200348769617745,0.1782253086419753,111428,9154,102274,0.08215170334206842,16058,2114,104388,7040,0.04664468765258789,0.004400491714477539,0.04224419593811035
Sauvola_Thresholding_Torch,Global_Threshold_Torch,0.6574922839506173,0.9942931296359105,0.6051082313242632,0.7523501877360649,0.6030139068997898,0.7523501877360228,0.6030139068997359,0.6574922839506173,111428,67813,43615,0.6085813260580824,17785,387,44002,67426,0.04664468765258789,0.00399017333984375,0.04265451431274414
Sauvola_Thresholding_Torch,Adaptive_Threshold_Torch,0.8858564814814814,0.9913161079080361,0.874905768747532,0.9294802427408937,0.868251367093568,0.9294802427408493,0.8682513670934907,0.8858564814814814,111428,98343,13085,0.8825699106149262,17318,854,13939,97489,0.04664468765258789,0.0010750293731689453,0.045569658279418945
Sauvola_Thresholding_Torch,Otsu_Thresholding_Torch,0.5922067901234568,0.9989608177172061,0.526250134616075,0.6893515470704411,0.5259622025491304,0.6893515470704005,0.5259622025490832,0.5922067901234568,111428,58700,52728,0.5267975733208888,18111,61,52789,58639,0.04664468765258789,0.0012536048889160156,0.045391082763671875
Sauvola_Thresholding_Torch,Niblack_Thresholding_Torch,0.7484567901234568,0.9997083956690418,0.7076408084144021,0.8286933400594844,0.7074947734879005,0.8286933400594408,0.7074947734878371,0.7484567901234568,111428,78874,32554,0.707847219729332,18149,23,32577,78851,0.04664468765258789,0.0464475154876709,0.0001971721649169922
Sauvola_Thresholding_Torch,Sauvola_Thresholding_Torch,1.0,1.0,1.0,1.0,1.0,0.999999999999955,0.9999999999999103,1.0,111428,111428,0,1.0,18172,0,0,111428,0.04664468765258789,0.04664468765258789,0.0
Sauvola_Thresholding_Torch,Sobel_Torch,0.20164351851851853,0.700337208717097,0.1248788455325412,0.21196219258627386,0.11854458094085976,0.2119621925862577,0.11854458094084966,0.20164351851851853,111428,19869,91559,0.17831245288437378,12218,5954,97513,13915,0.04664468765258789,0.0012612342834472656,0.045383453369140625
Sauvola_Thresholding_Torch,Canny_Torch,0.21008487654320987,0.6962250249209032,0.14416484187098397,0.23886811250473974,0.13563329027246554,0.23886811250472195,0.13563329027245408,0.21008487654320987,111428,23073,88355,0.2070664464945974,11163,7009,95364,16064,0.04664468765258789,0.001138925552368164,0.04550576210021973
Sobel_Torch,Global_Threshold_CV2,0.4286111111111111,0.10049695486116231,0.34299662791282903,0.15544809653064484,0.08427417858953591,0.1554480965306271,0.08427417858952549,0.4286111111111111,19869,67813,47944,0.2929969179950747,48733,60998,13054,6815,0.0012612342834472656,0.00019478797912597656,0.001066446304321289
Sobel_Torch,Adaptive_Threshold_CV2,0.25256172839506175,0.11061664964145924,0.5504554834163773,0.1842145155042024,0.10145169519039006,0.18421451550418688,0.10145169519038065,0.25256172839506175,19869,98873,79004,0.20095476014685507,21795,87936,8932,10937,0.0012612342834472656,0.0003800392150878906,0.000881195068359375
Sobel_Torch,Otsu_Thresholding_CV2,0.47469135802469137,0.08849587736219465,0.26090895364638383,0.13216398123597797,0.07075780738152435,0.13216398123596113,0.0707578073815147,0.47469135802469137,19869,58579,38710,0.33918298366308747,56336,53395,14685,5184,0.0012612342834472656,0.0001342296600341797,0.001127004623413086
Sobel_Torch,Niblack_Thresholding_CV2,0.41425154320987656,0.14454423218408302,0.5735064673612159,0.2308947043149651,0.13051495853759107,0.23089470431494172,0.1305149585375761,0.41425154320987656,19869,78834,58965,0.25203592358626986,42292,67439,8474,11395,0.0012612342834472656,0.0005602836608886719,0.0007009506225585938
Sobel_Torch,Sauvola_Thresholding_CV2,0.2018672839506173,0.1249652201229637,0.7007398459912426,0.21210505469059443,0.11863395847001985,0.21210505469057825,0.11863395847000975,0.2018672839506173,19869,111415,91546,0.17833325853789886,12239,97492,5946,13923,0.0012612342834472656,0.0005826950073242188,0.0006785392761230469
Sobel_Torch,Sobel_CV2,0.9462114197530864,0.7674823724595603,0.9313000150988978,0.8414925305259329,0.7263591756624141,0.8414925305257416,0.7263591756621289,0.9462114197530864,19869,24110,4241,0.8240978846951472,104125,5606,1365,18504,0.0012612342834472656,0.0009999275207519531,0.0002613067626953125
Sobel_Torch,Canny_CV2,0.8758796296296296,0.6256059499302743,0.4741557199657758,0.5394525881814017,0.36934959030854275,0.5394525881812473,0.3693495903083979,0.8758796296296296,19869,15059,4810,0.7579143389199255,104093,5638,10448,9421,0.0012612342834472656,0.00042510032653808594,0.0008361339569091797
Sobel_Torch,Global_Threshold_Sklearn,0.43,0.09862797853522215,0.3339372892445518,0.1522801863624888,0.08241519370986373,0.15228018636247134,0.08241519370985351,0.43,19869,67273,47404,0.2953488026399893,49093,60638,13234,6635,0.0012612342834472656,0.009993314743041992,0.008732080459594727
Sobel_Torch,Adaptive_Threshold_Sklearn,0.18392746913580246,0.13950677388486915,0.8364789370375962,0.23913152953533376,0.1358031752776121,0.23913152953531655,0.135803175277601,0.18392746913580246,19869,119134,99265,0.1667785854583914,7217,102514,3249,16620,0.0012612342834472656,0.010895967483520508,0.009634733200073242
Sobel_Torch,Otsu_Thresholding_Sklearn,0.47540123456790123,0.08965940681868573,0.2645830187729629,0.13393289342946677,0.07177281725715066,0.1339328934294497,0.07177281725714087,0.47540123456790123,19869,58633,38764,0.33887060187948764,56355,53376,14612,5257,0.0012612342834472656,0.010400056838989258,0.009138822555541992
Sobel_Torch,Niblack_Thresholding_Sklearn,0.5991435185185185,0.1743208673407236,0.4321304544768232,0.24842671759038237,0.1418306159869171,0.24842671759034643,0.14183061598689367,0.5991435185185185,19869,49254,29385,0.403398708734316,69063,40668,11283,8586,0.0012612342834472656,0.01208806037902832,0.010826826095581055
Sobel_Torch,Sauvola_Thresholding_Sklearn,0.18568672839506173,0.14816579323487375,0.9078463938799134,0.2547542210703971,0.14597039806430206,0.25475422107037904,0.14597039806429027,0.18568672839506173,19869,121742,101873,0.1632057958633832,6027,103704,1831,18038,0.0012612342834472656,0.011623620986938477,0.010362386703491211
Sobel_Torch,Sobel_Sklearn,0.9437422839506173,0.7569455793430299,0.9324575972620666,0.835584620588567,0.7176001239445349,0.8355846205883786,0.7176001239442569,0.9437422839506173,19869,24476,4607,0.8117747998038896,103782,5949,1342,18527,0.0012612342834472656,0.002012491226196289,0.0007512569427490234
Sobel_Torch,Canny_Sklearn,0.8996373456790123,0.8748088267424077,0.40303991141979967,0.5518381972918031,0.3810611467999048,0.5518381972916129,0.38106114679972347,0.8996373456790123,19869,9154,10715,0.46071770094116465,108585,1146,11861,8008,0.0012612342834472656,0.004400491714477539,0.0031392574310302734
Sobel_Torch,Global_Threshold_Torch,0.4286111111111111,0.10049695486116231,0.34299662791282903,0.15544809653064484,0.08427417858953591,0.1554480965306271,0.08427417858952549,0.4286111111111111,19869,67813,47944,0.2929969179950747,48733,60998,13054,6815,0.0012612342834472656,0.00399017333984375,0.0027289390563964844
Sobel_Torch,Adaptive_Threshold_Torch,0.2608179012345679,0.11395828884618123,0.5640444914187931,0.18960849998308124,0.10473342367179103,0.1896084999830652,0.10473342367178125,0.2608179012345679,19869,98343,78474,0.20203776577895732,22595,87136,8662,11207,0.0012612342834472656,0.0010750293731689453,0.0001862049102783203
Sobel_Torch,Otsu_Thresholding_Torch,0.474483024691358,0.08911413969335605,0.26327444763198954,0.13315684302969363,0.07132727917314352,0.1331568430296767,0.0713272791731338,0.474483024691358,19869,58700,38831,0.33848381601362865,56262,53469,14638,5231,0.0012612342834472656,0.0012536048889160156,7.62939453125e-06
Sobel_Torch,Niblack_Thresholding_Torch,0.4140354938271605,0.14454699901108095,0.5738084453168252,0.23092269831785545,0.13053284788532435,0.23092269831783208,0.13053284788530942,0.4140354938271605,19869,78874,59005,0.25190810660040064,42258,67473,8468,11401,0.0012612342834472656,0.0464475154876709,0.04518628120422363
Sobel_Torch,Sauvola_Thresholding_Torch,0.20164351851851853,0.1248788455325412,0.700337208717097,0.21196219258627386,0.11854458094085976,0.2119621925862577,0.11854458094084966,0.20164351851851853,19869,111428,91559,0.17831245288437378,12218,97513,5954,13915,0.0012612342834472656,0.04664468765258789,0.045383453369140625
Sobel_Torch,Sobel_Torch,1.0,1.0,1.0,1.0,1.0,0.9999999999997484,0.9999999999994966,1.0,19869,19869,0,1.0,109731,0,0,19869,0.0012612342834472656,0.0012612342834472656,0.0
Sobel_Torch,Canny_Torch,0.9752777777777778,0.8611363931868418,1.0,0.9253877322900657,0.8611363931868418,0.9253877322898503,0.8611363931864685,0.9752777777777778,19869,23073,3204,0.8611363931868418,106527,3204,0,19869,0.0012612342834472656,0.001138925552368164,0.00012230873107910156
Canny_Torch,Global_Threshold_CV2,0.4151388888888889,0.11124710601212157,0.32696225024920905,0.1660101665823119,0.09051858606704903,0.16601016658229364,0.09051858606703816,0.4151388888888889,23073,67813,44740,0.34024449589311784,46258,60269,15529,7544,0.001138925552368164,0.00019478797912597656,0.0009441375732421875
Canny_Torch,Adaptive_Threshold_CV2,0.2556635802469136,0.12885216388700657,0.5521605339574395,0.2089449428435537,0.11666025676244896,0.20894494284353657,0.11666025676243827,0.2556635802469136,23073,98873,75800,0.2333599668261305,20394,86133,10333,12740,0.001138925552368164,0.0003800392150878906,0.0007588863372802734
Canny_Torch,Otsu_Thresholding_CV2,0.4589969135802469,0.09848239130063674,0.2500325055259394,0.14130701023857345,0.07602493312072532,0.14130701023855616,0.07602493312071532,0.4589969135802469,23073,58579,35506,0.39387835231055496,53717,52810,17304,5769,0.001138925552368164,0.0001342296600341797,0.0010046958923339844
Canny_Torch,Niblack_Thresholding_CV2,0.4168595679012346,0.16700915848491768,0.5706236726910241,0.2583924558666235,0.14836434117262595,0.25839245586659815,0.14836434117260924,0.4168595679012346,23073,78834,55761,0.29267828601872287,40859,65668,9907,13166,0.001138925552368164,0.0005602836608886719,0.0005786418914794922
Canny_Torch,Sauvola_Thresholding_CV2,0.2102932098765432,0.14424449131625006,0.696528409829671,0.23899530069597288,0.13571531114620367,0.2389953006959551,0.1357153111461922,0.2102932098765432,23073,111415,88342,0.20709060718933717,11183,95344,7002,16071,0.001138925552368164,0.0005826950073242188,0.0005562305450439453
Canny_Torch,Sobel_CV2,0.9708873456790124,0.9002488593944421,0.9407099206865167,0.9200347582815844,0.8519114530182903,0.9200347582813896,0.8519114530179559,0.9708873456790124,23073,24110,1037,0.9569888013272501,104122,2405,1368,21705,0.001138925552368164,0.0009999275207519531,0.00013899803161621094
Canny_Torch,Canny_CV2,0.8682716049382716,0.699249618168537,0.4563775841893122,0.5522920381831533,0.38149409463082384,0.5522920381830084,0.3814940946306856,0.8682716049382716,23073,15059,8014,0.6526676201620942,101998,4529,12543,10530,0.001138925552368164,0.00042510032653808594,0.0007138252258300781
Canny_Torch,Global_Threshold_Sklearn,0.41640432098765434,0.10934550265336762,0.3188141984137303,0.1628406348925243,0.08863718520303651,0.16284063489250628,0.08863718520302584,0.41640432098765434,23073,67273,44200,0.3429756365852571,46610,59917,15717,7356,0.001138925552368164,0.009993314743041992,0.008854389190673828
Canny_Torch,Adaptive_Threshold_Sklearn,0.19999228395061727,0.16169187637450266,0.8348719282277988,0.2709149338640151,0.15668109057782406,0.27091493386399607,0.15668109057781132,0.19999228395061727,23073,119134,96061,0.1936726711098427,6656,99871,3810,19263,0.001138925552368164,0.010895967483520508,0.009757041931152344
Canny_Torch,Otsu_Thresholding_Sklearn,0.46021604938271604,0.1001995463305647,0.2546266198587093,0.14380828825300468,0.07747491131595258,0.14380828825298708,0.07747491131594236,0.46021604938271604,23073,58633,35560,0.3935155970187437,53769,52758,17198,5875,0.001138925552368164,0.010400056838989258,0.009261131286621094
Canny_Torch,Niblack_Thresholding_Sklearn,0.593341049382716,0.19921224672107848,0.425258960689984,0.271323295588093,0.15695433096056946,0.27132329558805546,0.15695433096054437,0.593341049382716,23073,49254,26181,0.46844926300401996,67085,39442,13261,9812,0.001138925552368164,0.01208806037902832,0.010949134826660156
Canny_Torch,Sauvola_Thresholding_Sklearn,0.20315586419753087,0.17062312102643296,0.9002730464178911,0.28687635949314644,0.1674580588989302,0.2868763594931266,0.1674580588989167,0.20315586419753087,23073,121742,98669,0.1895237469402507,5557,100970,2301,20772,0.001138925552368164,0.011623620986938477,0.010484695434570312
Canny_Torch,Sobel_Sklearn,0.9684490740740741,0.8878084654355287,0.9417934382178303,0.9140045006204126,0.8416282582594213,0.9140045006202204,0.8416282582590954,0.9684490740740741,23073,24476,1403,0.942678542245465,103781,2746,1343,21730,0.001138925552368164,0.002012491226196289,0.000873565673828125
Canny_Torch,Canny_Sklearn,0.8828935185185185,0.93128686912825,0.3694794781779569,0.5290594842833649,0.3596742890895283,0.5290594842832007,0.35967428908937654,0.8828935185185185,23073,9154,13919,0.39674077926580853,105898,629,14548,8525,0.001138925552368164,0.004400491714477539,0.003261566162109375
Canny_Torch,Global_Threshold_Torch,0.4151388888888889,0.11124710601212157,0.32696225024920905,0.1660101665823119,0.09051858606704903,0.16601016658229364,0.09051858606703816,0.4151388888888889,23073,67813,44740,0.34024449589311784,46258,60269,15529,7544,0.001138925552368164,0.00399017333984375,0.002851247787475586
Canny_Torch,Adaptive_Threshold_Torch,0.26371913580246914,0.132159889366808,0.5632990941793439,0.21409039994728865,0.11987751224416385,0.21409039994727103,0.11987751224415279,0.26371913580246914,23073,98343,75270,0.23461761386168817,21181,85346,10076,12997,0.001138925552368164,0.0010750293731689453,6.389617919921875e-05
Canny_Torch,Otsu_Thresholding_Torch,0.4588503086419753,0.09914821124361159,0.25224288128981925,0.1423452728895846,0.07662633470698985,0.1423452728895672,0.07662633470697976,0.4588503086419753,23073,58700,35627,0.3930664395229983,53647,52880,17253,5820,0.001138925552368164,0.0012536048889160156,0.00011467933654785156
Canny_Torch,Niblack_Thresholding_Torch,0.4165817901234568,0.16694981869817685,0.5707103540935292,0.2583303088859898,0.14832336475968416,0.2583303088859644,0.14832336475966745,0.4165817901234568,23073,78874,55801,0.29252985774780027,40821,65706,9905,13168,0.001138925552368164,0.0464475154876709,0.045308589935302734
Canny_Torch,Sauvola_Thresholding_Torch,0.21008487654320987,0.14416484187098397,0.6962250249209032,0.23886811250473974,0.13563329027246554,0.23886811250472195,0.13563329027245408,0.21008487654320987,23073,111428,88355,0.2070664464945974,11163,95364,7009,16064,0.001138925552368164,0.04664468765258789,0.04550576210021973
Canny_Torch,Sobel_Torch,0.9752777777777778,1.0,0.8611363931868418,0.9253877322900657,0.8611363931868418,0.9253877322898503,0.8611363931864685,0.9752777777777778,23073,19869,3204,0.8611363931868418,106527,0,3204,19869,0.001138925552368164,0.0012612342834472656,0.00012230873107910156
Canny_Torch,Canny_Torch,1.0,1.0,1.0,1.0,1.0,0.9999999999997834,0.9999999999995666,1.0,23073,23073,0,1.0,106527,0,0,23073,0.001138925552368164,0.001138925552368164,0.0
